OpenROAD bd42475189c7c2c6851df5fd060613f58d7c14b4 
Features included (+) or not (-): +Charts +GPU +GUI +Python
This program is licensed under the BSD-3 license. See the LICENSE file for details.
Components of this program may be licensed under more restrictive licenses which must be honored.
[INFO ORD-0030] Using 16 thread(s).
global_route -congestion_report_file ./reports/nangate45/ibex/base/congestion.rpt -congestion_iterations 30 -congestion_report_iter_step 5 -verbose
[INFO GRT-0020] Min routing layer: metal2
[INFO GRT-0021] Max routing layer: metal10
[INFO GRT-0022] Global adjustment: 0%
[INFO GRT-0023] Grid origin: (0, 0)
[INFO GRT-0043] No OR_DEFAULT vias defined.
[INFO GRT-0088] Layer metal1  Track-Pitch = 0.1400  line-2-Via Pitch: 0.1350
[INFO GRT-0088] Layer metal2  Track-Pitch = 0.1900  line-2-Via Pitch: 0.1400
[INFO GRT-0088] Layer metal3  Track-Pitch = 0.1400  line-2-Via Pitch: 0.1400
[INFO GRT-0088] Layer metal4  Track-Pitch = 0.2800  line-2-Via Pitch: 0.2800
[INFO GRT-0088] Layer metal5  Track-Pitch = 0.2800  line-2-Via Pitch: 0.2800
[INFO GRT-0088] Layer metal6  Track-Pitch = 0.2800  line-2-Via Pitch: 0.2800
[INFO GRT-0088] Layer metal7  Track-Pitch = 0.8000  line-2-Via Pitch: 0.8000
[INFO GRT-0088] Layer metal8  Track-Pitch = 0.8000  line-2-Via Pitch: 0.8000
[INFO GRT-0088] Layer metal9  Track-Pitch = 1.6000  line-2-Via Pitch: 1.6000
[INFO GRT-0088] Layer metal10 Track-Pitch = 1.6000  line-2-Via Pitch: 1.6000
[INFO GRT-0019] Found 887 clock nets.
[INFO GRT-0001] Minimum degree: 2
[INFO GRT-0002] Maximum degree: 173
[INFO GRT-0003] Macros: 0
[INFO GRT-0043] No OR_DEFAULT vias defined.
[INFO GRT-0004] Blockages: 0

[INFO GRT-0053] Routing resources analysis:
          Routing      Original      Derated      Resource
Layer     Direction    Resources     Resources    Reduction (%)
---------------------------------------------------------------
metal1     Horizontal          0             0          0.00%
metal2     Vertical       145935         65521          55.10%
metal3     Horizontal     198950         92112          53.70%
metal4     Vertical        92920         63734          31.41%
metal5     Horizontal      92920         65778          29.21%
metal6     Vertical        92920         65698          29.30%
metal7     Horizontal      26565         11915          55.15%
metal8     Vertical        26565         13224          50.22%
metal9     Horizontal      13225         12996          1.73%
metal10    Vertical        13225         12996          1.73%
---------------------------------------------------------------

[INFO GRT-0101] Running extra iterations to remove overflow.
[INFO GRT-0197] Via related to pin nodes: 127050
[INFO GRT-0198] Via related Steiner nodes: 3698
[INFO GRT-0199] Via filling finished.
[INFO GRT-0111] Final number of vias: 169676
[INFO GRT-0112] Final usage 3D: 659758

[INFO GRT-0096] Final congestion report:
Layer         Resource        Demand        Usage (%)    Max H / Max V / Total Overflow
---------------------------------------------------------------------------------------
metal1               0             0            0.00%             0 /  0 /  0
metal2           65521         37948           57.92%             0 /  0 /  0
metal3           92112         49977           54.26%             0 /  0 /  0
metal4           63734         26071           40.91%             0 /  0 /  0
metal5           65778         19429           29.54%             0 /  0 /  0
metal6           65698         12251           18.65%             0 /  0 /  0
metal7           11915          2082           17.47%             0 /  0 /  0
metal8           13224           810            6.13%             0 /  0 /  0
metal9           12996          1745           13.43%             0 /  0 /  0
metal10          12996           417            3.21%             0 /  0 /  0
---------------------------------------------------------------------------------------
Total           403974        150730           37.31%             0 /  0 /  0

[INFO GRT-0018] Total wirelength: 435132 um
[INFO GRT-0014] Routed nets: 18880
Perform buffer insertion...
[INFO RSZ-0058] Using max wire length 640um.
[INFO RSZ-0036] Found 2 capacitance violations.
Placement Analysis
---------------------------------
total displacement          0.0 u
average displacement        0.0 u
max displacement            0.0 u
original HPWL          265634.4 u
legalized HPWL         265634.4 u
delta HPWL                    0 %

Repair setup and hold violations...
repair_timing -verbose -repair_tns 100
[INFO RSZ-0094] Found 772 endpoints with setup violations.
[INFO RSZ-0099] Repairing 772 out of 772 (100.00%) violating endpoints...
   Iter   | Removed | Resized | Inserted | Cloned |  Pin  |    WNS   |   TNS      |  Viol  | Worst
          | Buffers |  Gates  | Buffers  |  Gates | Swaps |          |            | Endpts | Endpt
---------------------------------------------------------------------------------------------------
        0 |       0 |       0 |        0 |      0 |     0 |   -0.332 |     -124.9 |    772 | instr_addr_o[31]
        1 |       0 |       0 |        0 |      0 |     0 |   -0.332 |     -124.9 |    772 | instr_addr_o[31]
iter:1, pass:1, current fixing endpoint: instr_addr_o[31], endpoint slack:-3.3201109e-10
        2 |       0 |       0 |        0 |      0 |     1 |   -0.321 |     -124.5 |    772 | instr_addr_o[31]
iter:2, pass:2, current fixing endpoint: instr_addr_o[31], endpoint slack:-3.206604e-10
        3 |       0 |       0 |        0 |      0 |     2 |   -0.326 |     -124.5 |    772 | instr_addr_o[31]
iter:3, pass:3, current fixing endpoint: instr_addr_o[31], endpoint slack:-3.2594838e-10
        4 |       0 |       1 |        0 |      0 |     2 |   -0.325 |     -124.5 |    772 | instr_addr_o[31]
iter:4, pass:4, current fixing endpoint: instr_addr_o[31], endpoint slack:-3.248084e-10
        5 |       0 |       1 |        0 |      0 |     3 |   -0.318 |     -124.5 |    772 | gen_regfile_ff.register_file_i.rf_reg_q\[510\]$_DFFE_PN0P_/D
iter:5, pass:5, current fixing endpoint: gen_regfile_ff.register_file_i.rf_reg_q\[510\]$_DFFE_PN0P_/D, endpoint slack:-3.175391e-10
        6 |       0 |       1 |        0 |      0 |     4 |   -0.317 |     -123.6 |    772 | gen_regfile_ff.register_file_i.rf_reg_q\[510\]$_DFFE_PN0P_/D
iter:6, pass:6, current fixing endpoint: gen_regfile_ff.register_file_i.rf_reg_q\[510\]$_DFFE_PN0P_/D, endpoint slack:-3.1747316e-10
        7 |       0 |       1 |        0 |      0 |     5 |   -0.317 |     -121.0 |    772 | instr_addr_o[31]
iter:7, pass:7, current fixing endpoint: instr_addr_o[31], endpoint slack:-3.174072e-10
        8 |       0 |       1 |        0 |      0 |     6 |   -0.322 |     -121.1 |    772 | instr_addr_o[31]
iter:8, pass:8, current fixing endpoint: instr_addr_o[31], endpoint slack:-3.2169267e-10
        9 |       0 |       1 |        2 |      0 |     6 |   -0.334 |     -121.5 |    772 | instr_addr_o[31]
iter:9, pass:9, current fixing endpoint: instr_addr_o[31], endpoint slack:-3.338061e-10
       10 |       0 |       1 |        2 |      0 |     7 |   -0.339 |     -121.5 |    772 | instr_addr_o[31]
iter:10, pass:10, current fixing endpoint: instr_addr_o[31], endpoint slack:-3.3941006e-10
       11 |       0 |       1 |        2 |      0 |     8 |   -0.339 |     -121.5 |    772 | instr_addr_o[31]
iter:11, pass:11, current fixing endpoint: instr_addr_o[31], endpoint slack:-3.3890157e-10
       12 |       0 |       1 |        2 |      0 |     9 |   -0.337 |     -121.4 |    772 | instr_addr_o[31]
iter:12, pass:12, current fixing endpoint: instr_addr_o[31], endpoint slack:-3.3686232e-10
       13 |       0 |       1 |        4 |      0 |     9 |   -0.335 |     -121.4 |    772 | instr_addr_o[31]
iter:13, pass:13, current fixing endpoint: instr_addr_o[31], endpoint slack:-3.350158e-10
       14 |       0 |       2 |        4 |      0 |     9 |   -0.331 |     -121.3 |    772 | instr_addr_o[31]
iter:14, pass:14, current fixing endpoint: instr_addr_o[31], endpoint slack:-3.308951e-10
       15 |       1 |       2 |        4 |      0 |     9 |   -0.330 |     -121.3 |    772 | instr_addr_o[31]
iter:15, pass:15, current fixing endpoint: instr_addr_o[31], endpoint slack:-3.295495e-10
       16 |       1 |       2 |        4 |      0 |    10 |   -0.338 |     -121.6 |    772 | instr_addr_o[31]
iter:16, pass:16, current fixing endpoint: instr_addr_o[31], endpoint slack:-3.382905e-10
       17 |       1 |       2 |        4 |      0 |    11 |   -0.338 |     -121.6 |    772 | instr_addr_o[31]
iter:17, pass:17, current fixing endpoint: instr_addr_o[31], endpoint slack:-3.382732e-10
       18 |       1 |       2 |        7 |      0 |    11 |   -0.331 |     -121.3 |    772 | instr_addr_o[31]
iter:18, pass:18, current fixing endpoint: instr_addr_o[31], endpoint slack:-3.3118863e-10
       19 |       1 |       3 |        7 |      0 |    11 |   -0.328 |     -121.3 |    772 | instr_addr_o[31]
iter:19, pass:19, current fixing endpoint: instr_addr_o[31], endpoint slack:-3.2784286e-10
       20 |       1 |       3 |        7 |      0 |    12 |   -0.325 |     -121.3 |    772 | instr_addr_o[31]
iter:20, pass:20, current fixing endpoint: instr_addr_o[31], endpoint slack:-3.2491543e-10
       21 |       1 |       3 |        7 |      0 |    13 |   -0.337 |     -121.4 |    772 | instr_addr_o[31]
iter:21, pass:21, current fixing endpoint: instr_addr_o[31], endpoint slack:-3.3686853e-10
       22 |       1 |       3 |        9 |      0 |    13 |   -0.336 |     -121.4 |    772 | instr_addr_o[31]
iter:22, pass:22, current fixing endpoint: instr_addr_o[31], endpoint slack:-3.3615177e-10
       23 |       1 |       3 |       11 |      0 |    13 |   -0.334 |     -121.3 |    772 | instr_addr_o[31]
iter:23, pass:23, current fixing endpoint: instr_addr_o[31], endpoint slack:-3.337275e-10
       24 |       1 |       3 |       11 |      0 |    14 |   -0.336 |     -121.4 |    772 | instr_addr_o[31]
iter:24, pass:24, current fixing endpoint: instr_addr_o[31], endpoint slack:-3.364813e-10
       25 |       1 |       4 |       11 |      0 |    14 |   -0.336 |     -121.3 |    772 | instr_addr_o[31]
iter:25, pass:25, current fixing endpoint: instr_addr_o[31], endpoint slack:-3.356544e-10
       26 |       1 |       4 |       11 |      0 |    15 |   -0.342 |     -121.6 |    772 | instr_addr_o[31]
iter:26, pass:26, current fixing endpoint: instr_addr_o[31], endpoint slack:-3.417966e-10
       27 |       1 |       4 |       13 |      0 |    15 |   -0.343 |     -121.6 |    772 | instr_addr_o[31]
iter:27, pass:27, current fixing endpoint: instr_addr_o[31], endpoint slack:-3.4252357e-10
       28 |       1 |       4 |       13 |      0 |    16 |   -0.347 |     -121.8 |    772 | instr_addr_o[31]
iter:28, pass:28, current fixing endpoint: instr_addr_o[31], endpoint slack:-3.4665448e-10
       29 |       1 |       4 |       13 |      0 |    17 |   -0.346 |     -121.8 |    772 | instr_addr_o[31]
iter:29, pass:29, current fixing endpoint: instr_addr_o[31], endpoint slack:-3.464431e-10
       30 |       1 |       5 |       13 |      0 |    17 |   -0.342 |     -121.6 |    772 | instr_addr_o[31]
iter:30, pass:30, current fixing endpoint: instr_addr_o[31], endpoint slack:-3.4227532e-10
       31 |       1 |       6 |       13 |      0 |    17 |   -0.339 |     -121.5 |    772 | instr_addr_o[31]
iter:31, pass:31, current fixing endpoint: instr_addr_o[31], endpoint slack:-3.390801e-10
       32 |       2 |       6 |       13 |      0 |    17 |   -0.327 |     -121.4 |    772 | instr_addr_o[31]
iter:32, pass:32, current fixing endpoint: instr_addr_o[31], endpoint slack:-3.271705e-10
       33 |       2 |       6 |       13 |      0 |    18 |   -0.327 |     -121.4 |    772 | instr_addr_o[31]
iter:33, pass:33, current fixing endpoint: instr_addr_o[31], endpoint slack:-3.2712744e-10
       34 |       2 |       7 |       13 |      0 |    18 |   -0.325 |     -121.4 |    772 | instr_addr_o[31]
iter:34, pass:34, current fixing endpoint: instr_addr_o[31], endpoint slack:-3.2488123e-10
       35 |       2 |       8 |       13 |      0 |    18 |   -0.321 |     -121.4 |    772 | instr_addr_o[31]
iter:35, pass:35, current fixing endpoint: instr_addr_o[31], endpoint slack:-3.2119907e-10
       36 |       2 |       9 |       13 |      0 |    18 |   -0.324 |     -121.4 |    772 | instr_addr_o[31]
iter:36, pass:36, current fixing endpoint: instr_addr_o[31], endpoint slack:-3.2369663e-10
       37 |       2 |       9 |       13 |      0 |    19 |   -0.325 |     -121.4 |    772 | instr_addr_o[31]
iter:37, pass:37, current fixing endpoint: instr_addr_o[31], endpoint slack:-3.2458813e-10
       38 |       2 |      10 |       13 |      0 |    19 |   -0.324 |     -121.4 |    772 | instr_addr_o[31]
iter:38, pass:38, current fixing endpoint: instr_addr_o[31], endpoint slack:-3.2446046e-10
       39 |       2 |      11 |       13 |      0 |    19 |   -0.323 |     -121.4 |    772 | instr_addr_o[31]
iter:39, pass:39, current fixing endpoint: instr_addr_o[31], endpoint slack:-3.2310865e-10
       40 |       2 |      11 |       13 |      0 |    20 |   -0.326 |     -121.4 |    772 | instr_addr_o[31]
iter:40, pass:40, current fixing endpoint: instr_addr_o[31], endpoint slack:-3.2562486e-10
       41 |       2 |      11 |       13 |      0 |    21 |   -0.342 |     -121.5 |    772 | instr_addr_o[31]
iter:41, pass:41, current fixing endpoint: instr_addr_o[31], endpoint slack:-3.4208525e-10
       42 |       2 |      12 |       13 |      0 |    21 |   -0.339 |     -121.5 |    772 | instr_addr_o[31]
iter:42, pass:42, current fixing endpoint: instr_addr_o[31], endpoint slack:-3.3911784e-10
       43 |       2 |      13 |       13 |      0 |    21 |   -0.340 |     -121.6 |    772 | instr_addr_o[31]
iter:43, pass:43, current fixing endpoint: instr_addr_o[31], endpoint slack:-3.3972114e-10
       44 |       2 |      14 |       13 |      0 |    21 |   -0.336 |     -121.5 |    772 | instr_addr_o[31]
iter:44, pass:44, current fixing endpoint: instr_addr_o[31], endpoint slack:-3.363929e-10
       45 |       2 |      14 |       13 |      0 |    22 |   -0.336 |     -121.4 |    772 | instr_addr_o[31]
iter:45, pass:45, current fixing endpoint: instr_addr_o[31], endpoint slack:-3.3586312e-10
       46 |       2 |      14 |       13 |      0 |    23 |   -0.333 |     -121.4 |    772 | instr_addr_o[31]
iter:46, pass:46, current fixing endpoint: instr_addr_o[31], endpoint slack:-3.3262948e-10
       47 |       2 |      14 |       13 |      0 |    24 |   -0.332 |     -121.4 |    772 | instr_addr_o[31]
iter:47, pass:47, current fixing endpoint: instr_addr_o[31], endpoint slack:-3.323255e-10
       48 |       2 |      14 |       13 |      0 |    25 |   -0.338 |     -121.5 |    772 | instr_addr_o[31]
iter:48, pass:48, current fixing endpoint: instr_addr_o[31], endpoint slack:-3.3804382e-10
       49 |       2 |      14 |       15 |      0 |    25 |   -0.333 |     -123.8 |    772 | instr_addr_o[31]
iter:49, pass:49, current fixing endpoint: instr_addr_o[31], endpoint slack:-3.3280712e-10
       50 |       2 |      15 |       15 |      0 |    25 |   -0.331 |     -123.8 |    772 | instr_addr_o[31]
iter:50, pass:50, current fixing endpoint: instr_addr_o[31], endpoint slack:-3.3131675e-10
       51 |       2 |      15 |       15 |      0 |    26 |   -0.331 |     -123.8 |    772 | instr_addr_o[31]
iter:51, pass:51, current fixing endpoint: instr_addr_o[31], endpoint slack:-3.3083647e-10
       52 |       2 |      15 |       15 |      1 |    26 |   -0.333 |     -123.8 |    772 | instr_addr_o[31]
iter:52, pass:52, current fixing endpoint: instr_addr_o[31], endpoint slack:-3.3285597e-10
       53 |       2 |      16 |       15 |      1 |    26 |   -0.335 |     -123.8 |    772 | instr_addr_o[31]
iter:53, pass:53, current fixing endpoint: instr_addr_o[31], endpoint slack:-3.3463254e-10
       54 |       2 |      17 |       15 |      1 |    26 |   -0.333 |     -123.8 |    772 | instr_addr_o[31]
iter:54, pass:54, current fixing endpoint: instr_addr_o[31], endpoint slack:-3.3268788e-10
       55 |       2 |      18 |       15 |      1 |    26 |   -0.332 |     -123.8 |    772 | instr_addr_o[31]
iter:55, pass:55, current fixing endpoint: instr_addr_o[31], endpoint slack:-3.3167669e-10
       56 |       2 |      19 |       15 |      1 |    26 |   -0.331 |     -123.8 |    772 | instr_addr_o[31]
iter:56, pass:56, current fixing endpoint: instr_addr_o[31], endpoint slack:-3.3102454e-10
       57 |       2 |      20 |       15 |      1 |    26 |   -0.330 |     -123.8 |    772 | instr_addr_o[31]
iter:57, pass:57, current fixing endpoint: instr_addr_o[31], endpoint slack:-3.300087e-10
       57 |       0 |       3 |        7 |      0 |     5 |   -0.318 |     -121.1 |    772 | instr_addr_o[31]
       58 |       0 |       3 |        7 |      0 |     5 |   -0.318 |     -121.1 |    772 | instr_addr_o[31]
iter:58, pass:1, current fixing endpoint: gen_regfile_ff.register_file_i.rf_reg_q\[510\]$_DFFE_PN0P_/D, endpoint slack:-3.1239833e-10
       59 |       0 |       4 |        7 |      0 |     5 |   -0.318 |     -121.7 |    772 | instr_addr_o[31]
iter:59, pass:2, current fixing endpoint: gen_regfile_ff.register_file_i.rf_reg_q\[510\]$_DFFE_PN0P_/D, endpoint slack:-3.1143887e-10
       60 |       0 |       4 |        7 |      0 |     6 |   -0.318 |     -122.0 |    772 | instr_addr_o[31]
iter:60, pass:3, current fixing endpoint: gen_regfile_ff.register_file_i.rf_reg_q\[510\]$_DFFE_PN0P_/D, endpoint slack:-3.1285352e-10
       61 |       0 |       4 |        7 |      0 |     7 |   -0.318 |     -122.0 |    772 | instr_addr_o[31]
iter:61, pass:4, current fixing endpoint: gen_regfile_ff.register_file_i.rf_reg_q\[510\]$_DFFE_PN0P_/D, endpoint slack:-3.1539482e-10
       62 |       0 |       4 |        7 |      0 |     8 |   -0.318 |     -122.1 |    772 | gen_regfile_ff.register_file_i.rf_reg_q\[510\]$_DFFE_PN0P_/D
iter:62, pass:5, current fixing endpoint: gen_regfile_ff.register_file_i.rf_reg_q\[510\]$_DFFE_PN0P_/D, endpoint slack:-3.1799052e-10
       63 |       0 |       4 |        7 |      0 |     9 |   -0.318 |     -121.4 |    772 | instr_addr_o[31]
iter:63, pass:6, current fixing endpoint: gen_regfile_ff.register_file_i.rf_reg_q\[510\]$_DFFE_PN0P_/D, endpoint slack:-3.1254266e-10
       64 |       0 |       4 |        7 |      0 |    10 |   -0.324 |     -124.3 |    772 | gen_regfile_ff.register_file_i.rf_reg_q\[510\]$_DFFE_PN0P_/D
iter:64, pass:7, current fixing endpoint: gen_regfile_ff.register_file_i.rf_reg_q\[510\]$_DFFE_PN0P_/D, endpoint slack:-3.2390912e-10
       65 |       0 |       4 |        7 |      0 |    11 |   -0.327 |     -124.4 |    772 | gen_regfile_ff.register_file_i.rf_reg_q\[510\]$_DFFE_PN0P_/D
iter:65, pass:8, current fixing endpoint: gen_regfile_ff.register_file_i.rf_reg_q\[510\]$_DFFE_PN0P_/D, endpoint slack:-3.273568e-10
       66 |       0 |       4 |        7 |      0 |    12 |   -0.333 |     -124.6 |    772 | gen_regfile_ff.register_file_i.rf_reg_q\[510\]$_DFFE_PN0P_/D
iter:66, pass:9, current fixing endpoint: gen_regfile_ff.register_file_i.rf_reg_q\[510\]$_DFFE_PN0P_/D, endpoint slack:-3.327092e-10
       67 |       0 |       4 |        7 |      0 |    13 |   -0.331 |     -123.7 |    772 | gen_regfile_ff.register_file_i.rf_reg_q\[510\]$_DFFE_PN0P_/D
iter:67, pass:10, current fixing endpoint: gen_regfile_ff.register_file_i.rf_reg_q\[510\]$_DFFE_PN0P_/D, endpoint slack:-3.3107184e-10
       68 |       0 |       4 |        7 |      0 |    14 |   -0.330 |     -123.5 |    772 | gen_regfile_ff.register_file_i.rf_reg_q\[510\]$_DFFE_PN0P_/D
iter:68, pass:11, current fixing endpoint: gen_regfile_ff.register_file_i.rf_reg_q\[510\]$_DFFE_PN0P_/D, endpoint slack:-3.3014746e-10
       69 |       0 |       4 |        9 |      0 |    14 |   -0.330 |     -129.4 |    772 | gen_regfile_ff.register_file_i.rf_reg_q\[510\]$_DFFE_PN0P_/D
iter:69, pass:12, current fixing endpoint: gen_regfile_ff.register_file_i.rf_reg_q\[510\]$_DFFE_PN0P_/D, endpoint slack:-3.3005398e-10
       70 |       0 |       4 |        9 |      0 |    15 |   -0.330 |     -129.3 |    772 | gen_regfile_ff.register_file_i.rf_reg_q\[510\]$_DFFE_PN0P_/D
iter:70, pass:13, current fixing endpoint: gen_regfile_ff.register_file_i.rf_reg_q\[510\]$_DFFE_PN0P_/D, endpoint slack:-3.2951775e-10
       71 |       0 |       4 |        9 |      0 |    16 |   -0.334 |     -131.6 |    772 | gen_regfile_ff.register_file_i.rf_reg_q\[510\]$_DFFE_PN0P_/D
iter:71, pass:14, current fixing endpoint: gen_regfile_ff.register_file_i.rf_reg_q\[510\]$_DFFE_PN0P_/D, endpoint slack:-3.343834e-10
       72 |       0 |       4 |        9 |      0 |    17 |   -0.333 |     -131.4 |    772 | gen_regfile_ff.register_file_i.rf_reg_q\[510\]$_DFFE_PN0P_/D
iter:72, pass:15, current fixing endpoint: gen_regfile_ff.register_file_i.rf_reg_q\[510\]$_DFFE_PN0P_/D, endpoint slack:-3.3342373e-10
       73 |       0 |       5 |        9 |      0 |    17 |   -0.331 |     -131.4 |    772 | gen_regfile_ff.register_file_i.rf_reg_q\[510\]$_DFFE_PN0P_/D
iter:73, pass:16, current fixing endpoint: gen_regfile_ff.register_file_i.rf_reg_q\[510\]$_DFFE_PN0P_/D, endpoint slack:-3.3127345e-10
       74 |       0 |       5 |        9 |      0 |    18 |   -0.336 |     -132.3 |    772 | gen_regfile_ff.register_file_i.rf_reg_q\[510\]$_DFFE_PN0P_/D
iter:74, pass:17, current fixing endpoint: gen_regfile_ff.register_file_i.rf_reg_q\[510\]$_DFFE_PN0P_/D, endpoint slack:-3.355205e-10
       75 |       0 |       5 |        9 |      0 |    19 |   -0.341 |     -133.6 |    772 | gen_regfile_ff.register_file_i.rf_reg_q\[510\]$_DFFE_PN0P_/D
iter:75, pass:18, current fixing endpoint: gen_regfile_ff.register_file_i.rf_reg_q\[510\]$_DFFE_PN0P_/D, endpoint slack:-3.4091752e-10
       76 |       0 |       5 |        9 |      0 |    20 |   -0.341 |     -133.6 |    772 | gen_regfile_ff.register_file_i.rf_reg_q\[510\]$_DFFE_PN0P_/D
iter:76, pass:19, current fixing endpoint: gen_regfile_ff.register_file_i.rf_reg_q\[510\]$_DFFE_PN0P_/D, endpoint slack:-3.4114578e-10
       77 |       0 |       5 |        9 |      0 |    21 |   -0.332 |     -131.5 |    772 | gen_regfile_ff.register_file_i.rf_reg_q\[510\]$_DFFE_PN0P_/D
iter:77, pass:20, current fixing endpoint: gen_regfile_ff.register_file_i.rf_reg_q\[510\]$_DFFE_PN0P_/D, endpoint slack:-3.3185654e-10
       78 |       0 |       5 |        9 |      0 |    22 |   -0.337 |     -131.7 |    772 | gen_regfile_ff.register_file_i.rf_reg_q\[510\]$_DFFE_PN0P_/D
iter:78, pass:21, current fixing endpoint: gen_regfile_ff.register_file_i.rf_reg_q\[510\]$_DFFE_PN0P_/D, endpoint slack:-3.3748226e-10
       79 |       0 |       6 |        9 |      0 |    22 |   -0.339 |     -133.3 |    772 | gen_regfile_ff.register_file_i.rf_reg_q\[510\]$_DFFE_PN0P_/D
iter:79, pass:22, current fixing endpoint: gen_regfile_ff.register_file_i.rf_reg_q\[510\]$_DFFE_PN0P_/D, endpoint slack:-3.390206e-10
       80 |       0 |       6 |        9 |      0 |    23 |   -0.337 |     -132.9 |    772 | gen_regfile_ff.register_file_i.rf_reg_q\[510\]$_DFFE_PN0P_/D
iter:80, pass:23, current fixing endpoint: gen_regfile_ff.register_file_i.rf_reg_q\[510\]$_DFFE_PN0P_/D, endpoint slack:-3.370686e-10
       81 |       0 |       6 |        9 |      0 |    24 |   -0.337 |     -132.8 |    772 | gen_regfile_ff.register_file_i.rf_reg_q\[510\]$_DFFE_PN0P_/D
iter:81, pass:24, current fixing endpoint: gen_regfile_ff.register_file_i.rf_reg_q\[510\]$_DFFE_PN0P_/D, endpoint slack:-3.3682102e-10
       82 |       0 |       6 |        9 |      0 |    25 |   -0.337 |     -132.7 |    772 | gen_regfile_ff.register_file_i.rf_reg_q\[510\]$_DFFE_PN0P_/D
iter:82, pass:25, current fixing endpoint: gen_regfile_ff.register_file_i.rf_reg_q\[510\]$_DFFE_PN0P_/D, endpoint slack:-3.3674974e-10
       83 |       0 |       6 |        9 |      0 |    26 |   -0.336 |     -132.6 |    772 | gen_regfile_ff.register_file_i.rf_reg_q\[510\]$_DFFE_PN0P_/D
iter:83, pass:26, current fixing endpoint: gen_regfile_ff.register_file_i.rf_reg_q\[510\]$_DFFE_PN0P_/D, endpoint slack:-3.3622993e-10
       84 |       0 |       6 |        9 |      0 |    27 |   -0.337 |     -132.9 |    772 | gen_regfile_ff.register_file_i.rf_reg_q\[510\]$_DFFE_PN0P_/D
iter:84, pass:27, current fixing endpoint: gen_regfile_ff.register_file_i.rf_reg_q\[510\]$_DFFE_PN0P_/D, endpoint slack:-3.3737857e-10
       85 |       0 |       6 |        9 |      0 |    28 |   -0.339 |     -133.2 |    772 | gen_regfile_ff.register_file_i.rf_reg_q\[510\]$_DFFE_PN0P_/D
iter:85, pass:28, current fixing endpoint: gen_regfile_ff.register_file_i.rf_reg_q\[510\]$_DFFE_PN0P_/D, endpoint slack:-3.387366e-10
       86 |       0 |       6 |        9 |      0 |    29 |   -0.336 |     -132.6 |    772 | gen_regfile_ff.register_file_i.rf_reg_q\[510\]$_DFFE_PN0P_/D
iter:86, pass:29, current fixing endpoint: gen_regfile_ff.register_file_i.rf_reg_q\[510\]$_DFFE_PN0P_/D, endpoint slack:-3.362195e-10
       87 |       0 |       6 |       11 |      0 |    29 |   -0.336 |     -132.5 |    772 | gen_regfile_ff.register_file_i.rf_reg_q\[510\]$_DFFE_PN0P_/D
iter:87, pass:30, current fixing endpoint: gen_regfile_ff.register_file_i.rf_reg_q\[510\]$_DFFE_PN0P_/D, endpoint slack:-3.3575365e-10
       88 |       0 |       6 |       11 |      0 |    30 |   -0.338 |     -133.0 |    772 | gen_regfile_ff.register_file_i.rf_reg_q\[510\]$_DFFE_PN0P_/D
iter:88, pass:31, current fixing endpoint: gen_regfile_ff.register_file_i.rf_reg_q\[510\]$_DFFE_PN0P_/D, endpoint slack:-3.3756686e-10
       89 |       0 |       6 |       11 |      0 |    31 |   -0.332 |     -131.3 |    772 | gen_regfile_ff.register_file_i.rf_reg_q\[510\]$_DFFE_PN0P_/D
iter:89, pass:32, current fixing endpoint: gen_regfile_ff.register_file_i.rf_reg_q\[510\]$_DFFE_PN0P_/D, endpoint slack:-3.3247027e-10
       90 |       0 |       6 |       11 |      0 |    32 |   -0.332 |     -131.2 |    772 | gen_regfile_ff.register_file_i.rf_reg_q\[510\]$_DFFE_PN0P_/D
iter:90, pass:33, current fixing endpoint: gen_regfile_ff.register_file_i.rf_reg_q\[510\]$_DFFE_PN0P_/D, endpoint slack:-3.3169223e-10
       91 |       0 |       7 |       11 |      0 |    32 |   -0.332 |     -131.1 |    772 | gen_regfile_ff.register_file_i.rf_reg_q\[510\]$_DFFE_PN0P_/D
iter:91, pass:34, current fixing endpoint: gen_regfile_ff.register_file_i.rf_reg_q\[510\]$_DFFE_PN0P_/D, endpoint slack:-3.3152414e-10
       92 |       0 |       8 |       11 |      0 |    32 |   -0.329 |     -130.5 |    772 | gen_regfile_ff.register_file_i.rf_reg_q\[510\]$_DFFE_PN0P_/D
iter:92, pass:35, current fixing endpoint: gen_regfile_ff.register_file_i.rf_reg_q\[510\]$_DFFE_PN0P_/D, endpoint slack:-3.2878766e-10
       93 |       0 |       8 |       11 |      0 |    33 |   -0.333 |     -131.5 |    772 | gen_regfile_ff.register_file_i.rf_reg_q\[510\]$_DFFE_PN0P_/D
iter:93, pass:36, current fixing endpoint: gen_regfile_ff.register_file_i.rf_reg_q\[510\]$_DFFE_PN0P_/D, endpoint slack:-3.3308778e-10
       94 |       0 |       8 |       11 |      0 |    34 |   -0.328 |     -130.4 |    772 | gen_regfile_ff.register_file_i.rf_reg_q\[510\]$_DFFE_PN0P_/D
iter:94, pass:37, current fixing endpoint: gen_regfile_ff.register_file_i.rf_reg_q\[510\]$_DFFE_PN0P_/D, endpoint slack:-3.2830205e-10
       95 |       0 |       8 |       11 |      0 |    35 |   -0.329 |     -130.6 |    772 | gen_regfile_ff.register_file_i.rf_reg_q\[510\]$_DFFE_PN0P_/D
iter:95, pass:38, current fixing endpoint: gen_regfile_ff.register_file_i.rf_reg_q\[510\]$_DFFE_PN0P_/D, endpoint slack:-3.2903325e-10
       96 |       0 |       8 |       11 |      0 |    36 |   -0.329 |     -130.3 |    772 | gen_regfile_ff.register_file_i.rf_reg_q\[510\]$_DFFE_PN0P_/D
iter:96, pass:39, current fixing endpoint: gen_regfile_ff.register_file_i.rf_reg_q\[510\]$_DFFE_PN0P_/D, endpoint slack:-3.2866865e-10
       97 |       0 |       8 |       11 |      0 |    37 |   -0.329 |     -130.1 |    772 | gen_regfile_ff.register_file_i.rf_reg_q\[510\]$_DFFE_PN0P_/D
iter:97, pass:40, current fixing endpoint: gen_regfile_ff.register_file_i.rf_reg_q\[510\]$_DFFE_PN0P_/D, endpoint slack:-3.285865e-10
       98 |       0 |       8 |       11 |      0 |    38 |   -0.329 |     -130.1 |    772 | gen_regfile_ff.register_file_i.rf_reg_q\[510\]$_DFFE_PN0P_/D
iter:98, pass:41, current fixing endpoint: gen_regfile_ff.register_file_i.rf_reg_q\[510\]$_DFFE_PN0P_/D, endpoint slack:-3.2877145e-10
       99 |       0 |       8 |       11 |      0 |    39 |   -0.340 |     -132.6 |    772 | gen_regfile_ff.register_file_i.rf_reg_q\[510\]$_DFFE_PN0P_/D
iter:99, pass:42, current fixing endpoint: gen_regfile_ff.register_file_i.rf_reg_q\[510\]$_DFFE_PN0P_/D, endpoint slack:-3.404672e-10
       99 |       0 |       4 |        9 |      0 |     5 |   -0.318 |     -121.7 |    772 | instr_addr_o[31]
      100 |       0 |       4 |        9 |      0 |     5 |   -0.318 |     -121.7 |    772 | instr_addr_o[31]
iter:100, pass:1, current fixing endpoint: gen_regfile_ff.register_file_i.rf_reg_q\[30\]$_DFFE_PN0P_/D, endpoint slack:-3.1142866e-10
      101 |       0 |       4 |        9 |      1 |     5 |   -0.318 |     -124.5 |    772 | instr_addr_o[31]
iter:101, pass:2, current fixing endpoint: gen_regfile_ff.register_file_i.rf_reg_q\[30\]$_DFFE_PN0P_/D, endpoint slack:-3.156171e-10
      102 |       0 |       4 |        9 |      2 |     5 |   -0.318 |     -125.2 |    772 | instr_addr_o[31]
iter:102, pass:3, current fixing endpoint: gen_regfile_ff.register_file_i.rf_reg_q\[30\]$_DFFE_PN0P_/D, endpoint slack:-3.1651903e-10
      103 |       0 |       5 |        9 |      2 |     5 |   -0.320 |     -127.3 |    772 | gen_regfile_ff.register_file_i.rf_reg_q\[510\]$_DFFE_PN0P_/D
iter:103, pass:4, current fixing endpoint: gen_regfile_ff.register_file_i.rf_reg_q\[30\]$_DFFE_PN0P_/D, endpoint slack:-3.1966385e-10
      104 |       0 |       5 |        9 |      2 |     6 |   -0.331 |     -133.0 |    772 | gen_regfile_ff.register_file_i.rf_reg_q\[510\]$_DFFE_PN0P_/D
iter:104, pass:5, current fixing endpoint: gen_regfile_ff.register_file_i.rf_reg_q\[30\]$_DFFE_PN0P_/D, endpoint slack:-3.3049607e-10
      105 |       0 |       5 |        9 |      2 |     7 |   -0.335 |     -135.2 |    772 | gen_regfile_ff.register_file_i.rf_reg_q\[510\]$_DFFE_PN0P_/D
iter:105, pass:6, current fixing endpoint: gen_regfile_ff.register_file_i.rf_reg_q\[30\]$_DFFE_PN0P_/D, endpoint slack:-3.347036e-10
      106 |       0 |       5 |        9 |      2 |     8 |   -0.346 |     -141.5 |    772 | gen_regfile_ff.register_file_i.rf_reg_q\[510\]$_DFFE_PN0P_/D
iter:106, pass:7, current fixing endpoint: gen_regfile_ff.register_file_i.rf_reg_q\[30\]$_DFFE_PN0P_/D, endpoint slack:-3.4588e-10
      107 |       0 |       5 |        9 |      2 |     9 |   -0.337 |     -138.0 |    772 | gen_regfile_ff.register_file_i.rf_reg_q\[510\]$_DFFE_PN0P_/D
iter:107, pass:8, current fixing endpoint: gen_regfile_ff.register_file_i.rf_reg_q\[30\]$_DFFE_PN0P_/D, endpoint slack:-3.3715497e-10
      108 |       0 |       5 |        9 |      2 |    10 |   -0.346 |     -142.7 |    772 | gen_regfile_ff.register_file_i.rf_reg_q\[510\]$_DFFE_PN0P_/D
iter:108, pass:9, current fixing endpoint: gen_regfile_ff.register_file_i.rf_reg_q\[30\]$_DFFE_PN0P_/D, endpoint slack:-3.4605163e-10
      109 |       0 |       5 |        9 |      2 |    11 |   -0.356 |     -148.2 |    772 | gen_regfile_ff.register_file_i.rf_reg_q\[510\]$_DFFE_PN0P_/D
iter:109, pass:10, current fixing endpoint: gen_regfile_ff.register_file_i.rf_reg_q\[30\]$_DFFE_PN0P_/D, endpoint slack:-3.5578096e-10
      110 |       0 |       5 |       11 |      2 |    11 |   -0.350 |     -144.6 |    772 | gen_regfile_ff.register_file_i.rf_reg_q\[510\]$_DFFE_PN0P_/D
iter:110, pass:11, current fixing endpoint: gen_regfile_ff.register_file_i.rf_reg_q\[30\]$_DFFE_PN0P_/D, endpoint slack:-3.4950087e-10
      111 |       0 |       6 |       11 |      2 |    11 |   -0.348 |     -144.0 |    772 | gen_regfile_ff.register_file_i.rf_reg_q\[510\]$_DFFE_PN0P_/D
iter:111, pass:12, current fixing endpoint: gen_regfile_ff.register_file_i.rf_reg_q\[30\]$_DFFE_PN0P_/D, endpoint slack:-3.4840308e-10
      111 |       0 |       4 |       10 |      0 |     5 |   -0.318 |     -124.6 |    772 | instr_addr_o[31]
      112 |       0 |       4 |       10 |      0 |     5 |   -0.318 |     -124.6 |    772 | instr_addr_o[31]
iter:112, pass:1, current fixing endpoint: gen_regfile_ff.register_file_i.rf_reg_q\[926\]$_DFFE_PN0P_/D, endpoint slack:-3.1580893e-10
      113 |       0 |       4 |       10 |      1 |     5 |   -0.320 |     -126.8 |    772 | gen_regfile_ff.register_file_i.rf_reg_q\[510\]$_DFFE_PN0P_/D
iter:113, pass:2, current fixing endpoint: gen_regfile_ff.register_file_i.rf_reg_q\[926\]$_DFFE_PN0P_/D, endpoint slack:-3.1905678e-10
      114 |       0 |       4 |       10 |      2 |     5 |   -0.321 |     -127.5 |    772 | gen_regfile_ff.register_file_i.rf_reg_q\[510\]$_DFFE_PN0P_/D
iter:114, pass:3, current fixing endpoint: gen_regfile_ff.register_file_i.rf_reg_q\[926\]$_DFFE_PN0P_/D, endpoint slack:-3.201701e-10
      115 |       0 |       5 |       10 |      2 |     5 |   -0.321 |     -127.6 |    772 | gen_regfile_ff.register_file_i.rf_reg_q\[510\]$_DFFE_PN0P_/D
iter:115, pass:4, current fixing endpoint: gen_regfile_ff.register_file_i.rf_reg_q\[926\]$_DFFE_PN0P_/D, endpoint slack:-3.203311e-10
      115 |       0 |       4 |       10 |      0 |     5 |   -0.323 |     -128.8 |    772 | gen_regfile_ff.register_file_i.rf_reg_q\[510\]$_DFFE_PN0P_/D
      116 |       0 |       4 |       10 |      0 |     5 |   -0.323 |     -128.8 |    772 | gen_regfile_ff.register_file_i.rf_reg_q\[510\]$_DFFE_PN0P_/D
iter:116, pass:1, current fixing endpoint: gen_regfile_ff.register_file_i.rf_reg_q\[574\]$_DFFE_PN0P_/D, endpoint slack:-3.2187564e-10
      117 |       0 |       4 |       10 |      1 |     5 |   -0.320 |     -126.7 |    772 | gen_regfile_ff.register_file_i.rf_reg_q\[510\]$_DFFE_PN0P_/D
iter:117, pass:2, current fixing endpoint: gen_regfile_ff.register_file_i.rf_reg_q\[574\]$_DFFE_PN0P_/D, endpoint slack:-3.1871084e-10
      118 |       0 |       4 |       10 |      2 |     5 |   -0.321 |     -127.4 |    772 | gen_regfile_ff.register_file_i.rf_reg_q\[510\]$_DFFE_PN0P_/D
iter:118, pass:3, current fixing endpoint: gen_regfile_ff.register_file_i.rf_reg_q\[574\]$_DFFE_PN0P_/D, endpoint slack:-3.1981995e-10
      119 |       0 |       5 |       10 |      2 |     5 |   -0.321 |     -127.6 |    772 | gen_regfile_ff.register_file_i.rf_reg_q\[510\]$_DFFE_PN0P_/D
iter:119, pass:4, current fixing endpoint: gen_regfile_ff.register_file_i.rf_reg_q\[574\]$_DFFE_PN0P_/D, endpoint slack:-3.1998093e-10
      119 |       0 |       4 |       10 |      1 |     5 |   -0.322 |     -128.6 |    772 | gen_regfile_ff.register_file_i.rf_reg_q\[510\]$_DFFE_PN0P_/D
      120 |       0 |       4 |       10 |      1 |     5 |   -0.322 |     -128.6 |    772 | gen_regfile_ff.register_file_i.rf_reg_q\[510\]$_DFFE_PN0P_/D
iter:120, pass:1, current fixing endpoint: gen_regfile_ff.register_file_i.rf_reg_q\[542\]$_DFFE_PN0P_/D, endpoint slack:-3.207088e-10
      121 |       0 |       4 |       10 |      2 |     5 |   -0.321 |     -127.4 |    772 | gen_regfile_ff.register_file_i.rf_reg_q\[510\]$_DFFE_PN0P_/D
iter:121, pass:2, current fixing endpoint: gen_regfile_ff.register_file_i.rf_reg_q\[542\]$_DFFE_PN0P_/D, endpoint slack:-3.190299e-10
      122 |       0 |       5 |       10 |      2 |     5 |   -0.321 |     -127.6 |    772 | gen_regfile_ff.register_file_i.rf_reg_q\[510\]$_DFFE_PN0P_/D
iter:122, pass:3, current fixing endpoint: gen_regfile_ff.register_file_i.rf_reg_q\[542\]$_DFFE_PN0P_/D, endpoint slack:-3.191909e-10
      122 |       0 |       4 |       10 |      2 |     5 |   -0.321 |     -127.4 |    772 | gen_regfile_ff.register_file_i.rf_reg_q\[510\]$_DFFE_PN0P_/D
      123 |       0 |       4 |       10 |      2 |     5 |   -0.321 |     -127.4 |    772 | gen_regfile_ff.register_file_i.rf_reg_q\[510\]$_DFFE_PN0P_/D
iter:123, pass:1, current fixing endpoint: gen_regfile_ff.register_file_i.rf_reg_q\[126\]$_DFFE_PN0P_/D, endpoint slack:-3.1894754e-10
      124 |       0 |       5 |       10 |      2 |     5 |   -0.321 |     -127.6 |    772 | gen_regfile_ff.register_file_i.rf_reg_q\[510\]$_DFFE_PN0P_/D
iter:124, pass:2, current fixing endpoint: gen_regfile_ff.register_file_i.rf_reg_q\[126\]$_DFFE_PN0P_/D, endpoint slack:-3.190943e-10
      124 |       0 |       4 |       10 |      2 |     5 |   -0.321 |     -127.4 |    772 | gen_regfile_ff.register_file_i.rf_reg_q\[510\]$_DFFE_PN0P_/D
      125 |       0 |       4 |       10 |      2 |     5 |   -0.321 |     -127.4 |    772 | gen_regfile_ff.register_file_i.rf_reg_q\[510\]$_DFFE_PN0P_/D
iter:125, pass:1, current fixing endpoint: gen_regfile_ff.register_file_i.rf_reg_q\[94\]$_DFFE_PN0P_/D, endpoint slack:-3.1858605e-10
      126 |       0 |       5 |       10 |      2 |     5 |   -0.321 |     -127.6 |    772 | gen_regfile_ff.register_file_i.rf_reg_q\[510\]$_DFFE_PN0P_/D
iter:126, pass:2, current fixing endpoint: gen_regfile_ff.register_file_i.rf_reg_q\[94\]$_DFFE_PN0P_/D, endpoint slack:-3.1873282e-10
      126 |       0 |       4 |       10 |      2 |     5 |   -0.321 |     -127.4 |    772 | gen_regfile_ff.register_file_i.rf_reg_q\[510\]$_DFFE_PN0P_/D
      127 |       0 |       4 |       10 |      2 |     5 |   -0.321 |     -127.4 |    772 | gen_regfile_ff.register_file_i.rf_reg_q\[510\]$_DFFE_PN0P_/D
iter:127, pass:1, current fixing endpoint: gen_regfile_ff.register_file_i.rf_reg_q\[190\]$_DFFE_PN0P_/D, endpoint slack:-3.1802583e-10
      128 |       0 |       5 |       10 |      2 |     5 |   -0.321 |     -127.6 |    772 | gen_regfile_ff.register_file_i.rf_reg_q\[510\]$_DFFE_PN0P_/D
iter:128, pass:2, current fixing endpoint: gen_regfile_ff.register_file_i.rf_reg_q\[190\]$_DFFE_PN0P_/D, endpoint slack:-3.181726e-10
      128 |       0 |       4 |       10 |      2 |     5 |   -0.321 |     -127.4 |    772 | gen_regfile_ff.register_file_i.rf_reg_q\[510\]$_DFFE_PN0P_/D
      129 |       0 |       4 |       10 |      2 |     5 |   -0.321 |     -127.4 |    772 | gen_regfile_ff.register_file_i.rf_reg_q\[510\]$_DFFE_PN0P_/D
iter:129, pass:1, current fixing endpoint: gen_regfile_ff.register_file_i.rf_reg_q\[958\]$_DFFE_PN0P_/D, endpoint slack:-3.177154e-10
      130 |       0 |       5 |       10 |      2 |     5 |   -0.321 |     -127.6 |    772 | gen_regfile_ff.register_file_i.rf_reg_q\[510\]$_DFFE_PN0P_/D
iter:130, pass:2, current fixing endpoint: gen_regfile_ff.register_file_i.rf_reg_q\[958\]$_DFFE_PN0P_/D, endpoint slack:-3.1786218e-10
      130 |       0 |       4 |       10 |      2 |     5 |   -0.321 |     -127.4 |    772 | gen_regfile_ff.register_file_i.rf_reg_q\[510\]$_DFFE_PN0P_/D
      131 |       0 |       4 |       10 |      2 |     5 |   -0.321 |     -127.4 |    772 | gen_regfile_ff.register_file_i.rf_reg_q\[510\]$_DFFE_PN0P_/D
iter:131, pass:1, current fixing endpoint: gen_regfile_ff.register_file_i.rf_reg_q\[62\]$_DFFE_PN0P_/D, endpoint slack:-3.175471e-10
      132 |       0 |       5 |       10 |      2 |     5 |   -0.321 |     -127.6 |    772 | gen_regfile_ff.register_file_i.rf_reg_q\[510\]$_DFFE_PN0P_/D
iter:132, pass:2, current fixing endpoint: gen_regfile_ff.register_file_i.rf_reg_q\[62\]$_DFFE_PN0P_/D, endpoint slack:-3.1769387e-10
      132 |       0 |       4 |       10 |      2 |     5 |   -0.321 |     -127.4 |    772 | gen_regfile_ff.register_file_i.rf_reg_q\[510\]$_DFFE_PN0P_/D
      133 |       0 |       4 |       10 |      2 |     5 |   -0.321 |     -127.4 |    772 | gen_regfile_ff.register_file_i.rf_reg_q\[510\]$_DFFE_PN0P_/D
iter:133, pass:1, current fixing endpoint: gen_regfile_ff.register_file_i.rf_reg_q\[702\]$_DFFE_PN0P_/D, endpoint slack:-3.1720537e-10
      134 |       0 |       5 |       10 |      2 |     5 |   -0.321 |     -127.6 |    772 | gen_regfile_ff.register_file_i.rf_reg_q\[510\]$_DFFE_PN0P_/D
iter:134, pass:2, current fixing endpoint: gen_regfile_ff.register_file_i.rf_reg_q\[702\]$_DFFE_PN0P_/D, endpoint slack:-3.1735214e-10
      134 |       0 |       4 |       10 |      2 |     5 |   -0.321 |     -127.4 |    772 | gen_regfile_ff.register_file_i.rf_reg_q\[510\]$_DFFE_PN0P_/D
      135 |       0 |       4 |       10 |      2 |     5 |   -0.321 |     -127.4 |    772 | gen_regfile_ff.register_file_i.rf_reg_q\[510\]$_DFFE_PN0P_/D
iter:135, pass:1, current fixing endpoint: gen_regfile_ff.register_file_i.rf_reg_q\[734\]$_DFFE_PN0P_/D, endpoint slack:-3.170868e-10
      136 |       0 |       5 |       10 |      2 |     5 |   -0.321 |     -127.6 |    772 | gen_regfile_ff.register_file_i.rf_reg_q\[510\]$_DFFE_PN0P_/D
iter:136, pass:2, current fixing endpoint: gen_regfile_ff.register_file_i.rf_reg_q\[734\]$_DFFE_PN0P_/D, endpoint slack:-3.1723357e-10
      136 |       0 |       4 |       10 |      2 |     5 |   -0.321 |     -127.4 |    772 | gen_regfile_ff.register_file_i.rf_reg_q\[510\]$_DFFE_PN0P_/D
      137 |       0 |       4 |       10 |      2 |     5 |   -0.321 |     -127.4 |    772 | gen_regfile_ff.register_file_i.rf_reg_q\[510\]$_DFFE_PN0P_/D
iter:137, pass:1, current fixing endpoint: gen_regfile_ff.register_file_i.rf_reg_q\[670\]$_DFFE_PN0P_/D, endpoint slack:-3.1692537e-10
      138 |       0 |       5 |       10 |      2 |     5 |   -0.321 |     -127.6 |    772 | gen_regfile_ff.register_file_i.rf_reg_q\[510\]$_DFFE_PN0P_/D
iter:138, pass:2, current fixing endpoint: gen_regfile_ff.register_file_i.rf_reg_q\[670\]$_DFFE_PN0P_/D, endpoint slack:-3.1707215e-10
      138 |       0 |       4 |       10 |      2 |     5 |   -0.321 |     -127.4 |    772 | gen_regfile_ff.register_file_i.rf_reg_q\[510\]$_DFFE_PN0P_/D
      139 |       0 |       4 |       10 |      2 |     5 |   -0.321 |     -127.4 |    772 | gen_regfile_ff.register_file_i.rf_reg_q\[510\]$_DFFE_PN0P_/D
iter:139, pass:1, current fixing endpoint: gen_regfile_ff.register_file_i.rf_reg_q\[254\]$_DFFE_PN0P_/D, endpoint slack:-3.1685543e-10
      140 |       0 |       5 |       10 |      2 |     5 |   -0.321 |     -127.6 |    772 | gen_regfile_ff.register_file_i.rf_reg_q\[510\]$_DFFE_PN0P_/D
iter:140, pass:2, current fixing endpoint: gen_regfile_ff.register_file_i.rf_reg_q\[254\]$_DFFE_PN0P_/D, endpoint slack:-3.170022e-10
      140 |       0 |       4 |       10 |      2 |     5 |   -0.321 |     -127.4 |    772 | gen_regfile_ff.register_file_i.rf_reg_q\[510\]$_DFFE_PN0P_/D
      141 |       0 |       4 |       10 |      2 |     5 |   -0.321 |     -127.4 |    772 | gen_regfile_ff.register_file_i.rf_reg_q\[510\]$_DFFE_PN0P_/D
iter:141, pass:1, current fixing endpoint: gen_regfile_ff.register_file_i.rf_reg_q\[350\]$_DFFE_PN0P_/D, endpoint slack:-3.1684788e-10
      142 |       0 |       5 |       10 |      2 |     5 |   -0.321 |     -127.6 |    772 | gen_regfile_ff.register_file_i.rf_reg_q\[510\]$_DFFE_PN0P_/D
iter:142, pass:2, current fixing endpoint: gen_regfile_ff.register_file_i.rf_reg_q\[350\]$_DFFE_PN0P_/D, endpoint slack:-3.1699465e-10
      142 |       0 |       4 |       10 |      2 |     5 |   -0.321 |     -127.4 |    772 | gen_regfile_ff.register_file_i.rf_reg_q\[510\]$_DFFE_PN0P_/D
      143 |       0 |       4 |       10 |      2 |     5 |   -0.321 |     -127.4 |    772 | gen_regfile_ff.register_file_i.rf_reg_q\[510\]$_DFFE_PN0P_/D
iter:143, pass:1, current fixing endpoint: gen_regfile_ff.register_file_i.rf_reg_q\[286\]$_DFFE_PN0P_/D, endpoint slack:-3.167666e-10
      144 |       0 |       5 |       10 |      2 |     5 |   -0.321 |     -127.6 |    772 | gen_regfile_ff.register_file_i.rf_reg_q\[510\]$_DFFE_PN0P_/D
iter:144, pass:2, current fixing endpoint: gen_regfile_ff.register_file_i.rf_reg_q\[286\]$_DFFE_PN0P_/D, endpoint slack:-3.1691338e-10
      144 |       0 |       4 |       10 |      2 |     5 |   -0.321 |     -127.4 |    772 | gen_regfile_ff.register_file_i.rf_reg_q\[510\]$_DFFE_PN0P_/D
      145 |       0 |       4 |       10 |      2 |     5 |   -0.321 |     -127.4 |    772 | gen_regfile_ff.register_file_i.rf_reg_q\[510\]$_DFFE_PN0P_/D
iter:145, pass:1, current fixing endpoint: gen_regfile_ff.register_file_i.rf_reg_q\[638\]$_DFFE_PN0P_/D, endpoint slack:-3.1667513e-10
      146 |       0 |       5 |       10 |      2 |     5 |   -0.321 |     -127.6 |    772 | gen_regfile_ff.register_file_i.rf_reg_q\[510\]$_DFFE_PN0P_/D
iter:146, pass:2, current fixing endpoint: gen_regfile_ff.register_file_i.rf_reg_q\[638\]$_DFFE_PN0P_/D, endpoint slack:-3.168219e-10
      146 |       0 |       4 |       10 |      2 |     5 |   -0.321 |     -127.4 |    772 | gen_regfile_ff.register_file_i.rf_reg_q\[510\]$_DFFE_PN0P_/D
      147 |       0 |       4 |       10 |      2 |     5 |   -0.321 |     -127.4 |    772 | gen_regfile_ff.register_file_i.rf_reg_q\[510\]$_DFFE_PN0P_/D
iter:147, pass:1, current fixing endpoint: gen_regfile_ff.register_file_i.rf_reg_q\[382\]$_DFFE_PN0P_/D, endpoint slack:-3.1554048e-10
      148 |       0 |       5 |       10 |      2 |     5 |   -0.321 |     -127.6 |    772 | gen_regfile_ff.register_file_i.rf_reg_q\[510\]$_DFFE_PN0P_/D
iter:148, pass:2, current fixing endpoint: gen_regfile_ff.register_file_i.rf_reg_q\[382\]$_DFFE_PN0P_/D, endpoint slack:-3.1568725e-10
      148 |       0 |       4 |       10 |      2 |     5 |   -0.321 |     -127.4 |    772 | gen_regfile_ff.register_file_i.rf_reg_q\[510\]$_DFFE_PN0P_/D
      149 |       0 |       4 |       10 |      2 |     5 |   -0.321 |     -127.4 |    772 | gen_regfile_ff.register_file_i.rf_reg_q\[510\]$_DFFE_PN0P_/D
iter:149, pass:1, current fixing endpoint: gen_regfile_ff.register_file_i.rf_reg_q\[222\]$_DFFE_PN0P_/D, endpoint slack:-3.1552205e-10
      150 |       0 |       5 |       10 |      2 |     5 |   -0.321 |     -127.6 |    772 | gen_regfile_ff.register_file_i.rf_reg_q\[510\]$_DFFE_PN0P_/D
iter:150, pass:2, current fixing endpoint: gen_regfile_ff.register_file_i.rf_reg_q\[222\]$_DFFE_PN0P_/D, endpoint slack:-3.1566882e-10
      150 |       0 |       4 |       10 |      2 |     5 |   -0.321 |     -127.4 |    772 | gen_regfile_ff.register_file_i.rf_reg_q\[510\]$_DFFE_PN0P_/D
      151 |       0 |       4 |       10 |      2 |     5 |   -0.321 |     -127.4 |    772 | gen_regfile_ff.register_file_i.rf_reg_q\[510\]$_DFFE_PN0P_/D
iter:151, pass:1, current fixing endpoint: gen_regfile_ff.register_file_i.rf_reg_q\[478\]$_DFFE_PN0P_/D, endpoint slack:-3.1546188e-10
      152 |       0 |       5 |       10 |      2 |     5 |   -0.321 |     -127.6 |    772 | gen_regfile_ff.register_file_i.rf_reg_q\[510\]$_DFFE_PN0P_/D
iter:152, pass:2, current fixing endpoint: gen_regfile_ff.register_file_i.rf_reg_q\[478\]$_DFFE_PN0P_/D, endpoint slack:-3.1560865e-10
      152 |       0 |       4 |       10 |      2 |     5 |   -0.321 |     -127.4 |    772 | gen_regfile_ff.register_file_i.rf_reg_q\[510\]$_DFFE_PN0P_/D
      153 |       0 |       4 |       10 |      2 |     5 |   -0.321 |     -127.4 |    772 | gen_regfile_ff.register_file_i.rf_reg_q\[510\]$_DFFE_PN0P_/D
iter:153, pass:1, current fixing endpoint: gen_regfile_ff.register_file_i.rf_reg_q\[158\]$_DFFE_PN0P_/D, endpoint slack:-3.150129e-10
      154 |       0 |       5 |       10 |      2 |     5 |   -0.321 |     -127.6 |    772 | gen_regfile_ff.register_file_i.rf_reg_q\[510\]$_DFFE_PN0P_/D
iter:154, pass:2, current fixing endpoint: gen_regfile_ff.register_file_i.rf_reg_q\[158\]$_DFFE_PN0P_/D, endpoint slack:-3.1515968e-10
      154 |       0 |       4 |       10 |      2 |     5 |   -0.321 |     -127.4 |    772 | gen_regfile_ff.register_file_i.rf_reg_q\[510\]$_DFFE_PN0P_/D
      155 |       0 |       4 |       10 |      2 |     5 |   -0.321 |     -127.4 |    772 | gen_regfile_ff.register_file_i.rf_reg_q\[510\]$_DFFE_PN0P_/D
iter:155, pass:1, current fixing endpoint: gen_regfile_ff.register_file_i.rf_reg_q\[990\]$_DFFE_PN0P_/D, endpoint slack:-3.1466407e-10
      156 |       0 |       5 |       10 |      2 |     5 |   -0.321 |     -127.6 |    772 | gen_regfile_ff.register_file_i.rf_reg_q\[510\]$_DFFE_PN0P_/D
iter:156, pass:2, current fixing endpoint: gen_regfile_ff.register_file_i.rf_reg_q\[990\]$_DFFE_PN0P_/D, endpoint slack:-3.1481062e-10
      156 |       0 |       4 |       10 |      2 |     5 |   -0.321 |     -127.4 |    772 | gen_regfile_ff.register_file_i.rf_reg_q\[510\]$_DFFE_PN0P_/D
      157 |       0 |       4 |       10 |      2 |     5 |   -0.321 |     -127.4 |    772 | gen_regfile_ff.register_file_i.rf_reg_q\[510\]$_DFFE_PN0P_/D
iter:157, pass:1, current fixing endpoint: gen_regfile_ff.register_file_i.rf_reg_q\[606\]$_DFFE_PN0P_/D, endpoint slack:-3.144336e-10
      158 |       0 |       5 |       10 |      2 |     5 |   -0.321 |     -127.6 |    772 | gen_regfile_ff.register_file_i.rf_reg_q\[510\]$_DFFE_PN0P_/D
iter:158, pass:2, current fixing endpoint: gen_regfile_ff.register_file_i.rf_reg_q\[606\]$_DFFE_PN0P_/D, endpoint slack:-3.1458036e-10
      158 |       0 |       4 |       10 |      2 |     5 |   -0.321 |     -127.4 |    772 | gen_regfile_ff.register_file_i.rf_reg_q\[510\]$_DFFE_PN0P_/D
      159 |       0 |       4 |       10 |      2 |     5 |   -0.321 |     -127.4 |    772 | gen_regfile_ff.register_file_i.rf_reg_q\[510\]$_DFFE_PN0P_/D
iter:159, pass:1, current fixing endpoint: gen_regfile_ff.register_file_i.rf_reg_q\[766\]$_DFFE_PN0P_/D, endpoint slack:-3.143248e-10
      160 |       0 |       5 |       10 |      2 |     5 |   -0.321 |     -127.6 |    772 | gen_regfile_ff.register_file_i.rf_reg_q\[510\]$_DFFE_PN0P_/D
iter:160, pass:2, current fixing endpoint: gen_regfile_ff.register_file_i.rf_reg_q\[766\]$_DFFE_PN0P_/D, endpoint slack:-3.1447156e-10
      160 |       0 |       4 |       10 |      2 |     5 |   -0.321 |     -127.4 |    772 | gen_regfile_ff.register_file_i.rf_reg_q\[510\]$_DFFE_PN0P_/D
      161 |       0 |       4 |       10 |      2 |     5 |   -0.321 |     -127.4 |    772 | gen_regfile_ff.register_file_i.rf_reg_q\[510\]$_DFFE_PN0P_/D
iter:161, pass:1, current fixing endpoint: gen_regfile_ff.register_file_i.rf_reg_q\[862\]$_DFFE_PN0P_/D, endpoint slack:-3.141547e-10
      162 |       0 |       5 |       10 |      2 |     5 |   -0.321 |     -127.6 |    772 | gen_regfile_ff.register_file_i.rf_reg_q\[510\]$_DFFE_PN0P_/D
iter:162, pass:2, current fixing endpoint: gen_regfile_ff.register_file_i.rf_reg_q\[862\]$_DFFE_PN0P_/D, endpoint slack:-3.1430147e-10
      162 |       0 |       4 |       10 |      2 |     5 |   -0.321 |     -127.4 |    772 | gen_regfile_ff.register_file_i.rf_reg_q\[510\]$_DFFE_PN0P_/D
      163 |       0 |       4 |       10 |      2 |     5 |   -0.321 |     -127.4 |    772 | gen_regfile_ff.register_file_i.rf_reg_q\[510\]$_DFFE_PN0P_/D
iter:163, pass:1, current fixing endpoint: gen_regfile_ff.register_file_i.rf_reg_q\[446\]$_DFFE_PN0P_/D, endpoint slack:-3.1397285e-10
      164 |       0 |       5 |       10 |      2 |     5 |   -0.321 |     -127.6 |    772 | gen_regfile_ff.register_file_i.rf_reg_q\[510\]$_DFFE_PN0P_/D
iter:164, pass:2, current fixing endpoint: gen_regfile_ff.register_file_i.rf_reg_q\[446\]$_DFFE_PN0P_/D, endpoint slack:-3.1411962e-10
      164 |       0 |       4 |       10 |      2 |     5 |   -0.321 |     -127.4 |    772 | gen_regfile_ff.register_file_i.rf_reg_q\[510\]$_DFFE_PN0P_/D
      165 |       0 |       4 |       10 |      2 |     5 |   -0.321 |     -127.4 |    772 | gen_regfile_ff.register_file_i.rf_reg_q\[510\]$_DFFE_PN0P_/D
iter:165, pass:1, current fixing endpoint: gen_regfile_ff.register_file_i.rf_reg_q\[798\]$_DFFE_PN0P_/D, endpoint slack:-3.1384473e-10
      166 |       0 |       5 |       10 |      2 |     5 |   -0.321 |     -127.6 |    772 | gen_regfile_ff.register_file_i.rf_reg_q\[510\]$_DFFE_PN0P_/D
iter:166, pass:2, current fixing endpoint: gen_regfile_ff.register_file_i.rf_reg_q\[798\]$_DFFE_PN0P_/D, endpoint slack:-3.139915e-10
      166 |       0 |       4 |       10 |      2 |     5 |   -0.321 |     -127.4 |    772 | gen_regfile_ff.register_file_i.rf_reg_q\[510\]$_DFFE_PN0P_/D
      167 |       0 |       4 |       10 |      2 |     5 |   -0.321 |     -127.4 |    772 | gen_regfile_ff.register_file_i.rf_reg_q\[510\]$_DFFE_PN0P_/D
iter:167, pass:1, current fixing endpoint: gen_regfile_ff.register_file_i.rf_reg_q\[830\]$_DFFE_PN0P_/D, endpoint slack:-3.1380387e-10
      168 |       0 |       5 |       10 |      2 |     5 |   -0.321 |     -127.6 |    772 | gen_regfile_ff.register_file_i.rf_reg_q\[510\]$_DFFE_PN0P_/D
iter:168, pass:2, current fixing endpoint: gen_regfile_ff.register_file_i.rf_reg_q\[830\]$_DFFE_PN0P_/D, endpoint slack:-3.1395064e-10
      168 |       0 |       4 |       10 |      2 |     5 |   -0.321 |     -127.4 |    772 | gen_regfile_ff.register_file_i.rf_reg_q\[510\]$_DFFE_PN0P_/D
      169 |       0 |       4 |       10 |      2 |     5 |   -0.321 |     -127.4 |    772 | gen_regfile_ff.register_file_i.rf_reg_q\[510\]$_DFFE_PN0P_/D
iter:169, pass:1, current fixing endpoint: gen_regfile_ff.register_file_i.rf_reg_q\[318\]$_DFFE_PN0P_/D, endpoint slack:-3.1378056e-10
      170 |       0 |       5 |       10 |      2 |     5 |   -0.321 |     -127.6 |    772 | gen_regfile_ff.register_file_i.rf_reg_q\[510\]$_DFFE_PN0P_/D
iter:170, pass:2, current fixing endpoint: gen_regfile_ff.register_file_i.rf_reg_q\[318\]$_DFFE_PN0P_/D, endpoint slack:-3.1392733e-10
      170 |       0 |       4 |       10 |      2 |     5 |   -0.321 |     -127.4 |    772 | gen_regfile_ff.register_file_i.rf_reg_q\[510\]$_DFFE_PN0P_/D
      171 |       0 |       4 |       10 |      2 |     5 |   -0.321 |     -127.4 |    772 | gen_regfile_ff.register_file_i.rf_reg_q\[510\]$_DFFE_PN0P_/D
iter:171, pass:1, current fixing endpoint: gen_regfile_ff.register_file_i.rf_reg_q\[414\]$_DFFE_PN0P_/D, endpoint slack:-3.131937e-10
      172 |       0 |       5 |       10 |      2 |     5 |   -0.321 |     -127.6 |    772 | gen_regfile_ff.register_file_i.rf_reg_q\[510\]$_DFFE_PN0P_/D
iter:172, pass:2, current fixing endpoint: gen_regfile_ff.register_file_i.rf_reg_q\[414\]$_DFFE_PN0P_/D, endpoint slack:-3.1334046e-10
      172 |       0 |       4 |       10 |      2 |     5 |   -0.321 |     -127.4 |    772 | gen_regfile_ff.register_file_i.rf_reg_q\[510\]$_DFFE_PN0P_/D
      173 |       0 |       4 |       10 |      2 |     5 |   -0.321 |     -127.4 |    772 | gen_regfile_ff.register_file_i.rf_reg_q\[510\]$_DFFE_PN0P_/D
iter:173, pass:1, current fixing endpoint: gen_regfile_ff.register_file_i.rf_reg_q\[894\]$_DFFE_PN0P_/D, endpoint slack:-2.905025e-10
      174 |       0 |       5 |       10 |      2 |     5 |   -0.321 |     -127.6 |    772 | gen_regfile_ff.register_file_i.rf_reg_q\[510\]$_DFFE_PN0P_/D
iter:174, pass:2, current fixing endpoint: gen_regfile_ff.register_file_i.rf_reg_q\[894\]$_DFFE_PN0P_/D, endpoint slack:-2.9064928e-10
      174 |       0 |       4 |       10 |      2 |     5 |   -0.321 |     -127.4 |    772 | gen_regfile_ff.register_file_i.rf_reg_q\[510\]$_DFFE_PN0P_/D
      175 |       0 |       4 |       10 |      2 |     5 |   -0.321 |     -127.4 |    772 | gen_regfile_ff.register_file_i.rf_reg_q\[510\]$_DFFE_PN0P_/D
iter:175, pass:1, current fixing endpoint: gen_regfile_ff.register_file_i.rf_reg_q\[27\]$_DFFE_PN0P_/D, endpoint slack:-2.6809244e-10
      176 |       0 |       4 |       10 |      2 |     6 |   -0.321 |     -126.5 |    772 | gen_regfile_ff.register_file_i.rf_reg_q\[510\]$_DFFE_PN0P_/D
iter:176, pass:2, current fixing endpoint: gen_regfile_ff.register_file_i.rf_reg_q\[27\]$_DFFE_PN0P_/D, endpoint slack:-2.642515e-10
      177 |       0 |       4 |       10 |      2 |     7 |   -0.321 |     -127.4 |    772 | gen_regfile_ff.register_file_i.rf_reg_q\[510\]$_DFFE_PN0P_/D
iter:177, pass:3, current fixing endpoint: gen_regfile_ff.register_file_i.rf_reg_q\[27\]$_DFFE_PN0P_/D, endpoint slack:-2.714564e-10
      178 |       0 |       4 |       10 |      2 |     8 |   -0.321 |     -127.2 |    772 | gen_regfile_ff.register_file_i.rf_reg_q\[510\]$_DFFE_PN0P_/D
iter:178, pass:4, current fixing endpoint: gen_regfile_ff.register_file_i.rf_reg_q\[27\]$_DFFE_PN0P_/D, endpoint slack:-2.6579272e-10
      179 |       0 |       4 |       10 |      2 |     9 |   -0.321 |     -127.3 |    772 | gen_regfile_ff.register_file_i.rf_reg_q\[510\]$_DFFE_PN0P_/D
iter:179, pass:5, current fixing endpoint: gen_regfile_ff.register_file_i.rf_reg_q\[27\]$_DFFE_PN0P_/D, endpoint slack:-2.6587776e-10
      180 |       0 |       4 |       10 |      2 |    10 |   -0.321 |     -125.9 |    772 | gen_regfile_ff.register_file_i.rf_reg_q\[510\]$_DFFE_PN0P_/D
iter:180, pass:6, current fixing endpoint: gen_regfile_ff.register_file_i.rf_reg_q\[27\]$_DFFE_PN0P_/D, endpoint slack:-2.579752e-10
      181 |       0 |       4 |       10 |      2 |    11 |   -0.321 |     -126.0 |    772 | gen_regfile_ff.register_file_i.rf_reg_q\[510\]$_DFFE_PN0P_/D
iter:181, pass:7, current fixing endpoint: gen_regfile_ff.register_file_i.rf_reg_q\[27\]$_DFFE_PN0P_/D, endpoint slack:-2.5970914e-10
      182 |       0 |       4 |       10 |      2 |    12 |   -0.321 |     -127.1 |    772 | gen_regfile_ff.register_file_i.rf_reg_q\[510\]$_DFFE_PN0P_/D
iter:182, pass:8, current fixing endpoint: gen_regfile_ff.register_file_i.rf_reg_q\[27\]$_DFFE_PN0P_/D, endpoint slack:-2.6424285e-10
      183 |       0 |       4 |       10 |      2 |    13 |   -0.321 |     -127.2 |    772 | gen_regfile_ff.register_file_i.rf_reg_q\[510\]$_DFFE_PN0P_/D
iter:183, pass:9, current fixing endpoint: gen_regfile_ff.register_file_i.rf_reg_q\[27\]$_DFFE_PN0P_/D, endpoint slack:-2.6608937e-10
      184 |       0 |       4 |       10 |      2 |    14 |   -0.321 |     -127.3 |    772 | gen_regfile_ff.register_file_i.rf_reg_q\[510\]$_DFFE_PN0P_/D
iter:184, pass:10, current fixing endpoint: gen_regfile_ff.register_file_i.rf_reg_q\[27\]$_DFFE_PN0P_/D, endpoint slack:-2.6882874e-10
      185 |       0 |       4 |       10 |      2 |    15 |   -0.321 |     -126.7 |    772 | gen_regfile_ff.register_file_i.rf_reg_q\[510\]$_DFFE_PN0P_/D
iter:185, pass:11, current fixing endpoint: gen_regfile_ff.register_file_i.rf_reg_q\[27\]$_DFFE_PN0P_/D, endpoint slack:-2.6545832e-10
      186 |       0 |       4 |       10 |      2 |    16 |   -0.321 |     -126.9 |    772 | gen_regfile_ff.register_file_i.rf_reg_q\[510\]$_DFFE_PN0P_/D
iter:186, pass:12, current fixing endpoint: gen_regfile_ff.register_file_i.rf_reg_q\[27\]$_DFFE_PN0P_/D, endpoint slack:-2.7000513e-10
      187 |       0 |       4 |       10 |      2 |    17 |   -0.321 |     -126.8 |    772 | gen_regfile_ff.register_file_i.rf_reg_q\[510\]$_DFFE_PN0P_/D
iter:187, pass:13, current fixing endpoint: gen_regfile_ff.register_file_i.rf_reg_q\[27\]$_DFFE_PN0P_/D, endpoint slack:-2.6967895e-10
      188 |       0 |       5 |       10 |      2 |    17 |   -0.323 |     -127.3 |    772 | gen_regfile_ff.register_file_i.rf_reg_q\[510\]$_DFFE_PN0P_/D
iter:188, pass:14, current fixing endpoint: gen_regfile_ff.register_file_i.rf_reg_q\[27\]$_DFFE_PN0P_/D, endpoint slack:-2.687437e-10
      188 |       0 |       4 |       10 |      2 |    12 |   -0.321 |     -127.1 |    772 | gen_regfile_ff.register_file_i.rf_reg_q\[510\]$_DFFE_PN0P_/D
      189 |       0 |       4 |       10 |      2 |    12 |   -0.321 |     -127.1 |    772 | gen_regfile_ff.register_file_i.rf_reg_q\[510\]$_DFFE_PN0P_/D
iter:189, pass:1, current fixing endpoint: gen_regfile_ff.register_file_i.rf_reg_q\[155\]$_DFFE_PN0P_/D, endpoint slack:-2.6253066e-10
      190 |       0 |       5 |       10 |      2 |    12 |   -0.323 |     -127.6 |    772 | gen_regfile_ff.register_file_i.rf_reg_q\[510\]$_DFFE_PN0P_/D
iter:190, pass:2, current fixing endpoint: gen_regfile_ff.register_file_i.rf_reg_q\[155\]$_DFFE_PN0P_/D, endpoint slack:-2.615954e-10
      190 |       0 |       4 |       10 |      2 |    12 |   -0.321 |     -127.1 |    772 | gen_regfile_ff.register_file_i.rf_reg_q\[510\]$_DFFE_PN0P_/D
      191 |       0 |       4 |       10 |      2 |    12 |   -0.321 |     -127.1 |    772 | gen_regfile_ff.register_file_i.rf_reg_q\[510\]$_DFFE_PN0P_/D
iter:191, pass:1, current fixing endpoint: gen_regfile_ff.register_file_i.rf_reg_q\[123\]$_DFFE_PN0P_/D, endpoint slack:-2.6161429e-10
      192 |       0 |       5 |       10 |      2 |    12 |   -0.323 |     -127.6 |    772 | gen_regfile_ff.register_file_i.rf_reg_q\[510\]$_DFFE_PN0P_/D
iter:192, pass:2, current fixing endpoint: gen_regfile_ff.register_file_i.rf_reg_q\[123\]$_DFFE_PN0P_/D, endpoint slack:-2.6067903e-10
      192 |       0 |       4 |       10 |      2 |    12 |   -0.321 |     -127.1 |    772 | gen_regfile_ff.register_file_i.rf_reg_q\[510\]$_DFFE_PN0P_/D
      193 |       0 |       4 |       10 |      2 |    12 |   -0.321 |     -127.1 |    772 | gen_regfile_ff.register_file_i.rf_reg_q\[510\]$_DFFE_PN0P_/D
iter:193, pass:1, current fixing endpoint: gen_regfile_ff.register_file_i.rf_reg_q\[219\]$_DFFE_PN0P_/D, endpoint slack:-2.613414e-10
      194 |       0 |       5 |       10 |      2 |    12 |   -0.323 |     -127.6 |    772 | gen_regfile_ff.register_file_i.rf_reg_q\[510\]$_DFFE_PN0P_/D
iter:194, pass:2, current fixing endpoint: gen_regfile_ff.register_file_i.rf_reg_q\[219\]$_DFFE_PN0P_/D, endpoint slack:-2.6040614e-10
      194 |       0 |       4 |       10 |      2 |    12 |   -0.321 |     -127.1 |    772 | gen_regfile_ff.register_file_i.rf_reg_q\[510\]$_DFFE_PN0P_/D
      195 |       0 |       4 |       10 |      2 |    12 |   -0.321 |     -127.1 |    772 | gen_regfile_ff.register_file_i.rf_reg_q\[510\]$_DFFE_PN0P_/D
iter:195, pass:1, current fixing endpoint: gen_regfile_ff.register_file_i.rf_reg_q\[603\]$_DFFE_PN0P_/D, endpoint slack:-2.609688e-10
      196 |       0 |       5 |       10 |      2 |    12 |   -0.323 |     -127.6 |    772 | gen_regfile_ff.register_file_i.rf_reg_q\[510\]$_DFFE_PN0P_/D
iter:196, pass:2, current fixing endpoint: gen_regfile_ff.register_file_i.rf_reg_q\[603\]$_DFFE_PN0P_/D, endpoint slack:-2.6003355e-10
      196 |       0 |       4 |       10 |      2 |    12 |   -0.321 |     -127.1 |    772 | gen_regfile_ff.register_file_i.rf_reg_q\[510\]$_DFFE_PN0P_/D
      197 |       0 |       4 |       10 |      2 |    12 |   -0.321 |     -127.1 |    772 | gen_regfile_ff.register_file_i.rf_reg_q\[510\]$_DFFE_PN0P_/D
iter:197, pass:1, current fixing endpoint: gen_regfile_ff.register_file_i.rf_reg_q\[187\]$_DFFE_PN0P_/D, endpoint slack:-2.6078317e-10
      198 |       0 |       5 |       10 |      2 |    12 |   -0.323 |     -127.6 |    772 | gen_regfile_ff.register_file_i.rf_reg_q\[510\]$_DFFE_PN0P_/D
iter:198, pass:2, current fixing endpoint: gen_regfile_ff.register_file_i.rf_reg_q\[187\]$_DFFE_PN0P_/D, endpoint slack:-2.5984792e-10
      198 |       0 |       4 |       10 |      2 |    12 |   -0.321 |     -127.1 |    772 | gen_regfile_ff.register_file_i.rf_reg_q\[510\]$_DFFE_PN0P_/D
--------------------
update violating ends at fixEndpointNum 38
top element of violating ends is: gen_regfile_ff.register_file_i.rf_reg_q\[510\]$_DFFE_PN0P_/D
--------------------
      199 |       0 |       4 |       10 |      2 |    12 |   -0.321 |     -127.1 |    772 | gen_regfile_ff.register_file_i.rf_reg_q\[510\]$_DFFE_PN0P_/D
iter:199, pass:1, current fixing endpoint: gen_regfile_ff.register_file_i.rf_reg_q\[510\]$_DFFE_PN0P_/D, endpoint slack:-3.207774e-10
      200 |       0 |       5 |       10 |      2 |    12 |   -0.321 |     -127.8 |    772 | gen_regfile_ff.register_file_i.rf_reg_q\[510\]$_DFFE_PN0P_/D
iter:200, pass:2, current fixing endpoint: gen_regfile_ff.register_file_i.rf_reg_q\[510\]$_DFFE_PN0P_/D, endpoint slack:-3.2092418e-10
      200 |       0 |       4 |       10 |      2 |    12 |   -0.321 |     -127.1 |    772 | gen_regfile_ff.register_file_i.rf_reg_q\[510\]$_DFFE_PN0P_/D
      201 |       0 |       4 |       10 |      2 |    12 |   -0.321 |     -127.1 |    772 | gen_regfile_ff.register_file_i.rf_reg_q\[510\]$_DFFE_PN0P_/D
iter:201, pass:1, current fixing endpoint: gen_regfile_ff.register_file_i.rf_reg_q\[30\]$_DFFE_PN0P_/D, endpoint slack:-3.207672e-10
      202 |       0 |       5 |       10 |      2 |    12 |   -0.321 |     -127.8 |    772 | gen_regfile_ff.register_file_i.rf_reg_q\[510\]$_DFFE_PN0P_/D
iter:202, pass:2, current fixing endpoint: gen_regfile_ff.register_file_i.rf_reg_q\[30\]$_DFFE_PN0P_/D, endpoint slack:-3.2091396e-10
      202 |       0 |       4 |       10 |      2 |    12 |   -0.321 |     -127.1 |    772 | gen_regfile_ff.register_file_i.rf_reg_q\[510\]$_DFFE_PN0P_/D
      203 |       0 |       4 |       10 |      2 |    12 |   -0.321 |     -127.1 |    772 | gen_regfile_ff.register_file_i.rf_reg_q\[510\]$_DFFE_PN0P_/D
iter:203, pass:1, current fixing endpoint: gen_regfile_ff.register_file_i.rf_reg_q\[926\]$_DFFE_PN0P_/D, endpoint slack:-3.2011416e-10
      204 |       0 |       5 |       10 |      2 |    12 |   -0.321 |     -127.8 |    772 | gen_regfile_ff.register_file_i.rf_reg_q\[510\]$_DFFE_PN0P_/D
iter:204, pass:2, current fixing endpoint: gen_regfile_ff.register_file_i.rf_reg_q\[926\]$_DFFE_PN0P_/D, endpoint slack:-3.2026093e-10
      204 |       0 |       4 |       10 |      2 |    12 |   -0.321 |     -127.1 |    772 | gen_regfile_ff.register_file_i.rf_reg_q\[510\]$_DFFE_PN0P_/D
      205 |       0 |       4 |       10 |      2 |    12 |   -0.321 |     -127.1 |    772 | gen_regfile_ff.register_file_i.rf_reg_q\[510\]$_DFFE_PN0P_/D
iter:205, pass:1, current fixing endpoint: gen_regfile_ff.register_file_i.rf_reg_q\[574\]$_DFFE_PN0P_/D, endpoint slack:-3.1980463e-10
      206 |       0 |       5 |       10 |      2 |    12 |   -0.321 |     -127.8 |    772 | gen_regfile_ff.register_file_i.rf_reg_q\[510\]$_DFFE_PN0P_/D
iter:206, pass:2, current fixing endpoint: gen_regfile_ff.register_file_i.rf_reg_q\[574\]$_DFFE_PN0P_/D, endpoint slack:-3.199514e-10
      206 |       0 |       4 |       10 |      2 |    12 |   -0.321 |     -127.1 |    772 | gen_regfile_ff.register_file_i.rf_reg_q\[510\]$_DFFE_PN0P_/D
      207 |       0 |       4 |       10 |      2 |    12 |   -0.321 |     -127.1 |    772 | gen_regfile_ff.register_file_i.rf_reg_q\[510\]$_DFFE_PN0P_/D
iter:207, pass:1, current fixing endpoint: gen_regfile_ff.register_file_i.rf_reg_q\[542\]$_DFFE_PN0P_/D, endpoint slack:-3.190146e-10
      208 |       0 |       5 |       10 |      2 |    12 |   -0.321 |     -127.8 |    772 | gen_regfile_ff.register_file_i.rf_reg_q\[510\]$_DFFE_PN0P_/D
iter:208, pass:2, current fixing endpoint: gen_regfile_ff.register_file_i.rf_reg_q\[542\]$_DFFE_PN0P_/D, endpoint slack:-3.1916136e-10
      208 |       0 |       4 |       10 |      2 |    12 |   -0.321 |     -127.1 |    772 | gen_regfile_ff.register_file_i.rf_reg_q\[510\]$_DFFE_PN0P_/D
      209 |       0 |       4 |       10 |      2 |    12 |   -0.321 |     -127.1 |    772 | gen_regfile_ff.register_file_i.rf_reg_q\[510\]$_DFFE_PN0P_/D
iter:209, pass:1, current fixing endpoint: gen_regfile_ff.register_file_i.rf_reg_q\[126\]$_DFFE_PN0P_/D, endpoint slack:-3.18918e-10
      210 |       0 |       5 |       10 |      2 |    12 |   -0.321 |     -127.8 |    772 | gen_regfile_ff.register_file_i.rf_reg_q\[510\]$_DFFE_PN0P_/D
iter:210, pass:2, current fixing endpoint: gen_regfile_ff.register_file_i.rf_reg_q\[126\]$_DFFE_PN0P_/D, endpoint slack:-3.1906477e-10
      210 |       0 |       4 |       10 |      2 |    12 |   -0.321 |     -127.1 |    772 | gen_regfile_ff.register_file_i.rf_reg_q\[510\]$_DFFE_PN0P_/D
      211 |       0 |       4 |       10 |      2 |    12 |   -0.321 |     -127.1 |    772 | gen_regfile_ff.register_file_i.rf_reg_q\[510\]$_DFFE_PN0P_/D
iter:211, pass:1, current fixing endpoint: gen_regfile_ff.register_file_i.rf_reg_q\[94\]$_DFFE_PN0P_/D, endpoint slack:-3.1855651e-10
      212 |       0 |       5 |       10 |      2 |    12 |   -0.321 |     -127.8 |    772 | gen_regfile_ff.register_file_i.rf_reg_q\[510\]$_DFFE_PN0P_/D
iter:212, pass:2, current fixing endpoint: gen_regfile_ff.register_file_i.rf_reg_q\[94\]$_DFFE_PN0P_/D, endpoint slack:-3.1870329e-10
      212 |       0 |       4 |       10 |      2 |    12 |   -0.321 |     -127.1 |    772 | gen_regfile_ff.register_file_i.rf_reg_q\[510\]$_DFFE_PN0P_/D
      213 |       0 |       4 |       10 |      2 |    12 |   -0.321 |     -127.1 |    772 | gen_regfile_ff.register_file_i.rf_reg_q\[510\]$_DFFE_PN0P_/D
iter:213, pass:1, current fixing endpoint: gen_regfile_ff.register_file_i.rf_reg_q\[190\]$_DFFE_PN0P_/D, endpoint slack:-3.179963e-10
      214 |       0 |       5 |       10 |      2 |    12 |   -0.321 |     -127.8 |    772 | gen_regfile_ff.register_file_i.rf_reg_q\[510\]$_DFFE_PN0P_/D
iter:214, pass:2, current fixing endpoint: gen_regfile_ff.register_file_i.rf_reg_q\[190\]$_DFFE_PN0P_/D, endpoint slack:-3.1814307e-10
      214 |       0 |       4 |       10 |      2 |    12 |   -0.321 |     -127.1 |    772 | gen_regfile_ff.register_file_i.rf_reg_q\[510\]$_DFFE_PN0P_/D
      215 |       0 |       4 |       10 |      2 |    12 |   -0.321 |     -127.1 |    772 | gen_regfile_ff.register_file_i.rf_reg_q\[510\]$_DFFE_PN0P_/D
iter:215, pass:1, current fixing endpoint: instr_addr_o[31], endpoint slack:-3.1796055e-10
      216 |       0 |       4 |       12 |      2 |    12 |   -0.330 |     -127.5 |    772 | instr_addr_o[31]
iter:216, pass:2, current fixing endpoint: instr_addr_o[31], endpoint slack:-3.3026892e-10
      217 |       0 |       5 |       12 |      2 |    12 |   -0.328 |     -127.4 |    772 | instr_addr_o[31]
iter:217, pass:3, current fixing endpoint: instr_addr_o[31], endpoint slack:-3.2770164e-10
      218 |       0 |       6 |       12 |      2 |    12 |   -0.324 |     -127.3 |    772 | instr_addr_o[31]
iter:218, pass:4, current fixing endpoint: instr_addr_o[31], endpoint slack:-3.235867e-10
      219 |       0 |       6 |       15 |      2 |    12 |   -0.323 |     -127.2 |    772 | instr_addr_o[31]
iter:219, pass:5, current fixing endpoint: instr_addr_o[31], endpoint slack:-3.2255199e-10
      220 |       0 |       7 |       15 |      2 |    12 |   -0.321 |     -127.2 |    772 | gen_regfile_ff.register_file_i.rf_reg_q\[510\]$_DFFE_PN0P_/D
iter:220, pass:6, current fixing endpoint: instr_addr_o[31], endpoint slack:-3.1920622e-10
      221 |       0 |       8 |       15 |      2 |    12 |   -0.321 |     -127.2 |    772 | instr_addr_o[31]
iter:221, pass:7, current fixing endpoint: instr_addr_o[31], endpoint slack:-3.2145286e-10
      222 |       0 |       9 |       15 |      2 |    12 |   -0.321 |     -127.1 |    772 | gen_regfile_ff.register_file_i.rf_reg_q\[510\]$_DFFE_PN0P_/D
iter:222, pass:8, current fixing endpoint: instr_addr_o[31], endpoint slack:-3.15721e-10
      223 |       0 |       9 |       15 |      2 |    13 |   -0.321 |     -127.2 |    772 | gen_regfile_ff.register_file_i.rf_reg_q\[510\]$_DFFE_PN0P_/D
iter:223, pass:9, current fixing endpoint: instr_addr_o[31], endpoint slack:-3.190821e-10
      224 |       0 |       9 |       15 |      2 |    14 |   -0.321 |     -127.1 |    772 | gen_regfile_ff.register_file_i.rf_reg_q\[510\]$_DFFE_PN0P_/D
iter:224, pass:10, current fixing endpoint: instr_addr_o[31], endpoint slack:-3.1802272e-10
      225 |       0 |      10 |       15 |      2 |    14 |   -0.321 |     -127.1 |    772 | gen_regfile_ff.register_file_i.rf_reg_q\[510\]$_DFFE_PN0P_/D
iter:225, pass:11, current fixing endpoint: instr_addr_o[31], endpoint slack:-3.166618e-10
      226 |       0 |      10 |       15 |      2 |    15 |   -0.321 |     -127.1 |    772 | gen_regfile_ff.register_file_i.rf_reg_q\[510\]$_DFFE_PN0P_/D
iter:226, pass:12, current fixing endpoint: instr_addr_o[31], endpoint slack:-3.1655834e-10
      227 |       0 |      11 |       15 |      2 |    15 |   -0.321 |     -127.1 |    772 | gen_regfile_ff.register_file_i.rf_reg_q\[510\]$_DFFE_PN0P_/D
iter:227, pass:13, current fixing endpoint: instr_addr_o[31], endpoint slack:-3.171532e-10
      228 |       0 |      12 |       15 |      2 |    15 |   -0.321 |     -127.1 |    772 | gen_regfile_ff.register_file_i.rf_reg_q\[510\]$_DFFE_PN0P_/D
iter:228, pass:14, current fixing endpoint: instr_addr_o[31], endpoint slack:-3.1411473e-10
      229 |       0 |      13 |       15 |      2 |    15 |   -0.321 |     -127.1 |    772 | gen_regfile_ff.register_file_i.rf_reg_q\[510\]$_DFFE_PN0P_/D
iter:229, pass:15, current fixing endpoint: instr_addr_o[31], endpoint slack:-3.1323344e-10
      230 |       0 |      14 |       15 |      2 |    15 |   -0.321 |     -127.1 |    772 | gen_regfile_ff.register_file_i.rf_reg_q\[510\]$_DFFE_PN0P_/D
iter:230, pass:16, current fixing endpoint: instr_addr_o[31], endpoint slack:-3.147098e-10
      231 |       0 |      14 |       15 |      2 |    16 |   -0.333 |     -127.6 |    772 | instr_addr_o[31]
iter:231, pass:17, current fixing endpoint: instr_addr_o[31], endpoint slack:-3.3260128e-10
      232 |       0 |      14 |       15 |      2 |    17 |   -0.327 |     -127.4 |    772 | instr_addr_o[31]
iter:232, pass:18, current fixing endpoint: instr_addr_o[31], endpoint slack:-3.2713587e-10
      233 |       0 |      14 |       15 |      3 |    17 |   -0.331 |     -127.5 |    772 | instr_addr_o[31]
iter:233, pass:19, current fixing endpoint: instr_addr_o[31], endpoint slack:-3.310059e-10
      234 |       0 |      14 |       17 |      3 |    17 |   -0.325 |     -127.3 |    772 | instr_addr_o[31]
iter:234, pass:20, current fixing endpoint: instr_addr_o[31], endpoint slack:-3.247449e-10
      235 |       0 |      14 |       17 |      3 |    18 |   -0.325 |     -127.3 |    772 | instr_addr_o[31]
iter:235, pass:21, current fixing endpoint: instr_addr_o[31], endpoint slack:-3.2466985e-10
      236 |       0 |      14 |       17 |      3 |    19 |   -0.331 |     -127.5 |    772 | instr_addr_o[31]
iter:236, pass:22, current fixing endpoint: instr_addr_o[31], endpoint slack:-3.3065106e-10
      237 |       0 |      14 |       17 |      3 |    20 |   -0.326 |     -127.4 |    772 | instr_addr_o[31]
iter:237, pass:23, current fixing endpoint: instr_addr_o[31], endpoint slack:-3.264542e-10
      238 |       0 |      14 |       19 |      3 |    20 |   -0.336 |     -127.7 |    772 | instr_addr_o[31]
iter:238, pass:24, current fixing endpoint: instr_addr_o[31], endpoint slack:-3.3580627e-10
      239 |       0 |      15 |       19 |      3 |    20 |   -0.323 |     -127.3 |    772 | instr_addr_o[31]
iter:239, pass:25, current fixing endpoint: instr_addr_o[31], endpoint slack:-3.228493e-10
      240 |       0 |      15 |       19 |      3 |    21 |   -0.327 |     -127.4 |    772 | instr_addr_o[31]
iter:240, pass:26, current fixing endpoint: instr_addr_o[31], endpoint slack:-3.26573e-10
      241 |       0 |      15 |       19 |      3 |    22 |   -0.325 |     -127.4 |    772 | instr_addr_o[31]
iter:241, pass:27, current fixing endpoint: instr_addr_o[31], endpoint slack:-3.2506375e-10
      242 |       0 |      15 |       19 |      3 |    23 |   -0.328 |     -127.4 |    772 | instr_addr_o[31]
iter:242, pass:28, current fixing endpoint: instr_addr_o[31], endpoint slack:-3.2813907e-10
      242 |       0 |      13 |       17 |      2 |    15 |   -0.321 |     -127.1 |    772 | gen_regfile_ff.register_file_i.rf_reg_q\[510\]$_DFFE_PN0P_/D
      243 |       0 |      13 |       17 |      2 |    15 |   -0.321 |     -127.1 |    772 | gen_regfile_ff.register_file_i.rf_reg_q\[510\]$_DFFE_PN0P_/D
iter:243, pass:1, current fixing endpoint: gen_regfile_ff.register_file_i.rf_reg_q\[958\]$_DFFE_PN0P_/D, endpoint slack:-3.1768588e-10
      244 |       0 |      14 |       17 |      2 |    15 |   -0.321 |     -127.7 |    772 | gen_regfile_ff.register_file_i.rf_reg_q\[510\]$_DFFE_PN0P_/D
iter:244, pass:2, current fixing endpoint: gen_regfile_ff.register_file_i.rf_reg_q\[958\]$_DFFE_PN0P_/D, endpoint slack:-3.1783265e-10
      244 |       0 |      13 |       17 |      2 |    15 |   -0.321 |     -127.1 |    772 | gen_regfile_ff.register_file_i.rf_reg_q\[510\]$_DFFE_PN0P_/D
      245 |       0 |      13 |       17 |      2 |    15 |   -0.321 |     -127.1 |    772 | gen_regfile_ff.register_file_i.rf_reg_q\[510\]$_DFFE_PN0P_/D
iter:245, pass:1, current fixing endpoint: gen_regfile_ff.register_file_i.rf_reg_q\[62\]$_DFFE_PN0P_/D, endpoint slack:-3.1751757e-10
      246 |       0 |      14 |       17 |      2 |    15 |   -0.321 |     -127.7 |    772 | gen_regfile_ff.register_file_i.rf_reg_q\[510\]$_DFFE_PN0P_/D
iter:246, pass:2, current fixing endpoint: gen_regfile_ff.register_file_i.rf_reg_q\[62\]$_DFFE_PN0P_/D, endpoint slack:-3.1766434e-10
      246 |       0 |      13 |       17 |      2 |    15 |   -0.321 |     -127.1 |    772 | gen_regfile_ff.register_file_i.rf_reg_q\[510\]$_DFFE_PN0P_/D
      247 |       0 |      13 |       17 |      2 |    15 |   -0.321 |     -127.1 |    772 | gen_regfile_ff.register_file_i.rf_reg_q\[510\]$_DFFE_PN0P_/D
iter:247, pass:1, current fixing endpoint: gen_regfile_ff.register_file_i.rf_reg_q\[702\]$_DFFE_PN0P_/D, endpoint slack:-3.1717584e-10
      248 |       0 |      14 |       17 |      2 |    15 |   -0.321 |     -127.7 |    772 | gen_regfile_ff.register_file_i.rf_reg_q\[510\]$_DFFE_PN0P_/D
iter:248, pass:2, current fixing endpoint: gen_regfile_ff.register_file_i.rf_reg_q\[702\]$_DFFE_PN0P_/D, endpoint slack:-3.173226e-10
      248 |       0 |      13 |       17 |      2 |    15 |   -0.321 |     -127.1 |    772 | gen_regfile_ff.register_file_i.rf_reg_q\[510\]$_DFFE_PN0P_/D
      249 |       0 |      13 |       17 |      2 |    15 |   -0.321 |     -127.1 |    772 | gen_regfile_ff.register_file_i.rf_reg_q\[510\]$_DFFE_PN0P_/D
iter:249, pass:1, current fixing endpoint: gen_regfile_ff.register_file_i.rf_reg_q\[734\]$_DFFE_PN0P_/D, endpoint slack:-3.1705727e-10
      250 |       0 |      14 |       17 |      2 |    15 |   -0.321 |     -127.7 |    772 | gen_regfile_ff.register_file_i.rf_reg_q\[510\]$_DFFE_PN0P_/D
iter:250, pass:2, current fixing endpoint: gen_regfile_ff.register_file_i.rf_reg_q\[734\]$_DFFE_PN0P_/D, endpoint slack:-3.1720404e-10
      250 |       0 |      13 |       17 |      2 |    15 |   -0.321 |     -127.1 |    772 | gen_regfile_ff.register_file_i.rf_reg_q\[510\]$_DFFE_PN0P_/D
      251 |       0 |      13 |       17 |      2 |    15 |   -0.321 |     -127.1 |    772 | gen_regfile_ff.register_file_i.rf_reg_q\[510\]$_DFFE_PN0P_/D
iter:251, pass:1, current fixing endpoint: gen_regfile_ff.register_file_i.rf_reg_q\[670\]$_DFFE_PN0P_/D, endpoint slack:-3.1689584e-10
      252 |       0 |      14 |       17 |      2 |    15 |   -0.321 |     -127.7 |    772 | gen_regfile_ff.register_file_i.rf_reg_q\[510\]$_DFFE_PN0P_/D
iter:252, pass:2, current fixing endpoint: gen_regfile_ff.register_file_i.rf_reg_q\[670\]$_DFFE_PN0P_/D, endpoint slack:-3.1704261e-10
      252 |       0 |      13 |       17 |      2 |    15 |   -0.321 |     -127.1 |    772 | gen_regfile_ff.register_file_i.rf_reg_q\[510\]$_DFFE_PN0P_/D
      253 |       0 |      13 |       17 |      2 |    15 |   -0.321 |     -127.1 |    772 | gen_regfile_ff.register_file_i.rf_reg_q\[510\]$_DFFE_PN0P_/D
iter:253, pass:1, current fixing endpoint: gen_regfile_ff.register_file_i.rf_reg_q\[254\]$_DFFE_PN0P_/D, endpoint slack:-3.168259e-10
      254 |       0 |      14 |       17 |      2 |    15 |   -0.321 |     -127.7 |    772 | gen_regfile_ff.register_file_i.rf_reg_q\[510\]$_DFFE_PN0P_/D
iter:254, pass:2, current fixing endpoint: gen_regfile_ff.register_file_i.rf_reg_q\[254\]$_DFFE_PN0P_/D, endpoint slack:-3.1697267e-10
      254 |       0 |      13 |       17 |      2 |    15 |   -0.321 |     -127.1 |    772 | gen_regfile_ff.register_file_i.rf_reg_q\[510\]$_DFFE_PN0P_/D
      255 |       0 |      13 |       17 |      2 |    15 |   -0.321 |     -127.1 |    772 | gen_regfile_ff.register_file_i.rf_reg_q\[510\]$_DFFE_PN0P_/D
iter:255, pass:1, current fixing endpoint: gen_regfile_ff.register_file_i.rf_reg_q\[350\]$_DFFE_PN0P_/D, endpoint slack:-3.1681835e-10
      256 |       0 |      14 |       17 |      2 |    15 |   -0.321 |     -127.7 |    772 | gen_regfile_ff.register_file_i.rf_reg_q\[510\]$_DFFE_PN0P_/D
iter:256, pass:2, current fixing endpoint: gen_regfile_ff.register_file_i.rf_reg_q\[350\]$_DFFE_PN0P_/D, endpoint slack:-3.1696512e-10
      256 |       0 |      13 |       17 |      2 |    15 |   -0.321 |     -127.1 |    772 | gen_regfile_ff.register_file_i.rf_reg_q\[510\]$_DFFE_PN0P_/D
      257 |       0 |      13 |       17 |      2 |    15 |   -0.321 |     -127.1 |    772 | gen_regfile_ff.register_file_i.rf_reg_q\[510\]$_DFFE_PN0P_/D
iter:257, pass:1, current fixing endpoint: gen_regfile_ff.register_file_i.rf_reg_q\[286\]$_DFFE_PN0P_/D, endpoint slack:-3.1673708e-10
      258 |       0 |      14 |       17 |      2 |    15 |   -0.321 |     -127.7 |    772 | gen_regfile_ff.register_file_i.rf_reg_q\[510\]$_DFFE_PN0P_/D
iter:258, pass:2, current fixing endpoint: gen_regfile_ff.register_file_i.rf_reg_q\[286\]$_DFFE_PN0P_/D, endpoint slack:-3.1688385e-10
      258 |       0 |      13 |       17 |      2 |    15 |   -0.321 |     -127.1 |    772 | gen_regfile_ff.register_file_i.rf_reg_q\[510\]$_DFFE_PN0P_/D
      259 |       0 |      13 |       17 |      2 |    15 |   -0.321 |     -127.1 |    772 | gen_regfile_ff.register_file_i.rf_reg_q\[510\]$_DFFE_PN0P_/D
iter:259, pass:1, current fixing endpoint: gen_regfile_ff.register_file_i.rf_reg_q\[638\]$_DFFE_PN0P_/D, endpoint slack:-3.166456e-10
      260 |       0 |      14 |       17 |      2 |    15 |   -0.321 |     -127.7 |    772 | gen_regfile_ff.register_file_i.rf_reg_q\[510\]$_DFFE_PN0P_/D
iter:260, pass:2, current fixing endpoint: gen_regfile_ff.register_file_i.rf_reg_q\[638\]$_DFFE_PN0P_/D, endpoint slack:-3.1679237e-10
      260 |       0 |      13 |       17 |      2 |    15 |   -0.321 |     -127.1 |    772 | gen_regfile_ff.register_file_i.rf_reg_q\[510\]$_DFFE_PN0P_/D
      261 |       0 |      13 |       17 |      2 |    15 |   -0.321 |     -127.1 |    772 | gen_regfile_ff.register_file_i.rf_reg_q\[510\]$_DFFE_PN0P_/D
iter:261, pass:1, current fixing endpoint: gen_regfile_ff.register_file_i.rf_reg_q\[382\]$_DFFE_PN0P_/D, endpoint slack:-3.1551095e-10
      262 |       0 |      14 |       17 |      2 |    15 |   -0.321 |     -127.7 |    772 | gen_regfile_ff.register_file_i.rf_reg_q\[510\]$_DFFE_PN0P_/D
iter:262, pass:2, current fixing endpoint: gen_regfile_ff.register_file_i.rf_reg_q\[382\]$_DFFE_PN0P_/D, endpoint slack:-3.1565772e-10
      262 |       0 |      13 |       17 |      2 |    15 |   -0.321 |     -127.1 |    772 | gen_regfile_ff.register_file_i.rf_reg_q\[510\]$_DFFE_PN0P_/D
      263 |       0 |      13 |       17 |      2 |    15 |   -0.321 |     -127.1 |    772 | gen_regfile_ff.register_file_i.rf_reg_q\[510\]$_DFFE_PN0P_/D
iter:263, pass:1, current fixing endpoint: gen_regfile_ff.register_file_i.rf_reg_q\[222\]$_DFFE_PN0P_/D, endpoint slack:-3.1549252e-10
      264 |       0 |      14 |       17 |      2 |    15 |   -0.321 |     -127.7 |    772 | gen_regfile_ff.register_file_i.rf_reg_q\[510\]$_DFFE_PN0P_/D
iter:264, pass:2, current fixing endpoint: gen_regfile_ff.register_file_i.rf_reg_q\[222\]$_DFFE_PN0P_/D, endpoint slack:-3.156393e-10
      264 |       0 |      13 |       17 |      2 |    15 |   -0.321 |     -127.1 |    772 | gen_regfile_ff.register_file_i.rf_reg_q\[510\]$_DFFE_PN0P_/D
      265 |       0 |      13 |       17 |      2 |    15 |   -0.321 |     -127.1 |    772 | gen_regfile_ff.register_file_i.rf_reg_q\[510\]$_DFFE_PN0P_/D
iter:265, pass:1, current fixing endpoint: gen_regfile_ff.register_file_i.rf_reg_q\[478\]$_DFFE_PN0P_/D, endpoint slack:-3.1543235e-10
      266 |       0 |      14 |       17 |      2 |    15 |   -0.321 |     -127.7 |    772 | gen_regfile_ff.register_file_i.rf_reg_q\[510\]$_DFFE_PN0P_/D
iter:266, pass:2, current fixing endpoint: gen_regfile_ff.register_file_i.rf_reg_q\[478\]$_DFFE_PN0P_/D, endpoint slack:-3.1557912e-10
      266 |       0 |      13 |       17 |      2 |    15 |   -0.321 |     -127.1 |    772 | gen_regfile_ff.register_file_i.rf_reg_q\[510\]$_DFFE_PN0P_/D
      267 |       0 |      13 |       17 |      2 |    15 |   -0.321 |     -127.1 |    772 | gen_regfile_ff.register_file_i.rf_reg_q\[510\]$_DFFE_PN0P_/D
iter:267, pass:1, current fixing endpoint: gen_regfile_ff.register_file_i.rf_reg_q\[158\]$_DFFE_PN0P_/D, endpoint slack:-3.1498337e-10
      268 |       0 |      14 |       17 |      2 |    15 |   -0.321 |     -127.7 |    772 | gen_regfile_ff.register_file_i.rf_reg_q\[510\]$_DFFE_PN0P_/D
iter:268, pass:2, current fixing endpoint: gen_regfile_ff.register_file_i.rf_reg_q\[158\]$_DFFE_PN0P_/D, endpoint slack:-3.1513014e-10
      268 |       0 |      13 |       17 |      2 |    15 |   -0.321 |     -127.1 |    772 | gen_regfile_ff.register_file_i.rf_reg_q\[510\]$_DFFE_PN0P_/D
      269 |       0 |      13 |       17 |      2 |    15 |   -0.321 |     -127.1 |    772 | gen_regfile_ff.register_file_i.rf_reg_q\[510\]$_DFFE_PN0P_/D
iter:269, pass:1, current fixing endpoint: gen_regfile_ff.register_file_i.rf_reg_q\[990\]$_DFFE_PN0P_/D, endpoint slack:-3.1463432e-10
      270 |       0 |      14 |       17 |      2 |    15 |   -0.321 |     -127.7 |    772 | gen_regfile_ff.register_file_i.rf_reg_q\[510\]$_DFFE_PN0P_/D
iter:270, pass:2, current fixing endpoint: gen_regfile_ff.register_file_i.rf_reg_q\[990\]$_DFFE_PN0P_/D, endpoint slack:-3.147813e-10
      270 |       0 |      13 |       17 |      2 |    15 |   -0.321 |     -127.1 |    772 | gen_regfile_ff.register_file_i.rf_reg_q\[510\]$_DFFE_PN0P_/D
      271 |       0 |      13 |       17 |      2 |    15 |   -0.321 |     -127.1 |    772 | gen_regfile_ff.register_file_i.rf_reg_q\[510\]$_DFFE_PN0P_/D
iter:271, pass:1, current fixing endpoint: gen_regfile_ff.register_file_i.rf_reg_q\[606\]$_DFFE_PN0P_/D, endpoint slack:-3.1440406e-10
      272 |       0 |      14 |       17 |      2 |    15 |   -0.321 |     -127.7 |    772 | gen_regfile_ff.register_file_i.rf_reg_q\[510\]$_DFFE_PN0P_/D
iter:272, pass:2, current fixing endpoint: gen_regfile_ff.register_file_i.rf_reg_q\[606\]$_DFFE_PN0P_/D, endpoint slack:-3.1455083e-10
      272 |       0 |      13 |       17 |      2 |    15 |   -0.321 |     -127.1 |    772 | gen_regfile_ff.register_file_i.rf_reg_q\[510\]$_DFFE_PN0P_/D
      273 |       0 |      13 |       17 |      2 |    15 |   -0.321 |     -127.1 |    772 | gen_regfile_ff.register_file_i.rf_reg_q\[510\]$_DFFE_PN0P_/D
iter:273, pass:1, current fixing endpoint: gen_regfile_ff.register_file_i.rf_reg_q\[766\]$_DFFE_PN0P_/D, endpoint slack:-3.1429526e-10
      274 |       0 |      14 |       17 |      2 |    15 |   -0.321 |     -127.7 |    772 | gen_regfile_ff.register_file_i.rf_reg_q\[510\]$_DFFE_PN0P_/D
iter:274, pass:2, current fixing endpoint: gen_regfile_ff.register_file_i.rf_reg_q\[766\]$_DFFE_PN0P_/D, endpoint slack:-3.1444203e-10
      274 |       0 |      13 |       17 |      2 |    15 |   -0.321 |     -127.1 |    772 | gen_regfile_ff.register_file_i.rf_reg_q\[510\]$_DFFE_PN0P_/D
      275 |       0 |      13 |       17 |      2 |    15 |   -0.321 |     -127.1 |    772 | gen_regfile_ff.register_file_i.rf_reg_q\[510\]$_DFFE_PN0P_/D
iter:275, pass:1, current fixing endpoint: gen_regfile_ff.register_file_i.rf_reg_q\[862\]$_DFFE_PN0P_/D, endpoint slack:-3.1412517e-10
      276 |       0 |      14 |       17 |      2 |    15 |   -0.321 |     -127.7 |    772 | gen_regfile_ff.register_file_i.rf_reg_q\[510\]$_DFFE_PN0P_/D
iter:276, pass:2, current fixing endpoint: gen_regfile_ff.register_file_i.rf_reg_q\[862\]$_DFFE_PN0P_/D, endpoint slack:-3.1427194e-10
      276 |       0 |      13 |       17 |      2 |    15 |   -0.321 |     -127.1 |    772 | gen_regfile_ff.register_file_i.rf_reg_q\[510\]$_DFFE_PN0P_/D
      277 |       0 |      13 |       17 |      2 |    15 |   -0.321 |     -127.1 |    772 | gen_regfile_ff.register_file_i.rf_reg_q\[510\]$_DFFE_PN0P_/D
iter:277, pass:1, current fixing endpoint: gen_regfile_ff.register_file_i.rf_reg_q\[446\]$_DFFE_PN0P_/D, endpoint slack:-3.1394332e-10
      278 |       0 |      14 |       17 |      2 |    15 |   -0.321 |     -127.7 |    772 | gen_regfile_ff.register_file_i.rf_reg_q\[510\]$_DFFE_PN0P_/D
iter:278, pass:2, current fixing endpoint: gen_regfile_ff.register_file_i.rf_reg_q\[446\]$_DFFE_PN0P_/D, endpoint slack:-3.140901e-10
      278 |       0 |      13 |       17 |      2 |    15 |   -0.321 |     -127.1 |    772 | gen_regfile_ff.register_file_i.rf_reg_q\[510\]$_DFFE_PN0P_/D
      279 |       0 |      13 |       17 |      2 |    15 |   -0.321 |     -127.1 |    772 | gen_regfile_ff.register_file_i.rf_reg_q\[510\]$_DFFE_PN0P_/D
iter:279, pass:1, current fixing endpoint: gen_regfile_ff.register_file_i.rf_reg_q\[798\]$_DFFE_PN0P_/D, endpoint slack:-3.138152e-10
      280 |       0 |      14 |       17 |      2 |    15 |   -0.321 |     -127.7 |    772 | gen_regfile_ff.register_file_i.rf_reg_q\[510\]$_DFFE_PN0P_/D
iter:280, pass:2, current fixing endpoint: gen_regfile_ff.register_file_i.rf_reg_q\[798\]$_DFFE_PN0P_/D, endpoint slack:-3.1396197e-10
      280 |       0 |      13 |       17 |      2 |    15 |   -0.321 |     -127.1 |    772 | gen_regfile_ff.register_file_i.rf_reg_q\[510\]$_DFFE_PN0P_/D
      281 |       0 |      13 |       17 |      2 |    15 |   -0.321 |     -127.1 |    772 | gen_regfile_ff.register_file_i.rf_reg_q\[510\]$_DFFE_PN0P_/D
iter:281, pass:1, current fixing endpoint: gen_regfile_ff.register_file_i.rf_reg_q\[830\]$_DFFE_PN0P_/D, endpoint slack:-3.1377434e-10
      282 |       0 |      14 |       17 |      2 |    15 |   -0.321 |     -127.7 |    772 | gen_regfile_ff.register_file_i.rf_reg_q\[510\]$_DFFE_PN0P_/D
iter:282, pass:2, current fixing endpoint: gen_regfile_ff.register_file_i.rf_reg_q\[830\]$_DFFE_PN0P_/D, endpoint slack:-3.139211e-10
      282 |       0 |      13 |       17 |      2 |    15 |   -0.321 |     -127.1 |    772 | gen_regfile_ff.register_file_i.rf_reg_q\[510\]$_DFFE_PN0P_/D
      283 |       0 |      13 |       17 |      2 |    15 |   -0.321 |     -127.1 |    772 | gen_regfile_ff.register_file_i.rf_reg_q\[510\]$_DFFE_PN0P_/D
iter:283, pass:1, current fixing endpoint: gen_regfile_ff.register_file_i.rf_reg_q\[318\]$_DFFE_PN0P_/D, endpoint slack:-3.1375103e-10
      284 |       0 |      14 |       17 |      2 |    15 |   -0.321 |     -127.7 |    772 | gen_regfile_ff.register_file_i.rf_reg_q\[510\]$_DFFE_PN0P_/D
iter:284, pass:2, current fixing endpoint: gen_regfile_ff.register_file_i.rf_reg_q\[318\]$_DFFE_PN0P_/D, endpoint slack:-3.138978e-10
      284 |       0 |      13 |       17 |      2 |    15 |   -0.321 |     -127.1 |    772 | gen_regfile_ff.register_file_i.rf_reg_q\[510\]$_DFFE_PN0P_/D
      285 |       0 |      13 |       17 |      2 |    15 |   -0.321 |     -127.1 |    772 | gen_regfile_ff.register_file_i.rf_reg_q\[510\]$_DFFE_PN0P_/D
iter:285, pass:1, current fixing endpoint: gen_regfile_ff.register_file_i.rf_reg_q\[414\]$_DFFE_PN0P_/D, endpoint slack:-3.1316416e-10
      286 |       0 |      14 |       17 |      2 |    15 |   -0.321 |     -127.7 |    772 | gen_regfile_ff.register_file_i.rf_reg_q\[510\]$_DFFE_PN0P_/D
iter:286, pass:2, current fixing endpoint: gen_regfile_ff.register_file_i.rf_reg_q\[414\]$_DFFE_PN0P_/D, endpoint slack:-3.1331093e-10
      286 |       0 |      13 |       17 |      2 |    15 |   -0.321 |     -127.1 |    772 | gen_regfile_ff.register_file_i.rf_reg_q\[510\]$_DFFE_PN0P_/D
      287 |       0 |      13 |       17 |      2 |    15 |   -0.321 |     -127.1 |    772 | gen_regfile_ff.register_file_i.rf_reg_q\[510\]$_DFFE_PN0P_/D
iter:287, pass:1, current fixing endpoint: gen_regfile_ff.register_file_i.rf_reg_q\[894\]$_DFFE_PN0P_/D, endpoint slack:-2.9047298e-10
      288 |       0 |      14 |       17 |      2 |    15 |   -0.321 |     -127.7 |    772 | gen_regfile_ff.register_file_i.rf_reg_q\[510\]$_DFFE_PN0P_/D
iter:288, pass:2, current fixing endpoint: gen_regfile_ff.register_file_i.rf_reg_q\[894\]$_DFFE_PN0P_/D, endpoint slack:-2.9061975e-10
      288 |       0 |      13 |       17 |      2 |    15 |   -0.321 |     -127.1 |    772 | gen_regfile_ff.register_file_i.rf_reg_q\[510\]$_DFFE_PN0P_/D
      289 |       0 |      13 |       17 |      2 |    15 |   -0.321 |     -127.1 |    772 | gen_regfile_ff.register_file_i.rf_reg_q\[510\]$_DFFE_PN0P_/D
iter:289, pass:1, current fixing endpoint: gen_regfile_ff.register_file_i.rf_reg_q\[27\]$_DFFE_PN0P_/D, endpoint slack:-2.6424285e-10
      290 |       0 |      14 |       17 |      2 |    15 |   -0.323 |     -127.5 |    772 | gen_regfile_ff.register_file_i.rf_reg_q\[510\]$_DFFE_PN0P_/D
iter:290, pass:2, current fixing endpoint: gen_regfile_ff.register_file_i.rf_reg_q\[27\]$_DFFE_PN0P_/D, endpoint slack:-2.633076e-10
      290 |       0 |      13 |       17 |      2 |    15 |   -0.321 |     -127.1 |    772 | gen_regfile_ff.register_file_i.rf_reg_q\[510\]$_DFFE_PN0P_/D
      291 |       0 |      13 |       17 |      2 |    15 |   -0.321 |     -127.1 |    772 | gen_regfile_ff.register_file_i.rf_reg_q\[510\]$_DFFE_PN0P_/D
iter:291, pass:1, current fixing endpoint: gen_regfile_ff.register_file_i.rf_reg_q\[155\]$_DFFE_PN0P_/D, endpoint slack:-2.6253066e-10
      292 |       0 |      14 |       17 |      2 |    15 |   -0.323 |     -127.5 |    772 | gen_regfile_ff.register_file_i.rf_reg_q\[510\]$_DFFE_PN0P_/D
iter:292, pass:2, current fixing endpoint: gen_regfile_ff.register_file_i.rf_reg_q\[155\]$_DFFE_PN0P_/D, endpoint slack:-2.615954e-10
      292 |       0 |      13 |       17 |      2 |    15 |   -0.321 |     -127.1 |    772 | gen_regfile_ff.register_file_i.rf_reg_q\[510\]$_DFFE_PN0P_/D
      293 |       0 |      13 |       17 |      2 |    15 |   -0.321 |     -127.1 |    772 | gen_regfile_ff.register_file_i.rf_reg_q\[510\]$_DFFE_PN0P_/D
iter:293, pass:1, current fixing endpoint: gen_regfile_ff.register_file_i.rf_reg_q\[123\]$_DFFE_PN0P_/D, endpoint slack:-2.6161429e-10
      294 |       0 |      14 |       17 |      2 |    15 |   -0.323 |     -127.5 |    772 | gen_regfile_ff.register_file_i.rf_reg_q\[510\]$_DFFE_PN0P_/D
iter:294, pass:2, current fixing endpoint: gen_regfile_ff.register_file_i.rf_reg_q\[123\]$_DFFE_PN0P_/D, endpoint slack:-2.6067903e-10
      294 |       0 |      13 |       17 |      2 |    15 |   -0.321 |     -127.1 |    772 | gen_regfile_ff.register_file_i.rf_reg_q\[510\]$_DFFE_PN0P_/D
      295 |       0 |      13 |       17 |      2 |    15 |   -0.321 |     -127.1 |    772 | gen_regfile_ff.register_file_i.rf_reg_q\[510\]$_DFFE_PN0P_/D
iter:295, pass:1, current fixing endpoint: gen_regfile_ff.register_file_i.rf_reg_q\[219\]$_DFFE_PN0P_/D, endpoint slack:-2.613414e-10
      296 |       0 |      14 |       17 |      2 |    15 |   -0.323 |     -127.5 |    772 | gen_regfile_ff.register_file_i.rf_reg_q\[510\]$_DFFE_PN0P_/D
iter:296, pass:2, current fixing endpoint: gen_regfile_ff.register_file_i.rf_reg_q\[219\]$_DFFE_PN0P_/D, endpoint slack:-2.6040614e-10
      296 |       0 |      13 |       17 |      2 |    15 |   -0.321 |     -127.1 |    772 | gen_regfile_ff.register_file_i.rf_reg_q\[510\]$_DFFE_PN0P_/D
      297 |       0 |      13 |       17 |      2 |    15 |   -0.321 |     -127.1 |    772 | gen_regfile_ff.register_file_i.rf_reg_q\[510\]$_DFFE_PN0P_/D
iter:297, pass:1, current fixing endpoint: gen_regfile_ff.register_file_i.rf_reg_q\[603\]$_DFFE_PN0P_/D, endpoint slack:-2.609688e-10
      298 |       0 |      14 |       17 |      2 |    15 |   -0.323 |     -127.5 |    772 | gen_regfile_ff.register_file_i.rf_reg_q\[510\]$_DFFE_PN0P_/D
iter:298, pass:2, current fixing endpoint: gen_regfile_ff.register_file_i.rf_reg_q\[603\]$_DFFE_PN0P_/D, endpoint slack:-2.6003355e-10
      298 |       0 |      13 |       17 |      2 |    15 |   -0.321 |     -127.1 |    772 | gen_regfile_ff.register_file_i.rf_reg_q\[510\]$_DFFE_PN0P_/D
      299 |       0 |      13 |       17 |      2 |    15 |   -0.321 |     -127.1 |    772 | gen_regfile_ff.register_file_i.rf_reg_q\[510\]$_DFFE_PN0P_/D
iter:299, pass:1, current fixing endpoint: gen_regfile_ff.register_file_i.rf_reg_q\[187\]$_DFFE_PN0P_/D, endpoint slack:-2.6078317e-10
      300 |       0 |      14 |       17 |      2 |    15 |   -0.323 |     -127.5 |    772 | gen_regfile_ff.register_file_i.rf_reg_q\[510\]$_DFFE_PN0P_/D
iter:300, pass:2, current fixing endpoint: gen_regfile_ff.register_file_i.rf_reg_q\[187\]$_DFFE_PN0P_/D, endpoint slack:-2.5984792e-10
      300 |       0 |      13 |       17 |      2 |    15 |   -0.321 |     -127.1 |    772 | gen_regfile_ff.register_file_i.rf_reg_q\[510\]$_DFFE_PN0P_/D
--------------------
update violating ends at fixEndpointNum 76
top element of violating ends is: gen_regfile_ff.register_file_i.rf_reg_q\[510\]$_DFFE_PN0P_/D
--------------------
      301 |       0 |      13 |       17 |      2 |    15 |   -0.321 |     -127.1 |    772 | gen_regfile_ff.register_file_i.rf_reg_q\[510\]$_DFFE_PN0P_/D
iter:301, pass:1, current fixing endpoint: gen_regfile_ff.register_file_i.rf_reg_q\[510\]$_DFFE_PN0P_/D, endpoint slack:-3.207774e-10
      302 |       0 |      14 |       17 |      2 |    15 |   -0.321 |     -127.7 |    772 | gen_regfile_ff.register_file_i.rf_reg_q\[510\]$_DFFE_PN0P_/D
iter:302, pass:2, current fixing endpoint: gen_regfile_ff.register_file_i.rf_reg_q\[510\]$_DFFE_PN0P_/D, endpoint slack:-3.2092418e-10
      302 |       0 |      13 |       17 |      2 |    15 |   -0.321 |     -127.1 |    772 | gen_regfile_ff.register_file_i.rf_reg_q\[510\]$_DFFE_PN0P_/D
      303 |       0 |      13 |       17 |      2 |    15 |   -0.321 |     -127.1 |    772 | gen_regfile_ff.register_file_i.rf_reg_q\[510\]$_DFFE_PN0P_/D
iter:303, pass:1, current fixing endpoint: gen_regfile_ff.register_file_i.rf_reg_q\[30\]$_DFFE_PN0P_/D, endpoint slack:-3.207672e-10
      304 |       0 |      14 |       17 |      2 |    15 |   -0.321 |     -127.7 |    772 | gen_regfile_ff.register_file_i.rf_reg_q\[510\]$_DFFE_PN0P_/D
iter:304, pass:2, current fixing endpoint: gen_regfile_ff.register_file_i.rf_reg_q\[30\]$_DFFE_PN0P_/D, endpoint slack:-3.2091396e-10
      304 |       0 |      13 |       17 |      2 |    15 |   -0.321 |     -127.1 |    772 | gen_regfile_ff.register_file_i.rf_reg_q\[510\]$_DFFE_PN0P_/D
      305 |       0 |      13 |       17 |      2 |    15 |   -0.321 |     -127.1 |    772 | gen_regfile_ff.register_file_i.rf_reg_q\[510\]$_DFFE_PN0P_/D
iter:305, pass:1, current fixing endpoint: gen_regfile_ff.register_file_i.rf_reg_q\[926\]$_DFFE_PN0P_/D, endpoint slack:-3.2011416e-10
      306 |       0 |      14 |       17 |      2 |    15 |   -0.321 |     -127.7 |    772 | gen_regfile_ff.register_file_i.rf_reg_q\[510\]$_DFFE_PN0P_/D
iter:306, pass:2, current fixing endpoint: gen_regfile_ff.register_file_i.rf_reg_q\[926\]$_DFFE_PN0P_/D, endpoint slack:-3.2026093e-10
      306 |       0 |      13 |       17 |      2 |    15 |   -0.321 |     -127.1 |    772 | gen_regfile_ff.register_file_i.rf_reg_q\[510\]$_DFFE_PN0P_/D
      307 |       0 |      13 |       17 |      2 |    15 |   -0.321 |     -127.1 |    772 | gen_regfile_ff.register_file_i.rf_reg_q\[510\]$_DFFE_PN0P_/D
iter:307, pass:1, current fixing endpoint: gen_regfile_ff.register_file_i.rf_reg_q\[574\]$_DFFE_PN0P_/D, endpoint slack:-3.1980463e-10
      308 |       0 |      14 |       17 |      2 |    15 |   -0.321 |     -127.7 |    772 | gen_regfile_ff.register_file_i.rf_reg_q\[510\]$_DFFE_PN0P_/D
iter:308, pass:2, current fixing endpoint: gen_regfile_ff.register_file_i.rf_reg_q\[574\]$_DFFE_PN0P_/D, endpoint slack:-3.199514e-10
      308 |       0 |      13 |       17 |      2 |    15 |   -0.321 |     -127.1 |    772 | gen_regfile_ff.register_file_i.rf_reg_q\[510\]$_DFFE_PN0P_/D
      309 |       0 |      13 |       17 |      2 |    15 |   -0.321 |     -127.1 |    772 | gen_regfile_ff.register_file_i.rf_reg_q\[510\]$_DFFE_PN0P_/D
iter:309, pass:1, current fixing endpoint: gen_regfile_ff.register_file_i.rf_reg_q\[542\]$_DFFE_PN0P_/D, endpoint slack:-3.190146e-10
      310 |       0 |      14 |       17 |      2 |    15 |   -0.321 |     -127.7 |    772 | gen_regfile_ff.register_file_i.rf_reg_q\[510\]$_DFFE_PN0P_/D
iter:310, pass:2, current fixing endpoint: gen_regfile_ff.register_file_i.rf_reg_q\[542\]$_DFFE_PN0P_/D, endpoint slack:-3.1916136e-10
      310 |       0 |      13 |       17 |      2 |    15 |   -0.321 |     -127.1 |    772 | gen_regfile_ff.register_file_i.rf_reg_q\[510\]$_DFFE_PN0P_/D
      311 |       0 |      13 |       17 |      2 |    15 |   -0.321 |     -127.1 |    772 | gen_regfile_ff.register_file_i.rf_reg_q\[510\]$_DFFE_PN0P_/D
iter:311, pass:1, current fixing endpoint: gen_regfile_ff.register_file_i.rf_reg_q\[126\]$_DFFE_PN0P_/D, endpoint slack:-3.18918e-10
      312 |       0 |      14 |       17 |      2 |    15 |   -0.321 |     -127.7 |    772 | gen_regfile_ff.register_file_i.rf_reg_q\[510\]$_DFFE_PN0P_/D
iter:312, pass:2, current fixing endpoint: gen_regfile_ff.register_file_i.rf_reg_q\[126\]$_DFFE_PN0P_/D, endpoint slack:-3.1906477e-10
      312 |       0 |      13 |       17 |      2 |    15 |   -0.321 |     -127.1 |    772 | gen_regfile_ff.register_file_i.rf_reg_q\[510\]$_DFFE_PN0P_/D
      313 |       0 |      13 |       17 |      2 |    15 |   -0.321 |     -127.1 |    772 | gen_regfile_ff.register_file_i.rf_reg_q\[510\]$_DFFE_PN0P_/D
iter:313, pass:1, current fixing endpoint: gen_regfile_ff.register_file_i.rf_reg_q\[94\]$_DFFE_PN0P_/D, endpoint slack:-3.1855651e-10
      314 |       0 |      14 |       17 |      2 |    15 |   -0.321 |     -127.7 |    772 | gen_regfile_ff.register_file_i.rf_reg_q\[510\]$_DFFE_PN0P_/D
iter:314, pass:2, current fixing endpoint: gen_regfile_ff.register_file_i.rf_reg_q\[94\]$_DFFE_PN0P_/D, endpoint slack:-3.1870329e-10
      314 |       0 |      13 |       17 |      2 |    15 |   -0.321 |     -127.1 |    772 | gen_regfile_ff.register_file_i.rf_reg_q\[510\]$_DFFE_PN0P_/D
      315 |       0 |      13 |       17 |      2 |    15 |   -0.321 |     -127.1 |    772 | gen_regfile_ff.register_file_i.rf_reg_q\[510\]$_DFFE_PN0P_/D
iter:315, pass:1, current fixing endpoint: gen_regfile_ff.register_file_i.rf_reg_q\[190\]$_DFFE_PN0P_/D, endpoint slack:-3.179963e-10
      316 |       0 |      14 |       17 |      2 |    15 |   -0.321 |     -127.7 |    772 | gen_regfile_ff.register_file_i.rf_reg_q\[510\]$_DFFE_PN0P_/D
iter:316, pass:2, current fixing endpoint: gen_regfile_ff.register_file_i.rf_reg_q\[190\]$_DFFE_PN0P_/D, endpoint slack:-3.1814307e-10
      316 |       0 |      13 |       17 |      2 |    15 |   -0.321 |     -127.1 |    772 | gen_regfile_ff.register_file_i.rf_reg_q\[510\]$_DFFE_PN0P_/D
      317 |       0 |      13 |       17 |      2 |    15 |   -0.321 |     -127.1 |    772 | gen_regfile_ff.register_file_i.rf_reg_q\[510\]$_DFFE_PN0P_/D
iter:317, pass:1, current fixing endpoint: gen_regfile_ff.register_file_i.rf_reg_q\[958\]$_DFFE_PN0P_/D, endpoint slack:-3.1768588e-10
      318 |       0 |      14 |       17 |      2 |    15 |   -0.321 |     -127.7 |    772 | gen_regfile_ff.register_file_i.rf_reg_q\[510\]$_DFFE_PN0P_/D
iter:318, pass:2, current fixing endpoint: gen_regfile_ff.register_file_i.rf_reg_q\[958\]$_DFFE_PN0P_/D, endpoint slack:-3.1783265e-10
      318 |       0 |      13 |       17 |      2 |    15 |   -0.321 |     -127.1 |    772 | gen_regfile_ff.register_file_i.rf_reg_q\[510\]$_DFFE_PN0P_/D
      319 |       0 |      13 |       17 |      2 |    15 |   -0.321 |     -127.1 |    772 | gen_regfile_ff.register_file_i.rf_reg_q\[510\]$_DFFE_PN0P_/D
iter:319, pass:1, current fixing endpoint: gen_regfile_ff.register_file_i.rf_reg_q\[62\]$_DFFE_PN0P_/D, endpoint slack:-3.1751757e-10
      320 |       0 |      14 |       17 |      2 |    15 |   -0.321 |     -127.7 |    772 | gen_regfile_ff.register_file_i.rf_reg_q\[510\]$_DFFE_PN0P_/D
iter:320, pass:2, current fixing endpoint: gen_regfile_ff.register_file_i.rf_reg_q\[62\]$_DFFE_PN0P_/D, endpoint slack:-3.1766434e-10
      320 |       0 |      13 |       17 |      2 |    15 |   -0.321 |     -127.1 |    772 | gen_regfile_ff.register_file_i.rf_reg_q\[510\]$_DFFE_PN0P_/D
      321 |       0 |      13 |       17 |      2 |    15 |   -0.321 |     -127.1 |    772 | gen_regfile_ff.register_file_i.rf_reg_q\[510\]$_DFFE_PN0P_/D
iter:321, pass:1, current fixing endpoint: gen_regfile_ff.register_file_i.rf_reg_q\[702\]$_DFFE_PN0P_/D, endpoint slack:-3.1717584e-10
      322 |       0 |      14 |       17 |      2 |    15 |   -0.321 |     -127.7 |    772 | gen_regfile_ff.register_file_i.rf_reg_q\[510\]$_DFFE_PN0P_/D
iter:322, pass:2, current fixing endpoint: gen_regfile_ff.register_file_i.rf_reg_q\[702\]$_DFFE_PN0P_/D, endpoint slack:-3.173226e-10
      322 |       0 |      13 |       17 |      2 |    15 |   -0.321 |     -127.1 |    772 | gen_regfile_ff.register_file_i.rf_reg_q\[510\]$_DFFE_PN0P_/D
      323 |       0 |      13 |       17 |      2 |    15 |   -0.321 |     -127.1 |    772 | gen_regfile_ff.register_file_i.rf_reg_q\[510\]$_DFFE_PN0P_/D
iter:323, pass:1, current fixing endpoint: gen_regfile_ff.register_file_i.rf_reg_q\[734\]$_DFFE_PN0P_/D, endpoint slack:-3.1705727e-10
      324 |       0 |      14 |       17 |      2 |    15 |   -0.321 |     -127.7 |    772 | gen_regfile_ff.register_file_i.rf_reg_q\[510\]$_DFFE_PN0P_/D
iter:324, pass:2, current fixing endpoint: gen_regfile_ff.register_file_i.rf_reg_q\[734\]$_DFFE_PN0P_/D, endpoint slack:-3.1720404e-10
      324 |       0 |      13 |       17 |      2 |    15 |   -0.321 |     -127.1 |    772 | gen_regfile_ff.register_file_i.rf_reg_q\[510\]$_DFFE_PN0P_/D
      325 |       0 |      13 |       17 |      2 |    15 |   -0.321 |     -127.1 |    772 | gen_regfile_ff.register_file_i.rf_reg_q\[510\]$_DFFE_PN0P_/D
iter:325, pass:1, current fixing endpoint: gen_regfile_ff.register_file_i.rf_reg_q\[670\]$_DFFE_PN0P_/D, endpoint slack:-3.1689584e-10
      326 |       0 |      14 |       17 |      2 |    15 |   -0.321 |     -127.7 |    772 | gen_regfile_ff.register_file_i.rf_reg_q\[510\]$_DFFE_PN0P_/D
iter:326, pass:2, current fixing endpoint: gen_regfile_ff.register_file_i.rf_reg_q\[670\]$_DFFE_PN0P_/D, endpoint slack:-3.1704261e-10
      326 |       0 |      13 |       17 |      2 |    15 |   -0.321 |     -127.1 |    772 | gen_regfile_ff.register_file_i.rf_reg_q\[510\]$_DFFE_PN0P_/D
      327 |       0 |      13 |       17 |      2 |    15 |   -0.321 |     -127.1 |    772 | gen_regfile_ff.register_file_i.rf_reg_q\[510\]$_DFFE_PN0P_/D
iter:327, pass:1, current fixing endpoint: gen_regfile_ff.register_file_i.rf_reg_q\[254\]$_DFFE_PN0P_/D, endpoint slack:-3.168259e-10
      328 |       0 |      14 |       17 |      2 |    15 |   -0.321 |     -127.7 |    772 | gen_regfile_ff.register_file_i.rf_reg_q\[510\]$_DFFE_PN0P_/D
iter:328, pass:2, current fixing endpoint: gen_regfile_ff.register_file_i.rf_reg_q\[254\]$_DFFE_PN0P_/D, endpoint slack:-3.1697267e-10
      328 |       0 |      13 |       17 |      2 |    15 |   -0.321 |     -127.1 |    772 | gen_regfile_ff.register_file_i.rf_reg_q\[510\]$_DFFE_PN0P_/D
      329 |       0 |      13 |       17 |      2 |    15 |   -0.321 |     -127.1 |    772 | gen_regfile_ff.register_file_i.rf_reg_q\[510\]$_DFFE_PN0P_/D
iter:329, pass:1, current fixing endpoint: gen_regfile_ff.register_file_i.rf_reg_q\[350\]$_DFFE_PN0P_/D, endpoint slack:-3.1681835e-10
      330 |       0 |      14 |       17 |      2 |    15 |   -0.321 |     -127.7 |    772 | gen_regfile_ff.register_file_i.rf_reg_q\[510\]$_DFFE_PN0P_/D
iter:330, pass:2, current fixing endpoint: gen_regfile_ff.register_file_i.rf_reg_q\[350\]$_DFFE_PN0P_/D, endpoint slack:-3.1696512e-10
      330 |       0 |      13 |       17 |      2 |    15 |   -0.321 |     -127.1 |    772 | gen_regfile_ff.register_file_i.rf_reg_q\[510\]$_DFFE_PN0P_/D
      331 |       0 |      13 |       17 |      2 |    15 |   -0.321 |     -127.1 |    772 | gen_regfile_ff.register_file_i.rf_reg_q\[510\]$_DFFE_PN0P_/D
iter:331, pass:1, current fixing endpoint: gen_regfile_ff.register_file_i.rf_reg_q\[286\]$_DFFE_PN0P_/D, endpoint slack:-3.1673708e-10
      332 |       0 |      14 |       17 |      2 |    15 |   -0.321 |     -127.7 |    772 | gen_regfile_ff.register_file_i.rf_reg_q\[510\]$_DFFE_PN0P_/D
iter:332, pass:2, current fixing endpoint: gen_regfile_ff.register_file_i.rf_reg_q\[286\]$_DFFE_PN0P_/D, endpoint slack:-3.1688385e-10
      332 |       0 |      13 |       17 |      2 |    15 |   -0.321 |     -127.1 |    772 | gen_regfile_ff.register_file_i.rf_reg_q\[510\]$_DFFE_PN0P_/D
      333 |       0 |      13 |       17 |      2 |    15 |   -0.321 |     -127.1 |    772 | gen_regfile_ff.register_file_i.rf_reg_q\[510\]$_DFFE_PN0P_/D
iter:333, pass:1, current fixing endpoint: gen_regfile_ff.register_file_i.rf_reg_q\[638\]$_DFFE_PN0P_/D, endpoint slack:-3.166456e-10
      334 |       0 |      14 |       17 |      2 |    15 |   -0.321 |     -127.7 |    772 | gen_regfile_ff.register_file_i.rf_reg_q\[510\]$_DFFE_PN0P_/D
iter:334, pass:2, current fixing endpoint: gen_regfile_ff.register_file_i.rf_reg_q\[638\]$_DFFE_PN0P_/D, endpoint slack:-3.1679237e-10
      334 |       0 |      13 |       17 |      2 |    15 |   -0.321 |     -127.1 |    772 | gen_regfile_ff.register_file_i.rf_reg_q\[510\]$_DFFE_PN0P_/D
      335 |       0 |      13 |       17 |      2 |    15 |   -0.321 |     -127.1 |    772 | gen_regfile_ff.register_file_i.rf_reg_q\[510\]$_DFFE_PN0P_/D
iter:335, pass:1, current fixing endpoint: gen_regfile_ff.register_file_i.rf_reg_q\[382\]$_DFFE_PN0P_/D, endpoint slack:-3.1551095e-10
      336 |       0 |      14 |       17 |      2 |    15 |   -0.321 |     -127.7 |    772 | gen_regfile_ff.register_file_i.rf_reg_q\[510\]$_DFFE_PN0P_/D
iter:336, pass:2, current fixing endpoint: gen_regfile_ff.register_file_i.rf_reg_q\[382\]$_DFFE_PN0P_/D, endpoint slack:-3.1565772e-10
      336 |       0 |      13 |       17 |      2 |    15 |   -0.321 |     -127.1 |    772 | gen_regfile_ff.register_file_i.rf_reg_q\[510\]$_DFFE_PN0P_/D
      337 |       0 |      13 |       17 |      2 |    15 |   -0.321 |     -127.1 |    772 | gen_regfile_ff.register_file_i.rf_reg_q\[510\]$_DFFE_PN0P_/D
iter:337, pass:1, current fixing endpoint: gen_regfile_ff.register_file_i.rf_reg_q\[222\]$_DFFE_PN0P_/D, endpoint slack:-3.1549252e-10
      338 |       0 |      14 |       17 |      2 |    15 |   -0.321 |     -127.7 |    772 | gen_regfile_ff.register_file_i.rf_reg_q\[510\]$_DFFE_PN0P_/D
iter:338, pass:2, current fixing endpoint: gen_regfile_ff.register_file_i.rf_reg_q\[222\]$_DFFE_PN0P_/D, endpoint slack:-3.156393e-10
      338 |       0 |      13 |       17 |      2 |    15 |   -0.321 |     -127.1 |    772 | gen_regfile_ff.register_file_i.rf_reg_q\[510\]$_DFFE_PN0P_/D
      339 |       0 |      13 |       17 |      2 |    15 |   -0.321 |     -127.1 |    772 | gen_regfile_ff.register_file_i.rf_reg_q\[510\]$_DFFE_PN0P_/D
iter:339, pass:1, current fixing endpoint: gen_regfile_ff.register_file_i.rf_reg_q\[478\]$_DFFE_PN0P_/D, endpoint slack:-3.1543235e-10
      340 |       0 |      14 |       17 |      2 |    15 |   -0.321 |     -127.7 |    772 | gen_regfile_ff.register_file_i.rf_reg_q\[510\]$_DFFE_PN0P_/D
iter:340, pass:2, current fixing endpoint: gen_regfile_ff.register_file_i.rf_reg_q\[478\]$_DFFE_PN0P_/D, endpoint slack:-3.1557912e-10
      340 |       0 |      13 |       17 |      2 |    15 |   -0.321 |     -127.1 |    772 | gen_regfile_ff.register_file_i.rf_reg_q\[510\]$_DFFE_PN0P_/D
      341 |       0 |      13 |       17 |      2 |    15 |   -0.321 |     -127.1 |    772 | gen_regfile_ff.register_file_i.rf_reg_q\[510\]$_DFFE_PN0P_/D
iter:341, pass:1, current fixing endpoint: gen_regfile_ff.register_file_i.rf_reg_q\[158\]$_DFFE_PN0P_/D, endpoint slack:-3.1498337e-10
      342 |       0 |      14 |       17 |      2 |    15 |   -0.321 |     -127.7 |    772 | gen_regfile_ff.register_file_i.rf_reg_q\[510\]$_DFFE_PN0P_/D
iter:342, pass:2, current fixing endpoint: gen_regfile_ff.register_file_i.rf_reg_q\[158\]$_DFFE_PN0P_/D, endpoint slack:-3.1513014e-10
      342 |       0 |      13 |       17 |      2 |    15 |   -0.321 |     -127.1 |    772 | gen_regfile_ff.register_file_i.rf_reg_q\[510\]$_DFFE_PN0P_/D
      343 |       0 |      13 |       17 |      2 |    15 |   -0.321 |     -127.1 |    772 | gen_regfile_ff.register_file_i.rf_reg_q\[510\]$_DFFE_PN0P_/D
iter:343, pass:1, current fixing endpoint: gen_regfile_ff.register_file_i.rf_reg_q\[990\]$_DFFE_PN0P_/D, endpoint slack:-3.1463432e-10
      344 |       0 |      14 |       17 |      2 |    15 |   -0.321 |     -127.7 |    772 | gen_regfile_ff.register_file_i.rf_reg_q\[510\]$_DFFE_PN0P_/D
iter:344, pass:2, current fixing endpoint: gen_regfile_ff.register_file_i.rf_reg_q\[990\]$_DFFE_PN0P_/D, endpoint slack:-3.147813e-10
      344 |       0 |      13 |       17 |      2 |    15 |   -0.321 |     -127.1 |    772 | gen_regfile_ff.register_file_i.rf_reg_q\[510\]$_DFFE_PN0P_/D
      345 |       0 |      13 |       17 |      2 |    15 |   -0.321 |     -127.1 |    772 | gen_regfile_ff.register_file_i.rf_reg_q\[510\]$_DFFE_PN0P_/D
iter:345, pass:1, current fixing endpoint: gen_regfile_ff.register_file_i.rf_reg_q\[606\]$_DFFE_PN0P_/D, endpoint slack:-3.1440406e-10
      346 |       0 |      14 |       17 |      2 |    15 |   -0.321 |     -127.7 |    772 | gen_regfile_ff.register_file_i.rf_reg_q\[510\]$_DFFE_PN0P_/D
iter:346, pass:2, current fixing endpoint: gen_regfile_ff.register_file_i.rf_reg_q\[606\]$_DFFE_PN0P_/D, endpoint slack:-3.1455083e-10
      346 |       0 |      13 |       17 |      2 |    15 |   -0.321 |     -127.1 |    772 | gen_regfile_ff.register_file_i.rf_reg_q\[510\]$_DFFE_PN0P_/D
      347 |       0 |      13 |       17 |      2 |    15 |   -0.321 |     -127.1 |    772 | gen_regfile_ff.register_file_i.rf_reg_q\[510\]$_DFFE_PN0P_/D
iter:347, pass:1, current fixing endpoint: gen_regfile_ff.register_file_i.rf_reg_q\[766\]$_DFFE_PN0P_/D, endpoint slack:-3.1429526e-10
      348 |       0 |      14 |       17 |      2 |    15 |   -0.321 |     -127.7 |    772 | gen_regfile_ff.register_file_i.rf_reg_q\[510\]$_DFFE_PN0P_/D
iter:348, pass:2, current fixing endpoint: gen_regfile_ff.register_file_i.rf_reg_q\[766\]$_DFFE_PN0P_/D, endpoint slack:-3.1444203e-10
      348 |       0 |      13 |       17 |      2 |    15 |   -0.321 |     -127.1 |    772 | gen_regfile_ff.register_file_i.rf_reg_q\[510\]$_DFFE_PN0P_/D
      349 |       0 |      13 |       17 |      2 |    15 |   -0.321 |     -127.1 |    772 | gen_regfile_ff.register_file_i.rf_reg_q\[510\]$_DFFE_PN0P_/D
iter:349, pass:1, current fixing endpoint: gen_regfile_ff.register_file_i.rf_reg_q\[862\]$_DFFE_PN0P_/D, endpoint slack:-3.1412517e-10
      350 |       0 |      14 |       17 |      2 |    15 |   -0.321 |     -127.7 |    772 | gen_regfile_ff.register_file_i.rf_reg_q\[510\]$_DFFE_PN0P_/D
iter:350, pass:2, current fixing endpoint: gen_regfile_ff.register_file_i.rf_reg_q\[862\]$_DFFE_PN0P_/D, endpoint slack:-3.1427194e-10
      350 |       0 |      13 |       17 |      2 |    15 |   -0.321 |     -127.1 |    772 | gen_regfile_ff.register_file_i.rf_reg_q\[510\]$_DFFE_PN0P_/D
      351 |       0 |      13 |       17 |      2 |    15 |   -0.321 |     -127.1 |    772 | gen_regfile_ff.register_file_i.rf_reg_q\[510\]$_DFFE_PN0P_/D
iter:351, pass:1, current fixing endpoint: gen_regfile_ff.register_file_i.rf_reg_q\[446\]$_DFFE_PN0P_/D, endpoint slack:-3.1394332e-10
      352 |       0 |      14 |       17 |      2 |    15 |   -0.321 |     -127.7 |    772 | gen_regfile_ff.register_file_i.rf_reg_q\[510\]$_DFFE_PN0P_/D
iter:352, pass:2, current fixing endpoint: gen_regfile_ff.register_file_i.rf_reg_q\[446\]$_DFFE_PN0P_/D, endpoint slack:-3.140901e-10
      352 |       0 |      13 |       17 |      2 |    15 |   -0.321 |     -127.1 |    772 | gen_regfile_ff.register_file_i.rf_reg_q\[510\]$_DFFE_PN0P_/D
      353 |       0 |      13 |       17 |      2 |    15 |   -0.321 |     -127.1 |    772 | gen_regfile_ff.register_file_i.rf_reg_q\[510\]$_DFFE_PN0P_/D
iter:353, pass:1, current fixing endpoint: gen_regfile_ff.register_file_i.rf_reg_q\[798\]$_DFFE_PN0P_/D, endpoint slack:-3.138152e-10
      354 |       0 |      14 |       17 |      2 |    15 |   -0.321 |     -127.7 |    772 | gen_regfile_ff.register_file_i.rf_reg_q\[510\]$_DFFE_PN0P_/D
iter:354, pass:2, current fixing endpoint: gen_regfile_ff.register_file_i.rf_reg_q\[798\]$_DFFE_PN0P_/D, endpoint slack:-3.1396197e-10
      354 |       0 |      13 |       17 |      2 |    15 |   -0.321 |     -127.1 |    772 | gen_regfile_ff.register_file_i.rf_reg_q\[510\]$_DFFE_PN0P_/D
      355 |       0 |      13 |       17 |      2 |    15 |   -0.321 |     -127.1 |    772 | gen_regfile_ff.register_file_i.rf_reg_q\[510\]$_DFFE_PN0P_/D
iter:355, pass:1, current fixing endpoint: gen_regfile_ff.register_file_i.rf_reg_q\[830\]$_DFFE_PN0P_/D, endpoint slack:-3.1377434e-10
      356 |       0 |      14 |       17 |      2 |    15 |   -0.321 |     -127.7 |    772 | gen_regfile_ff.register_file_i.rf_reg_q\[510\]$_DFFE_PN0P_/D
iter:356, pass:2, current fixing endpoint: gen_regfile_ff.register_file_i.rf_reg_q\[830\]$_DFFE_PN0P_/D, endpoint slack:-3.139211e-10
      356 |       0 |      13 |       17 |      2 |    15 |   -0.321 |     -127.1 |    772 | gen_regfile_ff.register_file_i.rf_reg_q\[510\]$_DFFE_PN0P_/D
      357 |       0 |      13 |       17 |      2 |    15 |   -0.321 |     -127.1 |    772 | gen_regfile_ff.register_file_i.rf_reg_q\[510\]$_DFFE_PN0P_/D
iter:357, pass:1, current fixing endpoint: gen_regfile_ff.register_file_i.rf_reg_q\[318\]$_DFFE_PN0P_/D, endpoint slack:-3.1375103e-10
      358 |       0 |      14 |       17 |      2 |    15 |   -0.321 |     -127.7 |    772 | gen_regfile_ff.register_file_i.rf_reg_q\[510\]$_DFFE_PN0P_/D
iter:358, pass:2, current fixing endpoint: gen_regfile_ff.register_file_i.rf_reg_q\[318\]$_DFFE_PN0P_/D, endpoint slack:-3.138978e-10
      358 |       0 |      13 |       17 |      2 |    15 |   -0.321 |     -127.1 |    772 | gen_regfile_ff.register_file_i.rf_reg_q\[510\]$_DFFE_PN0P_/D
      359 |       0 |      13 |       17 |      2 |    15 |   -0.321 |     -127.1 |    772 | gen_regfile_ff.register_file_i.rf_reg_q\[510\]$_DFFE_PN0P_/D
iter:359, pass:1, current fixing endpoint: instr_addr_o[31], endpoint slack:-3.1323344e-10
      360 |       0 |      14 |       17 |      2 |    15 |   -0.321 |     -127.1 |    772 | gen_regfile_ff.register_file_i.rf_reg_q\[510\]$_DFFE_PN0P_/D
iter:360, pass:2, current fixing endpoint: instr_addr_o[31], endpoint slack:-3.1504777e-10
      361 |       0 |      14 |       17 |      3 |    15 |   -0.321 |     -127.1 |    772 | gen_regfile_ff.register_file_i.rf_reg_q\[510\]$_DFFE_PN0P_/D
iter:361, pass:3, current fixing endpoint: instr_addr_o[31], endpoint slack:-3.1847724e-10
      362 |       0 |      14 |       19 |      3 |    15 |   -0.321 |     -127.1 |    772 | gen_regfile_ff.register_file_i.rf_reg_q\[510\]$_DFFE_PN0P_/D
iter:362, pass:4, current fixing endpoint: instr_addr_o[31], endpoint slack:-3.1380387e-10
      363 |       0 |      14 |       19 |      3 |    16 |   -0.321 |     -127.1 |    772 | gen_regfile_ff.register_file_i.rf_reg_q\[510\]$_DFFE_PN0P_/D
iter:363, pass:5, current fixing endpoint: instr_addr_o[31], endpoint slack:-3.1370462e-10
      364 |       0 |      14 |       19 |      3 |    17 |   -0.321 |     -127.1 |    772 | gen_regfile_ff.register_file_i.rf_reg_q\[510\]$_DFFE_PN0P_/D
iter:364, pass:6, current fixing endpoint: instr_addr_o[31], endpoint slack:-3.178462e-10
      365 |       0 |      14 |       19 |      3 |    18 |   -0.322 |     -127.2 |    772 | instr_addr_o[31]
iter:365, pass:7, current fixing endpoint: instr_addr_o[31], endpoint slack:-3.2168468e-10
      366 |       0 |      15 |       19 |      3 |    18 |   -0.324 |     -127.3 |    772 | instr_addr_o[31]
iter:366, pass:8, current fixing endpoint: instr_addr_o[31], endpoint slack:-3.2439873e-10
      366 |       0 |      13 |       18 |      2 |    15 |   -0.321 |     -127.1 |    772 | gen_regfile_ff.register_file_i.rf_reg_q\[510\]$_DFFE_PN0P_/D
      367 |       0 |      13 |       18 |      2 |    15 |   -0.321 |     -127.1 |    772 | gen_regfile_ff.register_file_i.rf_reg_q\[510\]$_DFFE_PN0P_/D
iter:367, pass:1, current fixing endpoint: gen_regfile_ff.register_file_i.rf_reg_q\[414\]$_DFFE_PN0P_/D, endpoint slack:-3.1316416e-10
      368 |       0 |      14 |       18 |      2 |    15 |   -0.321 |     -127.7 |    772 | gen_regfile_ff.register_file_i.rf_reg_q\[510\]$_DFFE_PN0P_/D
iter:368, pass:2, current fixing endpoint: gen_regfile_ff.register_file_i.rf_reg_q\[414\]$_DFFE_PN0P_/D, endpoint slack:-3.1331093e-10
      368 |       0 |      13 |       18 |      2 |    15 |   -0.321 |     -127.1 |    772 | gen_regfile_ff.register_file_i.rf_reg_q\[510\]$_DFFE_PN0P_/D
      369 |       0 |      13 |       18 |      2 |    15 |   -0.321 |     -127.1 |    772 | gen_regfile_ff.register_file_i.rf_reg_q\[510\]$_DFFE_PN0P_/D
iter:369, pass:1, current fixing endpoint: gen_regfile_ff.register_file_i.rf_reg_q\[894\]$_DFFE_PN0P_/D, endpoint slack:-2.9047298e-10
      370 |       0 |      14 |       18 |      2 |    15 |   -0.321 |     -127.7 |    772 | gen_regfile_ff.register_file_i.rf_reg_q\[510\]$_DFFE_PN0P_/D
iter:370, pass:2, current fixing endpoint: gen_regfile_ff.register_file_i.rf_reg_q\[894\]$_DFFE_PN0P_/D, endpoint slack:-2.9061975e-10
      370 |       0 |      13 |       18 |      2 |    15 |   -0.321 |     -127.1 |    772 | gen_regfile_ff.register_file_i.rf_reg_q\[510\]$_DFFE_PN0P_/D
      371 |       0 |      13 |       18 |      2 |    15 |   -0.321 |     -127.1 |    772 | gen_regfile_ff.register_file_i.rf_reg_q\[510\]$_DFFE_PN0P_/D
iter:371, pass:1, current fixing endpoint: gen_regfile_ff.register_file_i.rf_reg_q\[27\]$_DFFE_PN0P_/D, endpoint slack:-2.6424285e-10
      372 |       0 |      14 |       18 |      2 |    15 |   -0.323 |     -127.5 |    772 | gen_regfile_ff.register_file_i.rf_reg_q\[510\]$_DFFE_PN0P_/D
iter:372, pass:2, current fixing endpoint: gen_regfile_ff.register_file_i.rf_reg_q\[27\]$_DFFE_PN0P_/D, endpoint slack:-2.633076e-10
      372 |       0 |      13 |       18 |      2 |    15 |   -0.321 |     -127.1 |    772 | gen_regfile_ff.register_file_i.rf_reg_q\[510\]$_DFFE_PN0P_/D
      373 |       0 |      13 |       18 |      2 |    15 |   -0.321 |     -127.1 |    772 | gen_regfile_ff.register_file_i.rf_reg_q\[510\]$_DFFE_PN0P_/D
iter:373, pass:1, current fixing endpoint: gen_regfile_ff.register_file_i.rf_reg_q\[155\]$_DFFE_PN0P_/D, endpoint slack:-2.6253066e-10
      374 |       0 |      14 |       18 |      2 |    15 |   -0.323 |     -127.5 |    772 | gen_regfile_ff.register_file_i.rf_reg_q\[510\]$_DFFE_PN0P_/D
iter:374, pass:2, current fixing endpoint: gen_regfile_ff.register_file_i.rf_reg_q\[155\]$_DFFE_PN0P_/D, endpoint slack:-2.615954e-10
      374 |       0 |      13 |       18 |      2 |    15 |   -0.321 |     -127.1 |    772 | gen_regfile_ff.register_file_i.rf_reg_q\[510\]$_DFFE_PN0P_/D
      375 |       0 |      13 |       18 |      2 |    15 |   -0.321 |     -127.1 |    772 | gen_regfile_ff.register_file_i.rf_reg_q\[510\]$_DFFE_PN0P_/D
iter:375, pass:1, current fixing endpoint: gen_regfile_ff.register_file_i.rf_reg_q\[123\]$_DFFE_PN0P_/D, endpoint slack:-2.6161429e-10
      376 |       0 |      14 |       18 |      2 |    15 |   -0.323 |     -127.5 |    772 | gen_regfile_ff.register_file_i.rf_reg_q\[510\]$_DFFE_PN0P_/D
iter:376, pass:2, current fixing endpoint: gen_regfile_ff.register_file_i.rf_reg_q\[123\]$_DFFE_PN0P_/D, endpoint slack:-2.6067903e-10
      376 |       0 |      13 |       18 |      2 |    15 |   -0.321 |     -127.1 |    772 | gen_regfile_ff.register_file_i.rf_reg_q\[510\]$_DFFE_PN0P_/D
      377 |       0 |      13 |       18 |      2 |    15 |   -0.321 |     -127.1 |    772 | gen_regfile_ff.register_file_i.rf_reg_q\[510\]$_DFFE_PN0P_/D
iter:377, pass:1, current fixing endpoint: gen_regfile_ff.register_file_i.rf_reg_q\[219\]$_DFFE_PN0P_/D, endpoint slack:-2.613414e-10
      378 |       0 |      14 |       18 |      2 |    15 |   -0.323 |     -127.5 |    772 | gen_regfile_ff.register_file_i.rf_reg_q\[510\]$_DFFE_PN0P_/D
iter:378, pass:2, current fixing endpoint: gen_regfile_ff.register_file_i.rf_reg_q\[219\]$_DFFE_PN0P_/D, endpoint slack:-2.6040614e-10
      378 |       0 |      13 |       18 |      2 |    15 |   -0.321 |     -127.1 |    772 | gen_regfile_ff.register_file_i.rf_reg_q\[510\]$_DFFE_PN0P_/D
      379 |       0 |      13 |       18 |      2 |    15 |   -0.321 |     -127.1 |    772 | gen_regfile_ff.register_file_i.rf_reg_q\[510\]$_DFFE_PN0P_/D
iter:379, pass:1, current fixing endpoint: gen_regfile_ff.register_file_i.rf_reg_q\[603\]$_DFFE_PN0P_/D, endpoint slack:-2.609688e-10
      380 |       0 |      14 |       18 |      2 |    15 |   -0.323 |     -127.5 |    772 | gen_regfile_ff.register_file_i.rf_reg_q\[510\]$_DFFE_PN0P_/D
iter:380, pass:2, current fixing endpoint: gen_regfile_ff.register_file_i.rf_reg_q\[603\]$_DFFE_PN0P_/D, endpoint slack:-2.6003355e-10
      380 |       0 |      13 |       18 |      2 |    15 |   -0.321 |     -127.1 |    772 | gen_regfile_ff.register_file_i.rf_reg_q\[510\]$_DFFE_PN0P_/D
      381 |       0 |      13 |       18 |      2 |    15 |   -0.321 |     -127.1 |    772 | gen_regfile_ff.register_file_i.rf_reg_q\[510\]$_DFFE_PN0P_/D
iter:381, pass:1, current fixing endpoint: gen_regfile_ff.register_file_i.rf_reg_q\[187\]$_DFFE_PN0P_/D, endpoint slack:-2.6078317e-10
      382 |       0 |      14 |       18 |      2 |    15 |   -0.323 |     -127.5 |    772 | gen_regfile_ff.register_file_i.rf_reg_q\[510\]$_DFFE_PN0P_/D
iter:382, pass:2, current fixing endpoint: gen_regfile_ff.register_file_i.rf_reg_q\[187\]$_DFFE_PN0P_/D, endpoint slack:-2.5984792e-10
      382 |       0 |      13 |       18 |      2 |    15 |   -0.321 |     -127.1 |    772 | gen_regfile_ff.register_file_i.rf_reg_q\[510\]$_DFFE_PN0P_/D
--------------------
update violating ends at fixEndpointNum 114
top element of violating ends is: gen_regfile_ff.register_file_i.rf_reg_q\[510\]$_DFFE_PN0P_/D
--------------------
      383 |       0 |      13 |       18 |      2 |    15 |   -0.321 |     -127.1 |    772 | gen_regfile_ff.register_file_i.rf_reg_q\[510\]$_DFFE_PN0P_/D
iter:383, pass:1, current fixing endpoint: gen_regfile_ff.register_file_i.rf_reg_q\[510\]$_DFFE_PN0P_/D, endpoint slack:-3.207774e-10
      384 |       0 |      14 |       18 |      2 |    15 |   -0.321 |     -127.7 |    772 | gen_regfile_ff.register_file_i.rf_reg_q\[510\]$_DFFE_PN0P_/D
iter:384, pass:2, current fixing endpoint: gen_regfile_ff.register_file_i.rf_reg_q\[510\]$_DFFE_PN0P_/D, endpoint slack:-3.2092418e-10
      384 |       0 |      13 |       18 |      2 |    15 |   -0.321 |     -127.1 |    772 | gen_regfile_ff.register_file_i.rf_reg_q\[510\]$_DFFE_PN0P_/D
      385 |       0 |      13 |       18 |      2 |    15 |   -0.321 |     -127.1 |    772 | gen_regfile_ff.register_file_i.rf_reg_q\[510\]$_DFFE_PN0P_/D
iter:385, pass:1, current fixing endpoint: gen_regfile_ff.register_file_i.rf_reg_q\[30\]$_DFFE_PN0P_/D, endpoint slack:-3.207672e-10
      386 |       0 |      14 |       18 |      2 |    15 |   -0.321 |     -127.7 |    772 | gen_regfile_ff.register_file_i.rf_reg_q\[510\]$_DFFE_PN0P_/D
iter:386, pass:2, current fixing endpoint: gen_regfile_ff.register_file_i.rf_reg_q\[30\]$_DFFE_PN0P_/D, endpoint slack:-3.2091396e-10
      386 |       0 |      13 |       18 |      2 |    15 |   -0.321 |     -127.1 |    772 | gen_regfile_ff.register_file_i.rf_reg_q\[510\]$_DFFE_PN0P_/D
      387 |       0 |      13 |       18 |      2 |    15 |   -0.321 |     -127.1 |    772 | gen_regfile_ff.register_file_i.rf_reg_q\[510\]$_DFFE_PN0P_/D
iter:387, pass:1, current fixing endpoint: gen_regfile_ff.register_file_i.rf_reg_q\[926\]$_DFFE_PN0P_/D, endpoint slack:-3.2011416e-10
      388 |       0 |      14 |       18 |      2 |    15 |   -0.321 |     -127.7 |    772 | gen_regfile_ff.register_file_i.rf_reg_q\[510\]$_DFFE_PN0P_/D
iter:388, pass:2, current fixing endpoint: gen_regfile_ff.register_file_i.rf_reg_q\[926\]$_DFFE_PN0P_/D, endpoint slack:-3.2026093e-10
      388 |       0 |      13 |       18 |      2 |    15 |   -0.321 |     -127.1 |    772 | gen_regfile_ff.register_file_i.rf_reg_q\[510\]$_DFFE_PN0P_/D
      389 |       0 |      13 |       18 |      2 |    15 |   -0.321 |     -127.1 |    772 | gen_regfile_ff.register_file_i.rf_reg_q\[510\]$_DFFE_PN0P_/D
iter:389, pass:1, current fixing endpoint: gen_regfile_ff.register_file_i.rf_reg_q\[574\]$_DFFE_PN0P_/D, endpoint slack:-3.1980463e-10
      390 |       0 |      14 |       18 |      2 |    15 |   -0.321 |     -127.7 |    772 | gen_regfile_ff.register_file_i.rf_reg_q\[510\]$_DFFE_PN0P_/D
iter:390, pass:2, current fixing endpoint: gen_regfile_ff.register_file_i.rf_reg_q\[574\]$_DFFE_PN0P_/D, endpoint slack:-3.199514e-10
      390 |       0 |      13 |       18 |      2 |    15 |   -0.321 |     -127.1 |    772 | gen_regfile_ff.register_file_i.rf_reg_q\[510\]$_DFFE_PN0P_/D
      391 |       0 |      13 |       18 |      2 |    15 |   -0.321 |     -127.1 |    772 | gen_regfile_ff.register_file_i.rf_reg_q\[510\]$_DFFE_PN0P_/D
iter:391, pass:1, current fixing endpoint: gen_regfile_ff.register_file_i.rf_reg_q\[542\]$_DFFE_PN0P_/D, endpoint slack:-3.190146e-10
      392 |       0 |      14 |       18 |      2 |    15 |   -0.321 |     -127.7 |    772 | gen_regfile_ff.register_file_i.rf_reg_q\[510\]$_DFFE_PN0P_/D
iter:392, pass:2, current fixing endpoint: gen_regfile_ff.register_file_i.rf_reg_q\[542\]$_DFFE_PN0P_/D, endpoint slack:-3.1916136e-10
      392 |       0 |      13 |       18 |      2 |    15 |   -0.321 |     -127.1 |    772 | gen_regfile_ff.register_file_i.rf_reg_q\[510\]$_DFFE_PN0P_/D
      393 |       0 |      13 |       18 |      2 |    15 |   -0.321 |     -127.1 |    772 | gen_regfile_ff.register_file_i.rf_reg_q\[510\]$_DFFE_PN0P_/D
iter:393, pass:1, current fixing endpoint: gen_regfile_ff.register_file_i.rf_reg_q\[126\]$_DFFE_PN0P_/D, endpoint slack:-3.18918e-10
      394 |       0 |      14 |       18 |      2 |    15 |   -0.321 |     -127.7 |    772 | gen_regfile_ff.register_file_i.rf_reg_q\[510\]$_DFFE_PN0P_/D
iter:394, pass:2, current fixing endpoint: gen_regfile_ff.register_file_i.rf_reg_q\[126\]$_DFFE_PN0P_/D, endpoint slack:-3.1906477e-10
      394 |       0 |      13 |       18 |      2 |    15 |   -0.321 |     -127.1 |    772 | gen_regfile_ff.register_file_i.rf_reg_q\[510\]$_DFFE_PN0P_/D
      395 |       0 |      13 |       18 |      2 |    15 |   -0.321 |     -127.1 |    772 | gen_regfile_ff.register_file_i.rf_reg_q\[510\]$_DFFE_PN0P_/D
iter:395, pass:1, current fixing endpoint: gen_regfile_ff.register_file_i.rf_reg_q\[94\]$_DFFE_PN0P_/D, endpoint slack:-3.1855651e-10
      396 |       0 |      14 |       18 |      2 |    15 |   -0.321 |     -127.7 |    772 | gen_regfile_ff.register_file_i.rf_reg_q\[510\]$_DFFE_PN0P_/D
iter:396, pass:2, current fixing endpoint: gen_regfile_ff.register_file_i.rf_reg_q\[94\]$_DFFE_PN0P_/D, endpoint slack:-3.1870329e-10
      396 |       0 |      13 |       18 |      2 |    15 |   -0.321 |     -127.1 |    772 | gen_regfile_ff.register_file_i.rf_reg_q\[510\]$_DFFE_PN0P_/D
      397 |       0 |      13 |       18 |      2 |    15 |   -0.321 |     -127.1 |    772 | gen_regfile_ff.register_file_i.rf_reg_q\[510\]$_DFFE_PN0P_/D
iter:397, pass:1, current fixing endpoint: gen_regfile_ff.register_file_i.rf_reg_q\[190\]$_DFFE_PN0P_/D, endpoint slack:-3.179963e-10
      398 |       0 |      14 |       18 |      2 |    15 |   -0.321 |     -127.7 |    772 | gen_regfile_ff.register_file_i.rf_reg_q\[510\]$_DFFE_PN0P_/D
iter:398, pass:2, current fixing endpoint: gen_regfile_ff.register_file_i.rf_reg_q\[190\]$_DFFE_PN0P_/D, endpoint slack:-3.1814307e-10
      398 |       0 |      13 |       18 |      2 |    15 |   -0.321 |     -127.1 |    772 | gen_regfile_ff.register_file_i.rf_reg_q\[510\]$_DFFE_PN0P_/D
      399 |       0 |      13 |       18 |      2 |    15 |   -0.321 |     -127.1 |    772 | gen_regfile_ff.register_file_i.rf_reg_q\[510\]$_DFFE_PN0P_/D
iter:399, pass:1, current fixing endpoint: gen_regfile_ff.register_file_i.rf_reg_q\[958\]$_DFFE_PN0P_/D, endpoint slack:-3.1768588e-10
      400 |       0 |      14 |       18 |      2 |    15 |   -0.321 |     -127.7 |    772 | gen_regfile_ff.register_file_i.rf_reg_q\[510\]$_DFFE_PN0P_/D
iter:400, pass:2, current fixing endpoint: gen_regfile_ff.register_file_i.rf_reg_q\[958\]$_DFFE_PN0P_/D, endpoint slack:-3.1783265e-10
      400 |       0 |      13 |       18 |      2 |    15 |   -0.321 |     -127.1 |    772 | gen_regfile_ff.register_file_i.rf_reg_q\[510\]$_DFFE_PN0P_/D
      401 |       0 |      13 |       18 |      2 |    15 |   -0.321 |     -127.1 |    772 | gen_regfile_ff.register_file_i.rf_reg_q\[510\]$_DFFE_PN0P_/D
iter:401, pass:1, current fixing endpoint: gen_regfile_ff.register_file_i.rf_reg_q\[62\]$_DFFE_PN0P_/D, endpoint slack:-3.1751757e-10
      402 |       0 |      14 |       18 |      2 |    15 |   -0.321 |     -127.7 |    772 | gen_regfile_ff.register_file_i.rf_reg_q\[510\]$_DFFE_PN0P_/D
iter:402, pass:2, current fixing endpoint: gen_regfile_ff.register_file_i.rf_reg_q\[62\]$_DFFE_PN0P_/D, endpoint slack:-3.1766434e-10
      402 |       0 |      13 |       18 |      2 |    15 |   -0.321 |     -127.1 |    772 | gen_regfile_ff.register_file_i.rf_reg_q\[510\]$_DFFE_PN0P_/D
      403 |       0 |      13 |       18 |      2 |    15 |   -0.321 |     -127.1 |    772 | gen_regfile_ff.register_file_i.rf_reg_q\[510\]$_DFFE_PN0P_/D
iter:403, pass:1, current fixing endpoint: gen_regfile_ff.register_file_i.rf_reg_q\[702\]$_DFFE_PN0P_/D, endpoint slack:-3.1717584e-10
      404 |       0 |      14 |       18 |      2 |    15 |   -0.321 |     -127.7 |    772 | gen_regfile_ff.register_file_i.rf_reg_q\[510\]$_DFFE_PN0P_/D
iter:404, pass:2, current fixing endpoint: gen_regfile_ff.register_file_i.rf_reg_q\[702\]$_DFFE_PN0P_/D, endpoint slack:-3.173226e-10
      404 |       0 |      13 |       18 |      2 |    15 |   -0.321 |     -127.1 |    772 | gen_regfile_ff.register_file_i.rf_reg_q\[510\]$_DFFE_PN0P_/D
      405 |       0 |      13 |       18 |      2 |    15 |   -0.321 |     -127.1 |    772 | gen_regfile_ff.register_file_i.rf_reg_q\[510\]$_DFFE_PN0P_/D
iter:405, pass:1, current fixing endpoint: gen_regfile_ff.register_file_i.rf_reg_q\[734\]$_DFFE_PN0P_/D, endpoint slack:-3.1705727e-10
      406 |       0 |      14 |       18 |      2 |    15 |   -0.321 |     -127.7 |    772 | gen_regfile_ff.register_file_i.rf_reg_q\[510\]$_DFFE_PN0P_/D
iter:406, pass:2, current fixing endpoint: gen_regfile_ff.register_file_i.rf_reg_q\[734\]$_DFFE_PN0P_/D, endpoint slack:-3.1720404e-10
      406 |       0 |      13 |       18 |      2 |    15 |   -0.321 |     -127.1 |    772 | gen_regfile_ff.register_file_i.rf_reg_q\[510\]$_DFFE_PN0P_/D
      407 |       0 |      13 |       18 |      2 |    15 |   -0.321 |     -127.1 |    772 | gen_regfile_ff.register_file_i.rf_reg_q\[510\]$_DFFE_PN0P_/D
iter:407, pass:1, current fixing endpoint: gen_regfile_ff.register_file_i.rf_reg_q\[670\]$_DFFE_PN0P_/D, endpoint slack:-3.1689584e-10
      408 |       0 |      14 |       18 |      2 |    15 |   -0.321 |     -127.7 |    772 | gen_regfile_ff.register_file_i.rf_reg_q\[510\]$_DFFE_PN0P_/D
iter:408, pass:2, current fixing endpoint: gen_regfile_ff.register_file_i.rf_reg_q\[670\]$_DFFE_PN0P_/D, endpoint slack:-3.1704261e-10
      408 |       0 |      13 |       18 |      2 |    15 |   -0.321 |     -127.1 |    772 | gen_regfile_ff.register_file_i.rf_reg_q\[510\]$_DFFE_PN0P_/D
      409 |       0 |      13 |       18 |      2 |    15 |   -0.321 |     -127.1 |    772 | gen_regfile_ff.register_file_i.rf_reg_q\[510\]$_DFFE_PN0P_/D
iter:409, pass:1, current fixing endpoint: gen_regfile_ff.register_file_i.rf_reg_q\[254\]$_DFFE_PN0P_/D, endpoint slack:-3.168259e-10
      410 |       0 |      14 |       18 |      2 |    15 |   -0.321 |     -127.7 |    772 | gen_regfile_ff.register_file_i.rf_reg_q\[510\]$_DFFE_PN0P_/D
iter:410, pass:2, current fixing endpoint: gen_regfile_ff.register_file_i.rf_reg_q\[254\]$_DFFE_PN0P_/D, endpoint slack:-3.1697267e-10
      410 |       0 |      13 |       18 |      2 |    15 |   -0.321 |     -127.1 |    772 | gen_regfile_ff.register_file_i.rf_reg_q\[510\]$_DFFE_PN0P_/D
      411 |       0 |      13 |       18 |      2 |    15 |   -0.321 |     -127.1 |    772 | gen_regfile_ff.register_file_i.rf_reg_q\[510\]$_DFFE_PN0P_/D
iter:411, pass:1, current fixing endpoint: gen_regfile_ff.register_file_i.rf_reg_q\[350\]$_DFFE_PN0P_/D, endpoint slack:-3.1681835e-10
      412 |       0 |      14 |       18 |      2 |    15 |   -0.321 |     -127.7 |    772 | gen_regfile_ff.register_file_i.rf_reg_q\[510\]$_DFFE_PN0P_/D
iter:412, pass:2, current fixing endpoint: gen_regfile_ff.register_file_i.rf_reg_q\[350\]$_DFFE_PN0P_/D, endpoint slack:-3.1696512e-10
      412 |       0 |      13 |       18 |      2 |    15 |   -0.321 |     -127.1 |    772 | gen_regfile_ff.register_file_i.rf_reg_q\[510\]$_DFFE_PN0P_/D
      413 |       0 |      13 |       18 |      2 |    15 |   -0.321 |     -127.1 |    772 | gen_regfile_ff.register_file_i.rf_reg_q\[510\]$_DFFE_PN0P_/D
iter:413, pass:1, current fixing endpoint: gen_regfile_ff.register_file_i.rf_reg_q\[286\]$_DFFE_PN0P_/D, endpoint slack:-3.1673708e-10
      414 |       0 |      14 |       18 |      2 |    15 |   -0.321 |     -127.7 |    772 | gen_regfile_ff.register_file_i.rf_reg_q\[510\]$_DFFE_PN0P_/D
iter:414, pass:2, current fixing endpoint: gen_regfile_ff.register_file_i.rf_reg_q\[286\]$_DFFE_PN0P_/D, endpoint slack:-3.1688385e-10
      414 |       0 |      13 |       18 |      2 |    15 |   -0.321 |     -127.1 |    772 | gen_regfile_ff.register_file_i.rf_reg_q\[510\]$_DFFE_PN0P_/D
      415 |       0 |      13 |       18 |      2 |    15 |   -0.321 |     -127.1 |    772 | gen_regfile_ff.register_file_i.rf_reg_q\[510\]$_DFFE_PN0P_/D
iter:415, pass:1, current fixing endpoint: gen_regfile_ff.register_file_i.rf_reg_q\[638\]$_DFFE_PN0P_/D, endpoint slack:-3.166456e-10
      416 |       0 |      14 |       18 |      2 |    15 |   -0.321 |     -127.7 |    772 | gen_regfile_ff.register_file_i.rf_reg_q\[510\]$_DFFE_PN0P_/D
iter:416, pass:2, current fixing endpoint: gen_regfile_ff.register_file_i.rf_reg_q\[638\]$_DFFE_PN0P_/D, endpoint slack:-3.1679237e-10
      416 |       0 |      13 |       18 |      2 |    15 |   -0.321 |     -127.1 |    772 | gen_regfile_ff.register_file_i.rf_reg_q\[510\]$_DFFE_PN0P_/D
      417 |       0 |      13 |       18 |      2 |    15 |   -0.321 |     -127.1 |    772 | gen_regfile_ff.register_file_i.rf_reg_q\[510\]$_DFFE_PN0P_/D
iter:417, pass:1, current fixing endpoint: gen_regfile_ff.register_file_i.rf_reg_q\[382\]$_DFFE_PN0P_/D, endpoint slack:-3.1551095e-10
      418 |       0 |      14 |       18 |      2 |    15 |   -0.321 |     -127.7 |    772 | gen_regfile_ff.register_file_i.rf_reg_q\[510\]$_DFFE_PN0P_/D
iter:418, pass:2, current fixing endpoint: gen_regfile_ff.register_file_i.rf_reg_q\[382\]$_DFFE_PN0P_/D, endpoint slack:-3.1565772e-10
      418 |       0 |      13 |       18 |      2 |    15 |   -0.321 |     -127.1 |    772 | gen_regfile_ff.register_file_i.rf_reg_q\[510\]$_DFFE_PN0P_/D
      419 |       0 |      13 |       18 |      2 |    15 |   -0.321 |     -127.1 |    772 | gen_regfile_ff.register_file_i.rf_reg_q\[510\]$_DFFE_PN0P_/D
iter:419, pass:1, current fixing endpoint: gen_regfile_ff.register_file_i.rf_reg_q\[222\]$_DFFE_PN0P_/D, endpoint slack:-3.1549252e-10
      420 |       0 |      14 |       18 |      2 |    15 |   -0.321 |     -127.7 |    772 | gen_regfile_ff.register_file_i.rf_reg_q\[510\]$_DFFE_PN0P_/D
iter:420, pass:2, current fixing endpoint: gen_regfile_ff.register_file_i.rf_reg_q\[222\]$_DFFE_PN0P_/D, endpoint slack:-3.156393e-10
      420 |       0 |      13 |       18 |      2 |    15 |   -0.321 |     -127.1 |    772 | gen_regfile_ff.register_file_i.rf_reg_q\[510\]$_DFFE_PN0P_/D
      421 |       0 |      13 |       18 |      2 |    15 |   -0.321 |     -127.1 |    772 | gen_regfile_ff.register_file_i.rf_reg_q\[510\]$_DFFE_PN0P_/D
iter:421, pass:1, current fixing endpoint: gen_regfile_ff.register_file_i.rf_reg_q\[478\]$_DFFE_PN0P_/D, endpoint slack:-3.1543235e-10
      422 |       0 |      14 |       18 |      2 |    15 |   -0.321 |     -127.7 |    772 | gen_regfile_ff.register_file_i.rf_reg_q\[510\]$_DFFE_PN0P_/D
iter:422, pass:2, current fixing endpoint: gen_regfile_ff.register_file_i.rf_reg_q\[478\]$_DFFE_PN0P_/D, endpoint slack:-3.1557912e-10
      422 |       0 |      13 |       18 |      2 |    15 |   -0.321 |     -127.1 |    772 | gen_regfile_ff.register_file_i.rf_reg_q\[510\]$_DFFE_PN0P_/D
      423 |       0 |      13 |       18 |      2 |    15 |   -0.321 |     -127.1 |    772 | gen_regfile_ff.register_file_i.rf_reg_q\[510\]$_DFFE_PN0P_/D
iter:423, pass:1, current fixing endpoint: gen_regfile_ff.register_file_i.rf_reg_q\[158\]$_DFFE_PN0P_/D, endpoint slack:-3.1498337e-10
      424 |       0 |      14 |       18 |      2 |    15 |   -0.321 |     -127.7 |    772 | gen_regfile_ff.register_file_i.rf_reg_q\[510\]$_DFFE_PN0P_/D
iter:424, pass:2, current fixing endpoint: gen_regfile_ff.register_file_i.rf_reg_q\[158\]$_DFFE_PN0P_/D, endpoint slack:-3.1513014e-10
      424 |       0 |      13 |       18 |      2 |    15 |   -0.321 |     -127.1 |    772 | gen_regfile_ff.register_file_i.rf_reg_q\[510\]$_DFFE_PN0P_/D
      425 |       0 |      13 |       18 |      2 |    15 |   -0.321 |     -127.1 |    772 | gen_regfile_ff.register_file_i.rf_reg_q\[510\]$_DFFE_PN0P_/D
iter:425, pass:1, current fixing endpoint: gen_regfile_ff.register_file_i.rf_reg_q\[990\]$_DFFE_PN0P_/D, endpoint slack:-3.1463432e-10
      426 |       0 |      14 |       18 |      2 |    15 |   -0.321 |     -127.7 |    772 | gen_regfile_ff.register_file_i.rf_reg_q\[510\]$_DFFE_PN0P_/D
iter:426, pass:2, current fixing endpoint: gen_regfile_ff.register_file_i.rf_reg_q\[990\]$_DFFE_PN0P_/D, endpoint slack:-3.147813e-10
      426 |       0 |      13 |       18 |      2 |    15 |   -0.321 |     -127.1 |    772 | gen_regfile_ff.register_file_i.rf_reg_q\[510\]$_DFFE_PN0P_/D
      427 |       0 |      13 |       18 |      2 |    15 |   -0.321 |     -127.1 |    772 | gen_regfile_ff.register_file_i.rf_reg_q\[510\]$_DFFE_PN0P_/D
iter:427, pass:1, current fixing endpoint: gen_regfile_ff.register_file_i.rf_reg_q\[606\]$_DFFE_PN0P_/D, endpoint slack:-3.1440406e-10
      428 |       0 |      14 |       18 |      2 |    15 |   -0.321 |     -127.7 |    772 | gen_regfile_ff.register_file_i.rf_reg_q\[510\]$_DFFE_PN0P_/D
iter:428, pass:2, current fixing endpoint: gen_regfile_ff.register_file_i.rf_reg_q\[606\]$_DFFE_PN0P_/D, endpoint slack:-3.1455083e-10
      428 |       0 |      13 |       18 |      2 |    15 |   -0.321 |     -127.1 |    772 | gen_regfile_ff.register_file_i.rf_reg_q\[510\]$_DFFE_PN0P_/D
      429 |       0 |      13 |       18 |      2 |    15 |   -0.321 |     -127.1 |    772 | gen_regfile_ff.register_file_i.rf_reg_q\[510\]$_DFFE_PN0P_/D
iter:429, pass:1, current fixing endpoint: gen_regfile_ff.register_file_i.rf_reg_q\[766\]$_DFFE_PN0P_/D, endpoint slack:-3.1429526e-10
      430 |       0 |      14 |       18 |      2 |    15 |   -0.321 |     -127.7 |    772 | gen_regfile_ff.register_file_i.rf_reg_q\[510\]$_DFFE_PN0P_/D
iter:430, pass:2, current fixing endpoint: gen_regfile_ff.register_file_i.rf_reg_q\[766\]$_DFFE_PN0P_/D, endpoint slack:-3.1444203e-10
      430 |       0 |      13 |       18 |      2 |    15 |   -0.321 |     -127.1 |    772 | gen_regfile_ff.register_file_i.rf_reg_q\[510\]$_DFFE_PN0P_/D
      431 |       0 |      13 |       18 |      2 |    15 |   -0.321 |     -127.1 |    772 | gen_regfile_ff.register_file_i.rf_reg_q\[510\]$_DFFE_PN0P_/D
iter:431, pass:1, current fixing endpoint: gen_regfile_ff.register_file_i.rf_reg_q\[862\]$_DFFE_PN0P_/D, endpoint slack:-3.1412517e-10
      432 |       0 |      14 |       18 |      2 |    15 |   -0.321 |     -127.7 |    772 | gen_regfile_ff.register_file_i.rf_reg_q\[510\]$_DFFE_PN0P_/D
iter:432, pass:2, current fixing endpoint: gen_regfile_ff.register_file_i.rf_reg_q\[862\]$_DFFE_PN0P_/D, endpoint slack:-3.1427194e-10
      432 |       0 |      13 |       18 |      2 |    15 |   -0.321 |     -127.1 |    772 | gen_regfile_ff.register_file_i.rf_reg_q\[510\]$_DFFE_PN0P_/D
      433 |       0 |      13 |       18 |      2 |    15 |   -0.321 |     -127.1 |    772 | gen_regfile_ff.register_file_i.rf_reg_q\[510\]$_DFFE_PN0P_/D
iter:433, pass:1, current fixing endpoint: gen_regfile_ff.register_file_i.rf_reg_q\[446\]$_DFFE_PN0P_/D, endpoint slack:-3.1394332e-10
      434 |       0 |      14 |       18 |      2 |    15 |   -0.321 |     -127.7 |    772 | gen_regfile_ff.register_file_i.rf_reg_q\[510\]$_DFFE_PN0P_/D
iter:434, pass:2, current fixing endpoint: gen_regfile_ff.register_file_i.rf_reg_q\[446\]$_DFFE_PN0P_/D, endpoint slack:-3.140901e-10
      434 |       0 |      13 |       18 |      2 |    15 |   -0.321 |     -127.1 |    772 | gen_regfile_ff.register_file_i.rf_reg_q\[510\]$_DFFE_PN0P_/D
      435 |       0 |      13 |       18 |      2 |    15 |   -0.321 |     -127.1 |    772 | gen_regfile_ff.register_file_i.rf_reg_q\[510\]$_DFFE_PN0P_/D
iter:435, pass:1, current fixing endpoint: gen_regfile_ff.register_file_i.rf_reg_q\[798\]$_DFFE_PN0P_/D, endpoint slack:-3.138152e-10
      436 |       0 |      14 |       18 |      2 |    15 |   -0.321 |     -127.7 |    772 | gen_regfile_ff.register_file_i.rf_reg_q\[510\]$_DFFE_PN0P_/D
iter:436, pass:2, current fixing endpoint: gen_regfile_ff.register_file_i.rf_reg_q\[798\]$_DFFE_PN0P_/D, endpoint slack:-3.1396197e-10
      436 |       0 |      13 |       18 |      2 |    15 |   -0.321 |     -127.1 |    772 | gen_regfile_ff.register_file_i.rf_reg_q\[510\]$_DFFE_PN0P_/D
      437 |       0 |      13 |       18 |      2 |    15 |   -0.321 |     -127.1 |    772 | gen_regfile_ff.register_file_i.rf_reg_q\[510\]$_DFFE_PN0P_/D
iter:437, pass:1, current fixing endpoint: gen_regfile_ff.register_file_i.rf_reg_q\[830\]$_DFFE_PN0P_/D, endpoint slack:-3.1377434e-10
      438 |       0 |      14 |       18 |      2 |    15 |   -0.321 |     -127.7 |    772 | gen_regfile_ff.register_file_i.rf_reg_q\[510\]$_DFFE_PN0P_/D
iter:438, pass:2, current fixing endpoint: gen_regfile_ff.register_file_i.rf_reg_q\[830\]$_DFFE_PN0P_/D, endpoint slack:-3.139211e-10
      438 |       0 |      13 |       18 |      2 |    15 |   -0.321 |     -127.1 |    772 | gen_regfile_ff.register_file_i.rf_reg_q\[510\]$_DFFE_PN0P_/D
      439 |       0 |      13 |       18 |      2 |    15 |   -0.321 |     -127.1 |    772 | gen_regfile_ff.register_file_i.rf_reg_q\[510\]$_DFFE_PN0P_/D
iter:439, pass:1, current fixing endpoint: gen_regfile_ff.register_file_i.rf_reg_q\[318\]$_DFFE_PN0P_/D, endpoint slack:-3.1375103e-10
      440 |       0 |      14 |       18 |      2 |    15 |   -0.321 |     -127.7 |    772 | gen_regfile_ff.register_file_i.rf_reg_q\[510\]$_DFFE_PN0P_/D
iter:440, pass:2, current fixing endpoint: gen_regfile_ff.register_file_i.rf_reg_q\[318\]$_DFFE_PN0P_/D, endpoint slack:-3.138978e-10
      440 |       0 |      13 |       18 |      2 |    15 |   -0.321 |     -127.1 |    772 | gen_regfile_ff.register_file_i.rf_reg_q\[510\]$_DFFE_PN0P_/D
      441 |       0 |      13 |       18 |      2 |    15 |   -0.321 |     -127.1 |    772 | gen_regfile_ff.register_file_i.rf_reg_q\[510\]$_DFFE_PN0P_/D
iter:441, pass:1, current fixing endpoint: instr_addr_o[31], endpoint slack:-3.1323344e-10
      442 |       0 |      14 |       18 |      2 |    15 |   -0.321 |     -127.1 |    772 | gen_regfile_ff.register_file_i.rf_reg_q\[510\]$_DFFE_PN0P_/D
iter:442, pass:2, current fixing endpoint: instr_addr_o[31], endpoint slack:-3.1504777e-10
      443 |       0 |      14 |       18 |      3 |    15 |   -0.321 |     -127.1 |    772 | gen_regfile_ff.register_file_i.rf_reg_q\[510\]$_DFFE_PN0P_/D
iter:443, pass:3, current fixing endpoint: instr_addr_o[31], endpoint slack:-3.1847724e-10
      444 |       0 |      14 |       20 |      3 |    15 |   -0.321 |     -127.1 |    772 | gen_regfile_ff.register_file_i.rf_reg_q\[510\]$_DFFE_PN0P_/D
iter:444, pass:4, current fixing endpoint: instr_addr_o[31], endpoint slack:-3.1380387e-10
      445 |       0 |      15 |       20 |      3 |    15 |   -0.321 |     -127.1 |    772 | gen_regfile_ff.register_file_i.rf_reg_q\[510\]$_DFFE_PN0P_/D
iter:445, pass:5, current fixing endpoint: instr_addr_o[31], endpoint slack:-3.1800584e-10
      446 |       0 |      15 |       22 |      3 |    15 |   -0.321 |     -127.1 |    772 | gen_regfile_ff.register_file_i.rf_reg_q\[510\]$_DFFE_PN0P_/D
iter:446, pass:6, current fixing endpoint: instr_addr_o[31], endpoint slack:-3.142968e-10
      447 |       0 |      16 |       22 |      3 |    15 |   -0.321 |     -127.1 |    772 | gen_regfile_ff.register_file_i.rf_reg_q\[510\]$_DFFE_PN0P_/D
iter:447, pass:7, current fixing endpoint: instr_addr_o[31], endpoint slack:-3.1407232e-10
      448 |       0 |      16 |       22 |      3 |    16 |   -0.321 |     -127.1 |    772 | gen_regfile_ff.register_file_i.rf_reg_q\[510\]$_DFFE_PN0P_/D
iter:448, pass:8, current fixing endpoint: instr_addr_o[31], endpoint slack:-3.1370462e-10
      449 |       0 |      17 |       22 |      3 |    16 |   -0.321 |     -127.1 |    772 | gen_regfile_ff.register_file_i.rf_reg_q\[510\]$_DFFE_PN0P_/D
iter:449, pass:9, current fixing endpoint: instr_addr_o[31], endpoint slack:-3.1728198e-10
      450 |       0 |      18 |       22 |      3 |    16 |   -0.321 |     -127.1 |    772 | gen_regfile_ff.register_file_i.rf_reg_q\[510\]$_DFFE_PN0P_/D
iter:450, pass:10, current fixing endpoint: instr_addr_o[31], endpoint slack:-3.1643e-10
      450 |       0 |      13 |       20 |      2 |    15 |   -0.321 |     -127.1 |    772 | gen_regfile_ff.register_file_i.rf_reg_q\[510\]$_DFFE_PN0P_/D
      451 |       0 |      13 |       20 |      2 |    15 |   -0.321 |     -127.1 |    772 | gen_regfile_ff.register_file_i.rf_reg_q\[510\]$_DFFE_PN0P_/D
iter:451, pass:1, current fixing endpoint: gen_regfile_ff.register_file_i.rf_reg_q\[414\]$_DFFE_PN0P_/D, endpoint slack:-3.1316416e-10
      452 |       0 |      14 |       20 |      2 |    15 |   -0.321 |     -127.7 |    772 | gen_regfile_ff.register_file_i.rf_reg_q\[510\]$_DFFE_PN0P_/D
iter:452, pass:2, current fixing endpoint: gen_regfile_ff.register_file_i.rf_reg_q\[414\]$_DFFE_PN0P_/D, endpoint slack:-3.1331093e-10
      452 |       0 |      13 |       20 |      2 |    15 |   -0.321 |     -127.1 |    772 | gen_regfile_ff.register_file_i.rf_reg_q\[510\]$_DFFE_PN0P_/D
      453 |       0 |      13 |       20 |      2 |    15 |   -0.321 |     -127.1 |    772 | gen_regfile_ff.register_file_i.rf_reg_q\[510\]$_DFFE_PN0P_/D
iter:453, pass:1, current fixing endpoint: gen_regfile_ff.register_file_i.rf_reg_q\[894\]$_DFFE_PN0P_/D, endpoint slack:-2.9047298e-10
      454 |       0 |      14 |       20 |      2 |    15 |   -0.321 |     -127.7 |    772 | gen_regfile_ff.register_file_i.rf_reg_q\[510\]$_DFFE_PN0P_/D
iter:454, pass:2, current fixing endpoint: gen_regfile_ff.register_file_i.rf_reg_q\[894\]$_DFFE_PN0P_/D, endpoint slack:-2.9061975e-10
      454 |       0 |      13 |       20 |      2 |    15 |   -0.321 |     -127.1 |    772 | gen_regfile_ff.register_file_i.rf_reg_q\[510\]$_DFFE_PN0P_/D
      455 |       0 |      13 |       20 |      2 |    15 |   -0.321 |     -127.1 |    772 | gen_regfile_ff.register_file_i.rf_reg_q\[510\]$_DFFE_PN0P_/D
iter:455, pass:1, current fixing endpoint: gen_regfile_ff.register_file_i.rf_reg_q\[27\]$_DFFE_PN0P_/D, endpoint slack:-2.6424285e-10
      456 |       0 |      14 |       20 |      2 |    15 |   -0.323 |     -127.5 |    772 | gen_regfile_ff.register_file_i.rf_reg_q\[510\]$_DFFE_PN0P_/D
iter:456, pass:2, current fixing endpoint: gen_regfile_ff.register_file_i.rf_reg_q\[27\]$_DFFE_PN0P_/D, endpoint slack:-2.633076e-10
      456 |       0 |      13 |       20 |      2 |    15 |   -0.321 |     -127.1 |    772 | gen_regfile_ff.register_file_i.rf_reg_q\[510\]$_DFFE_PN0P_/D
      457 |       0 |      13 |       20 |      2 |    15 |   -0.321 |     -127.1 |    772 | gen_regfile_ff.register_file_i.rf_reg_q\[510\]$_DFFE_PN0P_/D
iter:457, pass:1, current fixing endpoint: gen_regfile_ff.register_file_i.rf_reg_q\[155\]$_DFFE_PN0P_/D, endpoint slack:-2.6253066e-10
      458 |       0 |      14 |       20 |      2 |    15 |   -0.323 |     -127.5 |    772 | gen_regfile_ff.register_file_i.rf_reg_q\[510\]$_DFFE_PN0P_/D
iter:458, pass:2, current fixing endpoint: gen_regfile_ff.register_file_i.rf_reg_q\[155\]$_DFFE_PN0P_/D, endpoint slack:-2.615954e-10
      458 |       0 |      13 |       20 |      2 |    15 |   -0.321 |     -127.1 |    772 | gen_regfile_ff.register_file_i.rf_reg_q\[510\]$_DFFE_PN0P_/D
      459 |       0 |      13 |       20 |      2 |    15 |   -0.321 |     -127.1 |    772 | gen_regfile_ff.register_file_i.rf_reg_q\[510\]$_DFFE_PN0P_/D
iter:459, pass:1, current fixing endpoint: gen_regfile_ff.register_file_i.rf_reg_q\[123\]$_DFFE_PN0P_/D, endpoint slack:-2.6161429e-10
      460 |       0 |      14 |       20 |      2 |    15 |   -0.323 |     -127.5 |    772 | gen_regfile_ff.register_file_i.rf_reg_q\[510\]$_DFFE_PN0P_/D
iter:460, pass:2, current fixing endpoint: gen_regfile_ff.register_file_i.rf_reg_q\[123\]$_DFFE_PN0P_/D, endpoint slack:-2.6067903e-10
      460 |       0 |      13 |       20 |      2 |    15 |   -0.321 |     -127.1 |    772 | gen_regfile_ff.register_file_i.rf_reg_q\[510\]$_DFFE_PN0P_/D
      461 |       0 |      13 |       20 |      2 |    15 |   -0.321 |     -127.1 |    772 | gen_regfile_ff.register_file_i.rf_reg_q\[510\]$_DFFE_PN0P_/D
iter:461, pass:1, current fixing endpoint: gen_regfile_ff.register_file_i.rf_reg_q\[219\]$_DFFE_PN0P_/D, endpoint slack:-2.613414e-10
      462 |       0 |      14 |       20 |      2 |    15 |   -0.323 |     -127.5 |    772 | gen_regfile_ff.register_file_i.rf_reg_q\[510\]$_DFFE_PN0P_/D
iter:462, pass:2, current fixing endpoint: gen_regfile_ff.register_file_i.rf_reg_q\[219\]$_DFFE_PN0P_/D, endpoint slack:-2.6040614e-10
      462 |       0 |      13 |       20 |      2 |    15 |   -0.321 |     -127.1 |    772 | gen_regfile_ff.register_file_i.rf_reg_q\[510\]$_DFFE_PN0P_/D
      463 |       0 |      13 |       20 |      2 |    15 |   -0.321 |     -127.1 |    772 | gen_regfile_ff.register_file_i.rf_reg_q\[510\]$_DFFE_PN0P_/D
iter:463, pass:1, current fixing endpoint: gen_regfile_ff.register_file_i.rf_reg_q\[603\]$_DFFE_PN0P_/D, endpoint slack:-2.609688e-10
      464 |       0 |      14 |       20 |      2 |    15 |   -0.323 |     -127.5 |    772 | gen_regfile_ff.register_file_i.rf_reg_q\[510\]$_DFFE_PN0P_/D
iter:464, pass:2, current fixing endpoint: gen_regfile_ff.register_file_i.rf_reg_q\[603\]$_DFFE_PN0P_/D, endpoint slack:-2.6003355e-10
      464 |       0 |      13 |       20 |      2 |    15 |   -0.321 |     -127.1 |    772 | gen_regfile_ff.register_file_i.rf_reg_q\[510\]$_DFFE_PN0P_/D
      465 |       0 |      13 |       20 |      2 |    15 |   -0.321 |     -127.1 |    772 | gen_regfile_ff.register_file_i.rf_reg_q\[510\]$_DFFE_PN0P_/D
iter:465, pass:1, current fixing endpoint: gen_regfile_ff.register_file_i.rf_reg_q\[187\]$_DFFE_PN0P_/D, endpoint slack:-2.6078317e-10
      466 |       0 |      14 |       20 |      2 |    15 |   -0.323 |     -127.5 |    772 | gen_regfile_ff.register_file_i.rf_reg_q\[510\]$_DFFE_PN0P_/D
iter:466, pass:2, current fixing endpoint: gen_regfile_ff.register_file_i.rf_reg_q\[187\]$_DFFE_PN0P_/D, endpoint slack:-2.5984792e-10
      466 |       0 |      13 |       20 |      2 |    15 |   -0.321 |     -127.1 |    772 | gen_regfile_ff.register_file_i.rf_reg_q\[510\]$_DFFE_PN0P_/D
--------------------
update violating ends at fixEndpointNum 152
top element of violating ends is: gen_regfile_ff.register_file_i.rf_reg_q\[510\]$_DFFE_PN0P_/D
--------------------
      467 |       0 |      13 |       20 |      2 |    15 |   -0.321 |     -127.1 |    772 | gen_regfile_ff.register_file_i.rf_reg_q\[510\]$_DFFE_PN0P_/D
iter:467, pass:1, current fixing endpoint: gen_regfile_ff.register_file_i.rf_reg_q\[510\]$_DFFE_PN0P_/D, endpoint slack:-3.207774e-10
      468 |       0 |      14 |       20 |      2 |    15 |   -0.321 |     -127.7 |    772 | gen_regfile_ff.register_file_i.rf_reg_q\[510\]$_DFFE_PN0P_/D
iter:468, pass:2, current fixing endpoint: gen_regfile_ff.register_file_i.rf_reg_q\[510\]$_DFFE_PN0P_/D, endpoint slack:-3.2092418e-10
      468 |       0 |      13 |       20 |      2 |    15 |   -0.321 |     -127.1 |    772 | gen_regfile_ff.register_file_i.rf_reg_q\[510\]$_DFFE_PN0P_/D
      469 |       0 |      13 |       20 |      2 |    15 |   -0.321 |     -127.1 |    772 | gen_regfile_ff.register_file_i.rf_reg_q\[510\]$_DFFE_PN0P_/D
iter:469, pass:1, current fixing endpoint: gen_regfile_ff.register_file_i.rf_reg_q\[30\]$_DFFE_PN0P_/D, endpoint slack:-3.207672e-10
      470 |       0 |      14 |       20 |      2 |    15 |   -0.321 |     -127.7 |    772 | gen_regfile_ff.register_file_i.rf_reg_q\[510\]$_DFFE_PN0P_/D
iter:470, pass:2, current fixing endpoint: gen_regfile_ff.register_file_i.rf_reg_q\[30\]$_DFFE_PN0P_/D, endpoint slack:-3.2091396e-10
      470 |       0 |      13 |       20 |      2 |    15 |   -0.321 |     -127.1 |    772 | gen_regfile_ff.register_file_i.rf_reg_q\[510\]$_DFFE_PN0P_/D
      471 |       0 |      13 |       20 |      2 |    15 |   -0.321 |     -127.1 |    772 | gen_regfile_ff.register_file_i.rf_reg_q\[510\]$_DFFE_PN0P_/D
iter:471, pass:1, current fixing endpoint: gen_regfile_ff.register_file_i.rf_reg_q\[926\]$_DFFE_PN0P_/D, endpoint slack:-3.2011416e-10
      472 |       0 |      14 |       20 |      2 |    15 |   -0.321 |     -127.7 |    772 | gen_regfile_ff.register_file_i.rf_reg_q\[510\]$_DFFE_PN0P_/D
iter:472, pass:2, current fixing endpoint: gen_regfile_ff.register_file_i.rf_reg_q\[926\]$_DFFE_PN0P_/D, endpoint slack:-3.2026093e-10
      472 |       0 |      13 |       20 |      2 |    15 |   -0.321 |     -127.1 |    772 | gen_regfile_ff.register_file_i.rf_reg_q\[510\]$_DFFE_PN0P_/D
      473 |       0 |      13 |       20 |      2 |    15 |   -0.321 |     -127.1 |    772 | gen_regfile_ff.register_file_i.rf_reg_q\[510\]$_DFFE_PN0P_/D
iter:473, pass:1, current fixing endpoint: gen_regfile_ff.register_file_i.rf_reg_q\[574\]$_DFFE_PN0P_/D, endpoint slack:-3.1980463e-10
      474 |       0 |      14 |       20 |      2 |    15 |   -0.321 |     -127.7 |    772 | gen_regfile_ff.register_file_i.rf_reg_q\[510\]$_DFFE_PN0P_/D
iter:474, pass:2, current fixing endpoint: gen_regfile_ff.register_file_i.rf_reg_q\[574\]$_DFFE_PN0P_/D, endpoint slack:-3.199514e-10
      474 |       0 |      13 |       20 |      2 |    15 |   -0.321 |     -127.1 |    772 | gen_regfile_ff.register_file_i.rf_reg_q\[510\]$_DFFE_PN0P_/D
      475 |       0 |      13 |       20 |      2 |    15 |   -0.321 |     -127.1 |    772 | gen_regfile_ff.register_file_i.rf_reg_q\[510\]$_DFFE_PN0P_/D
iter:475, pass:1, current fixing endpoint: gen_regfile_ff.register_file_i.rf_reg_q\[542\]$_DFFE_PN0P_/D, endpoint slack:-3.190146e-10
      476 |       0 |      14 |       20 |      2 |    15 |   -0.321 |     -127.7 |    772 | gen_regfile_ff.register_file_i.rf_reg_q\[510\]$_DFFE_PN0P_/D
iter:476, pass:2, current fixing endpoint: gen_regfile_ff.register_file_i.rf_reg_q\[542\]$_DFFE_PN0P_/D, endpoint slack:-3.1916136e-10
      476 |       0 |      13 |       20 |      2 |    15 |   -0.321 |     -127.1 |    772 | gen_regfile_ff.register_file_i.rf_reg_q\[510\]$_DFFE_PN0P_/D
      477 |       0 |      13 |       20 |      2 |    15 |   -0.321 |     -127.1 |    772 | gen_regfile_ff.register_file_i.rf_reg_q\[510\]$_DFFE_PN0P_/D
iter:477, pass:1, current fixing endpoint: gen_regfile_ff.register_file_i.rf_reg_q\[126\]$_DFFE_PN0P_/D, endpoint slack:-3.18918e-10
      478 |       0 |      14 |       20 |      2 |    15 |   -0.321 |     -127.7 |    772 | gen_regfile_ff.register_file_i.rf_reg_q\[510\]$_DFFE_PN0P_/D
iter:478, pass:2, current fixing endpoint: gen_regfile_ff.register_file_i.rf_reg_q\[126\]$_DFFE_PN0P_/D, endpoint slack:-3.1906477e-10
      478 |       0 |      13 |       20 |      2 |    15 |   -0.321 |     -127.1 |    772 | gen_regfile_ff.register_file_i.rf_reg_q\[510\]$_DFFE_PN0P_/D
      479 |       0 |      13 |       20 |      2 |    15 |   -0.321 |     -127.1 |    772 | gen_regfile_ff.register_file_i.rf_reg_q\[510\]$_DFFE_PN0P_/D
iter:479, pass:1, current fixing endpoint: gen_regfile_ff.register_file_i.rf_reg_q\[94\]$_DFFE_PN0P_/D, endpoint slack:-3.1855651e-10
      480 |       0 |      14 |       20 |      2 |    15 |   -0.321 |     -127.7 |    772 | gen_regfile_ff.register_file_i.rf_reg_q\[510\]$_DFFE_PN0P_/D
iter:480, pass:2, current fixing endpoint: gen_regfile_ff.register_file_i.rf_reg_q\[94\]$_DFFE_PN0P_/D, endpoint slack:-3.1870329e-10
      480 |       0 |      13 |       20 |      2 |    15 |   -0.321 |     -127.1 |    772 | gen_regfile_ff.register_file_i.rf_reg_q\[510\]$_DFFE_PN0P_/D
      481 |       0 |      13 |       20 |      2 |    15 |   -0.321 |     -127.1 |    772 | gen_regfile_ff.register_file_i.rf_reg_q\[510\]$_DFFE_PN0P_/D
iter:481, pass:1, current fixing endpoint: gen_regfile_ff.register_file_i.rf_reg_q\[190\]$_DFFE_PN0P_/D, endpoint slack:-3.179963e-10
      482 |       0 |      14 |       20 |      2 |    15 |   -0.321 |     -127.7 |    772 | gen_regfile_ff.register_file_i.rf_reg_q\[510\]$_DFFE_PN0P_/D
iter:482, pass:2, current fixing endpoint: gen_regfile_ff.register_file_i.rf_reg_q\[190\]$_DFFE_PN0P_/D, endpoint slack:-3.1814307e-10
      482 |       0 |      13 |       20 |      2 |    15 |   -0.321 |     -127.1 |    772 | gen_regfile_ff.register_file_i.rf_reg_q\[510\]$_DFFE_PN0P_/D
      483 |       0 |      13 |       20 |      2 |    15 |   -0.321 |     -127.1 |    772 | gen_regfile_ff.register_file_i.rf_reg_q\[510\]$_DFFE_PN0P_/D
iter:483, pass:1, current fixing endpoint: gen_regfile_ff.register_file_i.rf_reg_q\[958\]$_DFFE_PN0P_/D, endpoint slack:-3.1768588e-10
      484 |       0 |      14 |       20 |      2 |    15 |   -0.321 |     -127.7 |    772 | gen_regfile_ff.register_file_i.rf_reg_q\[510\]$_DFFE_PN0P_/D
iter:484, pass:2, current fixing endpoint: gen_regfile_ff.register_file_i.rf_reg_q\[958\]$_DFFE_PN0P_/D, endpoint slack:-3.1783265e-10
      484 |       0 |      13 |       20 |      2 |    15 |   -0.321 |     -127.1 |    772 | gen_regfile_ff.register_file_i.rf_reg_q\[510\]$_DFFE_PN0P_/D
      485 |       0 |      13 |       20 |      2 |    15 |   -0.321 |     -127.1 |    772 | gen_regfile_ff.register_file_i.rf_reg_q\[510\]$_DFFE_PN0P_/D
iter:485, pass:1, current fixing endpoint: gen_regfile_ff.register_file_i.rf_reg_q\[62\]$_DFFE_PN0P_/D, endpoint slack:-3.1751757e-10
      486 |       0 |      14 |       20 |      2 |    15 |   -0.321 |     -127.7 |    772 | gen_regfile_ff.register_file_i.rf_reg_q\[510\]$_DFFE_PN0P_/D
iter:486, pass:2, current fixing endpoint: gen_regfile_ff.register_file_i.rf_reg_q\[62\]$_DFFE_PN0P_/D, endpoint slack:-3.1766434e-10
      486 |       0 |      13 |       20 |      2 |    15 |   -0.321 |     -127.1 |    772 | gen_regfile_ff.register_file_i.rf_reg_q\[510\]$_DFFE_PN0P_/D
      487 |       0 |      13 |       20 |      2 |    15 |   -0.321 |     -127.1 |    772 | gen_regfile_ff.register_file_i.rf_reg_q\[510\]$_DFFE_PN0P_/D
iter:487, pass:1, current fixing endpoint: gen_regfile_ff.register_file_i.rf_reg_q\[702\]$_DFFE_PN0P_/D, endpoint slack:-3.1717584e-10
      488 |       0 |      14 |       20 |      2 |    15 |   -0.321 |     -127.7 |    772 | gen_regfile_ff.register_file_i.rf_reg_q\[510\]$_DFFE_PN0P_/D
iter:488, pass:2, current fixing endpoint: gen_regfile_ff.register_file_i.rf_reg_q\[702\]$_DFFE_PN0P_/D, endpoint slack:-3.173226e-10
      488 |       0 |      13 |       20 |      2 |    15 |   -0.321 |     -127.1 |    772 | gen_regfile_ff.register_file_i.rf_reg_q\[510\]$_DFFE_PN0P_/D
      489 |       0 |      13 |       20 |      2 |    15 |   -0.321 |     -127.1 |    772 | gen_regfile_ff.register_file_i.rf_reg_q\[510\]$_DFFE_PN0P_/D
iter:489, pass:1, current fixing endpoint: gen_regfile_ff.register_file_i.rf_reg_q\[734\]$_DFFE_PN0P_/D, endpoint slack:-3.1705727e-10
      490 |       0 |      14 |       20 |      2 |    15 |   -0.321 |     -127.7 |    772 | gen_regfile_ff.register_file_i.rf_reg_q\[510\]$_DFFE_PN0P_/D
iter:490, pass:2, current fixing endpoint: gen_regfile_ff.register_file_i.rf_reg_q\[734\]$_DFFE_PN0P_/D, endpoint slack:-3.1720404e-10
      490 |       0 |      13 |       20 |      2 |    15 |   -0.321 |     -127.1 |    772 | gen_regfile_ff.register_file_i.rf_reg_q\[510\]$_DFFE_PN0P_/D
      491 |       0 |      13 |       20 |      2 |    15 |   -0.321 |     -127.1 |    772 | gen_regfile_ff.register_file_i.rf_reg_q\[510\]$_DFFE_PN0P_/D
iter:491, pass:1, current fixing endpoint: gen_regfile_ff.register_file_i.rf_reg_q\[670\]$_DFFE_PN0P_/D, endpoint slack:-3.1689584e-10
      492 |       0 |      14 |       20 |      2 |    15 |   -0.321 |     -127.7 |    772 | gen_regfile_ff.register_file_i.rf_reg_q\[510\]$_DFFE_PN0P_/D
iter:492, pass:2, current fixing endpoint: gen_regfile_ff.register_file_i.rf_reg_q\[670\]$_DFFE_PN0P_/D, endpoint slack:-3.1704261e-10
      492 |       0 |      13 |       20 |      2 |    15 |   -0.321 |     -127.1 |    772 | gen_regfile_ff.register_file_i.rf_reg_q\[510\]$_DFFE_PN0P_/D
      493 |       0 |      13 |       20 |      2 |    15 |   -0.321 |     -127.1 |    772 | gen_regfile_ff.register_file_i.rf_reg_q\[510\]$_DFFE_PN0P_/D
iter:493, pass:1, current fixing endpoint: gen_regfile_ff.register_file_i.rf_reg_q\[254\]$_DFFE_PN0P_/D, endpoint slack:-3.168259e-10
      494 |       0 |      14 |       20 |      2 |    15 |   -0.321 |     -127.7 |    772 | gen_regfile_ff.register_file_i.rf_reg_q\[510\]$_DFFE_PN0P_/D
iter:494, pass:2, current fixing endpoint: gen_regfile_ff.register_file_i.rf_reg_q\[254\]$_DFFE_PN0P_/D, endpoint slack:-3.1697267e-10
      494 |       0 |      13 |       20 |      2 |    15 |   -0.321 |     -127.1 |    772 | gen_regfile_ff.register_file_i.rf_reg_q\[510\]$_DFFE_PN0P_/D
      495 |       0 |      13 |       20 |      2 |    15 |   -0.321 |     -127.1 |    772 | gen_regfile_ff.register_file_i.rf_reg_q\[510\]$_DFFE_PN0P_/D
iter:495, pass:1, current fixing endpoint: gen_regfile_ff.register_file_i.rf_reg_q\[350\]$_DFFE_PN0P_/D, endpoint slack:-3.1681835e-10
      496 |       0 |      14 |       20 |      2 |    15 |   -0.321 |     -127.7 |    772 | gen_regfile_ff.register_file_i.rf_reg_q\[510\]$_DFFE_PN0P_/D
iter:496, pass:2, current fixing endpoint: gen_regfile_ff.register_file_i.rf_reg_q\[350\]$_DFFE_PN0P_/D, endpoint slack:-3.1696512e-10
      496 |       0 |      13 |       20 |      2 |    15 |   -0.321 |     -127.1 |    772 | gen_regfile_ff.register_file_i.rf_reg_q\[510\]$_DFFE_PN0P_/D
      497 |       0 |      13 |       20 |      2 |    15 |   -0.321 |     -127.1 |    772 | gen_regfile_ff.register_file_i.rf_reg_q\[510\]$_DFFE_PN0P_/D
iter:497, pass:1, current fixing endpoint: gen_regfile_ff.register_file_i.rf_reg_q\[286\]$_DFFE_PN0P_/D, endpoint slack:-3.1673708e-10
      498 |       0 |      14 |       20 |      2 |    15 |   -0.321 |     -127.7 |    772 | gen_regfile_ff.register_file_i.rf_reg_q\[510\]$_DFFE_PN0P_/D
iter:498, pass:2, current fixing endpoint: gen_regfile_ff.register_file_i.rf_reg_q\[286\]$_DFFE_PN0P_/D, endpoint slack:-3.1688385e-10
      498 |       0 |      13 |       20 |      2 |    15 |   -0.321 |     -127.1 |    772 | gen_regfile_ff.register_file_i.rf_reg_q\[510\]$_DFFE_PN0P_/D
      499 |       0 |      13 |       20 |      2 |    15 |   -0.321 |     -127.1 |    772 | gen_regfile_ff.register_file_i.rf_reg_q\[510\]$_DFFE_PN0P_/D
iter:499, pass:1, current fixing endpoint: gen_regfile_ff.register_file_i.rf_reg_q\[638\]$_DFFE_PN0P_/D, endpoint slack:-3.166456e-10
      500 |       0 |      14 |       20 |      2 |    15 |   -0.321 |     -127.7 |    772 | gen_regfile_ff.register_file_i.rf_reg_q\[510\]$_DFFE_PN0P_/D
iter:500, pass:2, current fixing endpoint: gen_regfile_ff.register_file_i.rf_reg_q\[638\]$_DFFE_PN0P_/D, endpoint slack:-3.1679237e-10
      500 |       0 |      13 |       20 |      2 |    15 |   -0.321 |     -127.1 |    772 | gen_regfile_ff.register_file_i.rf_reg_q\[510\]$_DFFE_PN0P_/D
      501 |       0 |      13 |       20 |      2 |    15 |   -0.321 |     -127.1 |    772 | gen_regfile_ff.register_file_i.rf_reg_q\[510\]$_DFFE_PN0P_/D
iter:501, pass:1, current fixing endpoint: gen_regfile_ff.register_file_i.rf_reg_q\[382\]$_DFFE_PN0P_/D, endpoint slack:-3.1551095e-10
      502 |       0 |      14 |       20 |      2 |    15 |   -0.321 |     -127.7 |    772 | gen_regfile_ff.register_file_i.rf_reg_q\[510\]$_DFFE_PN0P_/D
iter:502, pass:2, current fixing endpoint: gen_regfile_ff.register_file_i.rf_reg_q\[382\]$_DFFE_PN0P_/D, endpoint slack:-3.1565772e-10
      502 |       0 |      13 |       20 |      2 |    15 |   -0.321 |     -127.1 |    772 | gen_regfile_ff.register_file_i.rf_reg_q\[510\]$_DFFE_PN0P_/D
      503 |       0 |      13 |       20 |      2 |    15 |   -0.321 |     -127.1 |    772 | gen_regfile_ff.register_file_i.rf_reg_q\[510\]$_DFFE_PN0P_/D
iter:503, pass:1, current fixing endpoint: gen_regfile_ff.register_file_i.rf_reg_q\[222\]$_DFFE_PN0P_/D, endpoint slack:-3.1549252e-10
      504 |       0 |      14 |       20 |      2 |    15 |   -0.321 |     -127.7 |    772 | gen_regfile_ff.register_file_i.rf_reg_q\[510\]$_DFFE_PN0P_/D
iter:504, pass:2, current fixing endpoint: gen_regfile_ff.register_file_i.rf_reg_q\[222\]$_DFFE_PN0P_/D, endpoint slack:-3.156393e-10
      504 |       0 |      13 |       20 |      2 |    15 |   -0.321 |     -127.1 |    772 | gen_regfile_ff.register_file_i.rf_reg_q\[510\]$_DFFE_PN0P_/D
      505 |       0 |      13 |       20 |      2 |    15 |   -0.321 |     -127.1 |    772 | gen_regfile_ff.register_file_i.rf_reg_q\[510\]$_DFFE_PN0P_/D
iter:505, pass:1, current fixing endpoint: gen_regfile_ff.register_file_i.rf_reg_q\[478\]$_DFFE_PN0P_/D, endpoint slack:-3.1543235e-10
      506 |       0 |      14 |       20 |      2 |    15 |   -0.321 |     -127.7 |    772 | gen_regfile_ff.register_file_i.rf_reg_q\[510\]$_DFFE_PN0P_/D
iter:506, pass:2, current fixing endpoint: gen_regfile_ff.register_file_i.rf_reg_q\[478\]$_DFFE_PN0P_/D, endpoint slack:-3.1557912e-10
      506 |       0 |      13 |       20 |      2 |    15 |   -0.321 |     -127.1 |    772 | gen_regfile_ff.register_file_i.rf_reg_q\[510\]$_DFFE_PN0P_/D
      507 |       0 |      13 |       20 |      2 |    15 |   -0.321 |     -127.1 |    772 | gen_regfile_ff.register_file_i.rf_reg_q\[510\]$_DFFE_PN0P_/D
iter:507, pass:1, current fixing endpoint: gen_regfile_ff.register_file_i.rf_reg_q\[158\]$_DFFE_PN0P_/D, endpoint slack:-3.1498337e-10
      508 |       0 |      14 |       20 |      2 |    15 |   -0.321 |     -127.7 |    772 | gen_regfile_ff.register_file_i.rf_reg_q\[510\]$_DFFE_PN0P_/D
iter:508, pass:2, current fixing endpoint: gen_regfile_ff.register_file_i.rf_reg_q\[158\]$_DFFE_PN0P_/D, endpoint slack:-3.1513014e-10
      508 |       0 |      13 |       20 |      2 |    15 |   -0.321 |     -127.1 |    772 | gen_regfile_ff.register_file_i.rf_reg_q\[510\]$_DFFE_PN0P_/D
      509 |       0 |      13 |       20 |      2 |    15 |   -0.321 |     -127.1 |    772 | gen_regfile_ff.register_file_i.rf_reg_q\[510\]$_DFFE_PN0P_/D
iter:509, pass:1, current fixing endpoint: gen_regfile_ff.register_file_i.rf_reg_q\[990\]$_DFFE_PN0P_/D, endpoint slack:-3.1463432e-10
      510 |       0 |      14 |       20 |      2 |    15 |   -0.321 |     -127.7 |    772 | gen_regfile_ff.register_file_i.rf_reg_q\[510\]$_DFFE_PN0P_/D
iter:510, pass:2, current fixing endpoint: gen_regfile_ff.register_file_i.rf_reg_q\[990\]$_DFFE_PN0P_/D, endpoint slack:-3.147813e-10
      510 |       0 |      13 |       20 |      2 |    15 |   -0.321 |     -127.1 |    772 | gen_regfile_ff.register_file_i.rf_reg_q\[510\]$_DFFE_PN0P_/D
      511 |       0 |      13 |       20 |      2 |    15 |   -0.321 |     -127.1 |    772 | gen_regfile_ff.register_file_i.rf_reg_q\[510\]$_DFFE_PN0P_/D
iter:511, pass:1, current fixing endpoint: gen_regfile_ff.register_file_i.rf_reg_q\[606\]$_DFFE_PN0P_/D, endpoint slack:-3.1440406e-10
      512 |       0 |      14 |       20 |      2 |    15 |   -0.321 |     -127.7 |    772 | gen_regfile_ff.register_file_i.rf_reg_q\[510\]$_DFFE_PN0P_/D
iter:512, pass:2, current fixing endpoint: gen_regfile_ff.register_file_i.rf_reg_q\[606\]$_DFFE_PN0P_/D, endpoint slack:-3.1455083e-10
      512 |       0 |      13 |       20 |      2 |    15 |   -0.321 |     -127.1 |    772 | gen_regfile_ff.register_file_i.rf_reg_q\[510\]$_DFFE_PN0P_/D
      513 |       0 |      13 |       20 |      2 |    15 |   -0.321 |     -127.1 |    772 | gen_regfile_ff.register_file_i.rf_reg_q\[510\]$_DFFE_PN0P_/D
iter:513, pass:1, current fixing endpoint: gen_regfile_ff.register_file_i.rf_reg_q\[766\]$_DFFE_PN0P_/D, endpoint slack:-3.1429526e-10
      514 |       0 |      14 |       20 |      2 |    15 |   -0.321 |     -127.7 |    772 | gen_regfile_ff.register_file_i.rf_reg_q\[510\]$_DFFE_PN0P_/D
iter:514, pass:2, current fixing endpoint: gen_regfile_ff.register_file_i.rf_reg_q\[766\]$_DFFE_PN0P_/D, endpoint slack:-3.1444203e-10
      514 |       0 |      13 |       20 |      2 |    15 |   -0.321 |     -127.1 |    772 | gen_regfile_ff.register_file_i.rf_reg_q\[510\]$_DFFE_PN0P_/D
      515 |       0 |      13 |       20 |      2 |    15 |   -0.321 |     -127.1 |    772 | gen_regfile_ff.register_file_i.rf_reg_q\[510\]$_DFFE_PN0P_/D
iter:515, pass:1, current fixing endpoint: gen_regfile_ff.register_file_i.rf_reg_q\[862\]$_DFFE_PN0P_/D, endpoint slack:-3.1412517e-10
      516 |       0 |      14 |       20 |      2 |    15 |   -0.321 |     -127.7 |    772 | gen_regfile_ff.register_file_i.rf_reg_q\[510\]$_DFFE_PN0P_/D
iter:516, pass:2, current fixing endpoint: gen_regfile_ff.register_file_i.rf_reg_q\[862\]$_DFFE_PN0P_/D, endpoint slack:-3.1427194e-10
      516 |       0 |      13 |       20 |      2 |    15 |   -0.321 |     -127.1 |    772 | gen_regfile_ff.register_file_i.rf_reg_q\[510\]$_DFFE_PN0P_/D
      517 |       0 |      13 |       20 |      2 |    15 |   -0.321 |     -127.1 |    772 | gen_regfile_ff.register_file_i.rf_reg_q\[510\]$_DFFE_PN0P_/D
iter:517, pass:1, current fixing endpoint: gen_regfile_ff.register_file_i.rf_reg_q\[446\]$_DFFE_PN0P_/D, endpoint slack:-3.1394332e-10
      518 |       0 |      14 |       20 |      2 |    15 |   -0.321 |     -127.7 |    772 | gen_regfile_ff.register_file_i.rf_reg_q\[510\]$_DFFE_PN0P_/D
iter:518, pass:2, current fixing endpoint: gen_regfile_ff.register_file_i.rf_reg_q\[446\]$_DFFE_PN0P_/D, endpoint slack:-3.140901e-10
      518 |       0 |      13 |       20 |      2 |    15 |   -0.321 |     -127.1 |    772 | gen_regfile_ff.register_file_i.rf_reg_q\[510\]$_DFFE_PN0P_/D
      519 |       0 |      13 |       20 |      2 |    15 |   -0.321 |     -127.1 |    772 | gen_regfile_ff.register_file_i.rf_reg_q\[510\]$_DFFE_PN0P_/D
iter:519, pass:1, current fixing endpoint: gen_regfile_ff.register_file_i.rf_reg_q\[798\]$_DFFE_PN0P_/D, endpoint slack:-3.138152e-10
      520 |       0 |      14 |       20 |      2 |    15 |   -0.321 |     -127.7 |    772 | gen_regfile_ff.register_file_i.rf_reg_q\[510\]$_DFFE_PN0P_/D
iter:520, pass:2, current fixing endpoint: gen_regfile_ff.register_file_i.rf_reg_q\[798\]$_DFFE_PN0P_/D, endpoint slack:-3.1396197e-10
      520 |       0 |      13 |       20 |      2 |    15 |   -0.321 |     -127.1 |    772 | gen_regfile_ff.register_file_i.rf_reg_q\[510\]$_DFFE_PN0P_/D
      521 |       0 |      13 |       20 |      2 |    15 |   -0.321 |     -127.1 |    772 | gen_regfile_ff.register_file_i.rf_reg_q\[510\]$_DFFE_PN0P_/D
iter:521, pass:1, current fixing endpoint: gen_regfile_ff.register_file_i.rf_reg_q\[830\]$_DFFE_PN0P_/D, endpoint slack:-3.1377434e-10
      522 |       0 |      14 |       20 |      2 |    15 |   -0.321 |     -127.7 |    772 | gen_regfile_ff.register_file_i.rf_reg_q\[510\]$_DFFE_PN0P_/D
iter:522, pass:2, current fixing endpoint: gen_regfile_ff.register_file_i.rf_reg_q\[830\]$_DFFE_PN0P_/D, endpoint slack:-3.139211e-10
      522 |       0 |      13 |       20 |      2 |    15 |   -0.321 |     -127.1 |    772 | gen_regfile_ff.register_file_i.rf_reg_q\[510\]$_DFFE_PN0P_/D
      523 |       0 |      13 |       20 |      2 |    15 |   -0.321 |     -127.1 |    772 | gen_regfile_ff.register_file_i.rf_reg_q\[510\]$_DFFE_PN0P_/D
iter:523, pass:1, current fixing endpoint: gen_regfile_ff.register_file_i.rf_reg_q\[318\]$_DFFE_PN0P_/D, endpoint slack:-3.1375103e-10
      524 |       0 |      14 |       20 |      2 |    15 |   -0.321 |     -127.7 |    772 | gen_regfile_ff.register_file_i.rf_reg_q\[510\]$_DFFE_PN0P_/D
iter:524, pass:2, current fixing endpoint: gen_regfile_ff.register_file_i.rf_reg_q\[318\]$_DFFE_PN0P_/D, endpoint slack:-3.138978e-10
      524 |       0 |      13 |       20 |      2 |    15 |   -0.321 |     -127.1 |    772 | gen_regfile_ff.register_file_i.rf_reg_q\[510\]$_DFFE_PN0P_/D
      525 |       0 |      13 |       20 |      2 |    15 |   -0.321 |     -127.1 |    772 | gen_regfile_ff.register_file_i.rf_reg_q\[510\]$_DFFE_PN0P_/D
iter:525, pass:1, current fixing endpoint: instr_addr_o[31], endpoint slack:-3.1323344e-10
      526 |       0 |      14 |       20 |      2 |    15 |   -0.321 |     -127.1 |    772 | gen_regfile_ff.register_file_i.rf_reg_q\[510\]$_DFFE_PN0P_/D
iter:526, pass:2, current fixing endpoint: instr_addr_o[31], endpoint slack:-3.1504777e-10
      527 |       0 |      14 |       20 |      3 |    15 |   -0.321 |     -127.1 |    772 | gen_regfile_ff.register_file_i.rf_reg_q\[510\]$_DFFE_PN0P_/D
iter:527, pass:3, current fixing endpoint: instr_addr_o[31], endpoint slack:-3.1847724e-10
      528 |       0 |      14 |       22 |      3 |    15 |   -0.321 |     -127.1 |    772 | gen_regfile_ff.register_file_i.rf_reg_q\[510\]$_DFFE_PN0P_/D
iter:528, pass:4, current fixing endpoint: instr_addr_o[31], endpoint slack:-3.1380387e-10
      529 |       0 |      15 |       22 |      3 |    15 |   -0.321 |     -127.1 |    772 | gen_regfile_ff.register_file_i.rf_reg_q\[510\]$_DFFE_PN0P_/D
iter:529, pass:5, current fixing endpoint: instr_addr_o[31], endpoint slack:-3.1800584e-10
      530 |       0 |      15 |       24 |      3 |    15 |   -0.321 |     -127.1 |    772 | gen_regfile_ff.register_file_i.rf_reg_q\[510\]$_DFFE_PN0P_/D
iter:530, pass:6, current fixing endpoint: instr_addr_o[31], endpoint slack:-3.142968e-10
      531 |       0 |      16 |       24 |      3 |    15 |   -0.321 |     -127.1 |    772 | gen_regfile_ff.register_file_i.rf_reg_q\[510\]$_DFFE_PN0P_/D
iter:531, pass:7, current fixing endpoint: instr_addr_o[31], endpoint slack:-3.1407232e-10
      531 |       0 |      13 |       22 |      2 |    15 |   -0.321 |     -127.1 |    772 | gen_regfile_ff.register_file_i.rf_reg_q\[510\]$_DFFE_PN0P_/D
      532 |       0 |      13 |       22 |      2 |    15 |   -0.321 |     -127.1 |    772 | gen_regfile_ff.register_file_i.rf_reg_q\[510\]$_DFFE_PN0P_/D
iter:532, pass:1, current fixing endpoint: gen_regfile_ff.register_file_i.rf_reg_q\[414\]$_DFFE_PN0P_/D, endpoint slack:-3.1316416e-10
      533 |       0 |      14 |       22 |      2 |    15 |   -0.321 |     -127.7 |    772 | gen_regfile_ff.register_file_i.rf_reg_q\[510\]$_DFFE_PN0P_/D
iter:533, pass:2, current fixing endpoint: gen_regfile_ff.register_file_i.rf_reg_q\[414\]$_DFFE_PN0P_/D, endpoint slack:-3.1331093e-10
      533 |       0 |      13 |       22 |      2 |    15 |   -0.321 |     -127.1 |    772 | gen_regfile_ff.register_file_i.rf_reg_q\[510\]$_DFFE_PN0P_/D
      534 |       0 |      13 |       22 |      2 |    15 |   -0.321 |     -127.1 |    772 | gen_regfile_ff.register_file_i.rf_reg_q\[510\]$_DFFE_PN0P_/D
iter:534, pass:1, current fixing endpoint: gen_regfile_ff.register_file_i.rf_reg_q\[894\]$_DFFE_PN0P_/D, endpoint slack:-2.9047298e-10
      535 |       0 |      14 |       22 |      2 |    15 |   -0.321 |     -127.7 |    772 | gen_regfile_ff.register_file_i.rf_reg_q\[510\]$_DFFE_PN0P_/D
iter:535, pass:2, current fixing endpoint: gen_regfile_ff.register_file_i.rf_reg_q\[894\]$_DFFE_PN0P_/D, endpoint slack:-2.9061975e-10
      535 |       0 |      13 |       22 |      2 |    15 |   -0.321 |     -127.1 |    772 | gen_regfile_ff.register_file_i.rf_reg_q\[510\]$_DFFE_PN0P_/D
      536 |       0 |      13 |       22 |      2 |    15 |   -0.321 |     -127.1 |    772 | gen_regfile_ff.register_file_i.rf_reg_q\[510\]$_DFFE_PN0P_/D
iter:536, pass:1, current fixing endpoint: gen_regfile_ff.register_file_i.rf_reg_q\[27\]$_DFFE_PN0P_/D, endpoint slack:-2.6424285e-10
      537 |       0 |      14 |       22 |      2 |    15 |   -0.323 |     -127.5 |    772 | gen_regfile_ff.register_file_i.rf_reg_q\[510\]$_DFFE_PN0P_/D
iter:537, pass:2, current fixing endpoint: gen_regfile_ff.register_file_i.rf_reg_q\[27\]$_DFFE_PN0P_/D, endpoint slack:-2.633076e-10
      537 |       0 |      13 |       22 |      2 |    15 |   -0.321 |     -127.1 |    772 | gen_regfile_ff.register_file_i.rf_reg_q\[510\]$_DFFE_PN0P_/D
      538 |       0 |      13 |       22 |      2 |    15 |   -0.321 |     -127.1 |    772 | gen_regfile_ff.register_file_i.rf_reg_q\[510\]$_DFFE_PN0P_/D
iter:538, pass:1, current fixing endpoint: gen_regfile_ff.register_file_i.rf_reg_q\[155\]$_DFFE_PN0P_/D, endpoint slack:-2.6253066e-10
      539 |       0 |      14 |       22 |      2 |    15 |   -0.323 |     -127.5 |    772 | gen_regfile_ff.register_file_i.rf_reg_q\[510\]$_DFFE_PN0P_/D
iter:539, pass:2, current fixing endpoint: gen_regfile_ff.register_file_i.rf_reg_q\[155\]$_DFFE_PN0P_/D, endpoint slack:-2.615954e-10
      539 |       0 |      13 |       22 |      2 |    15 |   -0.321 |     -127.1 |    772 | gen_regfile_ff.register_file_i.rf_reg_q\[510\]$_DFFE_PN0P_/D
      540 |       0 |      13 |       22 |      2 |    15 |   -0.321 |     -127.1 |    772 | gen_regfile_ff.register_file_i.rf_reg_q\[510\]$_DFFE_PN0P_/D
iter:540, pass:1, current fixing endpoint: gen_regfile_ff.register_file_i.rf_reg_q\[123\]$_DFFE_PN0P_/D, endpoint slack:-2.6161429e-10
      541 |       0 |      14 |       22 |      2 |    15 |   -0.323 |     -127.5 |    772 | gen_regfile_ff.register_file_i.rf_reg_q\[510\]$_DFFE_PN0P_/D
iter:541, pass:2, current fixing endpoint: gen_regfile_ff.register_file_i.rf_reg_q\[123\]$_DFFE_PN0P_/D, endpoint slack:-2.6067903e-10
      541 |       0 |      13 |       22 |      2 |    15 |   -0.321 |     -127.1 |    772 | gen_regfile_ff.register_file_i.rf_reg_q\[510\]$_DFFE_PN0P_/D
      542 |       0 |      13 |       22 |      2 |    15 |   -0.321 |     -127.1 |    772 | gen_regfile_ff.register_file_i.rf_reg_q\[510\]$_DFFE_PN0P_/D
iter:542, pass:1, current fixing endpoint: gen_regfile_ff.register_file_i.rf_reg_q\[219\]$_DFFE_PN0P_/D, endpoint slack:-2.613414e-10
      543 |       0 |      14 |       22 |      2 |    15 |   -0.323 |     -127.5 |    772 | gen_regfile_ff.register_file_i.rf_reg_q\[510\]$_DFFE_PN0P_/D
iter:543, pass:2, current fixing endpoint: gen_regfile_ff.register_file_i.rf_reg_q\[219\]$_DFFE_PN0P_/D, endpoint slack:-2.6040614e-10
      543 |       0 |      13 |       22 |      2 |    15 |   -0.321 |     -127.1 |    772 | gen_regfile_ff.register_file_i.rf_reg_q\[510\]$_DFFE_PN0P_/D
      544 |       0 |      13 |       22 |      2 |    15 |   -0.321 |     -127.1 |    772 | gen_regfile_ff.register_file_i.rf_reg_q\[510\]$_DFFE_PN0P_/D
iter:544, pass:1, current fixing endpoint: gen_regfile_ff.register_file_i.rf_reg_q\[603\]$_DFFE_PN0P_/D, endpoint slack:-2.609688e-10
      545 |       0 |      14 |       22 |      2 |    15 |   -0.323 |     -127.5 |    772 | gen_regfile_ff.register_file_i.rf_reg_q\[510\]$_DFFE_PN0P_/D
iter:545, pass:2, current fixing endpoint: gen_regfile_ff.register_file_i.rf_reg_q\[603\]$_DFFE_PN0P_/D, endpoint slack:-2.6003355e-10
      545 |       0 |      13 |       22 |      2 |    15 |   -0.321 |     -127.1 |    772 | gen_regfile_ff.register_file_i.rf_reg_q\[510\]$_DFFE_PN0P_/D
      546 |       0 |      13 |       22 |      2 |    15 |   -0.321 |     -127.1 |    772 | gen_regfile_ff.register_file_i.rf_reg_q\[510\]$_DFFE_PN0P_/D
iter:546, pass:1, current fixing endpoint: gen_regfile_ff.register_file_i.rf_reg_q\[187\]$_DFFE_PN0P_/D, endpoint slack:-2.6078317e-10
      547 |       0 |      14 |       22 |      2 |    15 |   -0.323 |     -127.5 |    772 | gen_regfile_ff.register_file_i.rf_reg_q\[510\]$_DFFE_PN0P_/D
iter:547, pass:2, current fixing endpoint: gen_regfile_ff.register_file_i.rf_reg_q\[187\]$_DFFE_PN0P_/D, endpoint slack:-2.5984792e-10
      547 |       0 |      13 |       22 |      2 |    15 |   -0.321 |     -127.1 |    772 | gen_regfile_ff.register_file_i.rf_reg_q\[510\]$_DFFE_PN0P_/D
--------------------
update violating ends at fixEndpointNum 190
top element of violating ends is: gen_regfile_ff.register_file_i.rf_reg_q\[510\]$_DFFE_PN0P_/D
--------------------
      548 |       0 |      13 |       22 |      2 |    15 |   -0.321 |     -127.1 |    772 | gen_regfile_ff.register_file_i.rf_reg_q\[510\]$_DFFE_PN0P_/D
iter:548, pass:1, current fixing endpoint: gen_regfile_ff.register_file_i.rf_reg_q\[510\]$_DFFE_PN0P_/D, endpoint slack:-3.207774e-10
      549 |       0 |      14 |       22 |      2 |    15 |   -0.321 |     -127.7 |    772 | gen_regfile_ff.register_file_i.rf_reg_q\[510\]$_DFFE_PN0P_/D
iter:549, pass:2, current fixing endpoint: gen_regfile_ff.register_file_i.rf_reg_q\[510\]$_DFFE_PN0P_/D, endpoint slack:-3.2092418e-10
      549 |       0 |      13 |       22 |      2 |    15 |   -0.321 |     -127.1 |    772 | gen_regfile_ff.register_file_i.rf_reg_q\[510\]$_DFFE_PN0P_/D
      550 |       0 |      13 |       22 |      2 |    15 |   -0.321 |     -127.1 |    772 | gen_regfile_ff.register_file_i.rf_reg_q\[510\]$_DFFE_PN0P_/D
iter:550, pass:1, current fixing endpoint: gen_regfile_ff.register_file_i.rf_reg_q\[30\]$_DFFE_PN0P_/D, endpoint slack:-3.207672e-10
      551 |       0 |      14 |       22 |      2 |    15 |   -0.321 |     -127.7 |    772 | gen_regfile_ff.register_file_i.rf_reg_q\[510\]$_DFFE_PN0P_/D
iter:551, pass:2, current fixing endpoint: gen_regfile_ff.register_file_i.rf_reg_q\[30\]$_DFFE_PN0P_/D, endpoint slack:-3.2091396e-10
      551 |       0 |      13 |       22 |      2 |    15 |   -0.321 |     -127.1 |    772 | gen_regfile_ff.register_file_i.rf_reg_q\[510\]$_DFFE_PN0P_/D
      552 |       0 |      13 |       22 |      2 |    15 |   -0.321 |     -127.1 |    772 | gen_regfile_ff.register_file_i.rf_reg_q\[510\]$_DFFE_PN0P_/D
iter:552, pass:1, current fixing endpoint: gen_regfile_ff.register_file_i.rf_reg_q\[926\]$_DFFE_PN0P_/D, endpoint slack:-3.2011416e-10
      553 |       0 |      14 |       22 |      2 |    15 |   -0.321 |     -127.7 |    772 | gen_regfile_ff.register_file_i.rf_reg_q\[510\]$_DFFE_PN0P_/D
iter:553, pass:2, current fixing endpoint: gen_regfile_ff.register_file_i.rf_reg_q\[926\]$_DFFE_PN0P_/D, endpoint slack:-3.2026093e-10
      553 |       0 |      13 |       22 |      2 |    15 |   -0.321 |     -127.1 |    772 | gen_regfile_ff.register_file_i.rf_reg_q\[510\]$_DFFE_PN0P_/D
      554 |       0 |      13 |       22 |      2 |    15 |   -0.321 |     -127.1 |    772 | gen_regfile_ff.register_file_i.rf_reg_q\[510\]$_DFFE_PN0P_/D
iter:554, pass:1, current fixing endpoint: gen_regfile_ff.register_file_i.rf_reg_q\[574\]$_DFFE_PN0P_/D, endpoint slack:-3.1980463e-10
      555 |       0 |      14 |       22 |      2 |    15 |   -0.321 |     -127.7 |    772 | gen_regfile_ff.register_file_i.rf_reg_q\[510\]$_DFFE_PN0P_/D
iter:555, pass:2, current fixing endpoint: gen_regfile_ff.register_file_i.rf_reg_q\[574\]$_DFFE_PN0P_/D, endpoint slack:-3.199514e-10
      555 |       0 |      13 |       22 |      2 |    15 |   -0.321 |     -127.1 |    772 | gen_regfile_ff.register_file_i.rf_reg_q\[510\]$_DFFE_PN0P_/D
      556 |       0 |      13 |       22 |      2 |    15 |   -0.321 |     -127.1 |    772 | gen_regfile_ff.register_file_i.rf_reg_q\[510\]$_DFFE_PN0P_/D
iter:556, pass:1, current fixing endpoint: gen_regfile_ff.register_file_i.rf_reg_q\[542\]$_DFFE_PN0P_/D, endpoint slack:-3.190146e-10
      557 |       0 |      14 |       22 |      2 |    15 |   -0.321 |     -127.7 |    772 | gen_regfile_ff.register_file_i.rf_reg_q\[510\]$_DFFE_PN0P_/D
iter:557, pass:2, current fixing endpoint: gen_regfile_ff.register_file_i.rf_reg_q\[542\]$_DFFE_PN0P_/D, endpoint slack:-3.1916136e-10
      557 |       0 |      13 |       22 |      2 |    15 |   -0.321 |     -127.1 |    772 | gen_regfile_ff.register_file_i.rf_reg_q\[510\]$_DFFE_PN0P_/D
      558 |       0 |      13 |       22 |      2 |    15 |   -0.321 |     -127.1 |    772 | gen_regfile_ff.register_file_i.rf_reg_q\[510\]$_DFFE_PN0P_/D
iter:558, pass:1, current fixing endpoint: gen_regfile_ff.register_file_i.rf_reg_q\[126\]$_DFFE_PN0P_/D, endpoint slack:-3.18918e-10
      559 |       0 |      14 |       22 |      2 |    15 |   -0.321 |     -127.7 |    772 | gen_regfile_ff.register_file_i.rf_reg_q\[510\]$_DFFE_PN0P_/D
iter:559, pass:2, current fixing endpoint: gen_regfile_ff.register_file_i.rf_reg_q\[126\]$_DFFE_PN0P_/D, endpoint slack:-3.1906477e-10
      559 |       0 |      13 |       22 |      2 |    15 |   -0.321 |     -127.1 |    772 | gen_regfile_ff.register_file_i.rf_reg_q\[510\]$_DFFE_PN0P_/D
      560 |       0 |      13 |       22 |      2 |    15 |   -0.321 |     -127.1 |    772 | gen_regfile_ff.register_file_i.rf_reg_q\[510\]$_DFFE_PN0P_/D
iter:560, pass:1, current fixing endpoint: gen_regfile_ff.register_file_i.rf_reg_q\[94\]$_DFFE_PN0P_/D, endpoint slack:-3.1855651e-10
      561 |       0 |      14 |       22 |      2 |    15 |   -0.321 |     -127.7 |    772 | gen_regfile_ff.register_file_i.rf_reg_q\[510\]$_DFFE_PN0P_/D
iter:561, pass:2, current fixing endpoint: gen_regfile_ff.register_file_i.rf_reg_q\[94\]$_DFFE_PN0P_/D, endpoint slack:-3.1870329e-10
      561 |       0 |      13 |       22 |      2 |    15 |   -0.321 |     -127.1 |    772 | gen_regfile_ff.register_file_i.rf_reg_q\[510\]$_DFFE_PN0P_/D
      562 |       0 |      13 |       22 |      2 |    15 |   -0.321 |     -127.1 |    772 | gen_regfile_ff.register_file_i.rf_reg_q\[510\]$_DFFE_PN0P_/D
iter:562, pass:1, current fixing endpoint: gen_regfile_ff.register_file_i.rf_reg_q\[190\]$_DFFE_PN0P_/D, endpoint slack:-3.179963e-10
      563 |       0 |      14 |       22 |      2 |    15 |   -0.321 |     -127.7 |    772 | gen_regfile_ff.register_file_i.rf_reg_q\[510\]$_DFFE_PN0P_/D
iter:563, pass:2, current fixing endpoint: gen_regfile_ff.register_file_i.rf_reg_q\[190\]$_DFFE_PN0P_/D, endpoint slack:-3.1814307e-10
      563 |       0 |      13 |       22 |      2 |    15 |   -0.321 |     -127.1 |    772 | gen_regfile_ff.register_file_i.rf_reg_q\[510\]$_DFFE_PN0P_/D
      564 |       0 |      13 |       22 |      2 |    15 |   -0.321 |     -127.1 |    772 | gen_regfile_ff.register_file_i.rf_reg_q\[510\]$_DFFE_PN0P_/D
iter:564, pass:1, current fixing endpoint: gen_regfile_ff.register_file_i.rf_reg_q\[958\]$_DFFE_PN0P_/D, endpoint slack:-3.1768588e-10
      565 |       0 |      14 |       22 |      2 |    15 |   -0.321 |     -127.7 |    772 | gen_regfile_ff.register_file_i.rf_reg_q\[510\]$_DFFE_PN0P_/D
iter:565, pass:2, current fixing endpoint: gen_regfile_ff.register_file_i.rf_reg_q\[958\]$_DFFE_PN0P_/D, endpoint slack:-3.1783265e-10
      565 |       0 |      13 |       22 |      2 |    15 |   -0.321 |     -127.1 |    772 | gen_regfile_ff.register_file_i.rf_reg_q\[510\]$_DFFE_PN0P_/D
      566 |       0 |      13 |       22 |      2 |    15 |   -0.321 |     -127.1 |    772 | gen_regfile_ff.register_file_i.rf_reg_q\[510\]$_DFFE_PN0P_/D
iter:566, pass:1, current fixing endpoint: gen_regfile_ff.register_file_i.rf_reg_q\[62\]$_DFFE_PN0P_/D, endpoint slack:-3.1751757e-10
      567 |       0 |      14 |       22 |      2 |    15 |   -0.321 |     -127.7 |    772 | gen_regfile_ff.register_file_i.rf_reg_q\[510\]$_DFFE_PN0P_/D
iter:567, pass:2, current fixing endpoint: gen_regfile_ff.register_file_i.rf_reg_q\[62\]$_DFFE_PN0P_/D, endpoint slack:-3.1766434e-10
      567 |       0 |      13 |       22 |      2 |    15 |   -0.321 |     -127.1 |    772 | gen_regfile_ff.register_file_i.rf_reg_q\[510\]$_DFFE_PN0P_/D
      568 |       0 |      13 |       22 |      2 |    15 |   -0.321 |     -127.1 |    772 | gen_regfile_ff.register_file_i.rf_reg_q\[510\]$_DFFE_PN0P_/D
iter:568, pass:1, current fixing endpoint: gen_regfile_ff.register_file_i.rf_reg_q\[702\]$_DFFE_PN0P_/D, endpoint slack:-3.1717584e-10
      569 |       0 |      14 |       22 |      2 |    15 |   -0.321 |     -127.7 |    772 | gen_regfile_ff.register_file_i.rf_reg_q\[510\]$_DFFE_PN0P_/D
iter:569, pass:2, current fixing endpoint: gen_regfile_ff.register_file_i.rf_reg_q\[702\]$_DFFE_PN0P_/D, endpoint slack:-3.173226e-10
      569 |       0 |      13 |       22 |      2 |    15 |   -0.321 |     -127.1 |    772 | gen_regfile_ff.register_file_i.rf_reg_q\[510\]$_DFFE_PN0P_/D
      570 |       0 |      13 |       22 |      2 |    15 |   -0.321 |     -127.1 |    772 | gen_regfile_ff.register_file_i.rf_reg_q\[510\]$_DFFE_PN0P_/D
iter:570, pass:1, current fixing endpoint: gen_regfile_ff.register_file_i.rf_reg_q\[734\]$_DFFE_PN0P_/D, endpoint slack:-3.1705727e-10
      571 |       0 |      14 |       22 |      2 |    15 |   -0.321 |     -127.7 |    772 | gen_regfile_ff.register_file_i.rf_reg_q\[510\]$_DFFE_PN0P_/D
iter:571, pass:2, current fixing endpoint: gen_regfile_ff.register_file_i.rf_reg_q\[734\]$_DFFE_PN0P_/D, endpoint slack:-3.1720404e-10
      571 |       0 |      13 |       22 |      2 |    15 |   -0.321 |     -127.1 |    772 | gen_regfile_ff.register_file_i.rf_reg_q\[510\]$_DFFE_PN0P_/D
      572 |       0 |      13 |       22 |      2 |    15 |   -0.321 |     -127.1 |    772 | gen_regfile_ff.register_file_i.rf_reg_q\[510\]$_DFFE_PN0P_/D
iter:572, pass:1, current fixing endpoint: gen_regfile_ff.register_file_i.rf_reg_q\[670\]$_DFFE_PN0P_/D, endpoint slack:-3.1689584e-10
      573 |       0 |      14 |       22 |      2 |    15 |   -0.321 |     -127.7 |    772 | gen_regfile_ff.register_file_i.rf_reg_q\[510\]$_DFFE_PN0P_/D
iter:573, pass:2, current fixing endpoint: gen_regfile_ff.register_file_i.rf_reg_q\[670\]$_DFFE_PN0P_/D, endpoint slack:-3.1704261e-10
      573 |       0 |      13 |       22 |      2 |    15 |   -0.321 |     -127.1 |    772 | gen_regfile_ff.register_file_i.rf_reg_q\[510\]$_DFFE_PN0P_/D
      574 |       0 |      13 |       22 |      2 |    15 |   -0.321 |     -127.1 |    772 | gen_regfile_ff.register_file_i.rf_reg_q\[510\]$_DFFE_PN0P_/D
iter:574, pass:1, current fixing endpoint: gen_regfile_ff.register_file_i.rf_reg_q\[254\]$_DFFE_PN0P_/D, endpoint slack:-3.168259e-10
      575 |       0 |      14 |       22 |      2 |    15 |   -0.321 |     -127.7 |    772 | gen_regfile_ff.register_file_i.rf_reg_q\[510\]$_DFFE_PN0P_/D
iter:575, pass:2, current fixing endpoint: gen_regfile_ff.register_file_i.rf_reg_q\[254\]$_DFFE_PN0P_/D, endpoint slack:-3.1697267e-10
      575 |       0 |      13 |       22 |      2 |    15 |   -0.321 |     -127.1 |    772 | gen_regfile_ff.register_file_i.rf_reg_q\[510\]$_DFFE_PN0P_/D
      576 |       0 |      13 |       22 |      2 |    15 |   -0.321 |     -127.1 |    772 | gen_regfile_ff.register_file_i.rf_reg_q\[510\]$_DFFE_PN0P_/D
iter:576, pass:1, current fixing endpoint: gen_regfile_ff.register_file_i.rf_reg_q\[350\]$_DFFE_PN0P_/D, endpoint slack:-3.1681835e-10
      577 |       0 |      14 |       22 |      2 |    15 |   -0.321 |     -127.7 |    772 | gen_regfile_ff.register_file_i.rf_reg_q\[510\]$_DFFE_PN0P_/D
iter:577, pass:2, current fixing endpoint: gen_regfile_ff.register_file_i.rf_reg_q\[350\]$_DFFE_PN0P_/D, endpoint slack:-3.1696512e-10
      577 |       0 |      13 |       22 |      2 |    15 |   -0.321 |     -127.1 |    772 | gen_regfile_ff.register_file_i.rf_reg_q\[510\]$_DFFE_PN0P_/D
      578 |       0 |      13 |       22 |      2 |    15 |   -0.321 |     -127.1 |    772 | gen_regfile_ff.register_file_i.rf_reg_q\[510\]$_DFFE_PN0P_/D
iter:578, pass:1, current fixing endpoint: gen_regfile_ff.register_file_i.rf_reg_q\[286\]$_DFFE_PN0P_/D, endpoint slack:-3.1673708e-10
      579 |       0 |      14 |       22 |      2 |    15 |   -0.321 |     -127.7 |    772 | gen_regfile_ff.register_file_i.rf_reg_q\[510\]$_DFFE_PN0P_/D
iter:579, pass:2, current fixing endpoint: gen_regfile_ff.register_file_i.rf_reg_q\[286\]$_DFFE_PN0P_/D, endpoint slack:-3.1688385e-10
      579 |       0 |      13 |       22 |      2 |    15 |   -0.321 |     -127.1 |    772 | gen_regfile_ff.register_file_i.rf_reg_q\[510\]$_DFFE_PN0P_/D
      580 |       0 |      13 |       22 |      2 |    15 |   -0.321 |     -127.1 |    772 | gen_regfile_ff.register_file_i.rf_reg_q\[510\]$_DFFE_PN0P_/D
iter:580, pass:1, current fixing endpoint: gen_regfile_ff.register_file_i.rf_reg_q\[638\]$_DFFE_PN0P_/D, endpoint slack:-3.166456e-10
      581 |       0 |      14 |       22 |      2 |    15 |   -0.321 |     -127.7 |    772 | gen_regfile_ff.register_file_i.rf_reg_q\[510\]$_DFFE_PN0P_/D
iter:581, pass:2, current fixing endpoint: gen_regfile_ff.register_file_i.rf_reg_q\[638\]$_DFFE_PN0P_/D, endpoint slack:-3.1679237e-10
      581 |       0 |      13 |       22 |      2 |    15 |   -0.321 |     -127.1 |    772 | gen_regfile_ff.register_file_i.rf_reg_q\[510\]$_DFFE_PN0P_/D
      582 |       0 |      13 |       22 |      2 |    15 |   -0.321 |     -127.1 |    772 | gen_regfile_ff.register_file_i.rf_reg_q\[510\]$_DFFE_PN0P_/D
iter:582, pass:1, current fixing endpoint: gen_regfile_ff.register_file_i.rf_reg_q\[382\]$_DFFE_PN0P_/D, endpoint slack:-3.1551095e-10
      583 |       0 |      14 |       22 |      2 |    15 |   -0.321 |     -127.7 |    772 | gen_regfile_ff.register_file_i.rf_reg_q\[510\]$_DFFE_PN0P_/D
iter:583, pass:2, current fixing endpoint: gen_regfile_ff.register_file_i.rf_reg_q\[382\]$_DFFE_PN0P_/D, endpoint slack:-3.1565772e-10
      583 |       0 |      13 |       22 |      2 |    15 |   -0.321 |     -127.1 |    772 | gen_regfile_ff.register_file_i.rf_reg_q\[510\]$_DFFE_PN0P_/D
      584 |       0 |      13 |       22 |      2 |    15 |   -0.321 |     -127.1 |    772 | gen_regfile_ff.register_file_i.rf_reg_q\[510\]$_DFFE_PN0P_/D
iter:584, pass:1, current fixing endpoint: gen_regfile_ff.register_file_i.rf_reg_q\[222\]$_DFFE_PN0P_/D, endpoint slack:-3.1549252e-10
      585 |       0 |      14 |       22 |      2 |    15 |   -0.321 |     -127.7 |    772 | gen_regfile_ff.register_file_i.rf_reg_q\[510\]$_DFFE_PN0P_/D
iter:585, pass:2, current fixing endpoint: gen_regfile_ff.register_file_i.rf_reg_q\[222\]$_DFFE_PN0P_/D, endpoint slack:-3.156393e-10
      585 |       0 |      13 |       22 |      2 |    15 |   -0.321 |     -127.1 |    772 | gen_regfile_ff.register_file_i.rf_reg_q\[510\]$_DFFE_PN0P_/D
      586 |       0 |      13 |       22 |      2 |    15 |   -0.321 |     -127.1 |    772 | gen_regfile_ff.register_file_i.rf_reg_q\[510\]$_DFFE_PN0P_/D
iter:586, pass:1, current fixing endpoint: gen_regfile_ff.register_file_i.rf_reg_q\[478\]$_DFFE_PN0P_/D, endpoint slack:-3.1543235e-10
      587 |       0 |      14 |       22 |      2 |    15 |   -0.321 |     -127.7 |    772 | gen_regfile_ff.register_file_i.rf_reg_q\[510\]$_DFFE_PN0P_/D
iter:587, pass:2, current fixing endpoint: gen_regfile_ff.register_file_i.rf_reg_q\[478\]$_DFFE_PN0P_/D, endpoint slack:-3.1557912e-10
      587 |       0 |      13 |       22 |      2 |    15 |   -0.321 |     -127.1 |    772 | gen_regfile_ff.register_file_i.rf_reg_q\[510\]$_DFFE_PN0P_/D
      588 |       0 |      13 |       22 |      2 |    15 |   -0.321 |     -127.1 |    772 | gen_regfile_ff.register_file_i.rf_reg_q\[510\]$_DFFE_PN0P_/D
iter:588, pass:1, current fixing endpoint: gen_regfile_ff.register_file_i.rf_reg_q\[158\]$_DFFE_PN0P_/D, endpoint slack:-3.1498337e-10
      589 |       0 |      14 |       22 |      2 |    15 |   -0.321 |     -127.7 |    772 | gen_regfile_ff.register_file_i.rf_reg_q\[510\]$_DFFE_PN0P_/D
iter:589, pass:2, current fixing endpoint: gen_regfile_ff.register_file_i.rf_reg_q\[158\]$_DFFE_PN0P_/D, endpoint slack:-3.1513014e-10
      589 |       0 |      13 |       22 |      2 |    15 |   -0.321 |     -127.1 |    772 | gen_regfile_ff.register_file_i.rf_reg_q\[510\]$_DFFE_PN0P_/D
      590 |       0 |      13 |       22 |      2 |    15 |   -0.321 |     -127.1 |    772 | gen_regfile_ff.register_file_i.rf_reg_q\[510\]$_DFFE_PN0P_/D
iter:590, pass:1, current fixing endpoint: gen_regfile_ff.register_file_i.rf_reg_q\[990\]$_DFFE_PN0P_/D, endpoint slack:-3.1463432e-10
      591 |       0 |      14 |       22 |      2 |    15 |   -0.321 |     -127.7 |    772 | gen_regfile_ff.register_file_i.rf_reg_q\[510\]$_DFFE_PN0P_/D
iter:591, pass:2, current fixing endpoint: gen_regfile_ff.register_file_i.rf_reg_q\[990\]$_DFFE_PN0P_/D, endpoint slack:-3.147813e-10
      591 |       0 |      13 |       22 |      2 |    15 |   -0.321 |     -127.1 |    772 | gen_regfile_ff.register_file_i.rf_reg_q\[510\]$_DFFE_PN0P_/D
      592 |       0 |      13 |       22 |      2 |    15 |   -0.321 |     -127.1 |    772 | gen_regfile_ff.register_file_i.rf_reg_q\[510\]$_DFFE_PN0P_/D
iter:592, pass:1, current fixing endpoint: gen_regfile_ff.register_file_i.rf_reg_q\[606\]$_DFFE_PN0P_/D, endpoint slack:-3.1440406e-10
      593 |       0 |      14 |       22 |      2 |    15 |   -0.321 |     -127.7 |    772 | gen_regfile_ff.register_file_i.rf_reg_q\[510\]$_DFFE_PN0P_/D
iter:593, pass:2, current fixing endpoint: gen_regfile_ff.register_file_i.rf_reg_q\[606\]$_DFFE_PN0P_/D, endpoint slack:-3.1455083e-10
      593 |       0 |      13 |       22 |      2 |    15 |   -0.321 |     -127.1 |    772 | gen_regfile_ff.register_file_i.rf_reg_q\[510\]$_DFFE_PN0P_/D
      594 |       0 |      13 |       22 |      2 |    15 |   -0.321 |     -127.1 |    772 | gen_regfile_ff.register_file_i.rf_reg_q\[510\]$_DFFE_PN0P_/D
iter:594, pass:1, current fixing endpoint: gen_regfile_ff.register_file_i.rf_reg_q\[766\]$_DFFE_PN0P_/D, endpoint slack:-3.1429526e-10
      595 |       0 |      14 |       22 |      2 |    15 |   -0.321 |     -127.7 |    772 | gen_regfile_ff.register_file_i.rf_reg_q\[510\]$_DFFE_PN0P_/D
iter:595, pass:2, current fixing endpoint: gen_regfile_ff.register_file_i.rf_reg_q\[766\]$_DFFE_PN0P_/D, endpoint slack:-3.1444203e-10
      595 |       0 |      13 |       22 |      2 |    15 |   -0.321 |     -127.1 |    772 | gen_regfile_ff.register_file_i.rf_reg_q\[510\]$_DFFE_PN0P_/D
      596 |       0 |      13 |       22 |      2 |    15 |   -0.321 |     -127.1 |    772 | gen_regfile_ff.register_file_i.rf_reg_q\[510\]$_DFFE_PN0P_/D
iter:596, pass:1, current fixing endpoint: gen_regfile_ff.register_file_i.rf_reg_q\[862\]$_DFFE_PN0P_/D, endpoint slack:-3.1412517e-10
      597 |       0 |      14 |       22 |      2 |    15 |   -0.321 |     -127.7 |    772 | gen_regfile_ff.register_file_i.rf_reg_q\[510\]$_DFFE_PN0P_/D
iter:597, pass:2, current fixing endpoint: gen_regfile_ff.register_file_i.rf_reg_q\[862\]$_DFFE_PN0P_/D, endpoint slack:-3.1427194e-10
      597 |       0 |      13 |       22 |      2 |    15 |   -0.321 |     -127.1 |    772 | gen_regfile_ff.register_file_i.rf_reg_q\[510\]$_DFFE_PN0P_/D
      598 |       0 |      13 |       22 |      2 |    15 |   -0.321 |     -127.1 |    772 | gen_regfile_ff.register_file_i.rf_reg_q\[510\]$_DFFE_PN0P_/D
iter:598, pass:1, current fixing endpoint: gen_regfile_ff.register_file_i.rf_reg_q\[446\]$_DFFE_PN0P_/D, endpoint slack:-3.1394332e-10
      599 |       0 |      14 |       22 |      2 |    15 |   -0.321 |     -127.7 |    772 | gen_regfile_ff.register_file_i.rf_reg_q\[510\]$_DFFE_PN0P_/D
iter:599, pass:2, current fixing endpoint: gen_regfile_ff.register_file_i.rf_reg_q\[446\]$_DFFE_PN0P_/D, endpoint slack:-3.140901e-10
      599 |       0 |      13 |       22 |      2 |    15 |   -0.321 |     -127.1 |    772 | gen_regfile_ff.register_file_i.rf_reg_q\[510\]$_DFFE_PN0P_/D
      600 |       0 |      13 |       22 |      2 |    15 |   -0.321 |     -127.1 |    772 | gen_regfile_ff.register_file_i.rf_reg_q\[510\]$_DFFE_PN0P_/D
iter:600, pass:1, current fixing endpoint: gen_regfile_ff.register_file_i.rf_reg_q\[798\]$_DFFE_PN0P_/D, endpoint slack:-3.138152e-10
      601 |       0 |      14 |       22 |      2 |    15 |   -0.321 |     -127.7 |    772 | gen_regfile_ff.register_file_i.rf_reg_q\[510\]$_DFFE_PN0P_/D
iter:601, pass:2, current fixing endpoint: gen_regfile_ff.register_file_i.rf_reg_q\[798\]$_DFFE_PN0P_/D, endpoint slack:-3.1396197e-10
      601 |       0 |      13 |       22 |      2 |    15 |   -0.321 |     -127.1 |    772 | gen_regfile_ff.register_file_i.rf_reg_q\[510\]$_DFFE_PN0P_/D
      602 |       0 |      13 |       22 |      2 |    15 |   -0.321 |     -127.1 |    772 | gen_regfile_ff.register_file_i.rf_reg_q\[510\]$_DFFE_PN0P_/D
iter:602, pass:1, current fixing endpoint: gen_regfile_ff.register_file_i.rf_reg_q\[830\]$_DFFE_PN0P_/D, endpoint slack:-3.1377434e-10
      603 |       0 |      14 |       22 |      2 |    15 |   -0.321 |     -127.7 |    772 | gen_regfile_ff.register_file_i.rf_reg_q\[510\]$_DFFE_PN0P_/D
iter:603, pass:2, current fixing endpoint: gen_regfile_ff.register_file_i.rf_reg_q\[830\]$_DFFE_PN0P_/D, endpoint slack:-3.139211e-10
      603 |       0 |      13 |       22 |      2 |    15 |   -0.321 |     -127.1 |    772 | gen_regfile_ff.register_file_i.rf_reg_q\[510\]$_DFFE_PN0P_/D
      604 |       0 |      13 |       22 |      2 |    15 |   -0.321 |     -127.1 |    772 | gen_regfile_ff.register_file_i.rf_reg_q\[510\]$_DFFE_PN0P_/D
iter:604, pass:1, current fixing endpoint: gen_regfile_ff.register_file_i.rf_reg_q\[318\]$_DFFE_PN0P_/D, endpoint slack:-3.1375103e-10
      605 |       0 |      14 |       22 |      2 |    15 |   -0.321 |     -127.7 |    772 | gen_regfile_ff.register_file_i.rf_reg_q\[510\]$_DFFE_PN0P_/D
iter:605, pass:2, current fixing endpoint: gen_regfile_ff.register_file_i.rf_reg_q\[318\]$_DFFE_PN0P_/D, endpoint slack:-3.138978e-10
      605 |       0 |      13 |       22 |      2 |    15 |   -0.321 |     -127.1 |    772 | gen_regfile_ff.register_file_i.rf_reg_q\[510\]$_DFFE_PN0P_/D
      606 |       0 |      13 |       22 |      2 |    15 |   -0.321 |     -127.1 |    772 | gen_regfile_ff.register_file_i.rf_reg_q\[510\]$_DFFE_PN0P_/D
iter:606, pass:1, current fixing endpoint: instr_addr_o[31], endpoint slack:-3.1323344e-10
      607 |       0 |      14 |       22 |      2 |    15 |   -0.321 |     -127.1 |    772 | gen_regfile_ff.register_file_i.rf_reg_q\[510\]$_DFFE_PN0P_/D
iter:607, pass:2, current fixing endpoint: instr_addr_o[31], endpoint slack:-3.1504777e-10
      608 |       0 |      14 |       22 |      3 |    15 |   -0.321 |     -127.1 |    772 | gen_regfile_ff.register_file_i.rf_reg_q\[510\]$_DFFE_PN0P_/D
iter:608, pass:3, current fixing endpoint: instr_addr_o[31], endpoint slack:-3.1847724e-10
      609 |       0 |      14 |       24 |      3 |    15 |   -0.321 |     -127.1 |    772 | gen_regfile_ff.register_file_i.rf_reg_q\[510\]$_DFFE_PN0P_/D
iter:609, pass:4, current fixing endpoint: instr_addr_o[31], endpoint slack:-3.1380387e-10
      610 |       0 |      15 |       24 |      3 |    15 |   -0.321 |     -127.1 |    772 | gen_regfile_ff.register_file_i.rf_reg_q\[510\]$_DFFE_PN0P_/D
iter:610, pass:5, current fixing endpoint: instr_addr_o[31], endpoint slack:-3.1800584e-10
      611 |       0 |      15 |       26 |      3 |    15 |   -0.321 |     -127.1 |    772 | gen_regfile_ff.register_file_i.rf_reg_q\[510\]$_DFFE_PN0P_/D
iter:611, pass:6, current fixing endpoint: instr_addr_o[31], endpoint slack:-3.142968e-10
      612 |       0 |      16 |       26 |      3 |    15 |   -0.321 |     -127.1 |    772 | gen_regfile_ff.register_file_i.rf_reg_q\[510\]$_DFFE_PN0P_/D
iter:612, pass:7, current fixing endpoint: instr_addr_o[31], endpoint slack:-3.1407232e-10
      612 |       0 |      13 |       24 |      2 |    15 |   -0.321 |     -127.1 |    772 | gen_regfile_ff.register_file_i.rf_reg_q\[510\]$_DFFE_PN0P_/D
      613 |       0 |      13 |       24 |      2 |    15 |   -0.321 |     -127.1 |    772 | gen_regfile_ff.register_file_i.rf_reg_q\[510\]$_DFFE_PN0P_/D
iter:613, pass:1, current fixing endpoint: gen_regfile_ff.register_file_i.rf_reg_q\[414\]$_DFFE_PN0P_/D, endpoint slack:-3.1316416e-10
      614 |       0 |      14 |       24 |      2 |    15 |   -0.321 |     -127.7 |    772 | gen_regfile_ff.register_file_i.rf_reg_q\[510\]$_DFFE_PN0P_/D
iter:614, pass:2, current fixing endpoint: gen_regfile_ff.register_file_i.rf_reg_q\[414\]$_DFFE_PN0P_/D, endpoint slack:-3.1331093e-10
      614 |       0 |      13 |       24 |      2 |    15 |   -0.321 |     -127.1 |    772 | gen_regfile_ff.register_file_i.rf_reg_q\[510\]$_DFFE_PN0P_/D
      615 |       0 |      13 |       24 |      2 |    15 |   -0.321 |     -127.1 |    772 | gen_regfile_ff.register_file_i.rf_reg_q\[510\]$_DFFE_PN0P_/D
iter:615, pass:1, current fixing endpoint: gen_regfile_ff.register_file_i.rf_reg_q\[894\]$_DFFE_PN0P_/D, endpoint slack:-2.9047298e-10
      616 |       0 |      14 |       24 |      2 |    15 |   -0.321 |     -127.7 |    772 | gen_regfile_ff.register_file_i.rf_reg_q\[510\]$_DFFE_PN0P_/D
iter:616, pass:2, current fixing endpoint: gen_regfile_ff.register_file_i.rf_reg_q\[894\]$_DFFE_PN0P_/D, endpoint slack:-2.9061975e-10
      616 |       0 |      13 |       24 |      2 |    15 |   -0.321 |     -127.1 |    772 | gen_regfile_ff.register_file_i.rf_reg_q\[510\]$_DFFE_PN0P_/D
      617 |       0 |      13 |       24 |      2 |    15 |   -0.321 |     -127.1 |    772 | gen_regfile_ff.register_file_i.rf_reg_q\[510\]$_DFFE_PN0P_/D
iter:617, pass:1, current fixing endpoint: gen_regfile_ff.register_file_i.rf_reg_q\[27\]$_DFFE_PN0P_/D, endpoint slack:-2.6424285e-10
      618 |       0 |      14 |       24 |      2 |    15 |   -0.323 |     -127.5 |    772 | gen_regfile_ff.register_file_i.rf_reg_q\[510\]$_DFFE_PN0P_/D
iter:618, pass:2, current fixing endpoint: gen_regfile_ff.register_file_i.rf_reg_q\[27\]$_DFFE_PN0P_/D, endpoint slack:-2.633076e-10
      618 |       0 |      13 |       24 |      2 |    15 |   -0.321 |     -127.1 |    772 | gen_regfile_ff.register_file_i.rf_reg_q\[510\]$_DFFE_PN0P_/D
      619 |       0 |      13 |       24 |      2 |    15 |   -0.321 |     -127.1 |    772 | gen_regfile_ff.register_file_i.rf_reg_q\[510\]$_DFFE_PN0P_/D
iter:619, pass:1, current fixing endpoint: gen_regfile_ff.register_file_i.rf_reg_q\[155\]$_DFFE_PN0P_/D, endpoint slack:-2.6253066e-10
      620 |       0 |      14 |       24 |      2 |    15 |   -0.323 |     -127.5 |    772 | gen_regfile_ff.register_file_i.rf_reg_q\[510\]$_DFFE_PN0P_/D
iter:620, pass:2, current fixing endpoint: gen_regfile_ff.register_file_i.rf_reg_q\[155\]$_DFFE_PN0P_/D, endpoint slack:-2.615954e-10
      620 |       0 |      13 |       24 |      2 |    15 |   -0.321 |     -127.1 |    772 | gen_regfile_ff.register_file_i.rf_reg_q\[510\]$_DFFE_PN0P_/D
      621 |       0 |      13 |       24 |      2 |    15 |   -0.321 |     -127.1 |    772 | gen_regfile_ff.register_file_i.rf_reg_q\[510\]$_DFFE_PN0P_/D
iter:621, pass:1, current fixing endpoint: gen_regfile_ff.register_file_i.rf_reg_q\[123\]$_DFFE_PN0P_/D, endpoint slack:-2.6161429e-10
      622 |       0 |      14 |       24 |      2 |    15 |   -0.323 |     -127.5 |    772 | gen_regfile_ff.register_file_i.rf_reg_q\[510\]$_DFFE_PN0P_/D
iter:622, pass:2, current fixing endpoint: gen_regfile_ff.register_file_i.rf_reg_q\[123\]$_DFFE_PN0P_/D, endpoint slack:-2.6067903e-10
      622 |       0 |      13 |       24 |      2 |    15 |   -0.321 |     -127.1 |    772 | gen_regfile_ff.register_file_i.rf_reg_q\[510\]$_DFFE_PN0P_/D
      623 |       0 |      13 |       24 |      2 |    15 |   -0.321 |     -127.1 |    772 | gen_regfile_ff.register_file_i.rf_reg_q\[510\]$_DFFE_PN0P_/D
iter:623, pass:1, current fixing endpoint: gen_regfile_ff.register_file_i.rf_reg_q\[219\]$_DFFE_PN0P_/D, endpoint slack:-2.613414e-10
      624 |       0 |      14 |       24 |      2 |    15 |   -0.323 |     -127.5 |    772 | gen_regfile_ff.register_file_i.rf_reg_q\[510\]$_DFFE_PN0P_/D
iter:624, pass:2, current fixing endpoint: gen_regfile_ff.register_file_i.rf_reg_q\[219\]$_DFFE_PN0P_/D, endpoint slack:-2.6040614e-10
      624 |       0 |      13 |       24 |      2 |    15 |   -0.321 |     -127.1 |    772 | gen_regfile_ff.register_file_i.rf_reg_q\[510\]$_DFFE_PN0P_/D
      625 |       0 |      13 |       24 |      2 |    15 |   -0.321 |     -127.1 |    772 | gen_regfile_ff.register_file_i.rf_reg_q\[510\]$_DFFE_PN0P_/D
iter:625, pass:1, current fixing endpoint: gen_regfile_ff.register_file_i.rf_reg_q\[603\]$_DFFE_PN0P_/D, endpoint slack:-2.609688e-10
      626 |       0 |      14 |       24 |      2 |    15 |   -0.323 |     -127.5 |    772 | gen_regfile_ff.register_file_i.rf_reg_q\[510\]$_DFFE_PN0P_/D
iter:626, pass:2, current fixing endpoint: gen_regfile_ff.register_file_i.rf_reg_q\[603\]$_DFFE_PN0P_/D, endpoint slack:-2.6003355e-10
      626 |       0 |      13 |       24 |      2 |    15 |   -0.321 |     -127.1 |    772 | gen_regfile_ff.register_file_i.rf_reg_q\[510\]$_DFFE_PN0P_/D
      627 |       0 |      13 |       24 |      2 |    15 |   -0.321 |     -127.1 |    772 | gen_regfile_ff.register_file_i.rf_reg_q\[510\]$_DFFE_PN0P_/D
iter:627, pass:1, current fixing endpoint: gen_regfile_ff.register_file_i.rf_reg_q\[187\]$_DFFE_PN0P_/D, endpoint slack:-2.6078317e-10
      628 |       0 |      14 |       24 |      2 |    15 |   -0.323 |     -127.5 |    772 | gen_regfile_ff.register_file_i.rf_reg_q\[510\]$_DFFE_PN0P_/D
iter:628, pass:2, current fixing endpoint: gen_regfile_ff.register_file_i.rf_reg_q\[187\]$_DFFE_PN0P_/D, endpoint slack:-2.5984792e-10
      628 |       0 |      13 |       24 |      2 |    15 |   -0.321 |     -127.1 |    772 | gen_regfile_ff.register_file_i.rf_reg_q\[510\]$_DFFE_PN0P_/D
--------------------
update violating ends at fixEndpointNum 228
top element of violating ends is: gen_regfile_ff.register_file_i.rf_reg_q\[510\]$_DFFE_PN0P_/D
--------------------
      629 |       0 |      13 |       24 |      2 |    15 |   -0.321 |     -127.1 |    772 | gen_regfile_ff.register_file_i.rf_reg_q\[510\]$_DFFE_PN0P_/D
iter:629, pass:1, current fixing endpoint: gen_regfile_ff.register_file_i.rf_reg_q\[510\]$_DFFE_PN0P_/D, endpoint slack:-3.207774e-10
      630 |       0 |      14 |       24 |      2 |    15 |   -0.321 |     -127.7 |    772 | gen_regfile_ff.register_file_i.rf_reg_q\[510\]$_DFFE_PN0P_/D
iter:630, pass:2, current fixing endpoint: gen_regfile_ff.register_file_i.rf_reg_q\[510\]$_DFFE_PN0P_/D, endpoint slack:-3.2092418e-10
      630 |       0 |      13 |       24 |      2 |    15 |   -0.321 |     -127.1 |    772 | gen_regfile_ff.register_file_i.rf_reg_q\[510\]$_DFFE_PN0P_/D
      631 |       0 |      13 |       24 |      2 |    15 |   -0.321 |     -127.1 |    772 | gen_regfile_ff.register_file_i.rf_reg_q\[510\]$_DFFE_PN0P_/D
iter:631, pass:1, current fixing endpoint: gen_regfile_ff.register_file_i.rf_reg_q\[30\]$_DFFE_PN0P_/D, endpoint slack:-3.207672e-10
      632 |       0 |      14 |       24 |      2 |    15 |   -0.321 |     -127.7 |    772 | gen_regfile_ff.register_file_i.rf_reg_q\[510\]$_DFFE_PN0P_/D
iter:632, pass:2, current fixing endpoint: gen_regfile_ff.register_file_i.rf_reg_q\[30\]$_DFFE_PN0P_/D, endpoint slack:-3.2091396e-10
      632 |       0 |      13 |       24 |      2 |    15 |   -0.321 |     -127.1 |    772 | gen_regfile_ff.register_file_i.rf_reg_q\[510\]$_DFFE_PN0P_/D
      633 |       0 |      13 |       24 |      2 |    15 |   -0.321 |     -127.1 |    772 | gen_regfile_ff.register_file_i.rf_reg_q\[510\]$_DFFE_PN0P_/D
iter:633, pass:1, current fixing endpoint: gen_regfile_ff.register_file_i.rf_reg_q\[926\]$_DFFE_PN0P_/D, endpoint slack:-3.2011416e-10
      634 |       0 |      14 |       24 |      2 |    15 |   -0.321 |     -127.7 |    772 | gen_regfile_ff.register_file_i.rf_reg_q\[510\]$_DFFE_PN0P_/D
iter:634, pass:2, current fixing endpoint: gen_regfile_ff.register_file_i.rf_reg_q\[926\]$_DFFE_PN0P_/D, endpoint slack:-3.2026093e-10
      634 |       0 |      13 |       24 |      2 |    15 |   -0.321 |     -127.1 |    772 | gen_regfile_ff.register_file_i.rf_reg_q\[510\]$_DFFE_PN0P_/D
      635 |       0 |      13 |       24 |      2 |    15 |   -0.321 |     -127.1 |    772 | gen_regfile_ff.register_file_i.rf_reg_q\[510\]$_DFFE_PN0P_/D
iter:635, pass:1, current fixing endpoint: gen_regfile_ff.register_file_i.rf_reg_q\[574\]$_DFFE_PN0P_/D, endpoint slack:-3.1980463e-10
      636 |       0 |      14 |       24 |      2 |    15 |   -0.321 |     -127.7 |    772 | gen_regfile_ff.register_file_i.rf_reg_q\[510\]$_DFFE_PN0P_/D
iter:636, pass:2, current fixing endpoint: gen_regfile_ff.register_file_i.rf_reg_q\[574\]$_DFFE_PN0P_/D, endpoint slack:-3.199514e-10
      636 |       0 |      13 |       24 |      2 |    15 |   -0.321 |     -127.1 |    772 | gen_regfile_ff.register_file_i.rf_reg_q\[510\]$_DFFE_PN0P_/D
      637 |       0 |      13 |       24 |      2 |    15 |   -0.321 |     -127.1 |    772 | gen_regfile_ff.register_file_i.rf_reg_q\[510\]$_DFFE_PN0P_/D
iter:637, pass:1, current fixing endpoint: gen_regfile_ff.register_file_i.rf_reg_q\[542\]$_DFFE_PN0P_/D, endpoint slack:-3.190146e-10
      638 |       0 |      14 |       24 |      2 |    15 |   -0.321 |     -127.7 |    772 | gen_regfile_ff.register_file_i.rf_reg_q\[510\]$_DFFE_PN0P_/D
iter:638, pass:2, current fixing endpoint: gen_regfile_ff.register_file_i.rf_reg_q\[542\]$_DFFE_PN0P_/D, endpoint slack:-3.1916136e-10
      638 |       0 |      13 |       24 |      2 |    15 |   -0.321 |     -127.1 |    772 | gen_regfile_ff.register_file_i.rf_reg_q\[510\]$_DFFE_PN0P_/D
      639 |       0 |      13 |       24 |      2 |    15 |   -0.321 |     -127.1 |    772 | gen_regfile_ff.register_file_i.rf_reg_q\[510\]$_DFFE_PN0P_/D
iter:639, pass:1, current fixing endpoint: gen_regfile_ff.register_file_i.rf_reg_q\[126\]$_DFFE_PN0P_/D, endpoint slack:-3.18918e-10
      640 |       0 |      14 |       24 |      2 |    15 |   -0.321 |     -127.7 |    772 | gen_regfile_ff.register_file_i.rf_reg_q\[510\]$_DFFE_PN0P_/D
iter:640, pass:2, current fixing endpoint: gen_regfile_ff.register_file_i.rf_reg_q\[126\]$_DFFE_PN0P_/D, endpoint slack:-3.1906477e-10
      640 |       0 |      13 |       24 |      2 |    15 |   -0.321 |     -127.1 |    772 | gen_regfile_ff.register_file_i.rf_reg_q\[510\]$_DFFE_PN0P_/D
      641 |       0 |      13 |       24 |      2 |    15 |   -0.321 |     -127.1 |    772 | gen_regfile_ff.register_file_i.rf_reg_q\[510\]$_DFFE_PN0P_/D
iter:641, pass:1, current fixing endpoint: gen_regfile_ff.register_file_i.rf_reg_q\[94\]$_DFFE_PN0P_/D, endpoint slack:-3.1855651e-10
      642 |       0 |      14 |       24 |      2 |    15 |   -0.321 |     -127.7 |    772 | gen_regfile_ff.register_file_i.rf_reg_q\[510\]$_DFFE_PN0P_/D
iter:642, pass:2, current fixing endpoint: gen_regfile_ff.register_file_i.rf_reg_q\[94\]$_DFFE_PN0P_/D, endpoint slack:-3.1870329e-10
      642 |       0 |      13 |       24 |      2 |    15 |   -0.321 |     -127.1 |    772 | gen_regfile_ff.register_file_i.rf_reg_q\[510\]$_DFFE_PN0P_/D
      643 |       0 |      13 |       24 |      2 |    15 |   -0.321 |     -127.1 |    772 | gen_regfile_ff.register_file_i.rf_reg_q\[510\]$_DFFE_PN0P_/D
iter:643, pass:1, current fixing endpoint: gen_regfile_ff.register_file_i.rf_reg_q\[190\]$_DFFE_PN0P_/D, endpoint slack:-3.179963e-10
      644 |       0 |      14 |       24 |      2 |    15 |   -0.321 |     -127.7 |    772 | gen_regfile_ff.register_file_i.rf_reg_q\[510\]$_DFFE_PN0P_/D
iter:644, pass:2, current fixing endpoint: gen_regfile_ff.register_file_i.rf_reg_q\[190\]$_DFFE_PN0P_/D, endpoint slack:-3.1814307e-10
      644 |       0 |      13 |       24 |      2 |    15 |   -0.321 |     -127.1 |    772 | gen_regfile_ff.register_file_i.rf_reg_q\[510\]$_DFFE_PN0P_/D
      645 |       0 |      13 |       24 |      2 |    15 |   -0.321 |     -127.1 |    772 | gen_regfile_ff.register_file_i.rf_reg_q\[510\]$_DFFE_PN0P_/D
iter:645, pass:1, current fixing endpoint: gen_regfile_ff.register_file_i.rf_reg_q\[958\]$_DFFE_PN0P_/D, endpoint slack:-3.1768588e-10
      646 |       0 |      14 |       24 |      2 |    15 |   -0.321 |     -127.7 |    772 | gen_regfile_ff.register_file_i.rf_reg_q\[510\]$_DFFE_PN0P_/D
iter:646, pass:2, current fixing endpoint: gen_regfile_ff.register_file_i.rf_reg_q\[958\]$_DFFE_PN0P_/D, endpoint slack:-3.1783265e-10
      646 |       0 |      13 |       24 |      2 |    15 |   -0.321 |     -127.1 |    772 | gen_regfile_ff.register_file_i.rf_reg_q\[510\]$_DFFE_PN0P_/D
      647 |       0 |      13 |       24 |      2 |    15 |   -0.321 |     -127.1 |    772 | gen_regfile_ff.register_file_i.rf_reg_q\[510\]$_DFFE_PN0P_/D
iter:647, pass:1, current fixing endpoint: gen_regfile_ff.register_file_i.rf_reg_q\[62\]$_DFFE_PN0P_/D, endpoint slack:-3.1751757e-10
      648 |       0 |      14 |       24 |      2 |    15 |   -0.321 |     -127.7 |    772 | gen_regfile_ff.register_file_i.rf_reg_q\[510\]$_DFFE_PN0P_/D
iter:648, pass:2, current fixing endpoint: gen_regfile_ff.register_file_i.rf_reg_q\[62\]$_DFFE_PN0P_/D, endpoint slack:-3.1766434e-10
      648 |       0 |      13 |       24 |      2 |    15 |   -0.321 |     -127.1 |    772 | gen_regfile_ff.register_file_i.rf_reg_q\[510\]$_DFFE_PN0P_/D
      649 |       0 |      13 |       24 |      2 |    15 |   -0.321 |     -127.1 |    772 | gen_regfile_ff.register_file_i.rf_reg_q\[510\]$_DFFE_PN0P_/D
iter:649, pass:1, current fixing endpoint: gen_regfile_ff.register_file_i.rf_reg_q\[702\]$_DFFE_PN0P_/D, endpoint slack:-3.1717584e-10
      650 |       0 |      14 |       24 |      2 |    15 |   -0.321 |     -127.7 |    772 | gen_regfile_ff.register_file_i.rf_reg_q\[510\]$_DFFE_PN0P_/D
iter:650, pass:2, current fixing endpoint: gen_regfile_ff.register_file_i.rf_reg_q\[702\]$_DFFE_PN0P_/D, endpoint slack:-3.173226e-10
      650 |       0 |      13 |       24 |      2 |    15 |   -0.321 |     -127.1 |    772 | gen_regfile_ff.register_file_i.rf_reg_q\[510\]$_DFFE_PN0P_/D
      651 |       0 |      13 |       24 |      2 |    15 |   -0.321 |     -127.1 |    772 | gen_regfile_ff.register_file_i.rf_reg_q\[510\]$_DFFE_PN0P_/D
iter:651, pass:1, current fixing endpoint: gen_regfile_ff.register_file_i.rf_reg_q\[734\]$_DFFE_PN0P_/D, endpoint slack:-3.1705727e-10
      652 |       0 |      14 |       24 |      2 |    15 |   -0.321 |     -127.7 |    772 | gen_regfile_ff.register_file_i.rf_reg_q\[510\]$_DFFE_PN0P_/D
iter:652, pass:2, current fixing endpoint: gen_regfile_ff.register_file_i.rf_reg_q\[734\]$_DFFE_PN0P_/D, endpoint slack:-3.1720404e-10
      652 |       0 |      13 |       24 |      2 |    15 |   -0.321 |     -127.1 |    772 | gen_regfile_ff.register_file_i.rf_reg_q\[510\]$_DFFE_PN0P_/D
      653 |       0 |      13 |       24 |      2 |    15 |   -0.321 |     -127.1 |    772 | gen_regfile_ff.register_file_i.rf_reg_q\[510\]$_DFFE_PN0P_/D
iter:653, pass:1, current fixing endpoint: gen_regfile_ff.register_file_i.rf_reg_q\[670\]$_DFFE_PN0P_/D, endpoint slack:-3.1689584e-10
      654 |       0 |      14 |       24 |      2 |    15 |   -0.321 |     -127.7 |    772 | gen_regfile_ff.register_file_i.rf_reg_q\[510\]$_DFFE_PN0P_/D
iter:654, pass:2, current fixing endpoint: gen_regfile_ff.register_file_i.rf_reg_q\[670\]$_DFFE_PN0P_/D, endpoint slack:-3.1704261e-10
      654 |       0 |      13 |       24 |      2 |    15 |   -0.321 |     -127.1 |    772 | gen_regfile_ff.register_file_i.rf_reg_q\[510\]$_DFFE_PN0P_/D
      655 |       0 |      13 |       24 |      2 |    15 |   -0.321 |     -127.1 |    772 | gen_regfile_ff.register_file_i.rf_reg_q\[510\]$_DFFE_PN0P_/D
iter:655, pass:1, current fixing endpoint: gen_regfile_ff.register_file_i.rf_reg_q\[254\]$_DFFE_PN0P_/D, endpoint slack:-3.168259e-10
      656 |       0 |      14 |       24 |      2 |    15 |   -0.321 |     -127.7 |    772 | gen_regfile_ff.register_file_i.rf_reg_q\[510\]$_DFFE_PN0P_/D
iter:656, pass:2, current fixing endpoint: gen_regfile_ff.register_file_i.rf_reg_q\[254\]$_DFFE_PN0P_/D, endpoint slack:-3.1697267e-10
      656 |       0 |      13 |       24 |      2 |    15 |   -0.321 |     -127.1 |    772 | gen_regfile_ff.register_file_i.rf_reg_q\[510\]$_DFFE_PN0P_/D
      657 |       0 |      13 |       24 |      2 |    15 |   -0.321 |     -127.1 |    772 | gen_regfile_ff.register_file_i.rf_reg_q\[510\]$_DFFE_PN0P_/D
iter:657, pass:1, current fixing endpoint: gen_regfile_ff.register_file_i.rf_reg_q\[350\]$_DFFE_PN0P_/D, endpoint slack:-3.1681835e-10
      658 |       0 |      14 |       24 |      2 |    15 |   -0.321 |     -127.7 |    772 | gen_regfile_ff.register_file_i.rf_reg_q\[510\]$_DFFE_PN0P_/D
iter:658, pass:2, current fixing endpoint: gen_regfile_ff.register_file_i.rf_reg_q\[350\]$_DFFE_PN0P_/D, endpoint slack:-3.1696512e-10
      658 |       0 |      13 |       24 |      2 |    15 |   -0.321 |     -127.1 |    772 | gen_regfile_ff.register_file_i.rf_reg_q\[510\]$_DFFE_PN0P_/D
      659 |       0 |      13 |       24 |      2 |    15 |   -0.321 |     -127.1 |    772 | gen_regfile_ff.register_file_i.rf_reg_q\[510\]$_DFFE_PN0P_/D
iter:659, pass:1, current fixing endpoint: gen_regfile_ff.register_file_i.rf_reg_q\[286\]$_DFFE_PN0P_/D, endpoint slack:-3.1673708e-10
      660 |       0 |      14 |       24 |      2 |    15 |   -0.321 |     -127.7 |    772 | gen_regfile_ff.register_file_i.rf_reg_q\[510\]$_DFFE_PN0P_/D
iter:660, pass:2, current fixing endpoint: gen_regfile_ff.register_file_i.rf_reg_q\[286\]$_DFFE_PN0P_/D, endpoint slack:-3.1688385e-10
      660 |       0 |      13 |       24 |      2 |    15 |   -0.321 |     -127.1 |    772 | gen_regfile_ff.register_file_i.rf_reg_q\[510\]$_DFFE_PN0P_/D
      661 |       0 |      13 |       24 |      2 |    15 |   -0.321 |     -127.1 |    772 | gen_regfile_ff.register_file_i.rf_reg_q\[510\]$_DFFE_PN0P_/D
iter:661, pass:1, current fixing endpoint: gen_regfile_ff.register_file_i.rf_reg_q\[638\]$_DFFE_PN0P_/D, endpoint slack:-3.166456e-10
      662 |       0 |      14 |       24 |      2 |    15 |   -0.321 |     -127.7 |    772 | gen_regfile_ff.register_file_i.rf_reg_q\[510\]$_DFFE_PN0P_/D
iter:662, pass:2, current fixing endpoint: gen_regfile_ff.register_file_i.rf_reg_q\[638\]$_DFFE_PN0P_/D, endpoint slack:-3.1679237e-10
      662 |       0 |      13 |       24 |      2 |    15 |   -0.321 |     -127.1 |    772 | gen_regfile_ff.register_file_i.rf_reg_q\[510\]$_DFFE_PN0P_/D
      663 |       0 |      13 |       24 |      2 |    15 |   -0.321 |     -127.1 |    772 | gen_regfile_ff.register_file_i.rf_reg_q\[510\]$_DFFE_PN0P_/D
iter:663, pass:1, current fixing endpoint: gen_regfile_ff.register_file_i.rf_reg_q\[382\]$_DFFE_PN0P_/D, endpoint slack:-3.1551095e-10
      664 |       0 |      14 |       24 |      2 |    15 |   -0.321 |     -127.7 |    772 | gen_regfile_ff.register_file_i.rf_reg_q\[510\]$_DFFE_PN0P_/D
iter:664, pass:2, current fixing endpoint: gen_regfile_ff.register_file_i.rf_reg_q\[382\]$_DFFE_PN0P_/D, endpoint slack:-3.1565772e-10
      664 |       0 |      13 |       24 |      2 |    15 |   -0.321 |     -127.1 |    772 | gen_regfile_ff.register_file_i.rf_reg_q\[510\]$_DFFE_PN0P_/D
      665 |       0 |      13 |       24 |      2 |    15 |   -0.321 |     -127.1 |    772 | gen_regfile_ff.register_file_i.rf_reg_q\[510\]$_DFFE_PN0P_/D
iter:665, pass:1, current fixing endpoint: gen_regfile_ff.register_file_i.rf_reg_q\[222\]$_DFFE_PN0P_/D, endpoint slack:-3.1549252e-10
      666 |       0 |      14 |       24 |      2 |    15 |   -0.321 |     -127.7 |    772 | gen_regfile_ff.register_file_i.rf_reg_q\[510\]$_DFFE_PN0P_/D
iter:666, pass:2, current fixing endpoint: gen_regfile_ff.register_file_i.rf_reg_q\[222\]$_DFFE_PN0P_/D, endpoint slack:-3.156393e-10
      666 |       0 |      13 |       24 |      2 |    15 |   -0.321 |     -127.1 |    772 | gen_regfile_ff.register_file_i.rf_reg_q\[510\]$_DFFE_PN0P_/D
      667 |       0 |      13 |       24 |      2 |    15 |   -0.321 |     -127.1 |    772 | gen_regfile_ff.register_file_i.rf_reg_q\[510\]$_DFFE_PN0P_/D
iter:667, pass:1, current fixing endpoint: gen_regfile_ff.register_file_i.rf_reg_q\[478\]$_DFFE_PN0P_/D, endpoint slack:-3.1543235e-10
      668 |       0 |      14 |       24 |      2 |    15 |   -0.321 |     -127.7 |    772 | gen_regfile_ff.register_file_i.rf_reg_q\[510\]$_DFFE_PN0P_/D
iter:668, pass:2, current fixing endpoint: gen_regfile_ff.register_file_i.rf_reg_q\[478\]$_DFFE_PN0P_/D, endpoint slack:-3.1557912e-10
      668 |       0 |      13 |       24 |      2 |    15 |   -0.321 |     -127.1 |    772 | gen_regfile_ff.register_file_i.rf_reg_q\[510\]$_DFFE_PN0P_/D
      669 |       0 |      13 |       24 |      2 |    15 |   -0.321 |     -127.1 |    772 | gen_regfile_ff.register_file_i.rf_reg_q\[510\]$_DFFE_PN0P_/D
iter:669, pass:1, current fixing endpoint: gen_regfile_ff.register_file_i.rf_reg_q\[158\]$_DFFE_PN0P_/D, endpoint slack:-3.1498337e-10
      670 |       0 |      14 |       24 |      2 |    15 |   -0.321 |     -127.7 |    772 | gen_regfile_ff.register_file_i.rf_reg_q\[510\]$_DFFE_PN0P_/D
iter:670, pass:2, current fixing endpoint: gen_regfile_ff.register_file_i.rf_reg_q\[158\]$_DFFE_PN0P_/D, endpoint slack:-3.1513014e-10
      670 |       0 |      13 |       24 |      2 |    15 |   -0.321 |     -127.1 |    772 | gen_regfile_ff.register_file_i.rf_reg_q\[510\]$_DFFE_PN0P_/D
      671 |       0 |      13 |       24 |      2 |    15 |   -0.321 |     -127.1 |    772 | gen_regfile_ff.register_file_i.rf_reg_q\[510\]$_DFFE_PN0P_/D
iter:671, pass:1, current fixing endpoint: gen_regfile_ff.register_file_i.rf_reg_q\[990\]$_DFFE_PN0P_/D, endpoint slack:-3.1463432e-10
      672 |       0 |      14 |       24 |      2 |    15 |   -0.321 |     -127.7 |    772 | gen_regfile_ff.register_file_i.rf_reg_q\[510\]$_DFFE_PN0P_/D
iter:672, pass:2, current fixing endpoint: gen_regfile_ff.register_file_i.rf_reg_q\[990\]$_DFFE_PN0P_/D, endpoint slack:-3.147813e-10
      672 |       0 |      13 |       24 |      2 |    15 |   -0.321 |     -127.1 |    772 | gen_regfile_ff.register_file_i.rf_reg_q\[510\]$_DFFE_PN0P_/D
      673 |       0 |      13 |       24 |      2 |    15 |   -0.321 |     -127.1 |    772 | gen_regfile_ff.register_file_i.rf_reg_q\[510\]$_DFFE_PN0P_/D
iter:673, pass:1, current fixing endpoint: gen_regfile_ff.register_file_i.rf_reg_q\[606\]$_DFFE_PN0P_/D, endpoint slack:-3.1440406e-10
      674 |       0 |      14 |       24 |      2 |    15 |   -0.321 |     -127.7 |    772 | gen_regfile_ff.register_file_i.rf_reg_q\[510\]$_DFFE_PN0P_/D
iter:674, pass:2, current fixing endpoint: gen_regfile_ff.register_file_i.rf_reg_q\[606\]$_DFFE_PN0P_/D, endpoint slack:-3.1455083e-10
      674 |       0 |      13 |       24 |      2 |    15 |   -0.321 |     -127.1 |    772 | gen_regfile_ff.register_file_i.rf_reg_q\[510\]$_DFFE_PN0P_/D
      675 |       0 |      13 |       24 |      2 |    15 |   -0.321 |     -127.1 |    772 | gen_regfile_ff.register_file_i.rf_reg_q\[510\]$_DFFE_PN0P_/D
iter:675, pass:1, current fixing endpoint: gen_regfile_ff.register_file_i.rf_reg_q\[766\]$_DFFE_PN0P_/D, endpoint slack:-3.1429526e-10
      676 |       0 |      14 |       24 |      2 |    15 |   -0.321 |     -127.7 |    772 | gen_regfile_ff.register_file_i.rf_reg_q\[510\]$_DFFE_PN0P_/D
iter:676, pass:2, current fixing endpoint: gen_regfile_ff.register_file_i.rf_reg_q\[766\]$_DFFE_PN0P_/D, endpoint slack:-3.1444203e-10
      676 |       0 |      13 |       24 |      2 |    15 |   -0.321 |     -127.1 |    772 | gen_regfile_ff.register_file_i.rf_reg_q\[510\]$_DFFE_PN0P_/D
      677 |       0 |      13 |       24 |      2 |    15 |   -0.321 |     -127.1 |    772 | gen_regfile_ff.register_file_i.rf_reg_q\[510\]$_DFFE_PN0P_/D
iter:677, pass:1, current fixing endpoint: gen_regfile_ff.register_file_i.rf_reg_q\[862\]$_DFFE_PN0P_/D, endpoint slack:-3.1412517e-10
      678 |       0 |      14 |       24 |      2 |    15 |   -0.321 |     -127.7 |    772 | gen_regfile_ff.register_file_i.rf_reg_q\[510\]$_DFFE_PN0P_/D
iter:678, pass:2, current fixing endpoint: gen_regfile_ff.register_file_i.rf_reg_q\[862\]$_DFFE_PN0P_/D, endpoint slack:-3.1427194e-10
      678 |       0 |      13 |       24 |      2 |    15 |   -0.321 |     -127.1 |    772 | gen_regfile_ff.register_file_i.rf_reg_q\[510\]$_DFFE_PN0P_/D
      679 |       0 |      13 |       24 |      2 |    15 |   -0.321 |     -127.1 |    772 | gen_regfile_ff.register_file_i.rf_reg_q\[510\]$_DFFE_PN0P_/D
iter:679, pass:1, current fixing endpoint: gen_regfile_ff.register_file_i.rf_reg_q\[446\]$_DFFE_PN0P_/D, endpoint slack:-3.1394332e-10
      680 |       0 |      14 |       24 |      2 |    15 |   -0.321 |     -127.7 |    772 | gen_regfile_ff.register_file_i.rf_reg_q\[510\]$_DFFE_PN0P_/D
iter:680, pass:2, current fixing endpoint: gen_regfile_ff.register_file_i.rf_reg_q\[446\]$_DFFE_PN0P_/D, endpoint slack:-3.140901e-10
      680 |       0 |      13 |       24 |      2 |    15 |   -0.321 |     -127.1 |    772 | gen_regfile_ff.register_file_i.rf_reg_q\[510\]$_DFFE_PN0P_/D
      681 |       0 |      13 |       24 |      2 |    15 |   -0.321 |     -127.1 |    772 | gen_regfile_ff.register_file_i.rf_reg_q\[510\]$_DFFE_PN0P_/D
iter:681, pass:1, current fixing endpoint: gen_regfile_ff.register_file_i.rf_reg_q\[798\]$_DFFE_PN0P_/D, endpoint slack:-3.138152e-10
      682 |       0 |      14 |       24 |      2 |    15 |   -0.321 |     -127.7 |    772 | gen_regfile_ff.register_file_i.rf_reg_q\[510\]$_DFFE_PN0P_/D
iter:682, pass:2, current fixing endpoint: gen_regfile_ff.register_file_i.rf_reg_q\[798\]$_DFFE_PN0P_/D, endpoint slack:-3.1396197e-10
      682 |       0 |      13 |       24 |      2 |    15 |   -0.321 |     -127.1 |    772 | gen_regfile_ff.register_file_i.rf_reg_q\[510\]$_DFFE_PN0P_/D
      683 |       0 |      13 |       24 |      2 |    15 |   -0.321 |     -127.1 |    772 | gen_regfile_ff.register_file_i.rf_reg_q\[510\]$_DFFE_PN0P_/D
iter:683, pass:1, current fixing endpoint: gen_regfile_ff.register_file_i.rf_reg_q\[830\]$_DFFE_PN0P_/D, endpoint slack:-3.1377434e-10
      684 |       0 |      14 |       24 |      2 |    15 |   -0.321 |     -127.7 |    772 | gen_regfile_ff.register_file_i.rf_reg_q\[510\]$_DFFE_PN0P_/D
iter:684, pass:2, current fixing endpoint: gen_regfile_ff.register_file_i.rf_reg_q\[830\]$_DFFE_PN0P_/D, endpoint slack:-3.139211e-10
      684 |       0 |      13 |       24 |      2 |    15 |   -0.321 |     -127.1 |    772 | gen_regfile_ff.register_file_i.rf_reg_q\[510\]$_DFFE_PN0P_/D
      685 |       0 |      13 |       24 |      2 |    15 |   -0.321 |     -127.1 |    772 | gen_regfile_ff.register_file_i.rf_reg_q\[510\]$_DFFE_PN0P_/D
iter:685, pass:1, current fixing endpoint: gen_regfile_ff.register_file_i.rf_reg_q\[318\]$_DFFE_PN0P_/D, endpoint slack:-3.1375103e-10
      686 |       0 |      14 |       24 |      2 |    15 |   -0.321 |     -127.7 |    772 | gen_regfile_ff.register_file_i.rf_reg_q\[510\]$_DFFE_PN0P_/D
iter:686, pass:2, current fixing endpoint: gen_regfile_ff.register_file_i.rf_reg_q\[318\]$_DFFE_PN0P_/D, endpoint slack:-3.138978e-10
      686 |       0 |      13 |       24 |      2 |    15 |   -0.321 |     -127.1 |    772 | gen_regfile_ff.register_file_i.rf_reg_q\[510\]$_DFFE_PN0P_/D
      687 |       0 |      13 |       24 |      2 |    15 |   -0.321 |     -127.1 |    772 | gen_regfile_ff.register_file_i.rf_reg_q\[510\]$_DFFE_PN0P_/D
iter:687, pass:1, current fixing endpoint: instr_addr_o[31], endpoint slack:-3.1323344e-10
      688 |       0 |      14 |       24 |      2 |    15 |   -0.321 |     -127.1 |    772 | gen_regfile_ff.register_file_i.rf_reg_q\[510\]$_DFFE_PN0P_/D
iter:688, pass:2, current fixing endpoint: instr_addr_o[31], endpoint slack:-3.1504777e-10
      689 |       0 |      14 |       24 |      3 |    15 |   -0.321 |     -127.1 |    772 | gen_regfile_ff.register_file_i.rf_reg_q\[510\]$_DFFE_PN0P_/D
iter:689, pass:3, current fixing endpoint: instr_addr_o[31], endpoint slack:-3.1847724e-10
      690 |       0 |      14 |       26 |      3 |    15 |   -0.321 |     -127.1 |    772 | gen_regfile_ff.register_file_i.rf_reg_q\[510\]$_DFFE_PN0P_/D
iter:690, pass:4, current fixing endpoint: instr_addr_o[31], endpoint slack:-3.1380387e-10
      691 |       0 |      15 |       26 |      3 |    15 |   -0.321 |     -127.1 |    772 | gen_regfile_ff.register_file_i.rf_reg_q\[510\]$_DFFE_PN0P_/D
iter:691, pass:5, current fixing endpoint: instr_addr_o[31], endpoint slack:-3.1800584e-10
      692 |       0 |      15 |       28 |      3 |    15 |   -0.321 |     -127.1 |    772 | gen_regfile_ff.register_file_i.rf_reg_q\[510\]$_DFFE_PN0P_/D
iter:692, pass:6, current fixing endpoint: instr_addr_o[31], endpoint slack:-3.142968e-10
      693 |       0 |      16 |       28 |      3 |    15 |   -0.321 |     -127.1 |    772 | gen_regfile_ff.register_file_i.rf_reg_q\[510\]$_DFFE_PN0P_/D
iter:693, pass:7, current fixing endpoint: instr_addr_o[31], endpoint slack:-3.1407232e-10
      693 |       0 |      13 |       26 |      2 |    15 |   -0.321 |     -127.1 |    772 | gen_regfile_ff.register_file_i.rf_reg_q\[510\]$_DFFE_PN0P_/D
      694 |       0 |      13 |       26 |      2 |    15 |   -0.321 |     -127.1 |    772 | gen_regfile_ff.register_file_i.rf_reg_q\[510\]$_DFFE_PN0P_/D
iter:694, pass:1, current fixing endpoint: gen_regfile_ff.register_file_i.rf_reg_q\[414\]$_DFFE_PN0P_/D, endpoint slack:-3.1316416e-10
      695 |       0 |      14 |       26 |      2 |    15 |   -0.321 |     -127.7 |    772 | gen_regfile_ff.register_file_i.rf_reg_q\[510\]$_DFFE_PN0P_/D
iter:695, pass:2, current fixing endpoint: gen_regfile_ff.register_file_i.rf_reg_q\[414\]$_DFFE_PN0P_/D, endpoint slack:-3.1331093e-10
      695 |       0 |      13 |       26 |      2 |    15 |   -0.321 |     -127.1 |    772 | gen_regfile_ff.register_file_i.rf_reg_q\[510\]$_DFFE_PN0P_/D
      696 |       0 |      13 |       26 |      2 |    15 |   -0.321 |     -127.1 |    772 | gen_regfile_ff.register_file_i.rf_reg_q\[510\]$_DFFE_PN0P_/D
iter:696, pass:1, current fixing endpoint: gen_regfile_ff.register_file_i.rf_reg_q\[894\]$_DFFE_PN0P_/D, endpoint slack:-2.9047298e-10
      697 |       0 |      14 |       26 |      2 |    15 |   -0.321 |     -127.7 |    772 | gen_regfile_ff.register_file_i.rf_reg_q\[510\]$_DFFE_PN0P_/D
iter:697, pass:2, current fixing endpoint: gen_regfile_ff.register_file_i.rf_reg_q\[894\]$_DFFE_PN0P_/D, endpoint slack:-2.9061975e-10
      697 |       0 |      13 |       26 |      2 |    15 |   -0.321 |     -127.1 |    772 | gen_regfile_ff.register_file_i.rf_reg_q\[510\]$_DFFE_PN0P_/D
      698 |       0 |      13 |       26 |      2 |    15 |   -0.321 |     -127.1 |    772 | gen_regfile_ff.register_file_i.rf_reg_q\[510\]$_DFFE_PN0P_/D
iter:698, pass:1, current fixing endpoint: gen_regfile_ff.register_file_i.rf_reg_q\[27\]$_DFFE_PN0P_/D, endpoint slack:-2.6424285e-10
      699 |       0 |      14 |       26 |      2 |    15 |   -0.323 |     -127.5 |    772 | gen_regfile_ff.register_file_i.rf_reg_q\[510\]$_DFFE_PN0P_/D
iter:699, pass:2, current fixing endpoint: gen_regfile_ff.register_file_i.rf_reg_q\[27\]$_DFFE_PN0P_/D, endpoint slack:-2.633076e-10
      699 |       0 |      13 |       26 |      2 |    15 |   -0.321 |     -127.1 |    772 | gen_regfile_ff.register_file_i.rf_reg_q\[510\]$_DFFE_PN0P_/D
      700 |       0 |      13 |       26 |      2 |    15 |   -0.321 |     -127.1 |    772 | gen_regfile_ff.register_file_i.rf_reg_q\[510\]$_DFFE_PN0P_/D
iter:700, pass:1, current fixing endpoint: gen_regfile_ff.register_file_i.rf_reg_q\[155\]$_DFFE_PN0P_/D, endpoint slack:-2.6253066e-10
      701 |       0 |      14 |       26 |      2 |    15 |   -0.323 |     -127.5 |    772 | gen_regfile_ff.register_file_i.rf_reg_q\[510\]$_DFFE_PN0P_/D
iter:701, pass:2, current fixing endpoint: gen_regfile_ff.register_file_i.rf_reg_q\[155\]$_DFFE_PN0P_/D, endpoint slack:-2.615954e-10
      701 |       0 |      13 |       26 |      2 |    15 |   -0.321 |     -127.1 |    772 | gen_regfile_ff.register_file_i.rf_reg_q\[510\]$_DFFE_PN0P_/D
      702 |       0 |      13 |       26 |      2 |    15 |   -0.321 |     -127.1 |    772 | gen_regfile_ff.register_file_i.rf_reg_q\[510\]$_DFFE_PN0P_/D
iter:702, pass:1, current fixing endpoint: gen_regfile_ff.register_file_i.rf_reg_q\[123\]$_DFFE_PN0P_/D, endpoint slack:-2.6161429e-10
      703 |       0 |      14 |       26 |      2 |    15 |   -0.323 |     -127.5 |    772 | gen_regfile_ff.register_file_i.rf_reg_q\[510\]$_DFFE_PN0P_/D
iter:703, pass:2, current fixing endpoint: gen_regfile_ff.register_file_i.rf_reg_q\[123\]$_DFFE_PN0P_/D, endpoint slack:-2.6067903e-10
      703 |       0 |      13 |       26 |      2 |    15 |   -0.321 |     -127.1 |    772 | gen_regfile_ff.register_file_i.rf_reg_q\[510\]$_DFFE_PN0P_/D
      704 |       0 |      13 |       26 |      2 |    15 |   -0.321 |     -127.1 |    772 | gen_regfile_ff.register_file_i.rf_reg_q\[510\]$_DFFE_PN0P_/D
iter:704, pass:1, current fixing endpoint: gen_regfile_ff.register_file_i.rf_reg_q\[219\]$_DFFE_PN0P_/D, endpoint slack:-2.613414e-10
      705 |       0 |      14 |       26 |      2 |    15 |   -0.323 |     -127.5 |    772 | gen_regfile_ff.register_file_i.rf_reg_q\[510\]$_DFFE_PN0P_/D
iter:705, pass:2, current fixing endpoint: gen_regfile_ff.register_file_i.rf_reg_q\[219\]$_DFFE_PN0P_/D, endpoint slack:-2.6040614e-10
      705 |       0 |      13 |       26 |      2 |    15 |   -0.321 |     -127.1 |    772 | gen_regfile_ff.register_file_i.rf_reg_q\[510\]$_DFFE_PN0P_/D
      706 |       0 |      13 |       26 |      2 |    15 |   -0.321 |     -127.1 |    772 | gen_regfile_ff.register_file_i.rf_reg_q\[510\]$_DFFE_PN0P_/D
iter:706, pass:1, current fixing endpoint: gen_regfile_ff.register_file_i.rf_reg_q\[603\]$_DFFE_PN0P_/D, endpoint slack:-2.609688e-10
      707 |       0 |      14 |       26 |      2 |    15 |   -0.323 |     -127.5 |    772 | gen_regfile_ff.register_file_i.rf_reg_q\[510\]$_DFFE_PN0P_/D
iter:707, pass:2, current fixing endpoint: gen_regfile_ff.register_file_i.rf_reg_q\[603\]$_DFFE_PN0P_/D, endpoint slack:-2.6003355e-10
      707 |       0 |      13 |       26 |      2 |    15 |   -0.321 |     -127.1 |    772 | gen_regfile_ff.register_file_i.rf_reg_q\[510\]$_DFFE_PN0P_/D
      708 |       0 |      13 |       26 |      2 |    15 |   -0.321 |     -127.1 |    772 | gen_regfile_ff.register_file_i.rf_reg_q\[510\]$_DFFE_PN0P_/D
iter:708, pass:1, current fixing endpoint: gen_regfile_ff.register_file_i.rf_reg_q\[187\]$_DFFE_PN0P_/D, endpoint slack:-2.6078317e-10
      709 |       0 |      14 |       26 |      2 |    15 |   -0.323 |     -127.5 |    772 | gen_regfile_ff.register_file_i.rf_reg_q\[510\]$_DFFE_PN0P_/D
iter:709, pass:2, current fixing endpoint: gen_regfile_ff.register_file_i.rf_reg_q\[187\]$_DFFE_PN0P_/D, endpoint slack:-2.5984792e-10
      709 |       0 |      13 |       26 |      2 |    15 |   -0.321 |     -127.1 |    772 | gen_regfile_ff.register_file_i.rf_reg_q\[510\]$_DFFE_PN0P_/D
--------------------
update violating ends at fixEndpointNum 266
top element of violating ends is: gen_regfile_ff.register_file_i.rf_reg_q\[510\]$_DFFE_PN0P_/D
--------------------
      710 |       0 |      13 |       26 |      2 |    15 |   -0.321 |     -127.1 |    772 | gen_regfile_ff.register_file_i.rf_reg_q\[510\]$_DFFE_PN0P_/D
iter:710, pass:1, current fixing endpoint: gen_regfile_ff.register_file_i.rf_reg_q\[510\]$_DFFE_PN0P_/D, endpoint slack:-3.207774e-10
      711 |       0 |      14 |       26 |      2 |    15 |   -0.321 |     -127.7 |    772 | gen_regfile_ff.register_file_i.rf_reg_q\[510\]$_DFFE_PN0P_/D
iter:711, pass:2, current fixing endpoint: gen_regfile_ff.register_file_i.rf_reg_q\[510\]$_DFFE_PN0P_/D, endpoint slack:-3.2092418e-10
      711 |       0 |      13 |       26 |      2 |    15 |   -0.321 |     -127.1 |    772 | gen_regfile_ff.register_file_i.rf_reg_q\[510\]$_DFFE_PN0P_/D
      712 |       0 |      13 |       26 |      2 |    15 |   -0.321 |     -127.1 |    772 | gen_regfile_ff.register_file_i.rf_reg_q\[510\]$_DFFE_PN0P_/D
iter:712, pass:1, current fixing endpoint: gen_regfile_ff.register_file_i.rf_reg_q\[30\]$_DFFE_PN0P_/D, endpoint slack:-3.207672e-10
      713 |       0 |      14 |       26 |      2 |    15 |   -0.321 |     -127.7 |    772 | gen_regfile_ff.register_file_i.rf_reg_q\[510\]$_DFFE_PN0P_/D
iter:713, pass:2, current fixing endpoint: gen_regfile_ff.register_file_i.rf_reg_q\[30\]$_DFFE_PN0P_/D, endpoint slack:-3.2091396e-10
      713 |       0 |      13 |       26 |      2 |    15 |   -0.321 |     -127.1 |    772 | gen_regfile_ff.register_file_i.rf_reg_q\[510\]$_DFFE_PN0P_/D
      714 |       0 |      13 |       26 |      2 |    15 |   -0.321 |     -127.1 |    772 | gen_regfile_ff.register_file_i.rf_reg_q\[510\]$_DFFE_PN0P_/D
iter:714, pass:1, current fixing endpoint: gen_regfile_ff.register_file_i.rf_reg_q\[926\]$_DFFE_PN0P_/D, endpoint slack:-3.2011416e-10
      715 |       0 |      14 |       26 |      2 |    15 |   -0.321 |     -127.7 |    772 | gen_regfile_ff.register_file_i.rf_reg_q\[510\]$_DFFE_PN0P_/D
iter:715, pass:2, current fixing endpoint: gen_regfile_ff.register_file_i.rf_reg_q\[926\]$_DFFE_PN0P_/D, endpoint slack:-3.2026093e-10
      715 |       0 |      13 |       26 |      2 |    15 |   -0.321 |     -127.1 |    772 | gen_regfile_ff.register_file_i.rf_reg_q\[510\]$_DFFE_PN0P_/D
      716 |       0 |      13 |       26 |      2 |    15 |   -0.321 |     -127.1 |    772 | gen_regfile_ff.register_file_i.rf_reg_q\[510\]$_DFFE_PN0P_/D
iter:716, pass:1, current fixing endpoint: gen_regfile_ff.register_file_i.rf_reg_q\[574\]$_DFFE_PN0P_/D, endpoint slack:-3.1980463e-10
      717 |       0 |      14 |       26 |      2 |    15 |   -0.321 |     -127.7 |    772 | gen_regfile_ff.register_file_i.rf_reg_q\[510\]$_DFFE_PN0P_/D
iter:717, pass:2, current fixing endpoint: gen_regfile_ff.register_file_i.rf_reg_q\[574\]$_DFFE_PN0P_/D, endpoint slack:-3.199514e-10
      717 |       0 |      13 |       26 |      2 |    15 |   -0.321 |     -127.1 |    772 | gen_regfile_ff.register_file_i.rf_reg_q\[510\]$_DFFE_PN0P_/D
      718 |       0 |      13 |       26 |      2 |    15 |   -0.321 |     -127.1 |    772 | gen_regfile_ff.register_file_i.rf_reg_q\[510\]$_DFFE_PN0P_/D
iter:718, pass:1, current fixing endpoint: gen_regfile_ff.register_file_i.rf_reg_q\[542\]$_DFFE_PN0P_/D, endpoint slack:-3.190146e-10
      719 |       0 |      14 |       26 |      2 |    15 |   -0.321 |     -127.7 |    772 | gen_regfile_ff.register_file_i.rf_reg_q\[510\]$_DFFE_PN0P_/D
iter:719, pass:2, current fixing endpoint: gen_regfile_ff.register_file_i.rf_reg_q\[542\]$_DFFE_PN0P_/D, endpoint slack:-3.1916136e-10
      719 |       0 |      13 |       26 |      2 |    15 |   -0.321 |     -127.1 |    772 | gen_regfile_ff.register_file_i.rf_reg_q\[510\]$_DFFE_PN0P_/D
      720 |       0 |      13 |       26 |      2 |    15 |   -0.321 |     -127.1 |    772 | gen_regfile_ff.register_file_i.rf_reg_q\[510\]$_DFFE_PN0P_/D
iter:720, pass:1, current fixing endpoint: gen_regfile_ff.register_file_i.rf_reg_q\[126\]$_DFFE_PN0P_/D, endpoint slack:-3.18918e-10
      721 |       0 |      14 |       26 |      2 |    15 |   -0.321 |     -127.7 |    772 | gen_regfile_ff.register_file_i.rf_reg_q\[510\]$_DFFE_PN0P_/D
iter:721, pass:2, current fixing endpoint: gen_regfile_ff.register_file_i.rf_reg_q\[126\]$_DFFE_PN0P_/D, endpoint slack:-3.1906477e-10
      721 |       0 |      13 |       26 |      2 |    15 |   -0.321 |     -127.1 |    772 | gen_regfile_ff.register_file_i.rf_reg_q\[510\]$_DFFE_PN0P_/D
      722 |       0 |      13 |       26 |      2 |    15 |   -0.321 |     -127.1 |    772 | gen_regfile_ff.register_file_i.rf_reg_q\[510\]$_DFFE_PN0P_/D
iter:722, pass:1, current fixing endpoint: gen_regfile_ff.register_file_i.rf_reg_q\[94\]$_DFFE_PN0P_/D, endpoint slack:-3.1855651e-10
      723 |       0 |      14 |       26 |      2 |    15 |   -0.321 |     -127.7 |    772 | gen_regfile_ff.register_file_i.rf_reg_q\[510\]$_DFFE_PN0P_/D
iter:723, pass:2, current fixing endpoint: gen_regfile_ff.register_file_i.rf_reg_q\[94\]$_DFFE_PN0P_/D, endpoint slack:-3.1870329e-10
      723 |       0 |      13 |       26 |      2 |    15 |   -0.321 |     -127.1 |    772 | gen_regfile_ff.register_file_i.rf_reg_q\[510\]$_DFFE_PN0P_/D
      724 |       0 |      13 |       26 |      2 |    15 |   -0.321 |     -127.1 |    772 | gen_regfile_ff.register_file_i.rf_reg_q\[510\]$_DFFE_PN0P_/D
iter:724, pass:1, current fixing endpoint: gen_regfile_ff.register_file_i.rf_reg_q\[190\]$_DFFE_PN0P_/D, endpoint slack:-3.179963e-10
      725 |       0 |      14 |       26 |      2 |    15 |   -0.321 |     -127.7 |    772 | gen_regfile_ff.register_file_i.rf_reg_q\[510\]$_DFFE_PN0P_/D
iter:725, pass:2, current fixing endpoint: gen_regfile_ff.register_file_i.rf_reg_q\[190\]$_DFFE_PN0P_/D, endpoint slack:-3.1814307e-10
      725 |       0 |      13 |       26 |      2 |    15 |   -0.321 |     -127.1 |    772 | gen_regfile_ff.register_file_i.rf_reg_q\[510\]$_DFFE_PN0P_/D
      726 |       0 |      13 |       26 |      2 |    15 |   -0.321 |     -127.1 |    772 | gen_regfile_ff.register_file_i.rf_reg_q\[510\]$_DFFE_PN0P_/D
iter:726, pass:1, current fixing endpoint: gen_regfile_ff.register_file_i.rf_reg_q\[958\]$_DFFE_PN0P_/D, endpoint slack:-3.1768588e-10
      727 |       0 |      14 |       26 |      2 |    15 |   -0.321 |     -127.7 |    772 | gen_regfile_ff.register_file_i.rf_reg_q\[510\]$_DFFE_PN0P_/D
iter:727, pass:2, current fixing endpoint: gen_regfile_ff.register_file_i.rf_reg_q\[958\]$_DFFE_PN0P_/D, endpoint slack:-3.1783265e-10
      727 |       0 |      13 |       26 |      2 |    15 |   -0.321 |     -127.1 |    772 | gen_regfile_ff.register_file_i.rf_reg_q\[510\]$_DFFE_PN0P_/D
      728 |       0 |      13 |       26 |      2 |    15 |   -0.321 |     -127.1 |    772 | gen_regfile_ff.register_file_i.rf_reg_q\[510\]$_DFFE_PN0P_/D
iter:728, pass:1, current fixing endpoint: gen_regfile_ff.register_file_i.rf_reg_q\[62\]$_DFFE_PN0P_/D, endpoint slack:-3.1751757e-10
      729 |       0 |      14 |       26 |      2 |    15 |   -0.321 |     -127.7 |    772 | gen_regfile_ff.register_file_i.rf_reg_q\[510\]$_DFFE_PN0P_/D
iter:729, pass:2, current fixing endpoint: gen_regfile_ff.register_file_i.rf_reg_q\[62\]$_DFFE_PN0P_/D, endpoint slack:-3.1766434e-10
      729 |       0 |      13 |       26 |      2 |    15 |   -0.321 |     -127.1 |    772 | gen_regfile_ff.register_file_i.rf_reg_q\[510\]$_DFFE_PN0P_/D
      730 |       0 |      13 |       26 |      2 |    15 |   -0.321 |     -127.1 |    772 | gen_regfile_ff.register_file_i.rf_reg_q\[510\]$_DFFE_PN0P_/D
iter:730, pass:1, current fixing endpoint: gen_regfile_ff.register_file_i.rf_reg_q\[702\]$_DFFE_PN0P_/D, endpoint slack:-3.1717584e-10
      731 |       0 |      14 |       26 |      2 |    15 |   -0.321 |     -127.7 |    772 | gen_regfile_ff.register_file_i.rf_reg_q\[510\]$_DFFE_PN0P_/D
iter:731, pass:2, current fixing endpoint: gen_regfile_ff.register_file_i.rf_reg_q\[702\]$_DFFE_PN0P_/D, endpoint slack:-3.173226e-10
      731 |       0 |      13 |       26 |      2 |    15 |   -0.321 |     -127.1 |    772 | gen_regfile_ff.register_file_i.rf_reg_q\[510\]$_DFFE_PN0P_/D
      732 |       0 |      13 |       26 |      2 |    15 |   -0.321 |     -127.1 |    772 | gen_regfile_ff.register_file_i.rf_reg_q\[510\]$_DFFE_PN0P_/D
iter:732, pass:1, current fixing endpoint: gen_regfile_ff.register_file_i.rf_reg_q\[734\]$_DFFE_PN0P_/D, endpoint slack:-3.1705727e-10
      733 |       0 |      14 |       26 |      2 |    15 |   -0.321 |     -127.7 |    772 | gen_regfile_ff.register_file_i.rf_reg_q\[510\]$_DFFE_PN0P_/D
iter:733, pass:2, current fixing endpoint: gen_regfile_ff.register_file_i.rf_reg_q\[734\]$_DFFE_PN0P_/D, endpoint slack:-3.1720404e-10
      733 |       0 |      13 |       26 |      2 |    15 |   -0.321 |     -127.1 |    772 | gen_regfile_ff.register_file_i.rf_reg_q\[510\]$_DFFE_PN0P_/D
      734 |       0 |      13 |       26 |      2 |    15 |   -0.321 |     -127.1 |    772 | gen_regfile_ff.register_file_i.rf_reg_q\[510\]$_DFFE_PN0P_/D
iter:734, pass:1, current fixing endpoint: gen_regfile_ff.register_file_i.rf_reg_q\[670\]$_DFFE_PN0P_/D, endpoint slack:-3.1689584e-10
      735 |       0 |      14 |       26 |      2 |    15 |   -0.321 |     -127.7 |    772 | gen_regfile_ff.register_file_i.rf_reg_q\[510\]$_DFFE_PN0P_/D
iter:735, pass:2, current fixing endpoint: gen_regfile_ff.register_file_i.rf_reg_q\[670\]$_DFFE_PN0P_/D, endpoint slack:-3.1704261e-10
      735 |       0 |      13 |       26 |      2 |    15 |   -0.321 |     -127.1 |    772 | gen_regfile_ff.register_file_i.rf_reg_q\[510\]$_DFFE_PN0P_/D
      736 |       0 |      13 |       26 |      2 |    15 |   -0.321 |     -127.1 |    772 | gen_regfile_ff.register_file_i.rf_reg_q\[510\]$_DFFE_PN0P_/D
iter:736, pass:1, current fixing endpoint: gen_regfile_ff.register_file_i.rf_reg_q\[254\]$_DFFE_PN0P_/D, endpoint slack:-3.168259e-10
      737 |       0 |      14 |       26 |      2 |    15 |   -0.321 |     -127.7 |    772 | gen_regfile_ff.register_file_i.rf_reg_q\[510\]$_DFFE_PN0P_/D
iter:737, pass:2, current fixing endpoint: gen_regfile_ff.register_file_i.rf_reg_q\[254\]$_DFFE_PN0P_/D, endpoint slack:-3.1697267e-10
      737 |       0 |      13 |       26 |      2 |    15 |   -0.321 |     -127.1 |    772 | gen_regfile_ff.register_file_i.rf_reg_q\[510\]$_DFFE_PN0P_/D
      738 |       0 |      13 |       26 |      2 |    15 |   -0.321 |     -127.1 |    772 | gen_regfile_ff.register_file_i.rf_reg_q\[510\]$_DFFE_PN0P_/D
iter:738, pass:1, current fixing endpoint: gen_regfile_ff.register_file_i.rf_reg_q\[350\]$_DFFE_PN0P_/D, endpoint slack:-3.1681835e-10
      739 |       0 |      14 |       26 |      2 |    15 |   -0.321 |     -127.7 |    772 | gen_regfile_ff.register_file_i.rf_reg_q\[510\]$_DFFE_PN0P_/D
iter:739, pass:2, current fixing endpoint: gen_regfile_ff.register_file_i.rf_reg_q\[350\]$_DFFE_PN0P_/D, endpoint slack:-3.1696512e-10
      739 |       0 |      13 |       26 |      2 |    15 |   -0.321 |     -127.1 |    772 | gen_regfile_ff.register_file_i.rf_reg_q\[510\]$_DFFE_PN0P_/D
      740 |       0 |      13 |       26 |      2 |    15 |   -0.321 |     -127.1 |    772 | gen_regfile_ff.register_file_i.rf_reg_q\[510\]$_DFFE_PN0P_/D
iter:740, pass:1, current fixing endpoint: gen_regfile_ff.register_file_i.rf_reg_q\[286\]$_DFFE_PN0P_/D, endpoint slack:-3.1673708e-10
      741 |       0 |      14 |       26 |      2 |    15 |   -0.321 |     -127.7 |    772 | gen_regfile_ff.register_file_i.rf_reg_q\[510\]$_DFFE_PN0P_/D
iter:741, pass:2, current fixing endpoint: gen_regfile_ff.register_file_i.rf_reg_q\[286\]$_DFFE_PN0P_/D, endpoint slack:-3.1688385e-10
      741 |       0 |      13 |       26 |      2 |    15 |   -0.321 |     -127.1 |    772 | gen_regfile_ff.register_file_i.rf_reg_q\[510\]$_DFFE_PN0P_/D
      742 |       0 |      13 |       26 |      2 |    15 |   -0.321 |     -127.1 |    772 | gen_regfile_ff.register_file_i.rf_reg_q\[510\]$_DFFE_PN0P_/D
iter:742, pass:1, current fixing endpoint: gen_regfile_ff.register_file_i.rf_reg_q\[638\]$_DFFE_PN0P_/D, endpoint slack:-3.166456e-10
      743 |       0 |      14 |       26 |      2 |    15 |   -0.321 |     -127.7 |    772 | gen_regfile_ff.register_file_i.rf_reg_q\[510\]$_DFFE_PN0P_/D
iter:743, pass:2, current fixing endpoint: gen_regfile_ff.register_file_i.rf_reg_q\[638\]$_DFFE_PN0P_/D, endpoint slack:-3.1679237e-10
      743 |       0 |      13 |       26 |      2 |    15 |   -0.321 |     -127.1 |    772 | gen_regfile_ff.register_file_i.rf_reg_q\[510\]$_DFFE_PN0P_/D
      744 |       0 |      13 |       26 |      2 |    15 |   -0.321 |     -127.1 |    772 | gen_regfile_ff.register_file_i.rf_reg_q\[510\]$_DFFE_PN0P_/D
iter:744, pass:1, current fixing endpoint: gen_regfile_ff.register_file_i.rf_reg_q\[382\]$_DFFE_PN0P_/D, endpoint slack:-3.1551095e-10
      745 |       0 |      14 |       26 |      2 |    15 |   -0.321 |     -127.7 |    772 | gen_regfile_ff.register_file_i.rf_reg_q\[510\]$_DFFE_PN0P_/D
iter:745, pass:2, current fixing endpoint: gen_regfile_ff.register_file_i.rf_reg_q\[382\]$_DFFE_PN0P_/D, endpoint slack:-3.1565772e-10
      745 |       0 |      13 |       26 |      2 |    15 |   -0.321 |     -127.1 |    772 | gen_regfile_ff.register_file_i.rf_reg_q\[510\]$_DFFE_PN0P_/D
      746 |       0 |      13 |       26 |      2 |    15 |   -0.321 |     -127.1 |    772 | gen_regfile_ff.register_file_i.rf_reg_q\[510\]$_DFFE_PN0P_/D
iter:746, pass:1, current fixing endpoint: gen_regfile_ff.register_file_i.rf_reg_q\[222\]$_DFFE_PN0P_/D, endpoint slack:-3.1549252e-10
      747 |       0 |      14 |       26 |      2 |    15 |   -0.321 |     -127.7 |    772 | gen_regfile_ff.register_file_i.rf_reg_q\[510\]$_DFFE_PN0P_/D
iter:747, pass:2, current fixing endpoint: gen_regfile_ff.register_file_i.rf_reg_q\[222\]$_DFFE_PN0P_/D, endpoint slack:-3.156393e-10
      747 |       0 |      13 |       26 |      2 |    15 |   -0.321 |     -127.1 |    772 | gen_regfile_ff.register_file_i.rf_reg_q\[510\]$_DFFE_PN0P_/D
      748 |       0 |      13 |       26 |      2 |    15 |   -0.321 |     -127.1 |    772 | gen_regfile_ff.register_file_i.rf_reg_q\[510\]$_DFFE_PN0P_/D
iter:748, pass:1, current fixing endpoint: gen_regfile_ff.register_file_i.rf_reg_q\[478\]$_DFFE_PN0P_/D, endpoint slack:-3.1543235e-10
      749 |       0 |      14 |       26 |      2 |    15 |   -0.321 |     -127.7 |    772 | gen_regfile_ff.register_file_i.rf_reg_q\[510\]$_DFFE_PN0P_/D
iter:749, pass:2, current fixing endpoint: gen_regfile_ff.register_file_i.rf_reg_q\[478\]$_DFFE_PN0P_/D, endpoint slack:-3.1557912e-10
      749 |       0 |      13 |       26 |      2 |    15 |   -0.321 |     -127.1 |    772 | gen_regfile_ff.register_file_i.rf_reg_q\[510\]$_DFFE_PN0P_/D
      750 |       0 |      13 |       26 |      2 |    15 |   -0.321 |     -127.1 |    772 | gen_regfile_ff.register_file_i.rf_reg_q\[510\]$_DFFE_PN0P_/D
iter:750, pass:1, current fixing endpoint: gen_regfile_ff.register_file_i.rf_reg_q\[158\]$_DFFE_PN0P_/D, endpoint slack:-3.1498337e-10
      751 |       0 |      14 |       26 |      2 |    15 |   -0.321 |     -127.7 |    772 | gen_regfile_ff.register_file_i.rf_reg_q\[510\]$_DFFE_PN0P_/D
iter:751, pass:2, current fixing endpoint: gen_regfile_ff.register_file_i.rf_reg_q\[158\]$_DFFE_PN0P_/D, endpoint slack:-3.1513014e-10
      751 |       0 |      13 |       26 |      2 |    15 |   -0.321 |     -127.1 |    772 | gen_regfile_ff.register_file_i.rf_reg_q\[510\]$_DFFE_PN0P_/D
      752 |       0 |      13 |       26 |      2 |    15 |   -0.321 |     -127.1 |    772 | gen_regfile_ff.register_file_i.rf_reg_q\[510\]$_DFFE_PN0P_/D
iter:752, pass:1, current fixing endpoint: gen_regfile_ff.register_file_i.rf_reg_q\[990\]$_DFFE_PN0P_/D, endpoint slack:-3.1463432e-10
      753 |       0 |      14 |       26 |      2 |    15 |   -0.321 |     -127.7 |    772 | gen_regfile_ff.register_file_i.rf_reg_q\[510\]$_DFFE_PN0P_/D
iter:753, pass:2, current fixing endpoint: gen_regfile_ff.register_file_i.rf_reg_q\[990\]$_DFFE_PN0P_/D, endpoint slack:-3.147813e-10
      753 |       0 |      13 |       26 |      2 |    15 |   -0.321 |     -127.1 |    772 | gen_regfile_ff.register_file_i.rf_reg_q\[510\]$_DFFE_PN0P_/D
      754 |       0 |      13 |       26 |      2 |    15 |   -0.321 |     -127.1 |    772 | gen_regfile_ff.register_file_i.rf_reg_q\[510\]$_DFFE_PN0P_/D
iter:754, pass:1, current fixing endpoint: gen_regfile_ff.register_file_i.rf_reg_q\[606\]$_DFFE_PN0P_/D, endpoint slack:-3.1440406e-10
      755 |       0 |      14 |       26 |      2 |    15 |   -0.321 |     -127.7 |    772 | gen_regfile_ff.register_file_i.rf_reg_q\[510\]$_DFFE_PN0P_/D
iter:755, pass:2, current fixing endpoint: gen_regfile_ff.register_file_i.rf_reg_q\[606\]$_DFFE_PN0P_/D, endpoint slack:-3.1455083e-10
      755 |       0 |      13 |       26 |      2 |    15 |   -0.321 |     -127.1 |    772 | gen_regfile_ff.register_file_i.rf_reg_q\[510\]$_DFFE_PN0P_/D
      756 |       0 |      13 |       26 |      2 |    15 |   -0.321 |     -127.1 |    772 | gen_regfile_ff.register_file_i.rf_reg_q\[510\]$_DFFE_PN0P_/D
iter:756, pass:1, current fixing endpoint: gen_regfile_ff.register_file_i.rf_reg_q\[766\]$_DFFE_PN0P_/D, endpoint slack:-3.1429526e-10
      757 |       0 |      14 |       26 |      2 |    15 |   -0.321 |     -127.7 |    772 | gen_regfile_ff.register_file_i.rf_reg_q\[510\]$_DFFE_PN0P_/D
iter:757, pass:2, current fixing endpoint: gen_regfile_ff.register_file_i.rf_reg_q\[766\]$_DFFE_PN0P_/D, endpoint slack:-3.1444203e-10
      757 |       0 |      13 |       26 |      2 |    15 |   -0.321 |     -127.1 |    772 | gen_regfile_ff.register_file_i.rf_reg_q\[510\]$_DFFE_PN0P_/D
      758 |       0 |      13 |       26 |      2 |    15 |   -0.321 |     -127.1 |    772 | gen_regfile_ff.register_file_i.rf_reg_q\[510\]$_DFFE_PN0P_/D
iter:758, pass:1, current fixing endpoint: gen_regfile_ff.register_file_i.rf_reg_q\[862\]$_DFFE_PN0P_/D, endpoint slack:-3.1412517e-10
      759 |       0 |      14 |       26 |      2 |    15 |   -0.321 |     -127.7 |    772 | gen_regfile_ff.register_file_i.rf_reg_q\[510\]$_DFFE_PN0P_/D
iter:759, pass:2, current fixing endpoint: gen_regfile_ff.register_file_i.rf_reg_q\[862\]$_DFFE_PN0P_/D, endpoint slack:-3.1427194e-10
      759 |       0 |      13 |       26 |      2 |    15 |   -0.321 |     -127.1 |    772 | gen_regfile_ff.register_file_i.rf_reg_q\[510\]$_DFFE_PN0P_/D
      760 |       0 |      13 |       26 |      2 |    15 |   -0.321 |     -127.1 |    772 | gen_regfile_ff.register_file_i.rf_reg_q\[510\]$_DFFE_PN0P_/D
iter:760, pass:1, current fixing endpoint: gen_regfile_ff.register_file_i.rf_reg_q\[446\]$_DFFE_PN0P_/D, endpoint slack:-3.1394332e-10
      761 |       0 |      14 |       26 |      2 |    15 |   -0.321 |     -127.7 |    772 | gen_regfile_ff.register_file_i.rf_reg_q\[510\]$_DFFE_PN0P_/D
iter:761, pass:2, current fixing endpoint: gen_regfile_ff.register_file_i.rf_reg_q\[446\]$_DFFE_PN0P_/D, endpoint slack:-3.140901e-10
      761 |       0 |      13 |       26 |      2 |    15 |   -0.321 |     -127.1 |    772 | gen_regfile_ff.register_file_i.rf_reg_q\[510\]$_DFFE_PN0P_/D
      762 |       0 |      13 |       26 |      2 |    15 |   -0.321 |     -127.1 |    772 | gen_regfile_ff.register_file_i.rf_reg_q\[510\]$_DFFE_PN0P_/D
iter:762, pass:1, current fixing endpoint: gen_regfile_ff.register_file_i.rf_reg_q\[798\]$_DFFE_PN0P_/D, endpoint slack:-3.138152e-10
      763 |       0 |      14 |       26 |      2 |    15 |   -0.321 |     -127.7 |    772 | gen_regfile_ff.register_file_i.rf_reg_q\[510\]$_DFFE_PN0P_/D
iter:763, pass:2, current fixing endpoint: gen_regfile_ff.register_file_i.rf_reg_q\[798\]$_DFFE_PN0P_/D, endpoint slack:-3.1396197e-10
      763 |       0 |      13 |       26 |      2 |    15 |   -0.321 |     -127.1 |    772 | gen_regfile_ff.register_file_i.rf_reg_q\[510\]$_DFFE_PN0P_/D
      764 |       0 |      13 |       26 |      2 |    15 |   -0.321 |     -127.1 |    772 | gen_regfile_ff.register_file_i.rf_reg_q\[510\]$_DFFE_PN0P_/D
iter:764, pass:1, current fixing endpoint: gen_regfile_ff.register_file_i.rf_reg_q\[830\]$_DFFE_PN0P_/D, endpoint slack:-3.1377434e-10
      765 |       0 |      14 |       26 |      2 |    15 |   -0.321 |     -127.7 |    772 | gen_regfile_ff.register_file_i.rf_reg_q\[510\]$_DFFE_PN0P_/D
iter:765, pass:2, current fixing endpoint: gen_regfile_ff.register_file_i.rf_reg_q\[830\]$_DFFE_PN0P_/D, endpoint slack:-3.139211e-10
      765 |       0 |      13 |       26 |      2 |    15 |   -0.321 |     -127.1 |    772 | gen_regfile_ff.register_file_i.rf_reg_q\[510\]$_DFFE_PN0P_/D
      766 |       0 |      13 |       26 |      2 |    15 |   -0.321 |     -127.1 |    772 | gen_regfile_ff.register_file_i.rf_reg_q\[510\]$_DFFE_PN0P_/D
iter:766, pass:1, current fixing endpoint: gen_regfile_ff.register_file_i.rf_reg_q\[318\]$_DFFE_PN0P_/D, endpoint slack:-3.1375103e-10
      767 |       0 |      14 |       26 |      2 |    15 |   -0.321 |     -127.7 |    772 | gen_regfile_ff.register_file_i.rf_reg_q\[510\]$_DFFE_PN0P_/D
iter:767, pass:2, current fixing endpoint: gen_regfile_ff.register_file_i.rf_reg_q\[318\]$_DFFE_PN0P_/D, endpoint slack:-3.138978e-10
      767 |       0 |      13 |       26 |      2 |    15 |   -0.321 |     -127.1 |    772 | gen_regfile_ff.register_file_i.rf_reg_q\[510\]$_DFFE_PN0P_/D
      768 |       0 |      13 |       26 |      2 |    15 |   -0.321 |     -127.1 |    772 | gen_regfile_ff.register_file_i.rf_reg_q\[510\]$_DFFE_PN0P_/D
iter:768, pass:1, current fixing endpoint: instr_addr_o[31], endpoint slack:-3.1323344e-10
      769 |       0 |      14 |       26 |      2 |    15 |   -0.321 |     -127.1 |    772 | gen_regfile_ff.register_file_i.rf_reg_q\[510\]$_DFFE_PN0P_/D
iter:769, pass:2, current fixing endpoint: instr_addr_o[31], endpoint slack:-3.1504777e-10
      770 |       0 |      14 |       26 |      3 |    15 |   -0.321 |     -127.1 |    772 | gen_regfile_ff.register_file_i.rf_reg_q\[510\]$_DFFE_PN0P_/D
iter:770, pass:3, current fixing endpoint: instr_addr_o[31], endpoint slack:-3.1847724e-10
      771 |       0 |      14 |       28 |      3 |    15 |   -0.321 |     -127.1 |    772 | gen_regfile_ff.register_file_i.rf_reg_q\[510\]$_DFFE_PN0P_/D
iter:771, pass:4, current fixing endpoint: instr_addr_o[31], endpoint slack:-3.1380387e-10
      772 |       0 |      15 |       28 |      3 |    15 |   -0.321 |     -127.1 |    772 | gen_regfile_ff.register_file_i.rf_reg_q\[510\]$_DFFE_PN0P_/D
iter:772, pass:5, current fixing endpoint: instr_addr_o[31], endpoint slack:-3.1800584e-10
      773 |       0 |      15 |       30 |      3 |    15 |   -0.321 |     -127.1 |    772 | gen_regfile_ff.register_file_i.rf_reg_q\[510\]$_DFFE_PN0P_/D
iter:773, pass:6, current fixing endpoint: instr_addr_o[31], endpoint slack:-3.142968e-10
      774 |       0 |      16 |       30 |      3 |    15 |   -0.321 |     -127.1 |    772 | gen_regfile_ff.register_file_i.rf_reg_q\[510\]$_DFFE_PN0P_/D
iter:774, pass:7, current fixing endpoint: instr_addr_o[31], endpoint slack:-3.1407232e-10
      774 |       0 |      13 |       28 |      2 |    15 |   -0.321 |     -127.1 |    772 | gen_regfile_ff.register_file_i.rf_reg_q\[510\]$_DFFE_PN0P_/D
      775 |       0 |      13 |       28 |      2 |    15 |   -0.321 |     -127.1 |    772 | gen_regfile_ff.register_file_i.rf_reg_q\[510\]$_DFFE_PN0P_/D
iter:775, pass:1, current fixing endpoint: gen_regfile_ff.register_file_i.rf_reg_q\[414\]$_DFFE_PN0P_/D, endpoint slack:-3.1316416e-10
      776 |       0 |      14 |       28 |      2 |    15 |   -0.321 |     -127.7 |    772 | gen_regfile_ff.register_file_i.rf_reg_q\[510\]$_DFFE_PN0P_/D
iter:776, pass:2, current fixing endpoint: gen_regfile_ff.register_file_i.rf_reg_q\[414\]$_DFFE_PN0P_/D, endpoint slack:-3.1331093e-10
      776 |       0 |      13 |       28 |      2 |    15 |   -0.321 |     -127.1 |    772 | gen_regfile_ff.register_file_i.rf_reg_q\[510\]$_DFFE_PN0P_/D
      777 |       0 |      13 |       28 |      2 |    15 |   -0.321 |     -127.1 |    772 | gen_regfile_ff.register_file_i.rf_reg_q\[510\]$_DFFE_PN0P_/D
iter:777, pass:1, current fixing endpoint: gen_regfile_ff.register_file_i.rf_reg_q\[894\]$_DFFE_PN0P_/D, endpoint slack:-2.9047298e-10
      778 |       0 |      14 |       28 |      2 |    15 |   -0.321 |     -127.7 |    772 | gen_regfile_ff.register_file_i.rf_reg_q\[510\]$_DFFE_PN0P_/D
iter:778, pass:2, current fixing endpoint: gen_regfile_ff.register_file_i.rf_reg_q\[894\]$_DFFE_PN0P_/D, endpoint slack:-2.9061975e-10
      778 |       0 |      13 |       28 |      2 |    15 |   -0.321 |     -127.1 |    772 | gen_regfile_ff.register_file_i.rf_reg_q\[510\]$_DFFE_PN0P_/D
      779 |       0 |      13 |       28 |      2 |    15 |   -0.321 |     -127.1 |    772 | gen_regfile_ff.register_file_i.rf_reg_q\[510\]$_DFFE_PN0P_/D
iter:779, pass:1, current fixing endpoint: gen_regfile_ff.register_file_i.rf_reg_q\[27\]$_DFFE_PN0P_/D, endpoint slack:-2.6424285e-10
      780 |       0 |      14 |       28 |      2 |    15 |   -0.323 |     -127.5 |    772 | gen_regfile_ff.register_file_i.rf_reg_q\[510\]$_DFFE_PN0P_/D
iter:780, pass:2, current fixing endpoint: gen_regfile_ff.register_file_i.rf_reg_q\[27\]$_DFFE_PN0P_/D, endpoint slack:-2.633076e-10
      780 |       0 |      13 |       28 |      2 |    15 |   -0.321 |     -127.1 |    772 | gen_regfile_ff.register_file_i.rf_reg_q\[510\]$_DFFE_PN0P_/D
      781 |       0 |      13 |       28 |      2 |    15 |   -0.321 |     -127.1 |    772 | gen_regfile_ff.register_file_i.rf_reg_q\[510\]$_DFFE_PN0P_/D
iter:781, pass:1, current fixing endpoint: gen_regfile_ff.register_file_i.rf_reg_q\[155\]$_DFFE_PN0P_/D, endpoint slack:-2.6253066e-10
      782 |       0 |      14 |       28 |      2 |    15 |   -0.323 |     -127.5 |    772 | gen_regfile_ff.register_file_i.rf_reg_q\[510\]$_DFFE_PN0P_/D
iter:782, pass:2, current fixing endpoint: gen_regfile_ff.register_file_i.rf_reg_q\[155\]$_DFFE_PN0P_/D, endpoint slack:-2.615954e-10
      782 |       0 |      13 |       28 |      2 |    15 |   -0.321 |     -127.1 |    772 | gen_regfile_ff.register_file_i.rf_reg_q\[510\]$_DFFE_PN0P_/D
      783 |       0 |      13 |       28 |      2 |    15 |   -0.321 |     -127.1 |    772 | gen_regfile_ff.register_file_i.rf_reg_q\[510\]$_DFFE_PN0P_/D
iter:783, pass:1, current fixing endpoint: gen_regfile_ff.register_file_i.rf_reg_q\[123\]$_DFFE_PN0P_/D, endpoint slack:-2.6161429e-10
      784 |       0 |      14 |       28 |      2 |    15 |   -0.323 |     -127.5 |    772 | gen_regfile_ff.register_file_i.rf_reg_q\[510\]$_DFFE_PN0P_/D
iter:784, pass:2, current fixing endpoint: gen_regfile_ff.register_file_i.rf_reg_q\[123\]$_DFFE_PN0P_/D, endpoint slack:-2.6067903e-10
      784 |       0 |      13 |       28 |      2 |    15 |   -0.321 |     -127.1 |    772 | gen_regfile_ff.register_file_i.rf_reg_q\[510\]$_DFFE_PN0P_/D
      785 |       0 |      13 |       28 |      2 |    15 |   -0.321 |     -127.1 |    772 | gen_regfile_ff.register_file_i.rf_reg_q\[510\]$_DFFE_PN0P_/D
iter:785, pass:1, current fixing endpoint: gen_regfile_ff.register_file_i.rf_reg_q\[219\]$_DFFE_PN0P_/D, endpoint slack:-2.613414e-10
      786 |       0 |      14 |       28 |      2 |    15 |   -0.323 |     -127.5 |    772 | gen_regfile_ff.register_file_i.rf_reg_q\[510\]$_DFFE_PN0P_/D
iter:786, pass:2, current fixing endpoint: gen_regfile_ff.register_file_i.rf_reg_q\[219\]$_DFFE_PN0P_/D, endpoint slack:-2.6040614e-10
      786 |       0 |      13 |       28 |      2 |    15 |   -0.321 |     -127.1 |    772 | gen_regfile_ff.register_file_i.rf_reg_q\[510\]$_DFFE_PN0P_/D
      787 |       0 |      13 |       28 |      2 |    15 |   -0.321 |     -127.1 |    772 | gen_regfile_ff.register_file_i.rf_reg_q\[510\]$_DFFE_PN0P_/D
iter:787, pass:1, current fixing endpoint: gen_regfile_ff.register_file_i.rf_reg_q\[603\]$_DFFE_PN0P_/D, endpoint slack:-2.609688e-10
      788 |       0 |      14 |       28 |      2 |    15 |   -0.323 |     -127.5 |    772 | gen_regfile_ff.register_file_i.rf_reg_q\[510\]$_DFFE_PN0P_/D
iter:788, pass:2, current fixing endpoint: gen_regfile_ff.register_file_i.rf_reg_q\[603\]$_DFFE_PN0P_/D, endpoint slack:-2.6003355e-10
      788 |       0 |      13 |       28 |      2 |    15 |   -0.321 |     -127.1 |    772 | gen_regfile_ff.register_file_i.rf_reg_q\[510\]$_DFFE_PN0P_/D
      789 |       0 |      13 |       28 |      2 |    15 |   -0.321 |     -127.1 |    772 | gen_regfile_ff.register_file_i.rf_reg_q\[510\]$_DFFE_PN0P_/D
iter:789, pass:1, current fixing endpoint: gen_regfile_ff.register_file_i.rf_reg_q\[187\]$_DFFE_PN0P_/D, endpoint slack:-2.6078317e-10
      790 |       0 |      14 |       28 |      2 |    15 |   -0.323 |     -127.5 |    772 | gen_regfile_ff.register_file_i.rf_reg_q\[510\]$_DFFE_PN0P_/D
iter:790, pass:2, current fixing endpoint: gen_regfile_ff.register_file_i.rf_reg_q\[187\]$_DFFE_PN0P_/D, endpoint slack:-2.5984792e-10
      790 |       0 |      13 |       28 |      2 |    15 |   -0.321 |     -127.1 |    772 | gen_regfile_ff.register_file_i.rf_reg_q\[510\]$_DFFE_PN0P_/D
--------------------
update violating ends at fixEndpointNum 304
top element of violating ends is: gen_regfile_ff.register_file_i.rf_reg_q\[510\]$_DFFE_PN0P_/D
--------------------
      791 |       0 |      13 |       28 |      2 |    15 |   -0.321 |     -127.1 |    772 | gen_regfile_ff.register_file_i.rf_reg_q\[510\]$_DFFE_PN0P_/D
iter:791, pass:1, current fixing endpoint: gen_regfile_ff.register_file_i.rf_reg_q\[510\]$_DFFE_PN0P_/D, endpoint slack:-3.207774e-10
      792 |       0 |      14 |       28 |      2 |    15 |   -0.321 |     -127.7 |    772 | gen_regfile_ff.register_file_i.rf_reg_q\[510\]$_DFFE_PN0P_/D
iter:792, pass:2, current fixing endpoint: gen_regfile_ff.register_file_i.rf_reg_q\[510\]$_DFFE_PN0P_/D, endpoint slack:-3.2092418e-10
      792 |       0 |      13 |       28 |      2 |    15 |   -0.321 |     -127.1 |    772 | gen_regfile_ff.register_file_i.rf_reg_q\[510\]$_DFFE_PN0P_/D
      793 |       0 |      13 |       28 |      2 |    15 |   -0.321 |     -127.1 |    772 | gen_regfile_ff.register_file_i.rf_reg_q\[510\]$_DFFE_PN0P_/D
iter:793, pass:1, current fixing endpoint: gen_regfile_ff.register_file_i.rf_reg_q\[30\]$_DFFE_PN0P_/D, endpoint slack:-3.207672e-10
      794 |       0 |      14 |       28 |      2 |    15 |   -0.321 |     -127.7 |    772 | gen_regfile_ff.register_file_i.rf_reg_q\[510\]$_DFFE_PN0P_/D
iter:794, pass:2, current fixing endpoint: gen_regfile_ff.register_file_i.rf_reg_q\[30\]$_DFFE_PN0P_/D, endpoint slack:-3.2091396e-10
      794 |       0 |      13 |       28 |      2 |    15 |   -0.321 |     -127.1 |    772 | gen_regfile_ff.register_file_i.rf_reg_q\[510\]$_DFFE_PN0P_/D
      795 |       0 |      13 |       28 |      2 |    15 |   -0.321 |     -127.1 |    772 | gen_regfile_ff.register_file_i.rf_reg_q\[510\]$_DFFE_PN0P_/D
iter:795, pass:1, current fixing endpoint: gen_regfile_ff.register_file_i.rf_reg_q\[926\]$_DFFE_PN0P_/D, endpoint slack:-3.2011416e-10
      796 |       0 |      14 |       28 |      2 |    15 |   -0.321 |     -127.7 |    772 | gen_regfile_ff.register_file_i.rf_reg_q\[510\]$_DFFE_PN0P_/D
iter:796, pass:2, current fixing endpoint: gen_regfile_ff.register_file_i.rf_reg_q\[926\]$_DFFE_PN0P_/D, endpoint slack:-3.2026093e-10
      796 |       0 |      13 |       28 |      2 |    15 |   -0.321 |     -127.1 |    772 | gen_regfile_ff.register_file_i.rf_reg_q\[510\]$_DFFE_PN0P_/D
      797 |       0 |      13 |       28 |      2 |    15 |   -0.321 |     -127.1 |    772 | gen_regfile_ff.register_file_i.rf_reg_q\[510\]$_DFFE_PN0P_/D
iter:797, pass:1, current fixing endpoint: gen_regfile_ff.register_file_i.rf_reg_q\[574\]$_DFFE_PN0P_/D, endpoint slack:-3.1980463e-10
      798 |       0 |      14 |       28 |      2 |    15 |   -0.321 |     -127.7 |    772 | gen_regfile_ff.register_file_i.rf_reg_q\[510\]$_DFFE_PN0P_/D
iter:798, pass:2, current fixing endpoint: gen_regfile_ff.register_file_i.rf_reg_q\[574\]$_DFFE_PN0P_/D, endpoint slack:-3.199514e-10
      798 |       0 |      13 |       28 |      2 |    15 |   -0.321 |     -127.1 |    772 | gen_regfile_ff.register_file_i.rf_reg_q\[510\]$_DFFE_PN0P_/D
      799 |       0 |      13 |       28 |      2 |    15 |   -0.321 |     -127.1 |    772 | gen_regfile_ff.register_file_i.rf_reg_q\[510\]$_DFFE_PN0P_/D
iter:799, pass:1, current fixing endpoint: gen_regfile_ff.register_file_i.rf_reg_q\[542\]$_DFFE_PN0P_/D, endpoint slack:-3.190146e-10
      800 |       0 |      14 |       28 |      2 |    15 |   -0.321 |     -127.7 |    772 | gen_regfile_ff.register_file_i.rf_reg_q\[510\]$_DFFE_PN0P_/D
iter:800, pass:2, current fixing endpoint: gen_regfile_ff.register_file_i.rf_reg_q\[542\]$_DFFE_PN0P_/D, endpoint slack:-3.1916136e-10
      800 |       0 |      13 |       28 |      2 |    15 |   -0.321 |     -127.1 |    772 | gen_regfile_ff.register_file_i.rf_reg_q\[510\]$_DFFE_PN0P_/D
      801 |       0 |      13 |       28 |      2 |    15 |   -0.321 |     -127.1 |    772 | gen_regfile_ff.register_file_i.rf_reg_q\[510\]$_DFFE_PN0P_/D
iter:801, pass:1, current fixing endpoint: gen_regfile_ff.register_file_i.rf_reg_q\[126\]$_DFFE_PN0P_/D, endpoint slack:-3.18918e-10
      802 |       0 |      14 |       28 |      2 |    15 |   -0.321 |     -127.7 |    772 | gen_regfile_ff.register_file_i.rf_reg_q\[510\]$_DFFE_PN0P_/D
iter:802, pass:2, current fixing endpoint: gen_regfile_ff.register_file_i.rf_reg_q\[126\]$_DFFE_PN0P_/D, endpoint slack:-3.1906477e-10
      802 |       0 |      13 |       28 |      2 |    15 |   -0.321 |     -127.1 |    772 | gen_regfile_ff.register_file_i.rf_reg_q\[510\]$_DFFE_PN0P_/D
      803 |       0 |      13 |       28 |      2 |    15 |   -0.321 |     -127.1 |    772 | gen_regfile_ff.register_file_i.rf_reg_q\[510\]$_DFFE_PN0P_/D
iter:803, pass:1, current fixing endpoint: gen_regfile_ff.register_file_i.rf_reg_q\[94\]$_DFFE_PN0P_/D, endpoint slack:-3.1855651e-10
      804 |       0 |      14 |       28 |      2 |    15 |   -0.321 |     -127.7 |    772 | gen_regfile_ff.register_file_i.rf_reg_q\[510\]$_DFFE_PN0P_/D
iter:804, pass:2, current fixing endpoint: gen_regfile_ff.register_file_i.rf_reg_q\[94\]$_DFFE_PN0P_/D, endpoint slack:-3.1870329e-10
      804 |       0 |      13 |       28 |      2 |    15 |   -0.321 |     -127.1 |    772 | gen_regfile_ff.register_file_i.rf_reg_q\[510\]$_DFFE_PN0P_/D
      805 |       0 |      13 |       28 |      2 |    15 |   -0.321 |     -127.1 |    772 | gen_regfile_ff.register_file_i.rf_reg_q\[510\]$_DFFE_PN0P_/D
iter:805, pass:1, current fixing endpoint: gen_regfile_ff.register_file_i.rf_reg_q\[190\]$_DFFE_PN0P_/D, endpoint slack:-3.179963e-10
      806 |       0 |      14 |       28 |      2 |    15 |   -0.321 |     -127.7 |    772 | gen_regfile_ff.register_file_i.rf_reg_q\[510\]$_DFFE_PN0P_/D
iter:806, pass:2, current fixing endpoint: gen_regfile_ff.register_file_i.rf_reg_q\[190\]$_DFFE_PN0P_/D, endpoint slack:-3.1814307e-10
      806 |       0 |      13 |       28 |      2 |    15 |   -0.321 |     -127.1 |    772 | gen_regfile_ff.register_file_i.rf_reg_q\[510\]$_DFFE_PN0P_/D
      807 |       0 |      13 |       28 |      2 |    15 |   -0.321 |     -127.1 |    772 | gen_regfile_ff.register_file_i.rf_reg_q\[510\]$_DFFE_PN0P_/D
iter:807, pass:1, current fixing endpoint: gen_regfile_ff.register_file_i.rf_reg_q\[958\]$_DFFE_PN0P_/D, endpoint slack:-3.1768588e-10
      808 |       0 |      14 |       28 |      2 |    15 |   -0.321 |     -127.7 |    772 | gen_regfile_ff.register_file_i.rf_reg_q\[510\]$_DFFE_PN0P_/D
iter:808, pass:2, current fixing endpoint: gen_regfile_ff.register_file_i.rf_reg_q\[958\]$_DFFE_PN0P_/D, endpoint slack:-3.1783265e-10
      808 |       0 |      13 |       28 |      2 |    15 |   -0.321 |     -127.1 |    772 | gen_regfile_ff.register_file_i.rf_reg_q\[510\]$_DFFE_PN0P_/D
      809 |       0 |      13 |       28 |      2 |    15 |   -0.321 |     -127.1 |    772 | gen_regfile_ff.register_file_i.rf_reg_q\[510\]$_DFFE_PN0P_/D
iter:809, pass:1, current fixing endpoint: gen_regfile_ff.register_file_i.rf_reg_q\[62\]$_DFFE_PN0P_/D, endpoint slack:-3.1751757e-10
      810 |       0 |      14 |       28 |      2 |    15 |   -0.321 |     -127.7 |    772 | gen_regfile_ff.register_file_i.rf_reg_q\[510\]$_DFFE_PN0P_/D
iter:810, pass:2, current fixing endpoint: gen_regfile_ff.register_file_i.rf_reg_q\[62\]$_DFFE_PN0P_/D, endpoint slack:-3.1766434e-10
      810 |       0 |      13 |       28 |      2 |    15 |   -0.321 |     -127.1 |    772 | gen_regfile_ff.register_file_i.rf_reg_q\[510\]$_DFFE_PN0P_/D
      811 |       0 |      13 |       28 |      2 |    15 |   -0.321 |     -127.1 |    772 | gen_regfile_ff.register_file_i.rf_reg_q\[510\]$_DFFE_PN0P_/D
iter:811, pass:1, current fixing endpoint: gen_regfile_ff.register_file_i.rf_reg_q\[702\]$_DFFE_PN0P_/D, endpoint slack:-3.1717584e-10
      812 |       0 |      14 |       28 |      2 |    15 |   -0.321 |     -127.7 |    772 | gen_regfile_ff.register_file_i.rf_reg_q\[510\]$_DFFE_PN0P_/D
iter:812, pass:2, current fixing endpoint: gen_regfile_ff.register_file_i.rf_reg_q\[702\]$_DFFE_PN0P_/D, endpoint slack:-3.173226e-10
      812 |       0 |      13 |       28 |      2 |    15 |   -0.321 |     -127.1 |    772 | gen_regfile_ff.register_file_i.rf_reg_q\[510\]$_DFFE_PN0P_/D
      813 |       0 |      13 |       28 |      2 |    15 |   -0.321 |     -127.1 |    772 | gen_regfile_ff.register_file_i.rf_reg_q\[510\]$_DFFE_PN0P_/D
iter:813, pass:1, current fixing endpoint: gen_regfile_ff.register_file_i.rf_reg_q\[734\]$_DFFE_PN0P_/D, endpoint slack:-3.1705727e-10
      814 |       0 |      14 |       28 |      2 |    15 |   -0.321 |     -127.7 |    772 | gen_regfile_ff.register_file_i.rf_reg_q\[510\]$_DFFE_PN0P_/D
iter:814, pass:2, current fixing endpoint: gen_regfile_ff.register_file_i.rf_reg_q\[734\]$_DFFE_PN0P_/D, endpoint slack:-3.1720404e-10
      814 |       0 |      13 |       28 |      2 |    15 |   -0.321 |     -127.1 |    772 | gen_regfile_ff.register_file_i.rf_reg_q\[510\]$_DFFE_PN0P_/D
      815 |       0 |      13 |       28 |      2 |    15 |   -0.321 |     -127.1 |    772 | gen_regfile_ff.register_file_i.rf_reg_q\[510\]$_DFFE_PN0P_/D
iter:815, pass:1, current fixing endpoint: gen_regfile_ff.register_file_i.rf_reg_q\[670\]$_DFFE_PN0P_/D, endpoint slack:-3.1689584e-10
      816 |       0 |      14 |       28 |      2 |    15 |   -0.321 |     -127.7 |    772 | gen_regfile_ff.register_file_i.rf_reg_q\[510\]$_DFFE_PN0P_/D
iter:816, pass:2, current fixing endpoint: gen_regfile_ff.register_file_i.rf_reg_q\[670\]$_DFFE_PN0P_/D, endpoint slack:-3.1704261e-10
      816 |       0 |      13 |       28 |      2 |    15 |   -0.321 |     -127.1 |    772 | gen_regfile_ff.register_file_i.rf_reg_q\[510\]$_DFFE_PN0P_/D
      817 |       0 |      13 |       28 |      2 |    15 |   -0.321 |     -127.1 |    772 | gen_regfile_ff.register_file_i.rf_reg_q\[510\]$_DFFE_PN0P_/D
iter:817, pass:1, current fixing endpoint: gen_regfile_ff.register_file_i.rf_reg_q\[254\]$_DFFE_PN0P_/D, endpoint slack:-3.168259e-10
      818 |       0 |      14 |       28 |      2 |    15 |   -0.321 |     -127.7 |    772 | gen_regfile_ff.register_file_i.rf_reg_q\[510\]$_DFFE_PN0P_/D
iter:818, pass:2, current fixing endpoint: gen_regfile_ff.register_file_i.rf_reg_q\[254\]$_DFFE_PN0P_/D, endpoint slack:-3.1697267e-10
      818 |       0 |      13 |       28 |      2 |    15 |   -0.321 |     -127.1 |    772 | gen_regfile_ff.register_file_i.rf_reg_q\[510\]$_DFFE_PN0P_/D
      819 |       0 |      13 |       28 |      2 |    15 |   -0.321 |     -127.1 |    772 | gen_regfile_ff.register_file_i.rf_reg_q\[510\]$_DFFE_PN0P_/D
iter:819, pass:1, current fixing endpoint: gen_regfile_ff.register_file_i.rf_reg_q\[350\]$_DFFE_PN0P_/D, endpoint slack:-3.1681835e-10
      820 |       0 |      14 |       28 |      2 |    15 |   -0.321 |     -127.7 |    772 | gen_regfile_ff.register_file_i.rf_reg_q\[510\]$_DFFE_PN0P_/D
iter:820, pass:2, current fixing endpoint: gen_regfile_ff.register_file_i.rf_reg_q\[350\]$_DFFE_PN0P_/D, endpoint slack:-3.1696512e-10
      820 |       0 |      13 |       28 |      2 |    15 |   -0.321 |     -127.1 |    772 | gen_regfile_ff.register_file_i.rf_reg_q\[510\]$_DFFE_PN0P_/D
      821 |       0 |      13 |       28 |      2 |    15 |   -0.321 |     -127.1 |    772 | gen_regfile_ff.register_file_i.rf_reg_q\[510\]$_DFFE_PN0P_/D
iter:821, pass:1, current fixing endpoint: gen_regfile_ff.register_file_i.rf_reg_q\[286\]$_DFFE_PN0P_/D, endpoint slack:-3.1673708e-10
      822 |       0 |      14 |       28 |      2 |    15 |   -0.321 |     -127.7 |    772 | gen_regfile_ff.register_file_i.rf_reg_q\[510\]$_DFFE_PN0P_/D
iter:822, pass:2, current fixing endpoint: gen_regfile_ff.register_file_i.rf_reg_q\[286\]$_DFFE_PN0P_/D, endpoint slack:-3.1688385e-10
      822 |       0 |      13 |       28 |      2 |    15 |   -0.321 |     -127.1 |    772 | gen_regfile_ff.register_file_i.rf_reg_q\[510\]$_DFFE_PN0P_/D
      823 |       0 |      13 |       28 |      2 |    15 |   -0.321 |     -127.1 |    772 | gen_regfile_ff.register_file_i.rf_reg_q\[510\]$_DFFE_PN0P_/D
iter:823, pass:1, current fixing endpoint: gen_regfile_ff.register_file_i.rf_reg_q\[638\]$_DFFE_PN0P_/D, endpoint slack:-3.166456e-10
      824 |       0 |      14 |       28 |      2 |    15 |   -0.321 |     -127.7 |    772 | gen_regfile_ff.register_file_i.rf_reg_q\[510\]$_DFFE_PN0P_/D
iter:824, pass:2, current fixing endpoint: gen_regfile_ff.register_file_i.rf_reg_q\[638\]$_DFFE_PN0P_/D, endpoint slack:-3.1679237e-10
      824 |       0 |      13 |       28 |      2 |    15 |   -0.321 |     -127.1 |    772 | gen_regfile_ff.register_file_i.rf_reg_q\[510\]$_DFFE_PN0P_/D
      825 |       0 |      13 |       28 |      2 |    15 |   -0.321 |     -127.1 |    772 | gen_regfile_ff.register_file_i.rf_reg_q\[510\]$_DFFE_PN0P_/D
iter:825, pass:1, current fixing endpoint: gen_regfile_ff.register_file_i.rf_reg_q\[382\]$_DFFE_PN0P_/D, endpoint slack:-3.1551095e-10
      826 |       0 |      14 |       28 |      2 |    15 |   -0.321 |     -127.7 |    772 | gen_regfile_ff.register_file_i.rf_reg_q\[510\]$_DFFE_PN0P_/D
iter:826, pass:2, current fixing endpoint: gen_regfile_ff.register_file_i.rf_reg_q\[382\]$_DFFE_PN0P_/D, endpoint slack:-3.1565772e-10
      826 |       0 |      13 |       28 |      2 |    15 |   -0.321 |     -127.1 |    772 | gen_regfile_ff.register_file_i.rf_reg_q\[510\]$_DFFE_PN0P_/D
      827 |       0 |      13 |       28 |      2 |    15 |   -0.321 |     -127.1 |    772 | gen_regfile_ff.register_file_i.rf_reg_q\[510\]$_DFFE_PN0P_/D
iter:827, pass:1, current fixing endpoint: gen_regfile_ff.register_file_i.rf_reg_q\[222\]$_DFFE_PN0P_/D, endpoint slack:-3.1549252e-10
      828 |       0 |      14 |       28 |      2 |    15 |   -0.321 |     -127.7 |    772 | gen_regfile_ff.register_file_i.rf_reg_q\[510\]$_DFFE_PN0P_/D
iter:828, pass:2, current fixing endpoint: gen_regfile_ff.register_file_i.rf_reg_q\[222\]$_DFFE_PN0P_/D, endpoint slack:-3.156393e-10
      828 |       0 |      13 |       28 |      2 |    15 |   -0.321 |     -127.1 |    772 | gen_regfile_ff.register_file_i.rf_reg_q\[510\]$_DFFE_PN0P_/D
      829 |       0 |      13 |       28 |      2 |    15 |   -0.321 |     -127.1 |    772 | gen_regfile_ff.register_file_i.rf_reg_q\[510\]$_DFFE_PN0P_/D
iter:829, pass:1, current fixing endpoint: gen_regfile_ff.register_file_i.rf_reg_q\[478\]$_DFFE_PN0P_/D, endpoint slack:-3.1543235e-10
      830 |       0 |      14 |       28 |      2 |    15 |   -0.321 |     -127.7 |    772 | gen_regfile_ff.register_file_i.rf_reg_q\[510\]$_DFFE_PN0P_/D
iter:830, pass:2, current fixing endpoint: gen_regfile_ff.register_file_i.rf_reg_q\[478\]$_DFFE_PN0P_/D, endpoint slack:-3.1557912e-10
      830 |       0 |      13 |       28 |      2 |    15 |   -0.321 |     -127.1 |    772 | gen_regfile_ff.register_file_i.rf_reg_q\[510\]$_DFFE_PN0P_/D
      831 |       0 |      13 |       28 |      2 |    15 |   -0.321 |     -127.1 |    772 | gen_regfile_ff.register_file_i.rf_reg_q\[510\]$_DFFE_PN0P_/D
iter:831, pass:1, current fixing endpoint: gen_regfile_ff.register_file_i.rf_reg_q\[158\]$_DFFE_PN0P_/D, endpoint slack:-3.1498337e-10
      832 |       0 |      14 |       28 |      2 |    15 |   -0.321 |     -127.7 |    772 | gen_regfile_ff.register_file_i.rf_reg_q\[510\]$_DFFE_PN0P_/D
iter:832, pass:2, current fixing endpoint: gen_regfile_ff.register_file_i.rf_reg_q\[158\]$_DFFE_PN0P_/D, endpoint slack:-3.1513014e-10
      832 |       0 |      13 |       28 |      2 |    15 |   -0.321 |     -127.1 |    772 | gen_regfile_ff.register_file_i.rf_reg_q\[510\]$_DFFE_PN0P_/D
      833 |       0 |      13 |       28 |      2 |    15 |   -0.321 |     -127.1 |    772 | gen_regfile_ff.register_file_i.rf_reg_q\[510\]$_DFFE_PN0P_/D
iter:833, pass:1, current fixing endpoint: gen_regfile_ff.register_file_i.rf_reg_q\[990\]$_DFFE_PN0P_/D, endpoint slack:-3.1463432e-10
      834 |       0 |      14 |       28 |      2 |    15 |   -0.321 |     -127.7 |    772 | gen_regfile_ff.register_file_i.rf_reg_q\[510\]$_DFFE_PN0P_/D
iter:834, pass:2, current fixing endpoint: gen_regfile_ff.register_file_i.rf_reg_q\[990\]$_DFFE_PN0P_/D, endpoint slack:-3.147813e-10
      834 |       0 |      13 |       28 |      2 |    15 |   -0.321 |     -127.1 |    772 | gen_regfile_ff.register_file_i.rf_reg_q\[510\]$_DFFE_PN0P_/D
      835 |       0 |      13 |       28 |      2 |    15 |   -0.321 |     -127.1 |    772 | gen_regfile_ff.register_file_i.rf_reg_q\[510\]$_DFFE_PN0P_/D
iter:835, pass:1, current fixing endpoint: gen_regfile_ff.register_file_i.rf_reg_q\[606\]$_DFFE_PN0P_/D, endpoint slack:-3.1440406e-10
      836 |       0 |      14 |       28 |      2 |    15 |   -0.321 |     -127.7 |    772 | gen_regfile_ff.register_file_i.rf_reg_q\[510\]$_DFFE_PN0P_/D
iter:836, pass:2, current fixing endpoint: gen_regfile_ff.register_file_i.rf_reg_q\[606\]$_DFFE_PN0P_/D, endpoint slack:-3.1455083e-10
      836 |       0 |      13 |       28 |      2 |    15 |   -0.321 |     -127.1 |    772 | gen_regfile_ff.register_file_i.rf_reg_q\[510\]$_DFFE_PN0P_/D
      837 |       0 |      13 |       28 |      2 |    15 |   -0.321 |     -127.1 |    772 | gen_regfile_ff.register_file_i.rf_reg_q\[510\]$_DFFE_PN0P_/D
iter:837, pass:1, current fixing endpoint: gen_regfile_ff.register_file_i.rf_reg_q\[766\]$_DFFE_PN0P_/D, endpoint slack:-3.1429526e-10
      838 |       0 |      14 |       28 |      2 |    15 |   -0.321 |     -127.7 |    772 | gen_regfile_ff.register_file_i.rf_reg_q\[510\]$_DFFE_PN0P_/D
iter:838, pass:2, current fixing endpoint: gen_regfile_ff.register_file_i.rf_reg_q\[766\]$_DFFE_PN0P_/D, endpoint slack:-3.1444203e-10
      838 |       0 |      13 |       28 |      2 |    15 |   -0.321 |     -127.1 |    772 | gen_regfile_ff.register_file_i.rf_reg_q\[510\]$_DFFE_PN0P_/D
      839 |       0 |      13 |       28 |      2 |    15 |   -0.321 |     -127.1 |    772 | gen_regfile_ff.register_file_i.rf_reg_q\[510\]$_DFFE_PN0P_/D
iter:839, pass:1, current fixing endpoint: gen_regfile_ff.register_file_i.rf_reg_q\[862\]$_DFFE_PN0P_/D, endpoint slack:-3.1412517e-10
      840 |       0 |      14 |       28 |      2 |    15 |   -0.321 |     -127.7 |    772 | gen_regfile_ff.register_file_i.rf_reg_q\[510\]$_DFFE_PN0P_/D
iter:840, pass:2, current fixing endpoint: gen_regfile_ff.register_file_i.rf_reg_q\[862\]$_DFFE_PN0P_/D, endpoint slack:-3.1427194e-10
      840 |       0 |      13 |       28 |      2 |    15 |   -0.321 |     -127.1 |    772 | gen_regfile_ff.register_file_i.rf_reg_q\[510\]$_DFFE_PN0P_/D
      841 |       0 |      13 |       28 |      2 |    15 |   -0.321 |     -127.1 |    772 | gen_regfile_ff.register_file_i.rf_reg_q\[510\]$_DFFE_PN0P_/D
iter:841, pass:1, current fixing endpoint: gen_regfile_ff.register_file_i.rf_reg_q\[446\]$_DFFE_PN0P_/D, endpoint slack:-3.1394332e-10
      842 |       0 |      14 |       28 |      2 |    15 |   -0.321 |     -127.7 |    772 | gen_regfile_ff.register_file_i.rf_reg_q\[510\]$_DFFE_PN0P_/D
iter:842, pass:2, current fixing endpoint: gen_regfile_ff.register_file_i.rf_reg_q\[446\]$_DFFE_PN0P_/D, endpoint slack:-3.140901e-10
      842 |       0 |      13 |       28 |      2 |    15 |   -0.321 |     -127.1 |    772 | gen_regfile_ff.register_file_i.rf_reg_q\[510\]$_DFFE_PN0P_/D
      843 |       0 |      13 |       28 |      2 |    15 |   -0.321 |     -127.1 |    772 | gen_regfile_ff.register_file_i.rf_reg_q\[510\]$_DFFE_PN0P_/D
iter:843, pass:1, current fixing endpoint: gen_regfile_ff.register_file_i.rf_reg_q\[798\]$_DFFE_PN0P_/D, endpoint slack:-3.138152e-10
      844 |       0 |      14 |       28 |      2 |    15 |   -0.321 |     -127.7 |    772 | gen_regfile_ff.register_file_i.rf_reg_q\[510\]$_DFFE_PN0P_/D
iter:844, pass:2, current fixing endpoint: gen_regfile_ff.register_file_i.rf_reg_q\[798\]$_DFFE_PN0P_/D, endpoint slack:-3.1396197e-10
      844 |       0 |      13 |       28 |      2 |    15 |   -0.321 |     -127.1 |    772 | gen_regfile_ff.register_file_i.rf_reg_q\[510\]$_DFFE_PN0P_/D
      845 |       0 |      13 |       28 |      2 |    15 |   -0.321 |     -127.1 |    772 | gen_regfile_ff.register_file_i.rf_reg_q\[510\]$_DFFE_PN0P_/D
iter:845, pass:1, current fixing endpoint: gen_regfile_ff.register_file_i.rf_reg_q\[830\]$_DFFE_PN0P_/D, endpoint slack:-3.1377434e-10
      846 |       0 |      14 |       28 |      2 |    15 |   -0.321 |     -127.7 |    772 | gen_regfile_ff.register_file_i.rf_reg_q\[510\]$_DFFE_PN0P_/D
iter:846, pass:2, current fixing endpoint: gen_regfile_ff.register_file_i.rf_reg_q\[830\]$_DFFE_PN0P_/D, endpoint slack:-3.139211e-10
      846 |       0 |      13 |       28 |      2 |    15 |   -0.321 |     -127.1 |    772 | gen_regfile_ff.register_file_i.rf_reg_q\[510\]$_DFFE_PN0P_/D
      847 |       0 |      13 |       28 |      2 |    15 |   -0.321 |     -127.1 |    772 | gen_regfile_ff.register_file_i.rf_reg_q\[510\]$_DFFE_PN0P_/D
iter:847, pass:1, current fixing endpoint: gen_regfile_ff.register_file_i.rf_reg_q\[318\]$_DFFE_PN0P_/D, endpoint slack:-3.1375103e-10
      848 |       0 |      14 |       28 |      2 |    15 |   -0.321 |     -127.7 |    772 | gen_regfile_ff.register_file_i.rf_reg_q\[510\]$_DFFE_PN0P_/D
iter:848, pass:2, current fixing endpoint: gen_regfile_ff.register_file_i.rf_reg_q\[318\]$_DFFE_PN0P_/D, endpoint slack:-3.138978e-10
      848 |       0 |      13 |       28 |      2 |    15 |   -0.321 |     -127.1 |    772 | gen_regfile_ff.register_file_i.rf_reg_q\[510\]$_DFFE_PN0P_/D
      849 |       0 |      13 |       28 |      2 |    15 |   -0.321 |     -127.1 |    772 | gen_regfile_ff.register_file_i.rf_reg_q\[510\]$_DFFE_PN0P_/D
iter:849, pass:1, current fixing endpoint: instr_addr_o[31], endpoint slack:-3.1323344e-10
      850 |       0 |      14 |       28 |      2 |    15 |   -0.321 |     -127.1 |    772 | gen_regfile_ff.register_file_i.rf_reg_q\[510\]$_DFFE_PN0P_/D
iter:850, pass:2, current fixing endpoint: instr_addr_o[31], endpoint slack:-3.1504777e-10
      851 |       0 |      14 |       28 |      3 |    15 |   -0.321 |     -127.1 |    772 | gen_regfile_ff.register_file_i.rf_reg_q\[510\]$_DFFE_PN0P_/D
iter:851, pass:3, current fixing endpoint: instr_addr_o[31], endpoint slack:-3.1847724e-10
      852 |       0 |      14 |       30 |      3 |    15 |   -0.321 |     -127.1 |    772 | gen_regfile_ff.register_file_i.rf_reg_q\[510\]$_DFFE_PN0P_/D
iter:852, pass:4, current fixing endpoint: instr_addr_o[31], endpoint slack:-3.1380387e-10
      853 |       0 |      15 |       30 |      3 |    15 |   -0.321 |     -127.1 |    772 | gen_regfile_ff.register_file_i.rf_reg_q\[510\]$_DFFE_PN0P_/D
iter:853, pass:5, current fixing endpoint: instr_addr_o[31], endpoint slack:-3.1800584e-10
      854 |       0 |      15 |       32 |      3 |    15 |   -0.321 |     -127.1 |    772 | gen_regfile_ff.register_file_i.rf_reg_q\[510\]$_DFFE_PN0P_/D
iter:854, pass:6, current fixing endpoint: instr_addr_o[31], endpoint slack:-3.142968e-10
      855 |       0 |      16 |       32 |      3 |    15 |   -0.321 |     -127.1 |    772 | gen_regfile_ff.register_file_i.rf_reg_q\[510\]$_DFFE_PN0P_/D
iter:855, pass:7, current fixing endpoint: instr_addr_o[31], endpoint slack:-3.1407232e-10
      855 |       0 |      13 |       30 |      2 |    15 |   -0.321 |     -127.1 |    772 | gen_regfile_ff.register_file_i.rf_reg_q\[510\]$_DFFE_PN0P_/D
      856 |       0 |      13 |       30 |      2 |    15 |   -0.321 |     -127.1 |    772 | gen_regfile_ff.register_file_i.rf_reg_q\[510\]$_DFFE_PN0P_/D
iter:856, pass:1, current fixing endpoint: gen_regfile_ff.register_file_i.rf_reg_q\[414\]$_DFFE_PN0P_/D, endpoint slack:-3.1316416e-10
      857 |       0 |      14 |       30 |      2 |    15 |   -0.321 |     -127.7 |    772 | gen_regfile_ff.register_file_i.rf_reg_q\[510\]$_DFFE_PN0P_/D
iter:857, pass:2, current fixing endpoint: gen_regfile_ff.register_file_i.rf_reg_q\[414\]$_DFFE_PN0P_/D, endpoint slack:-3.1331093e-10
      857 |       0 |      13 |       30 |      2 |    15 |   -0.321 |     -127.1 |    772 | gen_regfile_ff.register_file_i.rf_reg_q\[510\]$_DFFE_PN0P_/D
      858 |       0 |      13 |       30 |      2 |    15 |   -0.321 |     -127.1 |    772 | gen_regfile_ff.register_file_i.rf_reg_q\[510\]$_DFFE_PN0P_/D
iter:858, pass:1, current fixing endpoint: gen_regfile_ff.register_file_i.rf_reg_q\[894\]$_DFFE_PN0P_/D, endpoint slack:-2.9047298e-10
      859 |       0 |      14 |       30 |      2 |    15 |   -0.321 |     -127.7 |    772 | gen_regfile_ff.register_file_i.rf_reg_q\[510\]$_DFFE_PN0P_/D
iter:859, pass:2, current fixing endpoint: gen_regfile_ff.register_file_i.rf_reg_q\[894\]$_DFFE_PN0P_/D, endpoint slack:-2.9061975e-10
      859 |       0 |      13 |       30 |      2 |    15 |   -0.321 |     -127.1 |    772 | gen_regfile_ff.register_file_i.rf_reg_q\[510\]$_DFFE_PN0P_/D
      860 |       0 |      13 |       30 |      2 |    15 |   -0.321 |     -127.1 |    772 | gen_regfile_ff.register_file_i.rf_reg_q\[510\]$_DFFE_PN0P_/D
iter:860, pass:1, current fixing endpoint: gen_regfile_ff.register_file_i.rf_reg_q\[27\]$_DFFE_PN0P_/D, endpoint slack:-2.6424285e-10
      861 |       0 |      14 |       30 |      2 |    15 |   -0.323 |     -127.5 |    772 | gen_regfile_ff.register_file_i.rf_reg_q\[510\]$_DFFE_PN0P_/D
iter:861, pass:2, current fixing endpoint: gen_regfile_ff.register_file_i.rf_reg_q\[27\]$_DFFE_PN0P_/D, endpoint slack:-2.633076e-10
      861 |       0 |      13 |       30 |      2 |    15 |   -0.321 |     -127.1 |    772 | gen_regfile_ff.register_file_i.rf_reg_q\[510\]$_DFFE_PN0P_/D
      862 |       0 |      13 |       30 |      2 |    15 |   -0.321 |     -127.1 |    772 | gen_regfile_ff.register_file_i.rf_reg_q\[510\]$_DFFE_PN0P_/D
iter:862, pass:1, current fixing endpoint: gen_regfile_ff.register_file_i.rf_reg_q\[155\]$_DFFE_PN0P_/D, endpoint slack:-2.6253066e-10
      863 |       0 |      14 |       30 |      2 |    15 |   -0.323 |     -127.5 |    772 | gen_regfile_ff.register_file_i.rf_reg_q\[510\]$_DFFE_PN0P_/D
iter:863, pass:2, current fixing endpoint: gen_regfile_ff.register_file_i.rf_reg_q\[155\]$_DFFE_PN0P_/D, endpoint slack:-2.615954e-10
      863 |       0 |      13 |       30 |      2 |    15 |   -0.321 |     -127.1 |    772 | gen_regfile_ff.register_file_i.rf_reg_q\[510\]$_DFFE_PN0P_/D
      864 |       0 |      13 |       30 |      2 |    15 |   -0.321 |     -127.1 |    772 | gen_regfile_ff.register_file_i.rf_reg_q\[510\]$_DFFE_PN0P_/D
iter:864, pass:1, current fixing endpoint: gen_regfile_ff.register_file_i.rf_reg_q\[123\]$_DFFE_PN0P_/D, endpoint slack:-2.6161429e-10
      865 |       0 |      14 |       30 |      2 |    15 |   -0.323 |     -127.5 |    772 | gen_regfile_ff.register_file_i.rf_reg_q\[510\]$_DFFE_PN0P_/D
iter:865, pass:2, current fixing endpoint: gen_regfile_ff.register_file_i.rf_reg_q\[123\]$_DFFE_PN0P_/D, endpoint slack:-2.6067903e-10
      865 |       0 |      13 |       30 |      2 |    15 |   -0.321 |     -127.1 |    772 | gen_regfile_ff.register_file_i.rf_reg_q\[510\]$_DFFE_PN0P_/D
      866 |       0 |      13 |       30 |      2 |    15 |   -0.321 |     -127.1 |    772 | gen_regfile_ff.register_file_i.rf_reg_q\[510\]$_DFFE_PN0P_/D
iter:866, pass:1, current fixing endpoint: gen_regfile_ff.register_file_i.rf_reg_q\[219\]$_DFFE_PN0P_/D, endpoint slack:-2.613414e-10
      867 |       0 |      14 |       30 |      2 |    15 |   -0.323 |     -127.5 |    772 | gen_regfile_ff.register_file_i.rf_reg_q\[510\]$_DFFE_PN0P_/D
iter:867, pass:2, current fixing endpoint: gen_regfile_ff.register_file_i.rf_reg_q\[219\]$_DFFE_PN0P_/D, endpoint slack:-2.6040614e-10
      867 |       0 |      13 |       30 |      2 |    15 |   -0.321 |     -127.1 |    772 | gen_regfile_ff.register_file_i.rf_reg_q\[510\]$_DFFE_PN0P_/D
      868 |       0 |      13 |       30 |      2 |    15 |   -0.321 |     -127.1 |    772 | gen_regfile_ff.register_file_i.rf_reg_q\[510\]$_DFFE_PN0P_/D
iter:868, pass:1, current fixing endpoint: gen_regfile_ff.register_file_i.rf_reg_q\[603\]$_DFFE_PN0P_/D, endpoint slack:-2.609688e-10
      869 |       0 |      14 |       30 |      2 |    15 |   -0.323 |     -127.5 |    772 | gen_regfile_ff.register_file_i.rf_reg_q\[510\]$_DFFE_PN0P_/D
iter:869, pass:2, current fixing endpoint: gen_regfile_ff.register_file_i.rf_reg_q\[603\]$_DFFE_PN0P_/D, endpoint slack:-2.6003355e-10
      869 |       0 |      13 |       30 |      2 |    15 |   -0.321 |     -127.1 |    772 | gen_regfile_ff.register_file_i.rf_reg_q\[510\]$_DFFE_PN0P_/D
      870 |       0 |      13 |       30 |      2 |    15 |   -0.321 |     -127.1 |    772 | gen_regfile_ff.register_file_i.rf_reg_q\[510\]$_DFFE_PN0P_/D
iter:870, pass:1, current fixing endpoint: gen_regfile_ff.register_file_i.rf_reg_q\[187\]$_DFFE_PN0P_/D, endpoint slack:-2.6078317e-10
      871 |       0 |      14 |       30 |      2 |    15 |   -0.323 |     -127.5 |    772 | gen_regfile_ff.register_file_i.rf_reg_q\[510\]$_DFFE_PN0P_/D
iter:871, pass:2, current fixing endpoint: gen_regfile_ff.register_file_i.rf_reg_q\[187\]$_DFFE_PN0P_/D, endpoint slack:-2.5984792e-10
      871 |       0 |      13 |       30 |      2 |    15 |   -0.321 |     -127.1 |    772 | gen_regfile_ff.register_file_i.rf_reg_q\[510\]$_DFFE_PN0P_/D
--------------------
update violating ends at fixEndpointNum 342
top element of violating ends is: gen_regfile_ff.register_file_i.rf_reg_q\[510\]$_DFFE_PN0P_/D
--------------------
      872 |       0 |      13 |       30 |      2 |    15 |   -0.321 |     -127.1 |    772 | gen_regfile_ff.register_file_i.rf_reg_q\[510\]$_DFFE_PN0P_/D
iter:872, pass:1, current fixing endpoint: gen_regfile_ff.register_file_i.rf_reg_q\[510\]$_DFFE_PN0P_/D, endpoint slack:-3.207774e-10
      873 |       0 |      14 |       30 |      2 |    15 |   -0.321 |     -127.7 |    772 | gen_regfile_ff.register_file_i.rf_reg_q\[510\]$_DFFE_PN0P_/D
iter:873, pass:2, current fixing endpoint: gen_regfile_ff.register_file_i.rf_reg_q\[510\]$_DFFE_PN0P_/D, endpoint slack:-3.2092418e-10
      873 |       0 |      13 |       30 |      2 |    15 |   -0.321 |     -127.1 |    772 | gen_regfile_ff.register_file_i.rf_reg_q\[510\]$_DFFE_PN0P_/D
      874 |       0 |      13 |       30 |      2 |    15 |   -0.321 |     -127.1 |    772 | gen_regfile_ff.register_file_i.rf_reg_q\[510\]$_DFFE_PN0P_/D
iter:874, pass:1, current fixing endpoint: gen_regfile_ff.register_file_i.rf_reg_q\[30\]$_DFFE_PN0P_/D, endpoint slack:-3.207672e-10
      875 |       0 |      14 |       30 |      2 |    15 |   -0.321 |     -127.7 |    772 | gen_regfile_ff.register_file_i.rf_reg_q\[510\]$_DFFE_PN0P_/D
iter:875, pass:2, current fixing endpoint: gen_regfile_ff.register_file_i.rf_reg_q\[30\]$_DFFE_PN0P_/D, endpoint slack:-3.2091396e-10
      875 |       0 |      13 |       30 |      2 |    15 |   -0.321 |     -127.1 |    772 | gen_regfile_ff.register_file_i.rf_reg_q\[510\]$_DFFE_PN0P_/D
      876 |       0 |      13 |       30 |      2 |    15 |   -0.321 |     -127.1 |    772 | gen_regfile_ff.register_file_i.rf_reg_q\[510\]$_DFFE_PN0P_/D
iter:876, pass:1, current fixing endpoint: gen_regfile_ff.register_file_i.rf_reg_q\[926\]$_DFFE_PN0P_/D, endpoint slack:-3.2011416e-10
      877 |       0 |      14 |       30 |      2 |    15 |   -0.321 |     -127.7 |    772 | gen_regfile_ff.register_file_i.rf_reg_q\[510\]$_DFFE_PN0P_/D
iter:877, pass:2, current fixing endpoint: gen_regfile_ff.register_file_i.rf_reg_q\[926\]$_DFFE_PN0P_/D, endpoint slack:-3.2026093e-10
      877 |       0 |      13 |       30 |      2 |    15 |   -0.321 |     -127.1 |    772 | gen_regfile_ff.register_file_i.rf_reg_q\[510\]$_DFFE_PN0P_/D
      878 |       0 |      13 |       30 |      2 |    15 |   -0.321 |     -127.1 |    772 | gen_regfile_ff.register_file_i.rf_reg_q\[510\]$_DFFE_PN0P_/D
iter:878, pass:1, current fixing endpoint: gen_regfile_ff.register_file_i.rf_reg_q\[574\]$_DFFE_PN0P_/D, endpoint slack:-3.1980463e-10
      879 |       0 |      14 |       30 |      2 |    15 |   -0.321 |     -127.7 |    772 | gen_regfile_ff.register_file_i.rf_reg_q\[510\]$_DFFE_PN0P_/D
iter:879, pass:2, current fixing endpoint: gen_regfile_ff.register_file_i.rf_reg_q\[574\]$_DFFE_PN0P_/D, endpoint slack:-3.199514e-10
      879 |       0 |      13 |       30 |      2 |    15 |   -0.321 |     -127.1 |    772 | gen_regfile_ff.register_file_i.rf_reg_q\[510\]$_DFFE_PN0P_/D
      880 |       0 |      13 |       30 |      2 |    15 |   -0.321 |     -127.1 |    772 | gen_regfile_ff.register_file_i.rf_reg_q\[510\]$_DFFE_PN0P_/D
iter:880, pass:1, current fixing endpoint: gen_regfile_ff.register_file_i.rf_reg_q\[542\]$_DFFE_PN0P_/D, endpoint slack:-3.190146e-10
      881 |       0 |      14 |       30 |      2 |    15 |   -0.321 |     -127.7 |    772 | gen_regfile_ff.register_file_i.rf_reg_q\[510\]$_DFFE_PN0P_/D
iter:881, pass:2, current fixing endpoint: gen_regfile_ff.register_file_i.rf_reg_q\[542\]$_DFFE_PN0P_/D, endpoint slack:-3.1916136e-10
      881 |       0 |      13 |       30 |      2 |    15 |   -0.321 |     -127.1 |    772 | gen_regfile_ff.register_file_i.rf_reg_q\[510\]$_DFFE_PN0P_/D
      882 |       0 |      13 |       30 |      2 |    15 |   -0.321 |     -127.1 |    772 | gen_regfile_ff.register_file_i.rf_reg_q\[510\]$_DFFE_PN0P_/D
iter:882, pass:1, current fixing endpoint: gen_regfile_ff.register_file_i.rf_reg_q\[126\]$_DFFE_PN0P_/D, endpoint slack:-3.18918e-10
      883 |       0 |      14 |       30 |      2 |    15 |   -0.321 |     -127.7 |    772 | gen_regfile_ff.register_file_i.rf_reg_q\[510\]$_DFFE_PN0P_/D
iter:883, pass:2, current fixing endpoint: gen_regfile_ff.register_file_i.rf_reg_q\[126\]$_DFFE_PN0P_/D, endpoint slack:-3.1906477e-10
      883 |       0 |      13 |       30 |      2 |    15 |   -0.321 |     -127.1 |    772 | gen_regfile_ff.register_file_i.rf_reg_q\[510\]$_DFFE_PN0P_/D
      884 |       0 |      13 |       30 |      2 |    15 |   -0.321 |     -127.1 |    772 | gen_regfile_ff.register_file_i.rf_reg_q\[510\]$_DFFE_PN0P_/D
iter:884, pass:1, current fixing endpoint: gen_regfile_ff.register_file_i.rf_reg_q\[94\]$_DFFE_PN0P_/D, endpoint slack:-3.1855651e-10
      885 |       0 |      14 |       30 |      2 |    15 |   -0.321 |     -127.7 |    772 | gen_regfile_ff.register_file_i.rf_reg_q\[510\]$_DFFE_PN0P_/D
iter:885, pass:2, current fixing endpoint: gen_regfile_ff.register_file_i.rf_reg_q\[94\]$_DFFE_PN0P_/D, endpoint slack:-3.1870329e-10
      885 |       0 |      13 |       30 |      2 |    15 |   -0.321 |     -127.1 |    772 | gen_regfile_ff.register_file_i.rf_reg_q\[510\]$_DFFE_PN0P_/D
      886 |       0 |      13 |       30 |      2 |    15 |   -0.321 |     -127.1 |    772 | gen_regfile_ff.register_file_i.rf_reg_q\[510\]$_DFFE_PN0P_/D
iter:886, pass:1, current fixing endpoint: gen_regfile_ff.register_file_i.rf_reg_q\[190\]$_DFFE_PN0P_/D, endpoint slack:-3.179963e-10
      887 |       0 |      14 |       30 |      2 |    15 |   -0.321 |     -127.7 |    772 | gen_regfile_ff.register_file_i.rf_reg_q\[510\]$_DFFE_PN0P_/D
iter:887, pass:2, current fixing endpoint: gen_regfile_ff.register_file_i.rf_reg_q\[190\]$_DFFE_PN0P_/D, endpoint slack:-3.1814307e-10
      887 |       0 |      13 |       30 |      2 |    15 |   -0.321 |     -127.1 |    772 | gen_regfile_ff.register_file_i.rf_reg_q\[510\]$_DFFE_PN0P_/D
      888 |       0 |      13 |       30 |      2 |    15 |   -0.321 |     -127.1 |    772 | gen_regfile_ff.register_file_i.rf_reg_q\[510\]$_DFFE_PN0P_/D
iter:888, pass:1, current fixing endpoint: gen_regfile_ff.register_file_i.rf_reg_q\[958\]$_DFFE_PN0P_/D, endpoint slack:-3.1768588e-10
      889 |       0 |      14 |       30 |      2 |    15 |   -0.321 |     -127.7 |    772 | gen_regfile_ff.register_file_i.rf_reg_q\[510\]$_DFFE_PN0P_/D
iter:889, pass:2, current fixing endpoint: gen_regfile_ff.register_file_i.rf_reg_q\[958\]$_DFFE_PN0P_/D, endpoint slack:-3.1783265e-10
      889 |       0 |      13 |       30 |      2 |    15 |   -0.321 |     -127.1 |    772 | gen_regfile_ff.register_file_i.rf_reg_q\[510\]$_DFFE_PN0P_/D
      890 |       0 |      13 |       30 |      2 |    15 |   -0.321 |     -127.1 |    772 | gen_regfile_ff.register_file_i.rf_reg_q\[510\]$_DFFE_PN0P_/D
iter:890, pass:1, current fixing endpoint: gen_regfile_ff.register_file_i.rf_reg_q\[62\]$_DFFE_PN0P_/D, endpoint slack:-3.1751757e-10
      891 |       0 |      14 |       30 |      2 |    15 |   -0.321 |     -127.7 |    772 | gen_regfile_ff.register_file_i.rf_reg_q\[510\]$_DFFE_PN0P_/D
iter:891, pass:2, current fixing endpoint: gen_regfile_ff.register_file_i.rf_reg_q\[62\]$_DFFE_PN0P_/D, endpoint slack:-3.1766434e-10
      891 |       0 |      13 |       30 |      2 |    15 |   -0.321 |     -127.1 |    772 | gen_regfile_ff.register_file_i.rf_reg_q\[510\]$_DFFE_PN0P_/D
      892 |       0 |      13 |       30 |      2 |    15 |   -0.321 |     -127.1 |    772 | gen_regfile_ff.register_file_i.rf_reg_q\[510\]$_DFFE_PN0P_/D
iter:892, pass:1, current fixing endpoint: gen_regfile_ff.register_file_i.rf_reg_q\[702\]$_DFFE_PN0P_/D, endpoint slack:-3.1717584e-10
      893 |       0 |      14 |       30 |      2 |    15 |   -0.321 |     -127.7 |    772 | gen_regfile_ff.register_file_i.rf_reg_q\[510\]$_DFFE_PN0P_/D
iter:893, pass:2, current fixing endpoint: gen_regfile_ff.register_file_i.rf_reg_q\[702\]$_DFFE_PN0P_/D, endpoint slack:-3.173226e-10
      893 |       0 |      13 |       30 |      2 |    15 |   -0.321 |     -127.1 |    772 | gen_regfile_ff.register_file_i.rf_reg_q\[510\]$_DFFE_PN0P_/D
      894 |       0 |      13 |       30 |      2 |    15 |   -0.321 |     -127.1 |    772 | gen_regfile_ff.register_file_i.rf_reg_q\[510\]$_DFFE_PN0P_/D
iter:894, pass:1, current fixing endpoint: gen_regfile_ff.register_file_i.rf_reg_q\[734\]$_DFFE_PN0P_/D, endpoint slack:-3.1705727e-10
      895 |       0 |      14 |       30 |      2 |    15 |   -0.321 |     -127.7 |    772 | gen_regfile_ff.register_file_i.rf_reg_q\[510\]$_DFFE_PN0P_/D
iter:895, pass:2, current fixing endpoint: gen_regfile_ff.register_file_i.rf_reg_q\[734\]$_DFFE_PN0P_/D, endpoint slack:-3.1720404e-10
      895 |       0 |      13 |       30 |      2 |    15 |   -0.321 |     -127.1 |    772 | gen_regfile_ff.register_file_i.rf_reg_q\[510\]$_DFFE_PN0P_/D
      896 |       0 |      13 |       30 |      2 |    15 |   -0.321 |     -127.1 |    772 | gen_regfile_ff.register_file_i.rf_reg_q\[510\]$_DFFE_PN0P_/D
iter:896, pass:1, current fixing endpoint: gen_regfile_ff.register_file_i.rf_reg_q\[670\]$_DFFE_PN0P_/D, endpoint slack:-3.1689584e-10
      897 |       0 |      14 |       30 |      2 |    15 |   -0.321 |     -127.7 |    772 | gen_regfile_ff.register_file_i.rf_reg_q\[510\]$_DFFE_PN0P_/D
iter:897, pass:2, current fixing endpoint: gen_regfile_ff.register_file_i.rf_reg_q\[670\]$_DFFE_PN0P_/D, endpoint slack:-3.1704261e-10
      897 |       0 |      13 |       30 |      2 |    15 |   -0.321 |     -127.1 |    772 | gen_regfile_ff.register_file_i.rf_reg_q\[510\]$_DFFE_PN0P_/D
      898 |       0 |      13 |       30 |      2 |    15 |   -0.321 |     -127.1 |    772 | gen_regfile_ff.register_file_i.rf_reg_q\[510\]$_DFFE_PN0P_/D
iter:898, pass:1, current fixing endpoint: gen_regfile_ff.register_file_i.rf_reg_q\[254\]$_DFFE_PN0P_/D, endpoint slack:-3.168259e-10
      899 |       0 |      14 |       30 |      2 |    15 |   -0.321 |     -127.7 |    772 | gen_regfile_ff.register_file_i.rf_reg_q\[510\]$_DFFE_PN0P_/D
iter:899, pass:2, current fixing endpoint: gen_regfile_ff.register_file_i.rf_reg_q\[254\]$_DFFE_PN0P_/D, endpoint slack:-3.1697267e-10
      899 |       0 |      13 |       30 |      2 |    15 |   -0.321 |     -127.1 |    772 | gen_regfile_ff.register_file_i.rf_reg_q\[510\]$_DFFE_PN0P_/D
      900 |       0 |      13 |       30 |      2 |    15 |   -0.321 |     -127.1 |    772 | gen_regfile_ff.register_file_i.rf_reg_q\[510\]$_DFFE_PN0P_/D
iter:900, pass:1, current fixing endpoint: gen_regfile_ff.register_file_i.rf_reg_q\[350\]$_DFFE_PN0P_/D, endpoint slack:-3.1681835e-10
      901 |       0 |      14 |       30 |      2 |    15 |   -0.321 |     -127.7 |    772 | gen_regfile_ff.register_file_i.rf_reg_q\[510\]$_DFFE_PN0P_/D
iter:901, pass:2, current fixing endpoint: gen_regfile_ff.register_file_i.rf_reg_q\[350\]$_DFFE_PN0P_/D, endpoint slack:-3.1696512e-10
      901 |       0 |      13 |       30 |      2 |    15 |   -0.321 |     -127.1 |    772 | gen_regfile_ff.register_file_i.rf_reg_q\[510\]$_DFFE_PN0P_/D
      902 |       0 |      13 |       30 |      2 |    15 |   -0.321 |     -127.1 |    772 | gen_regfile_ff.register_file_i.rf_reg_q\[510\]$_DFFE_PN0P_/D
iter:902, pass:1, current fixing endpoint: gen_regfile_ff.register_file_i.rf_reg_q\[286\]$_DFFE_PN0P_/D, endpoint slack:-3.1673708e-10
      903 |       0 |      14 |       30 |      2 |    15 |   -0.321 |     -127.7 |    772 | gen_regfile_ff.register_file_i.rf_reg_q\[510\]$_DFFE_PN0P_/D
iter:903, pass:2, current fixing endpoint: gen_regfile_ff.register_file_i.rf_reg_q\[286\]$_DFFE_PN0P_/D, endpoint slack:-3.1688385e-10
      903 |       0 |      13 |       30 |      2 |    15 |   -0.321 |     -127.1 |    772 | gen_regfile_ff.register_file_i.rf_reg_q\[510\]$_DFFE_PN0P_/D
      904 |       0 |      13 |       30 |      2 |    15 |   -0.321 |     -127.1 |    772 | gen_regfile_ff.register_file_i.rf_reg_q\[510\]$_DFFE_PN0P_/D
iter:904, pass:1, current fixing endpoint: gen_regfile_ff.register_file_i.rf_reg_q\[638\]$_DFFE_PN0P_/D, endpoint slack:-3.166456e-10
      905 |       0 |      14 |       30 |      2 |    15 |   -0.321 |     -127.7 |    772 | gen_regfile_ff.register_file_i.rf_reg_q\[510\]$_DFFE_PN0P_/D
iter:905, pass:2, current fixing endpoint: gen_regfile_ff.register_file_i.rf_reg_q\[638\]$_DFFE_PN0P_/D, endpoint slack:-3.1679237e-10
      905 |       0 |      13 |       30 |      2 |    15 |   -0.321 |     -127.1 |    772 | gen_regfile_ff.register_file_i.rf_reg_q\[510\]$_DFFE_PN0P_/D
      906 |       0 |      13 |       30 |      2 |    15 |   -0.321 |     -127.1 |    772 | gen_regfile_ff.register_file_i.rf_reg_q\[510\]$_DFFE_PN0P_/D
iter:906, pass:1, current fixing endpoint: gen_regfile_ff.register_file_i.rf_reg_q\[382\]$_DFFE_PN0P_/D, endpoint slack:-3.1551095e-10
      907 |       0 |      14 |       30 |      2 |    15 |   -0.321 |     -127.7 |    772 | gen_regfile_ff.register_file_i.rf_reg_q\[510\]$_DFFE_PN0P_/D
iter:907, pass:2, current fixing endpoint: gen_regfile_ff.register_file_i.rf_reg_q\[382\]$_DFFE_PN0P_/D, endpoint slack:-3.1565772e-10
      907 |       0 |      13 |       30 |      2 |    15 |   -0.321 |     -127.1 |    772 | gen_regfile_ff.register_file_i.rf_reg_q\[510\]$_DFFE_PN0P_/D
      908 |       0 |      13 |       30 |      2 |    15 |   -0.321 |     -127.1 |    772 | gen_regfile_ff.register_file_i.rf_reg_q\[510\]$_DFFE_PN0P_/D
iter:908, pass:1, current fixing endpoint: gen_regfile_ff.register_file_i.rf_reg_q\[222\]$_DFFE_PN0P_/D, endpoint slack:-3.1549252e-10
      909 |       0 |      14 |       30 |      2 |    15 |   -0.321 |     -127.7 |    772 | gen_regfile_ff.register_file_i.rf_reg_q\[510\]$_DFFE_PN0P_/D
iter:909, pass:2, current fixing endpoint: gen_regfile_ff.register_file_i.rf_reg_q\[222\]$_DFFE_PN0P_/D, endpoint slack:-3.156393e-10
      909 |       0 |      13 |       30 |      2 |    15 |   -0.321 |     -127.1 |    772 | gen_regfile_ff.register_file_i.rf_reg_q\[510\]$_DFFE_PN0P_/D
      910 |       0 |      13 |       30 |      2 |    15 |   -0.321 |     -127.1 |    772 | gen_regfile_ff.register_file_i.rf_reg_q\[510\]$_DFFE_PN0P_/D
iter:910, pass:1, current fixing endpoint: gen_regfile_ff.register_file_i.rf_reg_q\[478\]$_DFFE_PN0P_/D, endpoint slack:-3.1543235e-10
      911 |       0 |      14 |       30 |      2 |    15 |   -0.321 |     -127.7 |    772 | gen_regfile_ff.register_file_i.rf_reg_q\[510\]$_DFFE_PN0P_/D
iter:911, pass:2, current fixing endpoint: gen_regfile_ff.register_file_i.rf_reg_q\[478\]$_DFFE_PN0P_/D, endpoint slack:-3.1557912e-10
      911 |       0 |      13 |       30 |      2 |    15 |   -0.321 |     -127.1 |    772 | gen_regfile_ff.register_file_i.rf_reg_q\[510\]$_DFFE_PN0P_/D
      912 |       0 |      13 |       30 |      2 |    15 |   -0.321 |     -127.1 |    772 | gen_regfile_ff.register_file_i.rf_reg_q\[510\]$_DFFE_PN0P_/D
iter:912, pass:1, current fixing endpoint: gen_regfile_ff.register_file_i.rf_reg_q\[158\]$_DFFE_PN0P_/D, endpoint slack:-3.1498337e-10
      913 |       0 |      14 |       30 |      2 |    15 |   -0.321 |     -127.7 |    772 | gen_regfile_ff.register_file_i.rf_reg_q\[510\]$_DFFE_PN0P_/D
iter:913, pass:2, current fixing endpoint: gen_regfile_ff.register_file_i.rf_reg_q\[158\]$_DFFE_PN0P_/D, endpoint slack:-3.1513014e-10
      913 |       0 |      13 |       30 |      2 |    15 |   -0.321 |     -127.1 |    772 | gen_regfile_ff.register_file_i.rf_reg_q\[510\]$_DFFE_PN0P_/D
      914 |       0 |      13 |       30 |      2 |    15 |   -0.321 |     -127.1 |    772 | gen_regfile_ff.register_file_i.rf_reg_q\[510\]$_DFFE_PN0P_/D
iter:914, pass:1, current fixing endpoint: gen_regfile_ff.register_file_i.rf_reg_q\[990\]$_DFFE_PN0P_/D, endpoint slack:-3.1463432e-10
      915 |       0 |      14 |       30 |      2 |    15 |   -0.321 |     -127.7 |    772 | gen_regfile_ff.register_file_i.rf_reg_q\[510\]$_DFFE_PN0P_/D
iter:915, pass:2, current fixing endpoint: gen_regfile_ff.register_file_i.rf_reg_q\[990\]$_DFFE_PN0P_/D, endpoint slack:-3.147813e-10
      915 |       0 |      13 |       30 |      2 |    15 |   -0.321 |     -127.1 |    772 | gen_regfile_ff.register_file_i.rf_reg_q\[510\]$_DFFE_PN0P_/D
      916 |       0 |      13 |       30 |      2 |    15 |   -0.321 |     -127.1 |    772 | gen_regfile_ff.register_file_i.rf_reg_q\[510\]$_DFFE_PN0P_/D
iter:916, pass:1, current fixing endpoint: gen_regfile_ff.register_file_i.rf_reg_q\[606\]$_DFFE_PN0P_/D, endpoint slack:-3.1440406e-10
      917 |       0 |      14 |       30 |      2 |    15 |   -0.321 |     -127.7 |    772 | gen_regfile_ff.register_file_i.rf_reg_q\[510\]$_DFFE_PN0P_/D
iter:917, pass:2, current fixing endpoint: gen_regfile_ff.register_file_i.rf_reg_q\[606\]$_DFFE_PN0P_/D, endpoint slack:-3.1455083e-10
      917 |       0 |      13 |       30 |      2 |    15 |   -0.321 |     -127.1 |    772 | gen_regfile_ff.register_file_i.rf_reg_q\[510\]$_DFFE_PN0P_/D
      918 |       0 |      13 |       30 |      2 |    15 |   -0.321 |     -127.1 |    772 | gen_regfile_ff.register_file_i.rf_reg_q\[510\]$_DFFE_PN0P_/D
iter:918, pass:1, current fixing endpoint: gen_regfile_ff.register_file_i.rf_reg_q\[766\]$_DFFE_PN0P_/D, endpoint slack:-3.1429526e-10
      919 |       0 |      14 |       30 |      2 |    15 |   -0.321 |     -127.7 |    772 | gen_regfile_ff.register_file_i.rf_reg_q\[510\]$_DFFE_PN0P_/D
iter:919, pass:2, current fixing endpoint: gen_regfile_ff.register_file_i.rf_reg_q\[766\]$_DFFE_PN0P_/D, endpoint slack:-3.1444203e-10
      919 |       0 |      13 |       30 |      2 |    15 |   -0.321 |     -127.1 |    772 | gen_regfile_ff.register_file_i.rf_reg_q\[510\]$_DFFE_PN0P_/D
      920 |       0 |      13 |       30 |      2 |    15 |   -0.321 |     -127.1 |    772 | gen_regfile_ff.register_file_i.rf_reg_q\[510\]$_DFFE_PN0P_/D
iter:920, pass:1, current fixing endpoint: gen_regfile_ff.register_file_i.rf_reg_q\[862\]$_DFFE_PN0P_/D, endpoint slack:-3.1412517e-10
      921 |       0 |      14 |       30 |      2 |    15 |   -0.321 |     -127.7 |    772 | gen_regfile_ff.register_file_i.rf_reg_q\[510\]$_DFFE_PN0P_/D
iter:921, pass:2, current fixing endpoint: gen_regfile_ff.register_file_i.rf_reg_q\[862\]$_DFFE_PN0P_/D, endpoint slack:-3.1427194e-10
      921 |       0 |      13 |       30 |      2 |    15 |   -0.321 |     -127.1 |    772 | gen_regfile_ff.register_file_i.rf_reg_q\[510\]$_DFFE_PN0P_/D
      922 |       0 |      13 |       30 |      2 |    15 |   -0.321 |     -127.1 |    772 | gen_regfile_ff.register_file_i.rf_reg_q\[510\]$_DFFE_PN0P_/D
iter:922, pass:1, current fixing endpoint: gen_regfile_ff.register_file_i.rf_reg_q\[446\]$_DFFE_PN0P_/D, endpoint slack:-3.1394332e-10
      923 |       0 |      14 |       30 |      2 |    15 |   -0.321 |     -127.7 |    772 | gen_regfile_ff.register_file_i.rf_reg_q\[510\]$_DFFE_PN0P_/D
iter:923, pass:2, current fixing endpoint: gen_regfile_ff.register_file_i.rf_reg_q\[446\]$_DFFE_PN0P_/D, endpoint slack:-3.140901e-10
      923 |       0 |      13 |       30 |      2 |    15 |   -0.321 |     -127.1 |    772 | gen_regfile_ff.register_file_i.rf_reg_q\[510\]$_DFFE_PN0P_/D
      924 |       0 |      13 |       30 |      2 |    15 |   -0.321 |     -127.1 |    772 | gen_regfile_ff.register_file_i.rf_reg_q\[510\]$_DFFE_PN0P_/D
iter:924, pass:1, current fixing endpoint: gen_regfile_ff.register_file_i.rf_reg_q\[798\]$_DFFE_PN0P_/D, endpoint slack:-3.138152e-10
      925 |       0 |      14 |       30 |      2 |    15 |   -0.321 |     -127.7 |    772 | gen_regfile_ff.register_file_i.rf_reg_q\[510\]$_DFFE_PN0P_/D
iter:925, pass:2, current fixing endpoint: gen_regfile_ff.register_file_i.rf_reg_q\[798\]$_DFFE_PN0P_/D, endpoint slack:-3.1396197e-10
      925 |       0 |      13 |       30 |      2 |    15 |   -0.321 |     -127.1 |    772 | gen_regfile_ff.register_file_i.rf_reg_q\[510\]$_DFFE_PN0P_/D
      926 |       0 |      13 |       30 |      2 |    15 |   -0.321 |     -127.1 |    772 | gen_regfile_ff.register_file_i.rf_reg_q\[510\]$_DFFE_PN0P_/D
iter:926, pass:1, current fixing endpoint: gen_regfile_ff.register_file_i.rf_reg_q\[830\]$_DFFE_PN0P_/D, endpoint slack:-3.1377434e-10
      927 |       0 |      14 |       30 |      2 |    15 |   -0.321 |     -127.7 |    772 | gen_regfile_ff.register_file_i.rf_reg_q\[510\]$_DFFE_PN0P_/D
iter:927, pass:2, current fixing endpoint: gen_regfile_ff.register_file_i.rf_reg_q\[830\]$_DFFE_PN0P_/D, endpoint slack:-3.139211e-10
      927 |       0 |      13 |       30 |      2 |    15 |   -0.321 |     -127.1 |    772 | gen_regfile_ff.register_file_i.rf_reg_q\[510\]$_DFFE_PN0P_/D
      928 |       0 |      13 |       30 |      2 |    15 |   -0.321 |     -127.1 |    772 | gen_regfile_ff.register_file_i.rf_reg_q\[510\]$_DFFE_PN0P_/D
iter:928, pass:1, current fixing endpoint: gen_regfile_ff.register_file_i.rf_reg_q\[318\]$_DFFE_PN0P_/D, endpoint slack:-3.1375103e-10
      929 |       0 |      14 |       30 |      2 |    15 |   -0.321 |     -127.7 |    772 | gen_regfile_ff.register_file_i.rf_reg_q\[510\]$_DFFE_PN0P_/D
iter:929, pass:2, current fixing endpoint: gen_regfile_ff.register_file_i.rf_reg_q\[318\]$_DFFE_PN0P_/D, endpoint slack:-3.138978e-10
      929 |       0 |      13 |       30 |      2 |    15 |   -0.321 |     -127.1 |    772 | gen_regfile_ff.register_file_i.rf_reg_q\[510\]$_DFFE_PN0P_/D
      930 |       0 |      13 |       30 |      2 |    15 |   -0.321 |     -127.1 |    772 | gen_regfile_ff.register_file_i.rf_reg_q\[510\]$_DFFE_PN0P_/D
iter:930, pass:1, current fixing endpoint: instr_addr_o[31], endpoint slack:-3.1323344e-10
      931 |       0 |      14 |       30 |      2 |    15 |   -0.321 |     -127.1 |    772 | gen_regfile_ff.register_file_i.rf_reg_q\[510\]$_DFFE_PN0P_/D
iter:931, pass:2, current fixing endpoint: instr_addr_o[31], endpoint slack:-3.1504777e-10
      932 |       0 |      14 |       30 |      3 |    15 |   -0.321 |     -127.1 |    772 | gen_regfile_ff.register_file_i.rf_reg_q\[510\]$_DFFE_PN0P_/D
iter:932, pass:3, current fixing endpoint: instr_addr_o[31], endpoint slack:-3.1847724e-10
      933 |       0 |      14 |       32 |      3 |    15 |   -0.321 |     -127.1 |    772 | gen_regfile_ff.register_file_i.rf_reg_q\[510\]$_DFFE_PN0P_/D
iter:933, pass:4, current fixing endpoint: instr_addr_o[31], endpoint slack:-3.1380387e-10
      934 |       0 |      15 |       32 |      3 |    15 |   -0.321 |     -127.1 |    772 | gen_regfile_ff.register_file_i.rf_reg_q\[510\]$_DFFE_PN0P_/D
iter:934, pass:5, current fixing endpoint: instr_addr_o[31], endpoint slack:-3.1800584e-10
      935 |       0 |      15 |       34 |      3 |    15 |   -0.321 |     -127.1 |    772 | gen_regfile_ff.register_file_i.rf_reg_q\[510\]$_DFFE_PN0P_/D
iter:935, pass:6, current fixing endpoint: instr_addr_o[31], endpoint slack:-3.142968e-10
      936 |       0 |      16 |       34 |      3 |    15 |   -0.321 |     -127.1 |    772 | gen_regfile_ff.register_file_i.rf_reg_q\[510\]$_DFFE_PN0P_/D
iter:936, pass:7, current fixing endpoint: instr_addr_o[31], endpoint slack:-3.1407232e-10
      936 |       0 |      13 |       32 |      2 |    15 |   -0.321 |     -127.1 |    772 | gen_regfile_ff.register_file_i.rf_reg_q\[510\]$_DFFE_PN0P_/D
      937 |       0 |      13 |       32 |      2 |    15 |   -0.321 |     -127.1 |    772 | gen_regfile_ff.register_file_i.rf_reg_q\[510\]$_DFFE_PN0P_/D
iter:937, pass:1, current fixing endpoint: gen_regfile_ff.register_file_i.rf_reg_q\[414\]$_DFFE_PN0P_/D, endpoint slack:-3.1316416e-10
      938 |       0 |      14 |       32 |      2 |    15 |   -0.321 |     -127.7 |    772 | gen_regfile_ff.register_file_i.rf_reg_q\[510\]$_DFFE_PN0P_/D
iter:938, pass:2, current fixing endpoint: gen_regfile_ff.register_file_i.rf_reg_q\[414\]$_DFFE_PN0P_/D, endpoint slack:-3.1331093e-10
      938 |       0 |      13 |       32 |      2 |    15 |   -0.321 |     -127.1 |    772 | gen_regfile_ff.register_file_i.rf_reg_q\[510\]$_DFFE_PN0P_/D
      939 |       0 |      13 |       32 |      2 |    15 |   -0.321 |     -127.1 |    772 | gen_regfile_ff.register_file_i.rf_reg_q\[510\]$_DFFE_PN0P_/D
iter:939, pass:1, current fixing endpoint: gen_regfile_ff.register_file_i.rf_reg_q\[894\]$_DFFE_PN0P_/D, endpoint slack:-2.9047298e-10
      940 |       0 |      14 |       32 |      2 |    15 |   -0.321 |     -127.7 |    772 | gen_regfile_ff.register_file_i.rf_reg_q\[510\]$_DFFE_PN0P_/D
iter:940, pass:2, current fixing endpoint: gen_regfile_ff.register_file_i.rf_reg_q\[894\]$_DFFE_PN0P_/D, endpoint slack:-2.9061975e-10
      940 |       0 |      13 |       32 |      2 |    15 |   -0.321 |     -127.1 |    772 | gen_regfile_ff.register_file_i.rf_reg_q\[510\]$_DFFE_PN0P_/D
      941 |       0 |      13 |       32 |      2 |    15 |   -0.321 |     -127.1 |    772 | gen_regfile_ff.register_file_i.rf_reg_q\[510\]$_DFFE_PN0P_/D
iter:941, pass:1, current fixing endpoint: gen_regfile_ff.register_file_i.rf_reg_q\[27\]$_DFFE_PN0P_/D, endpoint slack:-2.6424285e-10
      942 |       0 |      14 |       32 |      2 |    15 |   -0.323 |     -127.5 |    772 | gen_regfile_ff.register_file_i.rf_reg_q\[510\]$_DFFE_PN0P_/D
iter:942, pass:2, current fixing endpoint: gen_regfile_ff.register_file_i.rf_reg_q\[27\]$_DFFE_PN0P_/D, endpoint slack:-2.633076e-10
      942 |       0 |      13 |       32 |      2 |    15 |   -0.321 |     -127.1 |    772 | gen_regfile_ff.register_file_i.rf_reg_q\[510\]$_DFFE_PN0P_/D
      943 |       0 |      13 |       32 |      2 |    15 |   -0.321 |     -127.1 |    772 | gen_regfile_ff.register_file_i.rf_reg_q\[510\]$_DFFE_PN0P_/D
iter:943, pass:1, current fixing endpoint: gen_regfile_ff.register_file_i.rf_reg_q\[155\]$_DFFE_PN0P_/D, endpoint slack:-2.6253066e-10
      944 |       0 |      14 |       32 |      2 |    15 |   -0.323 |     -127.5 |    772 | gen_regfile_ff.register_file_i.rf_reg_q\[510\]$_DFFE_PN0P_/D
iter:944, pass:2, current fixing endpoint: gen_regfile_ff.register_file_i.rf_reg_q\[155\]$_DFFE_PN0P_/D, endpoint slack:-2.615954e-10
      944 |       0 |      13 |       32 |      2 |    15 |   -0.321 |     -127.1 |    772 | gen_regfile_ff.register_file_i.rf_reg_q\[510\]$_DFFE_PN0P_/D
      945 |       0 |      13 |       32 |      2 |    15 |   -0.321 |     -127.1 |    772 | gen_regfile_ff.register_file_i.rf_reg_q\[510\]$_DFFE_PN0P_/D
iter:945, pass:1, current fixing endpoint: gen_regfile_ff.register_file_i.rf_reg_q\[123\]$_DFFE_PN0P_/D, endpoint slack:-2.6161429e-10
      946 |       0 |      14 |       32 |      2 |    15 |   -0.323 |     -127.5 |    772 | gen_regfile_ff.register_file_i.rf_reg_q\[510\]$_DFFE_PN0P_/D
iter:946, pass:2, current fixing endpoint: gen_regfile_ff.register_file_i.rf_reg_q\[123\]$_DFFE_PN0P_/D, endpoint slack:-2.6067903e-10
      946 |       0 |      13 |       32 |      2 |    15 |   -0.321 |     -127.1 |    772 | gen_regfile_ff.register_file_i.rf_reg_q\[510\]$_DFFE_PN0P_/D
      947 |       0 |      13 |       32 |      2 |    15 |   -0.321 |     -127.1 |    772 | gen_regfile_ff.register_file_i.rf_reg_q\[510\]$_DFFE_PN0P_/D
iter:947, pass:1, current fixing endpoint: gen_regfile_ff.register_file_i.rf_reg_q\[219\]$_DFFE_PN0P_/D, endpoint slack:-2.613414e-10
      948 |       0 |      14 |       32 |      2 |    15 |   -0.323 |     -127.5 |    772 | gen_regfile_ff.register_file_i.rf_reg_q\[510\]$_DFFE_PN0P_/D
iter:948, pass:2, current fixing endpoint: gen_regfile_ff.register_file_i.rf_reg_q\[219\]$_DFFE_PN0P_/D, endpoint slack:-2.6040614e-10
      948 |       0 |      13 |       32 |      2 |    15 |   -0.321 |     -127.1 |    772 | gen_regfile_ff.register_file_i.rf_reg_q\[510\]$_DFFE_PN0P_/D
      949 |       0 |      13 |       32 |      2 |    15 |   -0.321 |     -127.1 |    772 | gen_regfile_ff.register_file_i.rf_reg_q\[510\]$_DFFE_PN0P_/D
iter:949, pass:1, current fixing endpoint: gen_regfile_ff.register_file_i.rf_reg_q\[603\]$_DFFE_PN0P_/D, endpoint slack:-2.609688e-10
      950 |       0 |      14 |       32 |      2 |    15 |   -0.323 |     -127.5 |    772 | gen_regfile_ff.register_file_i.rf_reg_q\[510\]$_DFFE_PN0P_/D
iter:950, pass:2, current fixing endpoint: gen_regfile_ff.register_file_i.rf_reg_q\[603\]$_DFFE_PN0P_/D, endpoint slack:-2.6003355e-10
      950 |       0 |      13 |       32 |      2 |    15 |   -0.321 |     -127.1 |    772 | gen_regfile_ff.register_file_i.rf_reg_q\[510\]$_DFFE_PN0P_/D
      951 |       0 |      13 |       32 |      2 |    15 |   -0.321 |     -127.1 |    772 | gen_regfile_ff.register_file_i.rf_reg_q\[510\]$_DFFE_PN0P_/D
iter:951, pass:1, current fixing endpoint: gen_regfile_ff.register_file_i.rf_reg_q\[187\]$_DFFE_PN0P_/D, endpoint slack:-2.6078317e-10
      952 |       0 |      14 |       32 |      2 |    15 |   -0.323 |     -127.5 |    772 | gen_regfile_ff.register_file_i.rf_reg_q\[510\]$_DFFE_PN0P_/D
iter:952, pass:2, current fixing endpoint: gen_regfile_ff.register_file_i.rf_reg_q\[187\]$_DFFE_PN0P_/D, endpoint slack:-2.5984792e-10
      952 |       0 |      13 |       32 |      2 |    15 |   -0.321 |     -127.1 |    772 | gen_regfile_ff.register_file_i.rf_reg_q\[510\]$_DFFE_PN0P_/D
--------------------
update violating ends at fixEndpointNum 380
top element of violating ends is: gen_regfile_ff.register_file_i.rf_reg_q\[510\]$_DFFE_PN0P_/D
--------------------
      953 |       0 |      13 |       32 |      2 |    15 |   -0.321 |     -127.1 |    772 | gen_regfile_ff.register_file_i.rf_reg_q\[510\]$_DFFE_PN0P_/D
iter:953, pass:1, current fixing endpoint: gen_regfile_ff.register_file_i.rf_reg_q\[510\]$_DFFE_PN0P_/D, endpoint slack:-3.207774e-10
      954 |       0 |      14 |       32 |      2 |    15 |   -0.321 |     -127.7 |    772 | gen_regfile_ff.register_file_i.rf_reg_q\[510\]$_DFFE_PN0P_/D
iter:954, pass:2, current fixing endpoint: gen_regfile_ff.register_file_i.rf_reg_q\[510\]$_DFFE_PN0P_/D, endpoint slack:-3.2092418e-10
      954 |       0 |      13 |       32 |      2 |    15 |   -0.321 |     -127.1 |    772 | gen_regfile_ff.register_file_i.rf_reg_q\[510\]$_DFFE_PN0P_/D
      955 |       0 |      13 |       32 |      2 |    15 |   -0.321 |     -127.1 |    772 | gen_regfile_ff.register_file_i.rf_reg_q\[510\]$_DFFE_PN0P_/D
iter:955, pass:1, current fixing endpoint: gen_regfile_ff.register_file_i.rf_reg_q\[30\]$_DFFE_PN0P_/D, endpoint slack:-3.207672e-10
      956 |       0 |      14 |       32 |      2 |    15 |   -0.321 |     -127.7 |    772 | gen_regfile_ff.register_file_i.rf_reg_q\[510\]$_DFFE_PN0P_/D
iter:956, pass:2, current fixing endpoint: gen_regfile_ff.register_file_i.rf_reg_q\[30\]$_DFFE_PN0P_/D, endpoint slack:-3.2091396e-10
      956 |       0 |      13 |       32 |      2 |    15 |   -0.321 |     -127.1 |    772 | gen_regfile_ff.register_file_i.rf_reg_q\[510\]$_DFFE_PN0P_/D
      957 |       0 |      13 |       32 |      2 |    15 |   -0.321 |     -127.1 |    772 | gen_regfile_ff.register_file_i.rf_reg_q\[510\]$_DFFE_PN0P_/D
iter:957, pass:1, current fixing endpoint: gen_regfile_ff.register_file_i.rf_reg_q\[926\]$_DFFE_PN0P_/D, endpoint slack:-3.2011416e-10
      958 |       0 |      14 |       32 |      2 |    15 |   -0.321 |     -127.7 |    772 | gen_regfile_ff.register_file_i.rf_reg_q\[510\]$_DFFE_PN0P_/D
iter:958, pass:2, current fixing endpoint: gen_regfile_ff.register_file_i.rf_reg_q\[926\]$_DFFE_PN0P_/D, endpoint slack:-3.2026093e-10
      958 |       0 |      13 |       32 |      2 |    15 |   -0.321 |     -127.1 |    772 | gen_regfile_ff.register_file_i.rf_reg_q\[510\]$_DFFE_PN0P_/D
      959 |       0 |      13 |       32 |      2 |    15 |   -0.321 |     -127.1 |    772 | gen_regfile_ff.register_file_i.rf_reg_q\[510\]$_DFFE_PN0P_/D
iter:959, pass:1, current fixing endpoint: gen_regfile_ff.register_file_i.rf_reg_q\[574\]$_DFFE_PN0P_/D, endpoint slack:-3.1980463e-10
      960 |       0 |      14 |       32 |      2 |    15 |   -0.321 |     -127.7 |    772 | gen_regfile_ff.register_file_i.rf_reg_q\[510\]$_DFFE_PN0P_/D
iter:960, pass:2, current fixing endpoint: gen_regfile_ff.register_file_i.rf_reg_q\[574\]$_DFFE_PN0P_/D, endpoint slack:-3.199514e-10
      960 |       0 |      13 |       32 |      2 |    15 |   -0.321 |     -127.1 |    772 | gen_regfile_ff.register_file_i.rf_reg_q\[510\]$_DFFE_PN0P_/D
      961 |       0 |      13 |       32 |      2 |    15 |   -0.321 |     -127.1 |    772 | gen_regfile_ff.register_file_i.rf_reg_q\[510\]$_DFFE_PN0P_/D
iter:961, pass:1, current fixing endpoint: gen_regfile_ff.register_file_i.rf_reg_q\[542\]$_DFFE_PN0P_/D, endpoint slack:-3.190146e-10
      962 |       0 |      14 |       32 |      2 |    15 |   -0.321 |     -127.7 |    772 | gen_regfile_ff.register_file_i.rf_reg_q\[510\]$_DFFE_PN0P_/D
iter:962, pass:2, current fixing endpoint: gen_regfile_ff.register_file_i.rf_reg_q\[542\]$_DFFE_PN0P_/D, endpoint slack:-3.1916136e-10
      962 |       0 |      13 |       32 |      2 |    15 |   -0.321 |     -127.1 |    772 | gen_regfile_ff.register_file_i.rf_reg_q\[510\]$_DFFE_PN0P_/D
      963 |       0 |      13 |       32 |      2 |    15 |   -0.321 |     -127.1 |    772 | gen_regfile_ff.register_file_i.rf_reg_q\[510\]$_DFFE_PN0P_/D
iter:963, pass:1, current fixing endpoint: gen_regfile_ff.register_file_i.rf_reg_q\[126\]$_DFFE_PN0P_/D, endpoint slack:-3.18918e-10
      964 |       0 |      14 |       32 |      2 |    15 |   -0.321 |     -127.7 |    772 | gen_regfile_ff.register_file_i.rf_reg_q\[510\]$_DFFE_PN0P_/D
iter:964, pass:2, current fixing endpoint: gen_regfile_ff.register_file_i.rf_reg_q\[126\]$_DFFE_PN0P_/D, endpoint slack:-3.1906477e-10
      964 |       0 |      13 |       32 |      2 |    15 |   -0.321 |     -127.1 |    772 | gen_regfile_ff.register_file_i.rf_reg_q\[510\]$_DFFE_PN0P_/D
      965 |       0 |      13 |       32 |      2 |    15 |   -0.321 |     -127.1 |    772 | gen_regfile_ff.register_file_i.rf_reg_q\[510\]$_DFFE_PN0P_/D
iter:965, pass:1, current fixing endpoint: gen_regfile_ff.register_file_i.rf_reg_q\[94\]$_DFFE_PN0P_/D, endpoint slack:-3.1855651e-10
      966 |       0 |      14 |       32 |      2 |    15 |   -0.321 |     -127.7 |    772 | gen_regfile_ff.register_file_i.rf_reg_q\[510\]$_DFFE_PN0P_/D
iter:966, pass:2, current fixing endpoint: gen_regfile_ff.register_file_i.rf_reg_q\[94\]$_DFFE_PN0P_/D, endpoint slack:-3.1870329e-10
      966 |       0 |      13 |       32 |      2 |    15 |   -0.321 |     -127.1 |    772 | gen_regfile_ff.register_file_i.rf_reg_q\[510\]$_DFFE_PN0P_/D
      967 |       0 |      13 |       32 |      2 |    15 |   -0.321 |     -127.1 |    772 | gen_regfile_ff.register_file_i.rf_reg_q\[510\]$_DFFE_PN0P_/D
iter:967, pass:1, current fixing endpoint: gen_regfile_ff.register_file_i.rf_reg_q\[190\]$_DFFE_PN0P_/D, endpoint slack:-3.179963e-10
      968 |       0 |      14 |       32 |      2 |    15 |   -0.321 |     -127.7 |    772 | gen_regfile_ff.register_file_i.rf_reg_q\[510\]$_DFFE_PN0P_/D
iter:968, pass:2, current fixing endpoint: gen_regfile_ff.register_file_i.rf_reg_q\[190\]$_DFFE_PN0P_/D, endpoint slack:-3.1814307e-10
      968 |       0 |      13 |       32 |      2 |    15 |   -0.321 |     -127.1 |    772 | gen_regfile_ff.register_file_i.rf_reg_q\[510\]$_DFFE_PN0P_/D
      969 |       0 |      13 |       32 |      2 |    15 |   -0.321 |     -127.1 |    772 | gen_regfile_ff.register_file_i.rf_reg_q\[510\]$_DFFE_PN0P_/D
iter:969, pass:1, current fixing endpoint: gen_regfile_ff.register_file_i.rf_reg_q\[958\]$_DFFE_PN0P_/D, endpoint slack:-3.1768588e-10
      970 |       0 |      14 |       32 |      2 |    15 |   -0.321 |     -127.7 |    772 | gen_regfile_ff.register_file_i.rf_reg_q\[510\]$_DFFE_PN0P_/D
iter:970, pass:2, current fixing endpoint: gen_regfile_ff.register_file_i.rf_reg_q\[958\]$_DFFE_PN0P_/D, endpoint slack:-3.1783265e-10
      970 |       0 |      13 |       32 |      2 |    15 |   -0.321 |     -127.1 |    772 | gen_regfile_ff.register_file_i.rf_reg_q\[510\]$_DFFE_PN0P_/D
      971 |       0 |      13 |       32 |      2 |    15 |   -0.321 |     -127.1 |    772 | gen_regfile_ff.register_file_i.rf_reg_q\[510\]$_DFFE_PN0P_/D
iter:971, pass:1, current fixing endpoint: gen_regfile_ff.register_file_i.rf_reg_q\[62\]$_DFFE_PN0P_/D, endpoint slack:-3.1751757e-10
      972 |       0 |      14 |       32 |      2 |    15 |   -0.321 |     -127.7 |    772 | gen_regfile_ff.register_file_i.rf_reg_q\[510\]$_DFFE_PN0P_/D
iter:972, pass:2, current fixing endpoint: gen_regfile_ff.register_file_i.rf_reg_q\[62\]$_DFFE_PN0P_/D, endpoint slack:-3.1766434e-10
      972 |       0 |      13 |       32 |      2 |    15 |   -0.321 |     -127.1 |    772 | gen_regfile_ff.register_file_i.rf_reg_q\[510\]$_DFFE_PN0P_/D
      973 |       0 |      13 |       32 |      2 |    15 |   -0.321 |     -127.1 |    772 | gen_regfile_ff.register_file_i.rf_reg_q\[510\]$_DFFE_PN0P_/D
iter:973, pass:1, current fixing endpoint: gen_regfile_ff.register_file_i.rf_reg_q\[702\]$_DFFE_PN0P_/D, endpoint slack:-3.1717584e-10
      974 |       0 |      14 |       32 |      2 |    15 |   -0.321 |     -127.7 |    772 | gen_regfile_ff.register_file_i.rf_reg_q\[510\]$_DFFE_PN0P_/D
iter:974, pass:2, current fixing endpoint: gen_regfile_ff.register_file_i.rf_reg_q\[702\]$_DFFE_PN0P_/D, endpoint slack:-3.173226e-10
      974 |       0 |      13 |       32 |      2 |    15 |   -0.321 |     -127.1 |    772 | gen_regfile_ff.register_file_i.rf_reg_q\[510\]$_DFFE_PN0P_/D
      975 |       0 |      13 |       32 |      2 |    15 |   -0.321 |     -127.1 |    772 | gen_regfile_ff.register_file_i.rf_reg_q\[510\]$_DFFE_PN0P_/D
iter:975, pass:1, current fixing endpoint: gen_regfile_ff.register_file_i.rf_reg_q\[734\]$_DFFE_PN0P_/D, endpoint slack:-3.1705727e-10
      976 |       0 |      14 |       32 |      2 |    15 |   -0.321 |     -127.7 |    772 | gen_regfile_ff.register_file_i.rf_reg_q\[510\]$_DFFE_PN0P_/D
iter:976, pass:2, current fixing endpoint: gen_regfile_ff.register_file_i.rf_reg_q\[734\]$_DFFE_PN0P_/D, endpoint slack:-3.1720404e-10
      976 |       0 |      13 |       32 |      2 |    15 |   -0.321 |     -127.1 |    772 | gen_regfile_ff.register_file_i.rf_reg_q\[510\]$_DFFE_PN0P_/D
      977 |       0 |      13 |       32 |      2 |    15 |   -0.321 |     -127.1 |    772 | gen_regfile_ff.register_file_i.rf_reg_q\[510\]$_DFFE_PN0P_/D
iter:977, pass:1, current fixing endpoint: gen_regfile_ff.register_file_i.rf_reg_q\[670\]$_DFFE_PN0P_/D, endpoint slack:-3.1689584e-10
      978 |       0 |      14 |       32 |      2 |    15 |   -0.321 |     -127.7 |    772 | gen_regfile_ff.register_file_i.rf_reg_q\[510\]$_DFFE_PN0P_/D
iter:978, pass:2, current fixing endpoint: gen_regfile_ff.register_file_i.rf_reg_q\[670\]$_DFFE_PN0P_/D, endpoint slack:-3.1704261e-10
      978 |       0 |      13 |       32 |      2 |    15 |   -0.321 |     -127.1 |    772 | gen_regfile_ff.register_file_i.rf_reg_q\[510\]$_DFFE_PN0P_/D
      979 |       0 |      13 |       32 |      2 |    15 |   -0.321 |     -127.1 |    772 | gen_regfile_ff.register_file_i.rf_reg_q\[510\]$_DFFE_PN0P_/D
iter:979, pass:1, current fixing endpoint: gen_regfile_ff.register_file_i.rf_reg_q\[254\]$_DFFE_PN0P_/D, endpoint slack:-3.168259e-10
      980 |       0 |      14 |       32 |      2 |    15 |   -0.321 |     -127.7 |    772 | gen_regfile_ff.register_file_i.rf_reg_q\[510\]$_DFFE_PN0P_/D
iter:980, pass:2, current fixing endpoint: gen_regfile_ff.register_file_i.rf_reg_q\[254\]$_DFFE_PN0P_/D, endpoint slack:-3.1697267e-10
      980 |       0 |      13 |       32 |      2 |    15 |   -0.321 |     -127.1 |    772 | gen_regfile_ff.register_file_i.rf_reg_q\[510\]$_DFFE_PN0P_/D
      981 |       0 |      13 |       32 |      2 |    15 |   -0.321 |     -127.1 |    772 | gen_regfile_ff.register_file_i.rf_reg_q\[510\]$_DFFE_PN0P_/D
iter:981, pass:1, current fixing endpoint: gen_regfile_ff.register_file_i.rf_reg_q\[350\]$_DFFE_PN0P_/D, endpoint slack:-3.1681835e-10
      982 |       0 |      14 |       32 |      2 |    15 |   -0.321 |     -127.7 |    772 | gen_regfile_ff.register_file_i.rf_reg_q\[510\]$_DFFE_PN0P_/D
iter:982, pass:2, current fixing endpoint: gen_regfile_ff.register_file_i.rf_reg_q\[350\]$_DFFE_PN0P_/D, endpoint slack:-3.1696512e-10
      982 |       0 |      13 |       32 |      2 |    15 |   -0.321 |     -127.1 |    772 | gen_regfile_ff.register_file_i.rf_reg_q\[510\]$_DFFE_PN0P_/D
      983 |       0 |      13 |       32 |      2 |    15 |   -0.321 |     -127.1 |    772 | gen_regfile_ff.register_file_i.rf_reg_q\[510\]$_DFFE_PN0P_/D
iter:983, pass:1, current fixing endpoint: gen_regfile_ff.register_file_i.rf_reg_q\[286\]$_DFFE_PN0P_/D, endpoint slack:-3.1673708e-10
      984 |       0 |      14 |       32 |      2 |    15 |   -0.321 |     -127.7 |    772 | gen_regfile_ff.register_file_i.rf_reg_q\[510\]$_DFFE_PN0P_/D
iter:984, pass:2, current fixing endpoint: gen_regfile_ff.register_file_i.rf_reg_q\[286\]$_DFFE_PN0P_/D, endpoint slack:-3.1688385e-10
      984 |       0 |      13 |       32 |      2 |    15 |   -0.321 |     -127.1 |    772 | gen_regfile_ff.register_file_i.rf_reg_q\[510\]$_DFFE_PN0P_/D
      985 |       0 |      13 |       32 |      2 |    15 |   -0.321 |     -127.1 |    772 | gen_regfile_ff.register_file_i.rf_reg_q\[510\]$_DFFE_PN0P_/D
iter:985, pass:1, current fixing endpoint: gen_regfile_ff.register_file_i.rf_reg_q\[638\]$_DFFE_PN0P_/D, endpoint slack:-3.166456e-10
      986 |       0 |      14 |       32 |      2 |    15 |   -0.321 |     -127.7 |    772 | gen_regfile_ff.register_file_i.rf_reg_q\[510\]$_DFFE_PN0P_/D
iter:986, pass:2, current fixing endpoint: gen_regfile_ff.register_file_i.rf_reg_q\[638\]$_DFFE_PN0P_/D, endpoint slack:-3.1679237e-10
      986 |       0 |      13 |       32 |      2 |    15 |   -0.321 |     -127.1 |    772 | gen_regfile_ff.register_file_i.rf_reg_q\[510\]$_DFFE_PN0P_/D
      987 |       0 |      13 |       32 |      2 |    15 |   -0.321 |     -127.1 |    772 | gen_regfile_ff.register_file_i.rf_reg_q\[510\]$_DFFE_PN0P_/D
iter:987, pass:1, current fixing endpoint: gen_regfile_ff.register_file_i.rf_reg_q\[382\]$_DFFE_PN0P_/D, endpoint slack:-3.1551095e-10
      988 |       0 |      14 |       32 |      2 |    15 |   -0.321 |     -127.7 |    772 | gen_regfile_ff.register_file_i.rf_reg_q\[510\]$_DFFE_PN0P_/D
iter:988, pass:2, current fixing endpoint: gen_regfile_ff.register_file_i.rf_reg_q\[382\]$_DFFE_PN0P_/D, endpoint slack:-3.1565772e-10
      988 |       0 |      13 |       32 |      2 |    15 |   -0.321 |     -127.1 |    772 | gen_regfile_ff.register_file_i.rf_reg_q\[510\]$_DFFE_PN0P_/D
      989 |       0 |      13 |       32 |      2 |    15 |   -0.321 |     -127.1 |    772 | gen_regfile_ff.register_file_i.rf_reg_q\[510\]$_DFFE_PN0P_/D
iter:989, pass:1, current fixing endpoint: gen_regfile_ff.register_file_i.rf_reg_q\[222\]$_DFFE_PN0P_/D, endpoint slack:-3.1549252e-10
      990 |       0 |      14 |       32 |      2 |    15 |   -0.321 |     -127.7 |    772 | gen_regfile_ff.register_file_i.rf_reg_q\[510\]$_DFFE_PN0P_/D
iter:990, pass:2, current fixing endpoint: gen_regfile_ff.register_file_i.rf_reg_q\[222\]$_DFFE_PN0P_/D, endpoint slack:-3.156393e-10
      990 |       0 |      13 |       32 |      2 |    15 |   -0.321 |     -127.1 |    772 | gen_regfile_ff.register_file_i.rf_reg_q\[510\]$_DFFE_PN0P_/D
      991 |       0 |      13 |       32 |      2 |    15 |   -0.321 |     -127.1 |    772 | gen_regfile_ff.register_file_i.rf_reg_q\[510\]$_DFFE_PN0P_/D
iter:991, pass:1, current fixing endpoint: gen_regfile_ff.register_file_i.rf_reg_q\[478\]$_DFFE_PN0P_/D, endpoint slack:-3.1543235e-10
      992 |       0 |      14 |       32 |      2 |    15 |   -0.321 |     -127.7 |    772 | gen_regfile_ff.register_file_i.rf_reg_q\[510\]$_DFFE_PN0P_/D
iter:992, pass:2, current fixing endpoint: gen_regfile_ff.register_file_i.rf_reg_q\[478\]$_DFFE_PN0P_/D, endpoint slack:-3.1557912e-10
      992 |       0 |      13 |       32 |      2 |    15 |   -0.321 |     -127.1 |    772 | gen_regfile_ff.register_file_i.rf_reg_q\[510\]$_DFFE_PN0P_/D
      993 |       0 |      13 |       32 |      2 |    15 |   -0.321 |     -127.1 |    772 | gen_regfile_ff.register_file_i.rf_reg_q\[510\]$_DFFE_PN0P_/D
iter:993, pass:1, current fixing endpoint: gen_regfile_ff.register_file_i.rf_reg_q\[158\]$_DFFE_PN0P_/D, endpoint slack:-3.1498337e-10
      994 |       0 |      14 |       32 |      2 |    15 |   -0.321 |     -127.7 |    772 | gen_regfile_ff.register_file_i.rf_reg_q\[510\]$_DFFE_PN0P_/D
iter:994, pass:2, current fixing endpoint: gen_regfile_ff.register_file_i.rf_reg_q\[158\]$_DFFE_PN0P_/D, endpoint slack:-3.1513014e-10
      994 |       0 |      13 |       32 |      2 |    15 |   -0.321 |     -127.1 |    772 | gen_regfile_ff.register_file_i.rf_reg_q\[510\]$_DFFE_PN0P_/D
      995 |       0 |      13 |       32 |      2 |    15 |   -0.321 |     -127.1 |    772 | gen_regfile_ff.register_file_i.rf_reg_q\[510\]$_DFFE_PN0P_/D
iter:995, pass:1, current fixing endpoint: gen_regfile_ff.register_file_i.rf_reg_q\[990\]$_DFFE_PN0P_/D, endpoint slack:-3.1463432e-10
      996 |       0 |      14 |       32 |      2 |    15 |   -0.321 |     -127.7 |    772 | gen_regfile_ff.register_file_i.rf_reg_q\[510\]$_DFFE_PN0P_/D
iter:996, pass:2, current fixing endpoint: gen_regfile_ff.register_file_i.rf_reg_q\[990\]$_DFFE_PN0P_/D, endpoint slack:-3.147813e-10
      996 |       0 |      13 |       32 |      2 |    15 |   -0.321 |     -127.1 |    772 | gen_regfile_ff.register_file_i.rf_reg_q\[510\]$_DFFE_PN0P_/D
      997 |       0 |      13 |       32 |      2 |    15 |   -0.321 |     -127.1 |    772 | gen_regfile_ff.register_file_i.rf_reg_q\[510\]$_DFFE_PN0P_/D
iter:997, pass:1, current fixing endpoint: gen_regfile_ff.register_file_i.rf_reg_q\[606\]$_DFFE_PN0P_/D, endpoint slack:-3.1440406e-10
      998 |       0 |      14 |       32 |      2 |    15 |   -0.321 |     -127.7 |    772 | gen_regfile_ff.register_file_i.rf_reg_q\[510\]$_DFFE_PN0P_/D
iter:998, pass:2, current fixing endpoint: gen_regfile_ff.register_file_i.rf_reg_q\[606\]$_DFFE_PN0P_/D, endpoint slack:-3.1455083e-10
      998 |       0 |      13 |       32 |      2 |    15 |   -0.321 |     -127.1 |    772 | gen_regfile_ff.register_file_i.rf_reg_q\[510\]$_DFFE_PN0P_/D
      999 |       0 |      13 |       32 |      2 |    15 |   -0.321 |     -127.1 |    772 | gen_regfile_ff.register_file_i.rf_reg_q\[510\]$_DFFE_PN0P_/D
iter:999, pass:1, current fixing endpoint: gen_regfile_ff.register_file_i.rf_reg_q\[766\]$_DFFE_PN0P_/D, endpoint slack:-3.1429526e-10
     1000 |       0 |      14 |       32 |      2 |    15 |   -0.321 |     -127.7 |    772 | gen_regfile_ff.register_file_i.rf_reg_q\[510\]$_DFFE_PN0P_/D
iter:1000, pass:2, current fixing endpoint: gen_regfile_ff.register_file_i.rf_reg_q\[766\]$_DFFE_PN0P_/D, endpoint slack:-3.1444203e-10
     1000 |       0 |      13 |       32 |      2 |    15 |   -0.321 |     -127.1 |    772 | gen_regfile_ff.register_file_i.rf_reg_q\[510\]$_DFFE_PN0P_/D
     1001 |       0 |      13 |       32 |      2 |    15 |   -0.321 |     -127.1 |    772 | gen_regfile_ff.register_file_i.rf_reg_q\[510\]$_DFFE_PN0P_/D
iter:1001, pass:1, current fixing endpoint: gen_regfile_ff.register_file_i.rf_reg_q\[862\]$_DFFE_PN0P_/D, endpoint slack:-3.1412517e-10
     1002 |       0 |      14 |       32 |      2 |    15 |   -0.321 |     -127.7 |    772 | gen_regfile_ff.register_file_i.rf_reg_q\[510\]$_DFFE_PN0P_/D
iter:1002, pass:2, current fixing endpoint: gen_regfile_ff.register_file_i.rf_reg_q\[862\]$_DFFE_PN0P_/D, endpoint slack:-3.1427194e-10
     1002 |       0 |      13 |       32 |      2 |    15 |   -0.321 |     -127.1 |    772 | gen_regfile_ff.register_file_i.rf_reg_q\[510\]$_DFFE_PN0P_/D
     1003 |       0 |      13 |       32 |      2 |    15 |   -0.321 |     -127.1 |    772 | gen_regfile_ff.register_file_i.rf_reg_q\[510\]$_DFFE_PN0P_/D
iter:1003, pass:1, current fixing endpoint: gen_regfile_ff.register_file_i.rf_reg_q\[446\]$_DFFE_PN0P_/D, endpoint slack:-3.1394332e-10
     1004 |       0 |      14 |       32 |      2 |    15 |   -0.321 |     -127.7 |    772 | gen_regfile_ff.register_file_i.rf_reg_q\[510\]$_DFFE_PN0P_/D
iter:1004, pass:2, current fixing endpoint: gen_regfile_ff.register_file_i.rf_reg_q\[446\]$_DFFE_PN0P_/D, endpoint slack:-3.140901e-10
     1004 |       0 |      13 |       32 |      2 |    15 |   -0.321 |     -127.1 |    772 | gen_regfile_ff.register_file_i.rf_reg_q\[510\]$_DFFE_PN0P_/D
     1005 |       0 |      13 |       32 |      2 |    15 |   -0.321 |     -127.1 |    772 | gen_regfile_ff.register_file_i.rf_reg_q\[510\]$_DFFE_PN0P_/D
iter:1005, pass:1, current fixing endpoint: gen_regfile_ff.register_file_i.rf_reg_q\[798\]$_DFFE_PN0P_/D, endpoint slack:-3.138152e-10
     1006 |       0 |      14 |       32 |      2 |    15 |   -0.321 |     -127.7 |    772 | gen_regfile_ff.register_file_i.rf_reg_q\[510\]$_DFFE_PN0P_/D
iter:1006, pass:2, current fixing endpoint: gen_regfile_ff.register_file_i.rf_reg_q\[798\]$_DFFE_PN0P_/D, endpoint slack:-3.1396197e-10
     1006 |       0 |      13 |       32 |      2 |    15 |   -0.321 |     -127.1 |    772 | gen_regfile_ff.register_file_i.rf_reg_q\[510\]$_DFFE_PN0P_/D
     1007 |       0 |      13 |       32 |      2 |    15 |   -0.321 |     -127.1 |    772 | gen_regfile_ff.register_file_i.rf_reg_q\[510\]$_DFFE_PN0P_/D
iter:1007, pass:1, current fixing endpoint: gen_regfile_ff.register_file_i.rf_reg_q\[830\]$_DFFE_PN0P_/D, endpoint slack:-3.1377434e-10
     1008 |       0 |      14 |       32 |      2 |    15 |   -0.321 |     -127.7 |    772 | gen_regfile_ff.register_file_i.rf_reg_q\[510\]$_DFFE_PN0P_/D
iter:1008, pass:2, current fixing endpoint: gen_regfile_ff.register_file_i.rf_reg_q\[830\]$_DFFE_PN0P_/D, endpoint slack:-3.139211e-10
     1008 |       0 |      13 |       32 |      2 |    15 |   -0.321 |     -127.1 |    772 | gen_regfile_ff.register_file_i.rf_reg_q\[510\]$_DFFE_PN0P_/D
     1009 |       0 |      13 |       32 |      2 |    15 |   -0.321 |     -127.1 |    772 | gen_regfile_ff.register_file_i.rf_reg_q\[510\]$_DFFE_PN0P_/D
iter:1009, pass:1, current fixing endpoint: gen_regfile_ff.register_file_i.rf_reg_q\[318\]$_DFFE_PN0P_/D, endpoint slack:-3.1375103e-10
     1010 |       0 |      14 |       32 |      2 |    15 |   -0.321 |     -127.7 |    772 | gen_regfile_ff.register_file_i.rf_reg_q\[510\]$_DFFE_PN0P_/D
iter:1010, pass:2, current fixing endpoint: gen_regfile_ff.register_file_i.rf_reg_q\[318\]$_DFFE_PN0P_/D, endpoint slack:-3.138978e-10
     1010 |       0 |      13 |       32 |      2 |    15 |   -0.321 |     -127.1 |    772 | gen_regfile_ff.register_file_i.rf_reg_q\[510\]$_DFFE_PN0P_/D
     1011 |       0 |      13 |       32 |      2 |    15 |   -0.321 |     -127.1 |    772 | gen_regfile_ff.register_file_i.rf_reg_q\[510\]$_DFFE_PN0P_/D
iter:1011, pass:1, current fixing endpoint: instr_addr_o[31], endpoint slack:-3.1323344e-10
     1012 |       0 |      14 |       32 |      2 |    15 |   -0.321 |     -127.1 |    772 | gen_regfile_ff.register_file_i.rf_reg_q\[510\]$_DFFE_PN0P_/D
iter:1012, pass:2, current fixing endpoint: instr_addr_o[31], endpoint slack:-3.1504777e-10
     1013 |       0 |      14 |       32 |      3 |    15 |   -0.321 |     -127.1 |    772 | gen_regfile_ff.register_file_i.rf_reg_q\[510\]$_DFFE_PN0P_/D
iter:1013, pass:3, current fixing endpoint: instr_addr_o[31], endpoint slack:-3.1847724e-10
     1014 |       0 |      14 |       34 |      3 |    15 |   -0.321 |     -127.1 |    772 | gen_regfile_ff.register_file_i.rf_reg_q\[510\]$_DFFE_PN0P_/D
iter:1014, pass:4, current fixing endpoint: instr_addr_o[31], endpoint slack:-3.1380387e-10
     1015 |       0 |      15 |       34 |      3 |    15 |   -0.321 |     -127.1 |    772 | gen_regfile_ff.register_file_i.rf_reg_q\[510\]$_DFFE_PN0P_/D
iter:1015, pass:5, current fixing endpoint: instr_addr_o[31], endpoint slack:-3.1800584e-10
     1016 |       0 |      15 |       36 |      3 |    15 |   -0.321 |     -127.1 |    772 | gen_regfile_ff.register_file_i.rf_reg_q\[510\]$_DFFE_PN0P_/D
iter:1016, pass:6, current fixing endpoint: instr_addr_o[31], endpoint slack:-3.142968e-10
     1017 |       0 |      16 |       36 |      3 |    15 |   -0.321 |     -127.1 |    772 | gen_regfile_ff.register_file_i.rf_reg_q\[510\]$_DFFE_PN0P_/D
iter:1017, pass:7, current fixing endpoint: instr_addr_o[31], endpoint slack:-3.1407232e-10
     1017 |       0 |      13 |       34 |      2 |    15 |   -0.321 |     -127.1 |    772 | gen_regfile_ff.register_file_i.rf_reg_q\[510\]$_DFFE_PN0P_/D
     1018 |       0 |      13 |       34 |      2 |    15 |   -0.321 |     -127.1 |    772 | gen_regfile_ff.register_file_i.rf_reg_q\[510\]$_DFFE_PN0P_/D
iter:1018, pass:1, current fixing endpoint: gen_regfile_ff.register_file_i.rf_reg_q\[414\]$_DFFE_PN0P_/D, endpoint slack:-3.1316416e-10
     1019 |       0 |      14 |       34 |      2 |    15 |   -0.321 |     -127.7 |    772 | gen_regfile_ff.register_file_i.rf_reg_q\[510\]$_DFFE_PN0P_/D
iter:1019, pass:2, current fixing endpoint: gen_regfile_ff.register_file_i.rf_reg_q\[414\]$_DFFE_PN0P_/D, endpoint slack:-3.1331093e-10
     1019 |       0 |      13 |       34 |      2 |    15 |   -0.321 |     -127.1 |    772 | gen_regfile_ff.register_file_i.rf_reg_q\[510\]$_DFFE_PN0P_/D
     1020 |       0 |      13 |       34 |      2 |    15 |   -0.321 |     -127.1 |    772 | gen_regfile_ff.register_file_i.rf_reg_q\[510\]$_DFFE_PN0P_/D
iter:1020, pass:1, current fixing endpoint: gen_regfile_ff.register_file_i.rf_reg_q\[894\]$_DFFE_PN0P_/D, endpoint slack:-2.9047298e-10
     1021 |       0 |      14 |       34 |      2 |    15 |   -0.321 |     -127.7 |    772 | gen_regfile_ff.register_file_i.rf_reg_q\[510\]$_DFFE_PN0P_/D
iter:1021, pass:2, current fixing endpoint: gen_regfile_ff.register_file_i.rf_reg_q\[894\]$_DFFE_PN0P_/D, endpoint slack:-2.9061975e-10
     1021 |       0 |      13 |       34 |      2 |    15 |   -0.321 |     -127.1 |    772 | gen_regfile_ff.register_file_i.rf_reg_q\[510\]$_DFFE_PN0P_/D
     1022 |       0 |      13 |       34 |      2 |    15 |   -0.321 |     -127.1 |    772 | gen_regfile_ff.register_file_i.rf_reg_q\[510\]$_DFFE_PN0P_/D
iter:1022, pass:1, current fixing endpoint: gen_regfile_ff.register_file_i.rf_reg_q\[27\]$_DFFE_PN0P_/D, endpoint slack:-2.6424285e-10
     1023 |       0 |      14 |       34 |      2 |    15 |   -0.323 |     -127.5 |    772 | gen_regfile_ff.register_file_i.rf_reg_q\[510\]$_DFFE_PN0P_/D
iter:1023, pass:2, current fixing endpoint: gen_regfile_ff.register_file_i.rf_reg_q\[27\]$_DFFE_PN0P_/D, endpoint slack:-2.633076e-10
     1023 |       0 |      13 |       34 |      2 |    15 |   -0.321 |     -127.1 |    772 | gen_regfile_ff.register_file_i.rf_reg_q\[510\]$_DFFE_PN0P_/D
     1024 |       0 |      13 |       34 |      2 |    15 |   -0.321 |     -127.1 |    772 | gen_regfile_ff.register_file_i.rf_reg_q\[510\]$_DFFE_PN0P_/D
iter:1024, pass:1, current fixing endpoint: gen_regfile_ff.register_file_i.rf_reg_q\[155\]$_DFFE_PN0P_/D, endpoint slack:-2.6253066e-10
     1025 |       0 |      14 |       34 |      2 |    15 |   -0.323 |     -127.5 |    772 | gen_regfile_ff.register_file_i.rf_reg_q\[510\]$_DFFE_PN0P_/D
iter:1025, pass:2, current fixing endpoint: gen_regfile_ff.register_file_i.rf_reg_q\[155\]$_DFFE_PN0P_/D, endpoint slack:-2.615954e-10
     1025 |       0 |      13 |       34 |      2 |    15 |   -0.321 |     -127.1 |    772 | gen_regfile_ff.register_file_i.rf_reg_q\[510\]$_DFFE_PN0P_/D
     1026 |       0 |      13 |       34 |      2 |    15 |   -0.321 |     -127.1 |    772 | gen_regfile_ff.register_file_i.rf_reg_q\[510\]$_DFFE_PN0P_/D
iter:1026, pass:1, current fixing endpoint: gen_regfile_ff.register_file_i.rf_reg_q\[123\]$_DFFE_PN0P_/D, endpoint slack:-2.6161429e-10
     1027 |       0 |      14 |       34 |      2 |    15 |   -0.323 |     -127.5 |    772 | gen_regfile_ff.register_file_i.rf_reg_q\[510\]$_DFFE_PN0P_/D
iter:1027, pass:2, current fixing endpoint: gen_regfile_ff.register_file_i.rf_reg_q\[123\]$_DFFE_PN0P_/D, endpoint slack:-2.6067903e-10
     1027 |       0 |      13 |       34 |      2 |    15 |   -0.321 |     -127.1 |    772 | gen_regfile_ff.register_file_i.rf_reg_q\[510\]$_DFFE_PN0P_/D
     1028 |       0 |      13 |       34 |      2 |    15 |   -0.321 |     -127.1 |    772 | gen_regfile_ff.register_file_i.rf_reg_q\[510\]$_DFFE_PN0P_/D
iter:1028, pass:1, current fixing endpoint: gen_regfile_ff.register_file_i.rf_reg_q\[219\]$_DFFE_PN0P_/D, endpoint slack:-2.613414e-10
     1029 |       0 |      14 |       34 |      2 |    15 |   -0.323 |     -127.5 |    772 | gen_regfile_ff.register_file_i.rf_reg_q\[510\]$_DFFE_PN0P_/D
iter:1029, pass:2, current fixing endpoint: gen_regfile_ff.register_file_i.rf_reg_q\[219\]$_DFFE_PN0P_/D, endpoint slack:-2.6040614e-10
     1029 |       0 |      13 |       34 |      2 |    15 |   -0.321 |     -127.1 |    772 | gen_regfile_ff.register_file_i.rf_reg_q\[510\]$_DFFE_PN0P_/D
     1030 |       0 |      13 |       34 |      2 |    15 |   -0.321 |     -127.1 |    772 | gen_regfile_ff.register_file_i.rf_reg_q\[510\]$_DFFE_PN0P_/D
iter:1030, pass:1, current fixing endpoint: gen_regfile_ff.register_file_i.rf_reg_q\[603\]$_DFFE_PN0P_/D, endpoint slack:-2.609688e-10
     1031 |       0 |      14 |       34 |      2 |    15 |   -0.323 |     -127.5 |    772 | gen_regfile_ff.register_file_i.rf_reg_q\[510\]$_DFFE_PN0P_/D
iter:1031, pass:2, current fixing endpoint: gen_regfile_ff.register_file_i.rf_reg_q\[603\]$_DFFE_PN0P_/D, endpoint slack:-2.6003355e-10
     1031 |       0 |      13 |       34 |      2 |    15 |   -0.321 |     -127.1 |    772 | gen_regfile_ff.register_file_i.rf_reg_q\[510\]$_DFFE_PN0P_/D
     1032 |       0 |      13 |       34 |      2 |    15 |   -0.321 |     -127.1 |    772 | gen_regfile_ff.register_file_i.rf_reg_q\[510\]$_DFFE_PN0P_/D
iter:1032, pass:1, current fixing endpoint: gen_regfile_ff.register_file_i.rf_reg_q\[187\]$_DFFE_PN0P_/D, endpoint slack:-2.6078317e-10
     1033 |       0 |      14 |       34 |      2 |    15 |   -0.323 |     -127.5 |    772 | gen_regfile_ff.register_file_i.rf_reg_q\[510\]$_DFFE_PN0P_/D
iter:1033, pass:2, current fixing endpoint: gen_regfile_ff.register_file_i.rf_reg_q\[187\]$_DFFE_PN0P_/D, endpoint slack:-2.5984792e-10
     1033 |       0 |      13 |       34 |      2 |    15 |   -0.321 |     -127.1 |    772 | gen_regfile_ff.register_file_i.rf_reg_q\[510\]$_DFFE_PN0P_/D
--------------------
update violating ends at fixEndpointNum 418
top element of violating ends is: gen_regfile_ff.register_file_i.rf_reg_q\[510\]$_DFFE_PN0P_/D
--------------------
     1034 |       0 |      13 |       34 |      2 |    15 |   -0.321 |     -127.1 |    772 | gen_regfile_ff.register_file_i.rf_reg_q\[510\]$_DFFE_PN0P_/D
iter:1034, pass:1, current fixing endpoint: gen_regfile_ff.register_file_i.rf_reg_q\[510\]$_DFFE_PN0P_/D, endpoint slack:-3.207774e-10
     1035 |       0 |      14 |       34 |      2 |    15 |   -0.321 |     -127.7 |    772 | gen_regfile_ff.register_file_i.rf_reg_q\[510\]$_DFFE_PN0P_/D
iter:1035, pass:2, current fixing endpoint: gen_regfile_ff.register_file_i.rf_reg_q\[510\]$_DFFE_PN0P_/D, endpoint slack:-3.2092418e-10
     1035 |       0 |      13 |       34 |      2 |    15 |   -0.321 |     -127.1 |    772 | gen_regfile_ff.register_file_i.rf_reg_q\[510\]$_DFFE_PN0P_/D
     1036 |       0 |      13 |       34 |      2 |    15 |   -0.321 |     -127.1 |    772 | gen_regfile_ff.register_file_i.rf_reg_q\[510\]$_DFFE_PN0P_/D
iter:1036, pass:1, current fixing endpoint: gen_regfile_ff.register_file_i.rf_reg_q\[30\]$_DFFE_PN0P_/D, endpoint slack:-3.207672e-10
     1037 |       0 |      14 |       34 |      2 |    15 |   -0.321 |     -127.7 |    772 | gen_regfile_ff.register_file_i.rf_reg_q\[510\]$_DFFE_PN0P_/D
iter:1037, pass:2, current fixing endpoint: gen_regfile_ff.register_file_i.rf_reg_q\[30\]$_DFFE_PN0P_/D, endpoint slack:-3.2091396e-10
     1037 |       0 |      13 |       34 |      2 |    15 |   -0.321 |     -127.1 |    772 | gen_regfile_ff.register_file_i.rf_reg_q\[510\]$_DFFE_PN0P_/D
     1038 |       0 |      13 |       34 |      2 |    15 |   -0.321 |     -127.1 |    772 | gen_regfile_ff.register_file_i.rf_reg_q\[510\]$_DFFE_PN0P_/D
iter:1038, pass:1, current fixing endpoint: gen_regfile_ff.register_file_i.rf_reg_q\[926\]$_DFFE_PN0P_/D, endpoint slack:-3.2011416e-10
     1039 |       0 |      14 |       34 |      2 |    15 |   -0.321 |     -127.7 |    772 | gen_regfile_ff.register_file_i.rf_reg_q\[510\]$_DFFE_PN0P_/D
iter:1039, pass:2, current fixing endpoint: gen_regfile_ff.register_file_i.rf_reg_q\[926\]$_DFFE_PN0P_/D, endpoint slack:-3.2026093e-10
     1039 |       0 |      13 |       34 |      2 |    15 |   -0.321 |     -127.1 |    772 | gen_regfile_ff.register_file_i.rf_reg_q\[510\]$_DFFE_PN0P_/D
     1040 |       0 |      13 |       34 |      2 |    15 |   -0.321 |     -127.1 |    772 | gen_regfile_ff.register_file_i.rf_reg_q\[510\]$_DFFE_PN0P_/D
iter:1040, pass:1, current fixing endpoint: gen_regfile_ff.register_file_i.rf_reg_q\[574\]$_DFFE_PN0P_/D, endpoint slack:-3.1980463e-10
     1041 |       0 |      14 |       34 |      2 |    15 |   -0.321 |     -127.7 |    772 | gen_regfile_ff.register_file_i.rf_reg_q\[510\]$_DFFE_PN0P_/D
iter:1041, pass:2, current fixing endpoint: gen_regfile_ff.register_file_i.rf_reg_q\[574\]$_DFFE_PN0P_/D, endpoint slack:-3.199514e-10
     1041 |       0 |      13 |       34 |      2 |    15 |   -0.321 |     -127.1 |    772 | gen_regfile_ff.register_file_i.rf_reg_q\[510\]$_DFFE_PN0P_/D
     1042 |       0 |      13 |       34 |      2 |    15 |   -0.321 |     -127.1 |    772 | gen_regfile_ff.register_file_i.rf_reg_q\[510\]$_DFFE_PN0P_/D
iter:1042, pass:1, current fixing endpoint: gen_regfile_ff.register_file_i.rf_reg_q\[542\]$_DFFE_PN0P_/D, endpoint slack:-3.190146e-10
     1043 |       0 |      14 |       34 |      2 |    15 |   -0.321 |     -127.7 |    772 | gen_regfile_ff.register_file_i.rf_reg_q\[510\]$_DFFE_PN0P_/D
iter:1043, pass:2, current fixing endpoint: gen_regfile_ff.register_file_i.rf_reg_q\[542\]$_DFFE_PN0P_/D, endpoint slack:-3.1916136e-10
     1043 |       0 |      13 |       34 |      2 |    15 |   -0.321 |     -127.1 |    772 | gen_regfile_ff.register_file_i.rf_reg_q\[510\]$_DFFE_PN0P_/D
     1044 |       0 |      13 |       34 |      2 |    15 |   -0.321 |     -127.1 |    772 | gen_regfile_ff.register_file_i.rf_reg_q\[510\]$_DFFE_PN0P_/D
iter:1044, pass:1, current fixing endpoint: gen_regfile_ff.register_file_i.rf_reg_q\[126\]$_DFFE_PN0P_/D, endpoint slack:-3.18918e-10
     1045 |       0 |      14 |       34 |      2 |    15 |   -0.321 |     -127.7 |    772 | gen_regfile_ff.register_file_i.rf_reg_q\[510\]$_DFFE_PN0P_/D
iter:1045, pass:2, current fixing endpoint: gen_regfile_ff.register_file_i.rf_reg_q\[126\]$_DFFE_PN0P_/D, endpoint slack:-3.1906477e-10
     1045 |       0 |      13 |       34 |      2 |    15 |   -0.321 |     -127.1 |    772 | gen_regfile_ff.register_file_i.rf_reg_q\[510\]$_DFFE_PN0P_/D
     1046 |       0 |      13 |       34 |      2 |    15 |   -0.321 |     -127.1 |    772 | gen_regfile_ff.register_file_i.rf_reg_q\[510\]$_DFFE_PN0P_/D
iter:1046, pass:1, current fixing endpoint: gen_regfile_ff.register_file_i.rf_reg_q\[94\]$_DFFE_PN0P_/D, endpoint slack:-3.1855651e-10
     1047 |       0 |      14 |       34 |      2 |    15 |   -0.321 |     -127.7 |    772 | gen_regfile_ff.register_file_i.rf_reg_q\[510\]$_DFFE_PN0P_/D
iter:1047, pass:2, current fixing endpoint: gen_regfile_ff.register_file_i.rf_reg_q\[94\]$_DFFE_PN0P_/D, endpoint slack:-3.1870329e-10
     1047 |       0 |      13 |       34 |      2 |    15 |   -0.321 |     -127.1 |    772 | gen_regfile_ff.register_file_i.rf_reg_q\[510\]$_DFFE_PN0P_/D
     1048 |       0 |      13 |       34 |      2 |    15 |   -0.321 |     -127.1 |    772 | gen_regfile_ff.register_file_i.rf_reg_q\[510\]$_DFFE_PN0P_/D
iter:1048, pass:1, current fixing endpoint: gen_regfile_ff.register_file_i.rf_reg_q\[190\]$_DFFE_PN0P_/D, endpoint slack:-3.179963e-10
     1049 |       0 |      14 |       34 |      2 |    15 |   -0.321 |     -127.7 |    772 | gen_regfile_ff.register_file_i.rf_reg_q\[510\]$_DFFE_PN0P_/D
iter:1049, pass:2, current fixing endpoint: gen_regfile_ff.register_file_i.rf_reg_q\[190\]$_DFFE_PN0P_/D, endpoint slack:-3.1814307e-10
     1049 |       0 |      13 |       34 |      2 |    15 |   -0.321 |     -127.1 |    772 | gen_regfile_ff.register_file_i.rf_reg_q\[510\]$_DFFE_PN0P_/D
     1050 |       0 |      13 |       34 |      2 |    15 |   -0.321 |     -127.1 |    772 | gen_regfile_ff.register_file_i.rf_reg_q\[510\]$_DFFE_PN0P_/D
iter:1050, pass:1, current fixing endpoint: gen_regfile_ff.register_file_i.rf_reg_q\[958\]$_DFFE_PN0P_/D, endpoint slack:-3.1768588e-10
     1051 |       0 |      14 |       34 |      2 |    15 |   -0.321 |     -127.7 |    772 | gen_regfile_ff.register_file_i.rf_reg_q\[510\]$_DFFE_PN0P_/D
iter:1051, pass:2, current fixing endpoint: gen_regfile_ff.register_file_i.rf_reg_q\[958\]$_DFFE_PN0P_/D, endpoint slack:-3.1783265e-10
     1051 |       0 |      13 |       34 |      2 |    15 |   -0.321 |     -127.1 |    772 | gen_regfile_ff.register_file_i.rf_reg_q\[510\]$_DFFE_PN0P_/D
     1052 |       0 |      13 |       34 |      2 |    15 |   -0.321 |     -127.1 |    772 | gen_regfile_ff.register_file_i.rf_reg_q\[510\]$_DFFE_PN0P_/D
iter:1052, pass:1, current fixing endpoint: gen_regfile_ff.register_file_i.rf_reg_q\[62\]$_DFFE_PN0P_/D, endpoint slack:-3.1751757e-10
     1053 |       0 |      14 |       34 |      2 |    15 |   -0.321 |     -127.7 |    772 | gen_regfile_ff.register_file_i.rf_reg_q\[510\]$_DFFE_PN0P_/D
iter:1053, pass:2, current fixing endpoint: gen_regfile_ff.register_file_i.rf_reg_q\[62\]$_DFFE_PN0P_/D, endpoint slack:-3.1766434e-10
     1053 |       0 |      13 |       34 |      2 |    15 |   -0.321 |     -127.1 |    772 | gen_regfile_ff.register_file_i.rf_reg_q\[510\]$_DFFE_PN0P_/D
     1054 |       0 |      13 |       34 |      2 |    15 |   -0.321 |     -127.1 |    772 | gen_regfile_ff.register_file_i.rf_reg_q\[510\]$_DFFE_PN0P_/D
iter:1054, pass:1, current fixing endpoint: gen_regfile_ff.register_file_i.rf_reg_q\[702\]$_DFFE_PN0P_/D, endpoint slack:-3.1717584e-10
     1055 |       0 |      14 |       34 |      2 |    15 |   -0.321 |     -127.7 |    772 | gen_regfile_ff.register_file_i.rf_reg_q\[510\]$_DFFE_PN0P_/D
iter:1055, pass:2, current fixing endpoint: gen_regfile_ff.register_file_i.rf_reg_q\[702\]$_DFFE_PN0P_/D, endpoint slack:-3.173226e-10
     1055 |       0 |      13 |       34 |      2 |    15 |   -0.321 |     -127.1 |    772 | gen_regfile_ff.register_file_i.rf_reg_q\[510\]$_DFFE_PN0P_/D
     1056 |       0 |      13 |       34 |      2 |    15 |   -0.321 |     -127.1 |    772 | gen_regfile_ff.register_file_i.rf_reg_q\[510\]$_DFFE_PN0P_/D
iter:1056, pass:1, current fixing endpoint: gen_regfile_ff.register_file_i.rf_reg_q\[734\]$_DFFE_PN0P_/D, endpoint slack:-3.1705727e-10
     1057 |       0 |      14 |       34 |      2 |    15 |   -0.321 |     -127.7 |    772 | gen_regfile_ff.register_file_i.rf_reg_q\[510\]$_DFFE_PN0P_/D
iter:1057, pass:2, current fixing endpoint: gen_regfile_ff.register_file_i.rf_reg_q\[734\]$_DFFE_PN0P_/D, endpoint slack:-3.1720404e-10
     1057 |       0 |      13 |       34 |      2 |    15 |   -0.321 |     -127.1 |    772 | gen_regfile_ff.register_file_i.rf_reg_q\[510\]$_DFFE_PN0P_/D
     1058 |       0 |      13 |       34 |      2 |    15 |   -0.321 |     -127.1 |    772 | gen_regfile_ff.register_file_i.rf_reg_q\[510\]$_DFFE_PN0P_/D
iter:1058, pass:1, current fixing endpoint: gen_regfile_ff.register_file_i.rf_reg_q\[670\]$_DFFE_PN0P_/D, endpoint slack:-3.1689584e-10
     1059 |       0 |      14 |       34 |      2 |    15 |   -0.321 |     -127.7 |    772 | gen_regfile_ff.register_file_i.rf_reg_q\[510\]$_DFFE_PN0P_/D
iter:1059, pass:2, current fixing endpoint: gen_regfile_ff.register_file_i.rf_reg_q\[670\]$_DFFE_PN0P_/D, endpoint slack:-3.1704261e-10
     1059 |       0 |      13 |       34 |      2 |    15 |   -0.321 |     -127.1 |    772 | gen_regfile_ff.register_file_i.rf_reg_q\[510\]$_DFFE_PN0P_/D
     1060 |       0 |      13 |       34 |      2 |    15 |   -0.321 |     -127.1 |    772 | gen_regfile_ff.register_file_i.rf_reg_q\[510\]$_DFFE_PN0P_/D
iter:1060, pass:1, current fixing endpoint: gen_regfile_ff.register_file_i.rf_reg_q\[254\]$_DFFE_PN0P_/D, endpoint slack:-3.168259e-10
     1061 |       0 |      14 |       34 |      2 |    15 |   -0.321 |     -127.7 |    772 | gen_regfile_ff.register_file_i.rf_reg_q\[510\]$_DFFE_PN0P_/D
iter:1061, pass:2, current fixing endpoint: gen_regfile_ff.register_file_i.rf_reg_q\[254\]$_DFFE_PN0P_/D, endpoint slack:-3.1697267e-10
     1061 |       0 |      13 |       34 |      2 |    15 |   -0.321 |     -127.1 |    772 | gen_regfile_ff.register_file_i.rf_reg_q\[510\]$_DFFE_PN0P_/D
     1062 |       0 |      13 |       34 |      2 |    15 |   -0.321 |     -127.1 |    772 | gen_regfile_ff.register_file_i.rf_reg_q\[510\]$_DFFE_PN0P_/D
iter:1062, pass:1, current fixing endpoint: gen_regfile_ff.register_file_i.rf_reg_q\[350\]$_DFFE_PN0P_/D, endpoint slack:-3.1681835e-10
     1063 |       0 |      14 |       34 |      2 |    15 |   -0.321 |     -127.7 |    772 | gen_regfile_ff.register_file_i.rf_reg_q\[510\]$_DFFE_PN0P_/D
iter:1063, pass:2, current fixing endpoint: gen_regfile_ff.register_file_i.rf_reg_q\[350\]$_DFFE_PN0P_/D, endpoint slack:-3.1696512e-10
     1063 |       0 |      13 |       34 |      2 |    15 |   -0.321 |     -127.1 |    772 | gen_regfile_ff.register_file_i.rf_reg_q\[510\]$_DFFE_PN0P_/D
     1064 |       0 |      13 |       34 |      2 |    15 |   -0.321 |     -127.1 |    772 | gen_regfile_ff.register_file_i.rf_reg_q\[510\]$_DFFE_PN0P_/D
iter:1064, pass:1, current fixing endpoint: gen_regfile_ff.register_file_i.rf_reg_q\[286\]$_DFFE_PN0P_/D, endpoint slack:-3.1673708e-10
     1065 |       0 |      14 |       34 |      2 |    15 |   -0.321 |     -127.7 |    772 | gen_regfile_ff.register_file_i.rf_reg_q\[510\]$_DFFE_PN0P_/D
iter:1065, pass:2, current fixing endpoint: gen_regfile_ff.register_file_i.rf_reg_q\[286\]$_DFFE_PN0P_/D, endpoint slack:-3.1688385e-10
     1065 |       0 |      13 |       34 |      2 |    15 |   -0.321 |     -127.1 |    772 | gen_regfile_ff.register_file_i.rf_reg_q\[510\]$_DFFE_PN0P_/D
     1066 |       0 |      13 |       34 |      2 |    15 |   -0.321 |     -127.1 |    772 | gen_regfile_ff.register_file_i.rf_reg_q\[510\]$_DFFE_PN0P_/D
iter:1066, pass:1, current fixing endpoint: gen_regfile_ff.register_file_i.rf_reg_q\[638\]$_DFFE_PN0P_/D, endpoint slack:-3.166456e-10
     1067 |       0 |      14 |       34 |      2 |    15 |   -0.321 |     -127.7 |    772 | gen_regfile_ff.register_file_i.rf_reg_q\[510\]$_DFFE_PN0P_/D
iter:1067, pass:2, current fixing endpoint: gen_regfile_ff.register_file_i.rf_reg_q\[638\]$_DFFE_PN0P_/D, endpoint slack:-3.1679237e-10
     1067 |       0 |      13 |       34 |      2 |    15 |   -0.321 |     -127.1 |    772 | gen_regfile_ff.register_file_i.rf_reg_q\[510\]$_DFFE_PN0P_/D
     1068 |       0 |      13 |       34 |      2 |    15 |   -0.321 |     -127.1 |    772 | gen_regfile_ff.register_file_i.rf_reg_q\[510\]$_DFFE_PN0P_/D
iter:1068, pass:1, current fixing endpoint: gen_regfile_ff.register_file_i.rf_reg_q\[382\]$_DFFE_PN0P_/D, endpoint slack:-3.1551095e-10
     1069 |       0 |      14 |       34 |      2 |    15 |   -0.321 |     -127.7 |    772 | gen_regfile_ff.register_file_i.rf_reg_q\[510\]$_DFFE_PN0P_/D
iter:1069, pass:2, current fixing endpoint: gen_regfile_ff.register_file_i.rf_reg_q\[382\]$_DFFE_PN0P_/D, endpoint slack:-3.1565772e-10
     1069 |       0 |      13 |       34 |      2 |    15 |   -0.321 |     -127.1 |    772 | gen_regfile_ff.register_file_i.rf_reg_q\[510\]$_DFFE_PN0P_/D
     1070 |       0 |      13 |       34 |      2 |    15 |   -0.321 |     -127.1 |    772 | gen_regfile_ff.register_file_i.rf_reg_q\[510\]$_DFFE_PN0P_/D
iter:1070, pass:1, current fixing endpoint: gen_regfile_ff.register_file_i.rf_reg_q\[222\]$_DFFE_PN0P_/D, endpoint slack:-3.1549252e-10
     1071 |       0 |      14 |       34 |      2 |    15 |   -0.321 |     -127.7 |    772 | gen_regfile_ff.register_file_i.rf_reg_q\[510\]$_DFFE_PN0P_/D
iter:1071, pass:2, current fixing endpoint: gen_regfile_ff.register_file_i.rf_reg_q\[222\]$_DFFE_PN0P_/D, endpoint slack:-3.156393e-10
     1071 |       0 |      13 |       34 |      2 |    15 |   -0.321 |     -127.1 |    772 | gen_regfile_ff.register_file_i.rf_reg_q\[510\]$_DFFE_PN0P_/D
     1072 |       0 |      13 |       34 |      2 |    15 |   -0.321 |     -127.1 |    772 | gen_regfile_ff.register_file_i.rf_reg_q\[510\]$_DFFE_PN0P_/D
iter:1072, pass:1, current fixing endpoint: gen_regfile_ff.register_file_i.rf_reg_q\[478\]$_DFFE_PN0P_/D, endpoint slack:-3.1543235e-10
     1073 |       0 |      14 |       34 |      2 |    15 |   -0.321 |     -127.7 |    772 | gen_regfile_ff.register_file_i.rf_reg_q\[510\]$_DFFE_PN0P_/D
iter:1073, pass:2, current fixing endpoint: gen_regfile_ff.register_file_i.rf_reg_q\[478\]$_DFFE_PN0P_/D, endpoint slack:-3.1557912e-10
     1073 |       0 |      13 |       34 |      2 |    15 |   -0.321 |     -127.1 |    772 | gen_regfile_ff.register_file_i.rf_reg_q\[510\]$_DFFE_PN0P_/D
     1074 |       0 |      13 |       34 |      2 |    15 |   -0.321 |     -127.1 |    772 | gen_regfile_ff.register_file_i.rf_reg_q\[510\]$_DFFE_PN0P_/D
iter:1074, pass:1, current fixing endpoint: gen_regfile_ff.register_file_i.rf_reg_q\[158\]$_DFFE_PN0P_/D, endpoint slack:-3.1498337e-10
     1075 |       0 |      14 |       34 |      2 |    15 |   -0.321 |     -127.7 |    772 | gen_regfile_ff.register_file_i.rf_reg_q\[510\]$_DFFE_PN0P_/D
iter:1075, pass:2, current fixing endpoint: gen_regfile_ff.register_file_i.rf_reg_q\[158\]$_DFFE_PN0P_/D, endpoint slack:-3.1513014e-10
     1075 |       0 |      13 |       34 |      2 |    15 |   -0.321 |     -127.1 |    772 | gen_regfile_ff.register_file_i.rf_reg_q\[510\]$_DFFE_PN0P_/D
     1076 |       0 |      13 |       34 |      2 |    15 |   -0.321 |     -127.1 |    772 | gen_regfile_ff.register_file_i.rf_reg_q\[510\]$_DFFE_PN0P_/D
iter:1076, pass:1, current fixing endpoint: gen_regfile_ff.register_file_i.rf_reg_q\[990\]$_DFFE_PN0P_/D, endpoint slack:-3.1463432e-10
     1077 |       0 |      14 |       34 |      2 |    15 |   -0.321 |     -127.7 |    772 | gen_regfile_ff.register_file_i.rf_reg_q\[510\]$_DFFE_PN0P_/D
iter:1077, pass:2, current fixing endpoint: gen_regfile_ff.register_file_i.rf_reg_q\[990\]$_DFFE_PN0P_/D, endpoint slack:-3.147813e-10
     1077 |       0 |      13 |       34 |      2 |    15 |   -0.321 |     -127.1 |    772 | gen_regfile_ff.register_file_i.rf_reg_q\[510\]$_DFFE_PN0P_/D
     1078 |       0 |      13 |       34 |      2 |    15 |   -0.321 |     -127.1 |    772 | gen_regfile_ff.register_file_i.rf_reg_q\[510\]$_DFFE_PN0P_/D
iter:1078, pass:1, current fixing endpoint: gen_regfile_ff.register_file_i.rf_reg_q\[606\]$_DFFE_PN0P_/D, endpoint slack:-3.1440406e-10
     1079 |       0 |      14 |       34 |      2 |    15 |   -0.321 |     -127.7 |    772 | gen_regfile_ff.register_file_i.rf_reg_q\[510\]$_DFFE_PN0P_/D
iter:1079, pass:2, current fixing endpoint: gen_regfile_ff.register_file_i.rf_reg_q\[606\]$_DFFE_PN0P_/D, endpoint slack:-3.1455083e-10
     1079 |       0 |      13 |       34 |      2 |    15 |   -0.321 |     -127.1 |    772 | gen_regfile_ff.register_file_i.rf_reg_q\[510\]$_DFFE_PN0P_/D
     1080 |       0 |      13 |       34 |      2 |    15 |   -0.321 |     -127.1 |    772 | gen_regfile_ff.register_file_i.rf_reg_q\[510\]$_DFFE_PN0P_/D
iter:1080, pass:1, current fixing endpoint: gen_regfile_ff.register_file_i.rf_reg_q\[766\]$_DFFE_PN0P_/D, endpoint slack:-3.1429526e-10
     1081 |       0 |      14 |       34 |      2 |    15 |   -0.321 |     -127.7 |    772 | gen_regfile_ff.register_file_i.rf_reg_q\[510\]$_DFFE_PN0P_/D
iter:1081, pass:2, current fixing endpoint: gen_regfile_ff.register_file_i.rf_reg_q\[766\]$_DFFE_PN0P_/D, endpoint slack:-3.1444203e-10
     1081 |       0 |      13 |       34 |      2 |    15 |   -0.321 |     -127.1 |    772 | gen_regfile_ff.register_file_i.rf_reg_q\[510\]$_DFFE_PN0P_/D
     1082 |       0 |      13 |       34 |      2 |    15 |   -0.321 |     -127.1 |    772 | gen_regfile_ff.register_file_i.rf_reg_q\[510\]$_DFFE_PN0P_/D
iter:1082, pass:1, current fixing endpoint: gen_regfile_ff.register_file_i.rf_reg_q\[862\]$_DFFE_PN0P_/D, endpoint slack:-3.1412517e-10
     1083 |       0 |      14 |       34 |      2 |    15 |   -0.321 |     -127.7 |    772 | gen_regfile_ff.register_file_i.rf_reg_q\[510\]$_DFFE_PN0P_/D
iter:1083, pass:2, current fixing endpoint: gen_regfile_ff.register_file_i.rf_reg_q\[862\]$_DFFE_PN0P_/D, endpoint slack:-3.1427194e-10
     1083 |       0 |      13 |       34 |      2 |    15 |   -0.321 |     -127.1 |    772 | gen_regfile_ff.register_file_i.rf_reg_q\[510\]$_DFFE_PN0P_/D
     1084 |       0 |      13 |       34 |      2 |    15 |   -0.321 |     -127.1 |    772 | gen_regfile_ff.register_file_i.rf_reg_q\[510\]$_DFFE_PN0P_/D
iter:1084, pass:1, current fixing endpoint: gen_regfile_ff.register_file_i.rf_reg_q\[446\]$_DFFE_PN0P_/D, endpoint slack:-3.1394332e-10
     1085 |       0 |      14 |       34 |      2 |    15 |   -0.321 |     -127.7 |    772 | gen_regfile_ff.register_file_i.rf_reg_q\[510\]$_DFFE_PN0P_/D
iter:1085, pass:2, current fixing endpoint: gen_regfile_ff.register_file_i.rf_reg_q\[446\]$_DFFE_PN0P_/D, endpoint slack:-3.140901e-10
     1085 |       0 |      13 |       34 |      2 |    15 |   -0.321 |     -127.1 |    772 | gen_regfile_ff.register_file_i.rf_reg_q\[510\]$_DFFE_PN0P_/D
     1086 |       0 |      13 |       34 |      2 |    15 |   -0.321 |     -127.1 |    772 | gen_regfile_ff.register_file_i.rf_reg_q\[510\]$_DFFE_PN0P_/D
iter:1086, pass:1, current fixing endpoint: gen_regfile_ff.register_file_i.rf_reg_q\[798\]$_DFFE_PN0P_/D, endpoint slack:-3.138152e-10
     1087 |       0 |      14 |       34 |      2 |    15 |   -0.321 |     -127.7 |    772 | gen_regfile_ff.register_file_i.rf_reg_q\[510\]$_DFFE_PN0P_/D
iter:1087, pass:2, current fixing endpoint: gen_regfile_ff.register_file_i.rf_reg_q\[798\]$_DFFE_PN0P_/D, endpoint slack:-3.1396197e-10
     1087 |       0 |      13 |       34 |      2 |    15 |   -0.321 |     -127.1 |    772 | gen_regfile_ff.register_file_i.rf_reg_q\[510\]$_DFFE_PN0P_/D
     1088 |       0 |      13 |       34 |      2 |    15 |   -0.321 |     -127.1 |    772 | gen_regfile_ff.register_file_i.rf_reg_q\[510\]$_DFFE_PN0P_/D
iter:1088, pass:1, current fixing endpoint: gen_regfile_ff.register_file_i.rf_reg_q\[830\]$_DFFE_PN0P_/D, endpoint slack:-3.1377434e-10
     1089 |       0 |      14 |       34 |      2 |    15 |   -0.321 |     -127.7 |    772 | gen_regfile_ff.register_file_i.rf_reg_q\[510\]$_DFFE_PN0P_/D
iter:1089, pass:2, current fixing endpoint: gen_regfile_ff.register_file_i.rf_reg_q\[830\]$_DFFE_PN0P_/D, endpoint slack:-3.139211e-10
     1089 |       0 |      13 |       34 |      2 |    15 |   -0.321 |     -127.1 |    772 | gen_regfile_ff.register_file_i.rf_reg_q\[510\]$_DFFE_PN0P_/D
     1090 |       0 |      13 |       34 |      2 |    15 |   -0.321 |     -127.1 |    772 | gen_regfile_ff.register_file_i.rf_reg_q\[510\]$_DFFE_PN0P_/D
iter:1090, pass:1, current fixing endpoint: gen_regfile_ff.register_file_i.rf_reg_q\[318\]$_DFFE_PN0P_/D, endpoint slack:-3.1375103e-10
     1091 |       0 |      14 |       34 |      2 |    15 |   -0.321 |     -127.7 |    772 | gen_regfile_ff.register_file_i.rf_reg_q\[510\]$_DFFE_PN0P_/D
iter:1091, pass:2, current fixing endpoint: gen_regfile_ff.register_file_i.rf_reg_q\[318\]$_DFFE_PN0P_/D, endpoint slack:-3.138978e-10
     1091 |       0 |      13 |       34 |      2 |    15 |   -0.321 |     -127.1 |    772 | gen_regfile_ff.register_file_i.rf_reg_q\[510\]$_DFFE_PN0P_/D
     1092 |       0 |      13 |       34 |      2 |    15 |   -0.321 |     -127.1 |    772 | gen_regfile_ff.register_file_i.rf_reg_q\[510\]$_DFFE_PN0P_/D
iter:1092, pass:1, current fixing endpoint: instr_addr_o[31], endpoint slack:-3.1323344e-10
     1093 |       0 |      14 |       34 |      2 |    15 |   -0.321 |     -127.1 |    772 | gen_regfile_ff.register_file_i.rf_reg_q\[510\]$_DFFE_PN0P_/D
iter:1093, pass:2, current fixing endpoint: instr_addr_o[31], endpoint slack:-3.1504777e-10
     1094 |       0 |      14 |       34 |      3 |    15 |   -0.321 |     -127.1 |    772 | gen_regfile_ff.register_file_i.rf_reg_q\[510\]$_DFFE_PN0P_/D
iter:1094, pass:3, current fixing endpoint: instr_addr_o[31], endpoint slack:-3.1847724e-10
     1095 |       0 |      14 |       36 |      3 |    15 |   -0.321 |     -127.1 |    772 | gen_regfile_ff.register_file_i.rf_reg_q\[510\]$_DFFE_PN0P_/D
iter:1095, pass:4, current fixing endpoint: instr_addr_o[31], endpoint slack:-3.1380387e-10
     1096 |       0 |      15 |       36 |      3 |    15 |   -0.321 |     -127.1 |    772 | gen_regfile_ff.register_file_i.rf_reg_q\[510\]$_DFFE_PN0P_/D
iter:1096, pass:5, current fixing endpoint: instr_addr_o[31], endpoint slack:-3.1800584e-10
     1097 |       0 |      15 |       38 |      3 |    15 |   -0.321 |     -127.1 |    772 | gen_regfile_ff.register_file_i.rf_reg_q\[510\]$_DFFE_PN0P_/D
iter:1097, pass:6, current fixing endpoint: instr_addr_o[31], endpoint slack:-3.142968e-10
     1098 |       0 |      16 |       38 |      3 |    15 |   -0.321 |     -127.1 |    772 | gen_regfile_ff.register_file_i.rf_reg_q\[510\]$_DFFE_PN0P_/D
iter:1098, pass:7, current fixing endpoint: instr_addr_o[31], endpoint slack:-3.1407232e-10
     1098 |       0 |      13 |       36 |      2 |    15 |   -0.321 |     -127.1 |    772 | gen_regfile_ff.register_file_i.rf_reg_q\[510\]$_DFFE_PN0P_/D
     1099 |       0 |      13 |       36 |      2 |    15 |   -0.321 |     -127.1 |    772 | gen_regfile_ff.register_file_i.rf_reg_q\[510\]$_DFFE_PN0P_/D
iter:1099, pass:1, current fixing endpoint: gen_regfile_ff.register_file_i.rf_reg_q\[414\]$_DFFE_PN0P_/D, endpoint slack:-3.1316416e-10
     1100 |       0 |      14 |       36 |      2 |    15 |   -0.321 |     -127.7 |    772 | gen_regfile_ff.register_file_i.rf_reg_q\[510\]$_DFFE_PN0P_/D
iter:1100, pass:2, current fixing endpoint: gen_regfile_ff.register_file_i.rf_reg_q\[414\]$_DFFE_PN0P_/D, endpoint slack:-3.1331093e-10
     1100 |       0 |      14 |       36 |      2 |    15 |   -0.321 |     -127.7 |    772 | gen_regfile_ff.register_file_i.rf_reg_q\[510\]$_DFFE_PN0P_/D
     1101 |       0 |      14 |       36 |      2 |    15 |   -0.321 |     -127.7 |    772 | gen_regfile_ff.register_file_i.rf_reg_q\[510\]$_DFFE_PN0P_/D
iter:1101, pass:1, current fixing endpoint: gen_regfile_ff.register_file_i.rf_reg_q\[894\]$_DFFE_PN0P_/D, endpoint slack:-2.9061975e-10
     1101 |       0 |      14 |       36 |      2 |    15 |   -0.321 |     -127.7 |    772 | gen_regfile_ff.register_file_i.rf_reg_q\[510\]$_DFFE_PN0P_/D
     1102 |       0 |      14 |       36 |      2 |    15 |   -0.321 |     -127.7 |    772 | gen_regfile_ff.register_file_i.rf_reg_q\[510\]$_DFFE_PN0P_/D
iter:1102, pass:1, current fixing endpoint: gen_regfile_ff.register_file_i.rf_reg_q\[27\]$_DFFE_PN0P_/D, endpoint slack:-2.6648994e-10
     1103 |       0 |      15 |       36 |      2 |    15 |   -0.323 |     -128.1 |    772 | gen_regfile_ff.register_file_i.rf_reg_q\[510\]$_DFFE_PN0P_/D
iter:1103, pass:2, current fixing endpoint: gen_regfile_ff.register_file_i.rf_reg_q\[27\]$_DFFE_PN0P_/D, endpoint slack:-2.65429e-10
     1104 |       0 |      16 |       36 |      2 |    15 |   -0.322 |     -127.2 |    772 | gen_regfile_ff.register_file_i.rf_reg_q\[510\]$_DFFE_PN0P_/D
iter:1104, pass:3, current fixing endpoint: gen_regfile_ff.register_file_i.rf_reg_q\[27\]$_DFFE_PN0P_/D, endpoint slack:-2.6382496e-10
     1104 |       0 |      14 |       36 |      2 |    15 |   -0.321 |     -127.7 |    772 | gen_regfile_ff.register_file_i.rf_reg_q\[510\]$_DFFE_PN0P_/D
     1105 |       0 |      14 |       36 |      2 |    15 |   -0.321 |     -127.7 |    772 | gen_regfile_ff.register_file_i.rf_reg_q\[510\]$_DFFE_PN0P_/D
iter:1105, pass:1, current fixing endpoint: gen_regfile_ff.register_file_i.rf_reg_q\[155\]$_DFFE_PN0P_/D, endpoint slack:-2.6477776e-10
     1106 |       0 |      15 |       36 |      2 |    15 |   -0.323 |     -128.1 |    772 | gen_regfile_ff.register_file_i.rf_reg_q\[510\]$_DFFE_PN0P_/D
iter:1106, pass:2, current fixing endpoint: gen_regfile_ff.register_file_i.rf_reg_q\[155\]$_DFFE_PN0P_/D, endpoint slack:-2.6371683e-10
     1107 |       0 |      16 |       36 |      2 |    15 |   -0.322 |     -127.2 |    772 | gen_regfile_ff.register_file_i.rf_reg_q\[510\]$_DFFE_PN0P_/D
iter:1107, pass:3, current fixing endpoint: gen_regfile_ff.register_file_i.rf_reg_q\[155\]$_DFFE_PN0P_/D, endpoint slack:-2.6211278e-10
     1107 |       0 |      14 |       36 |      2 |    15 |   -0.321 |     -127.7 |    772 | gen_regfile_ff.register_file_i.rf_reg_q\[510\]$_DFFE_PN0P_/D
     1108 |       0 |      14 |       36 |      2 |    15 |   -0.321 |     -127.7 |    772 | gen_regfile_ff.register_file_i.rf_reg_q\[510\]$_DFFE_PN0P_/D
iter:1108, pass:1, current fixing endpoint: gen_regfile_ff.register_file_i.rf_reg_q\[123\]$_DFFE_PN0P_/D, endpoint slack:-2.6386138e-10
     1109 |       0 |      15 |       36 |      2 |    15 |   -0.323 |     -128.1 |    772 | gen_regfile_ff.register_file_i.rf_reg_q\[510\]$_DFFE_PN0P_/D
iter:1109, pass:2, current fixing endpoint: gen_regfile_ff.register_file_i.rf_reg_q\[123\]$_DFFE_PN0P_/D, endpoint slack:-2.6280045e-10
     1110 |       0 |      16 |       36 |      2 |    15 |   -0.322 |     -127.2 |    772 | gen_regfile_ff.register_file_i.rf_reg_q\[510\]$_DFFE_PN0P_/D
iter:1110, pass:3, current fixing endpoint: gen_regfile_ff.register_file_i.rf_reg_q\[123\]$_DFFE_PN0P_/D, endpoint slack:-2.611964e-10
     1110 |       0 |      14 |       36 |      2 |    15 |   -0.321 |     -127.7 |    772 | gen_regfile_ff.register_file_i.rf_reg_q\[510\]$_DFFE_PN0P_/D
     1111 |       0 |      14 |       36 |      2 |    15 |   -0.321 |     -127.7 |    772 | gen_regfile_ff.register_file_i.rf_reg_q\[510\]$_DFFE_PN0P_/D
iter:1111, pass:1, current fixing endpoint: gen_regfile_ff.register_file_i.rf_reg_q\[219\]$_DFFE_PN0P_/D, endpoint slack:-2.6358848e-10
     1112 |       0 |      15 |       36 |      2 |    15 |   -0.323 |     -128.1 |    772 | gen_regfile_ff.register_file_i.rf_reg_q\[510\]$_DFFE_PN0P_/D
iter:1112, pass:2, current fixing endpoint: gen_regfile_ff.register_file_i.rf_reg_q\[219\]$_DFFE_PN0P_/D, endpoint slack:-2.6252756e-10
     1113 |       0 |      16 |       36 |      2 |    15 |   -0.322 |     -127.2 |    772 | gen_regfile_ff.register_file_i.rf_reg_q\[510\]$_DFFE_PN0P_/D
iter:1113, pass:3, current fixing endpoint: gen_regfile_ff.register_file_i.rf_reg_q\[219\]$_DFFE_PN0P_/D, endpoint slack:-2.609235e-10
     1113 |       0 |      14 |       36 |      2 |    15 |   -0.321 |     -127.7 |    772 | gen_regfile_ff.register_file_i.rf_reg_q\[510\]$_DFFE_PN0P_/D
     1114 |       0 |      14 |       36 |      2 |    15 |   -0.321 |     -127.7 |    772 | gen_regfile_ff.register_file_i.rf_reg_q\[510\]$_DFFE_PN0P_/D
iter:1114, pass:1, current fixing endpoint: gen_regfile_ff.register_file_i.rf_reg_q\[603\]$_DFFE_PN0P_/D, endpoint slack:-2.632159e-10
     1115 |       0 |      15 |       36 |      2 |    15 |   -0.323 |     -128.1 |    772 | gen_regfile_ff.register_file_i.rf_reg_q\[510\]$_DFFE_PN0P_/D
iter:1115, pass:2, current fixing endpoint: gen_regfile_ff.register_file_i.rf_reg_q\[603\]$_DFFE_PN0P_/D, endpoint slack:-2.6215496e-10
     1116 |       0 |      16 |       36 |      2 |    15 |   -0.322 |     -127.2 |    772 | gen_regfile_ff.register_file_i.rf_reg_q\[510\]$_DFFE_PN0P_/D
iter:1116, pass:3, current fixing endpoint: gen_regfile_ff.register_file_i.rf_reg_q\[603\]$_DFFE_PN0P_/D, endpoint slack:-2.6055091e-10
     1116 |       0 |      14 |       36 |      2 |    15 |   -0.321 |     -127.7 |    772 | gen_regfile_ff.register_file_i.rf_reg_q\[510\]$_DFFE_PN0P_/D
     1117 |       0 |      14 |       36 |      2 |    15 |   -0.321 |     -127.7 |    772 | gen_regfile_ff.register_file_i.rf_reg_q\[510\]$_DFFE_PN0P_/D
iter:1117, pass:1, current fixing endpoint: gen_regfile_ff.register_file_i.rf_reg_q\[187\]$_DFFE_PN0P_/D, endpoint slack:-2.6303026e-10
     1118 |       0 |      15 |       36 |      2 |    15 |   -0.323 |     -128.1 |    772 | gen_regfile_ff.register_file_i.rf_reg_q\[510\]$_DFFE_PN0P_/D
iter:1118, pass:2, current fixing endpoint: gen_regfile_ff.register_file_i.rf_reg_q\[187\]$_DFFE_PN0P_/D, endpoint slack:-2.6196934e-10
     1119 |       0 |      16 |       36 |      2 |    15 |   -0.322 |     -127.2 |    772 | gen_regfile_ff.register_file_i.rf_reg_q\[510\]$_DFFE_PN0P_/D
iter:1119, pass:3, current fixing endpoint: gen_regfile_ff.register_file_i.rf_reg_q\[187\]$_DFFE_PN0P_/D, endpoint slack:-2.6036528e-10
     1119 |       0 |      14 |       36 |      2 |    15 |   -0.321 |     -127.7 |    772 | gen_regfile_ff.register_file_i.rf_reg_q\[510\]$_DFFE_PN0P_/D
--------------------
update violating ends at fixEndpointNum 456
top element of violating ends is: gen_regfile_ff.register_file_i.rf_reg_q\[510\]$_DFFE_PN0P_/D
--------------------
     1120 |       0 |      14 |       36 |      2 |    15 |   -0.321 |     -127.7 |    772 | gen_regfile_ff.register_file_i.rf_reg_q\[510\]$_DFFE_PN0P_/D
iter:1120, pass:1, current fixing endpoint: gen_regfile_ff.register_file_i.rf_reg_q\[510\]$_DFFE_PN0P_/D, endpoint slack:-3.2092418e-10
     1120 |       0 |      14 |       36 |      2 |    15 |   -0.321 |     -127.7 |    772 | gen_regfile_ff.register_file_i.rf_reg_q\[510\]$_DFFE_PN0P_/D
     1121 |       0 |      14 |       36 |      2 |    15 |   -0.321 |     -127.7 |    772 | gen_regfile_ff.register_file_i.rf_reg_q\[510\]$_DFFE_PN0P_/D
iter:1121, pass:1, current fixing endpoint: gen_regfile_ff.register_file_i.rf_reg_q\[30\]$_DFFE_PN0P_/D, endpoint slack:-3.2091396e-10
     1121 |       0 |      14 |       36 |      2 |    15 |   -0.321 |     -127.7 |    772 | gen_regfile_ff.register_file_i.rf_reg_q\[510\]$_DFFE_PN0P_/D
     1122 |       0 |      14 |       36 |      2 |    15 |   -0.321 |     -127.7 |    772 | gen_regfile_ff.register_file_i.rf_reg_q\[510\]$_DFFE_PN0P_/D
iter:1122, pass:1, current fixing endpoint: gen_regfile_ff.register_file_i.rf_reg_q\[926\]$_DFFE_PN0P_/D, endpoint slack:-3.2026093e-10
     1122 |       0 |      14 |       36 |      2 |    15 |   -0.321 |     -127.7 |    772 | gen_regfile_ff.register_file_i.rf_reg_q\[510\]$_DFFE_PN0P_/D
     1123 |       0 |      14 |       36 |      2 |    15 |   -0.321 |     -127.7 |    772 | gen_regfile_ff.register_file_i.rf_reg_q\[510\]$_DFFE_PN0P_/D
iter:1123, pass:1, current fixing endpoint: gen_regfile_ff.register_file_i.rf_reg_q\[574\]$_DFFE_PN0P_/D, endpoint slack:-3.199514e-10
     1123 |       0 |      14 |       36 |      2 |    15 |   -0.321 |     -127.7 |    772 | gen_regfile_ff.register_file_i.rf_reg_q\[510\]$_DFFE_PN0P_/D
     1124 |       0 |      14 |       36 |      2 |    15 |   -0.321 |     -127.7 |    772 | gen_regfile_ff.register_file_i.rf_reg_q\[510\]$_DFFE_PN0P_/D
iter:1124, pass:1, current fixing endpoint: gen_regfile_ff.register_file_i.rf_reg_q\[542\]$_DFFE_PN0P_/D, endpoint slack:-3.1916136e-10
     1124 |       0 |      14 |       36 |      2 |    15 |   -0.321 |     -127.7 |    772 | gen_regfile_ff.register_file_i.rf_reg_q\[510\]$_DFFE_PN0P_/D
     1125 |       0 |      14 |       36 |      2 |    15 |   -0.321 |     -127.7 |    772 | gen_regfile_ff.register_file_i.rf_reg_q\[510\]$_DFFE_PN0P_/D
iter:1125, pass:1, current fixing endpoint: gen_regfile_ff.register_file_i.rf_reg_q\[126\]$_DFFE_PN0P_/D, endpoint slack:-3.1906477e-10
     1125 |       0 |      14 |       36 |      2 |    15 |   -0.321 |     -127.7 |    772 | gen_regfile_ff.register_file_i.rf_reg_q\[510\]$_DFFE_PN0P_/D
     1126 |       0 |      14 |       36 |      2 |    15 |   -0.321 |     -127.7 |    772 | gen_regfile_ff.register_file_i.rf_reg_q\[510\]$_DFFE_PN0P_/D
iter:1126, pass:1, current fixing endpoint: gen_regfile_ff.register_file_i.rf_reg_q\[94\]$_DFFE_PN0P_/D, endpoint slack:-3.1870329e-10
     1126 |       0 |      14 |       36 |      2 |    15 |   -0.321 |     -127.7 |    772 | gen_regfile_ff.register_file_i.rf_reg_q\[510\]$_DFFE_PN0P_/D
     1127 |       0 |      14 |       36 |      2 |    15 |   -0.321 |     -127.7 |    772 | gen_regfile_ff.register_file_i.rf_reg_q\[510\]$_DFFE_PN0P_/D
iter:1127, pass:1, current fixing endpoint: gen_regfile_ff.register_file_i.rf_reg_q\[190\]$_DFFE_PN0P_/D, endpoint slack:-3.1814307e-10
     1127 |       0 |      14 |       36 |      2 |    15 |   -0.321 |     -127.7 |    772 | gen_regfile_ff.register_file_i.rf_reg_q\[510\]$_DFFE_PN0P_/D
     1128 |       0 |      14 |       36 |      2 |    15 |   -0.321 |     -127.7 |    772 | gen_regfile_ff.register_file_i.rf_reg_q\[510\]$_DFFE_PN0P_/D
iter:1128, pass:1, current fixing endpoint: gen_regfile_ff.register_file_i.rf_reg_q\[958\]$_DFFE_PN0P_/D, endpoint slack:-3.1783265e-10
     1128 |       0 |      14 |       36 |      2 |    15 |   -0.321 |     -127.7 |    772 | gen_regfile_ff.register_file_i.rf_reg_q\[510\]$_DFFE_PN0P_/D
     1129 |       0 |      14 |       36 |      2 |    15 |   -0.321 |     -127.7 |    772 | gen_regfile_ff.register_file_i.rf_reg_q\[510\]$_DFFE_PN0P_/D
iter:1129, pass:1, current fixing endpoint: gen_regfile_ff.register_file_i.rf_reg_q\[62\]$_DFFE_PN0P_/D, endpoint slack:-3.1766434e-10
     1129 |       0 |      14 |       36 |      2 |    15 |   -0.321 |     -127.7 |    772 | gen_regfile_ff.register_file_i.rf_reg_q\[510\]$_DFFE_PN0P_/D
     1130 |       0 |      14 |       36 |      2 |    15 |   -0.321 |     -127.7 |    772 | gen_regfile_ff.register_file_i.rf_reg_q\[510\]$_DFFE_PN0P_/D
iter:1130, pass:1, current fixing endpoint: gen_regfile_ff.register_file_i.rf_reg_q\[702\]$_DFFE_PN0P_/D, endpoint slack:-3.173226e-10
     1130 |       0 |      14 |       36 |      2 |    15 |   -0.321 |     -127.7 |    772 | gen_regfile_ff.register_file_i.rf_reg_q\[510\]$_DFFE_PN0P_/D
     1131 |       0 |      14 |       36 |      2 |    15 |   -0.321 |     -127.7 |    772 | gen_regfile_ff.register_file_i.rf_reg_q\[510\]$_DFFE_PN0P_/D
iter:1131, pass:1, current fixing endpoint: gen_regfile_ff.register_file_i.rf_reg_q\[734\]$_DFFE_PN0P_/D, endpoint slack:-3.1720404e-10
     1131 |       0 |      14 |       36 |      2 |    15 |   -0.321 |     -127.7 |    772 | gen_regfile_ff.register_file_i.rf_reg_q\[510\]$_DFFE_PN0P_/D
     1132 |       0 |      14 |       36 |      2 |    15 |   -0.321 |     -127.7 |    772 | gen_regfile_ff.register_file_i.rf_reg_q\[510\]$_DFFE_PN0P_/D
iter:1132, pass:1, current fixing endpoint: gen_regfile_ff.register_file_i.rf_reg_q\[670\]$_DFFE_PN0P_/D, endpoint slack:-3.1704261e-10
     1132 |       0 |      14 |       36 |      2 |    15 |   -0.321 |     -127.7 |    772 | gen_regfile_ff.register_file_i.rf_reg_q\[510\]$_DFFE_PN0P_/D
     1133 |       0 |      14 |       36 |      2 |    15 |   -0.321 |     -127.7 |    772 | gen_regfile_ff.register_file_i.rf_reg_q\[510\]$_DFFE_PN0P_/D
iter:1133, pass:1, current fixing endpoint: gen_regfile_ff.register_file_i.rf_reg_q\[254\]$_DFFE_PN0P_/D, endpoint slack:-3.1697267e-10
     1133 |       0 |      14 |       36 |      2 |    15 |   -0.321 |     -127.7 |    772 | gen_regfile_ff.register_file_i.rf_reg_q\[510\]$_DFFE_PN0P_/D
     1134 |       0 |      14 |       36 |      2 |    15 |   -0.321 |     -127.7 |    772 | gen_regfile_ff.register_file_i.rf_reg_q\[510\]$_DFFE_PN0P_/D
iter:1134, pass:1, current fixing endpoint: gen_regfile_ff.register_file_i.rf_reg_q\[350\]$_DFFE_PN0P_/D, endpoint slack:-3.1696512e-10
     1134 |       0 |      14 |       36 |      2 |    15 |   -0.321 |     -127.7 |    772 | gen_regfile_ff.register_file_i.rf_reg_q\[510\]$_DFFE_PN0P_/D
     1135 |       0 |      14 |       36 |      2 |    15 |   -0.321 |     -127.7 |    772 | gen_regfile_ff.register_file_i.rf_reg_q\[510\]$_DFFE_PN0P_/D
iter:1135, pass:1, current fixing endpoint: gen_regfile_ff.register_file_i.rf_reg_q\[286\]$_DFFE_PN0P_/D, endpoint slack:-3.1688385e-10
     1135 |       0 |      14 |       36 |      2 |    15 |   -0.321 |     -127.7 |    772 | gen_regfile_ff.register_file_i.rf_reg_q\[510\]$_DFFE_PN0P_/D
     1136 |       0 |      14 |       36 |      2 |    15 |   -0.321 |     -127.7 |    772 | gen_regfile_ff.register_file_i.rf_reg_q\[510\]$_DFFE_PN0P_/D
iter:1136, pass:1, current fixing endpoint: gen_regfile_ff.register_file_i.rf_reg_q\[638\]$_DFFE_PN0P_/D, endpoint slack:-3.1679237e-10
     1136 |       0 |      14 |       36 |      2 |    15 |   -0.321 |     -127.7 |    772 | gen_regfile_ff.register_file_i.rf_reg_q\[510\]$_DFFE_PN0P_/D
     1137 |       0 |      14 |       36 |      2 |    15 |   -0.321 |     -127.7 |    772 | gen_regfile_ff.register_file_i.rf_reg_q\[510\]$_DFFE_PN0P_/D
iter:1137, pass:1, current fixing endpoint: gen_regfile_ff.register_file_i.rf_reg_q\[382\]$_DFFE_PN0P_/D, endpoint slack:-3.1565772e-10
     1137 |       0 |      14 |       36 |      2 |    15 |   -0.321 |     -127.7 |    772 | gen_regfile_ff.register_file_i.rf_reg_q\[510\]$_DFFE_PN0P_/D
     1138 |       0 |      14 |       36 |      2 |    15 |   -0.321 |     -127.7 |    772 | gen_regfile_ff.register_file_i.rf_reg_q\[510\]$_DFFE_PN0P_/D
iter:1138, pass:1, current fixing endpoint: gen_regfile_ff.register_file_i.rf_reg_q\[222\]$_DFFE_PN0P_/D, endpoint slack:-3.156393e-10
     1138 |       0 |      14 |       36 |      2 |    15 |   -0.321 |     -127.7 |    772 | gen_regfile_ff.register_file_i.rf_reg_q\[510\]$_DFFE_PN0P_/D
     1139 |       0 |      14 |       36 |      2 |    15 |   -0.321 |     -127.7 |    772 | gen_regfile_ff.register_file_i.rf_reg_q\[510\]$_DFFE_PN0P_/D
iter:1139, pass:1, current fixing endpoint: gen_regfile_ff.register_file_i.rf_reg_q\[478\]$_DFFE_PN0P_/D, endpoint slack:-3.1557912e-10
     1139 |       0 |      14 |       36 |      2 |    15 |   -0.321 |     -127.7 |    772 | gen_regfile_ff.register_file_i.rf_reg_q\[510\]$_DFFE_PN0P_/D
     1140 |       0 |      14 |       36 |      2 |    15 |   -0.321 |     -127.7 |    772 | gen_regfile_ff.register_file_i.rf_reg_q\[510\]$_DFFE_PN0P_/D
iter:1140, pass:1, current fixing endpoint: gen_regfile_ff.register_file_i.rf_reg_q\[158\]$_DFFE_PN0P_/D, endpoint slack:-3.1513014e-10
     1140 |       0 |      14 |       36 |      2 |    15 |   -0.321 |     -127.7 |    772 | gen_regfile_ff.register_file_i.rf_reg_q\[510\]$_DFFE_PN0P_/D
     1141 |       0 |      14 |       36 |      2 |    15 |   -0.321 |     -127.7 |    772 | gen_regfile_ff.register_file_i.rf_reg_q\[510\]$_DFFE_PN0P_/D
iter:1141, pass:1, current fixing endpoint: gen_regfile_ff.register_file_i.rf_reg_q\[990\]$_DFFE_PN0P_/D, endpoint slack:-3.147813e-10
     1141 |       0 |      14 |       36 |      2 |    15 |   -0.321 |     -127.7 |    772 | gen_regfile_ff.register_file_i.rf_reg_q\[510\]$_DFFE_PN0P_/D
     1142 |       0 |      14 |       36 |      2 |    15 |   -0.321 |     -127.7 |    772 | gen_regfile_ff.register_file_i.rf_reg_q\[510\]$_DFFE_PN0P_/D
iter:1142, pass:1, current fixing endpoint: gen_regfile_ff.register_file_i.rf_reg_q\[606\]$_DFFE_PN0P_/D, endpoint slack:-3.1455083e-10
     1142 |       0 |      14 |       36 |      2 |    15 |   -0.321 |     -127.7 |    772 | gen_regfile_ff.register_file_i.rf_reg_q\[510\]$_DFFE_PN0P_/D
     1143 |       0 |      14 |       36 |      2 |    15 |   -0.321 |     -127.7 |    772 | gen_regfile_ff.register_file_i.rf_reg_q\[510\]$_DFFE_PN0P_/D
iter:1143, pass:1, current fixing endpoint: gen_regfile_ff.register_file_i.rf_reg_q\[766\]$_DFFE_PN0P_/D, endpoint slack:-3.1444203e-10
     1143 |       0 |      14 |       36 |      2 |    15 |   -0.321 |     -127.7 |    772 | gen_regfile_ff.register_file_i.rf_reg_q\[510\]$_DFFE_PN0P_/D
     1144 |       0 |      14 |       36 |      2 |    15 |   -0.321 |     -127.7 |    772 | gen_regfile_ff.register_file_i.rf_reg_q\[510\]$_DFFE_PN0P_/D
iter:1144, pass:1, current fixing endpoint: gen_regfile_ff.register_file_i.rf_reg_q\[862\]$_DFFE_PN0P_/D, endpoint slack:-3.1427194e-10
     1144 |       0 |      14 |       36 |      2 |    15 |   -0.321 |     -127.7 |    772 | gen_regfile_ff.register_file_i.rf_reg_q\[510\]$_DFFE_PN0P_/D
     1145 |       0 |      14 |       36 |      2 |    15 |   -0.321 |     -127.7 |    772 | gen_regfile_ff.register_file_i.rf_reg_q\[510\]$_DFFE_PN0P_/D
iter:1145, pass:1, current fixing endpoint: gen_regfile_ff.register_file_i.rf_reg_q\[446\]$_DFFE_PN0P_/D, endpoint slack:-3.140901e-10
     1145 |       0 |      14 |       36 |      2 |    15 |   -0.321 |     -127.7 |    772 | gen_regfile_ff.register_file_i.rf_reg_q\[510\]$_DFFE_PN0P_/D
     1146 |       0 |      14 |       36 |      2 |    15 |   -0.321 |     -127.7 |    772 | gen_regfile_ff.register_file_i.rf_reg_q\[510\]$_DFFE_PN0P_/D
iter:1146, pass:1, current fixing endpoint: gen_regfile_ff.register_file_i.rf_reg_q\[798\]$_DFFE_PN0P_/D, endpoint slack:-3.1396197e-10
     1146 |       0 |      14 |       36 |      2 |    15 |   -0.321 |     -127.7 |    772 | gen_regfile_ff.register_file_i.rf_reg_q\[510\]$_DFFE_PN0P_/D
     1147 |       0 |      14 |       36 |      2 |    15 |   -0.321 |     -127.7 |    772 | gen_regfile_ff.register_file_i.rf_reg_q\[510\]$_DFFE_PN0P_/D
iter:1147, pass:1, current fixing endpoint: gen_regfile_ff.register_file_i.rf_reg_q\[830\]$_DFFE_PN0P_/D, endpoint slack:-3.139211e-10
     1147 |       0 |      14 |       36 |      2 |    15 |   -0.321 |     -127.7 |    772 | gen_regfile_ff.register_file_i.rf_reg_q\[510\]$_DFFE_PN0P_/D
     1148 |       0 |      14 |       36 |      2 |    15 |   -0.321 |     -127.7 |    772 | gen_regfile_ff.register_file_i.rf_reg_q\[510\]$_DFFE_PN0P_/D
iter:1148, pass:1, current fixing endpoint: gen_regfile_ff.register_file_i.rf_reg_q\[318\]$_DFFE_PN0P_/D, endpoint slack:-3.138978e-10
     1148 |       0 |      14 |       36 |      2 |    15 |   -0.321 |     -127.7 |    772 | gen_regfile_ff.register_file_i.rf_reg_q\[510\]$_DFFE_PN0P_/D
     1149 |       0 |      14 |       36 |      2 |    15 |   -0.321 |     -127.7 |    772 | gen_regfile_ff.register_file_i.rf_reg_q\[510\]$_DFFE_PN0P_/D
iter:1149, pass:1, current fixing endpoint: gen_regfile_ff.register_file_i.rf_reg_q\[414\]$_DFFE_PN0P_/D, endpoint slack:-3.1331093e-10
     1149 |       0 |      14 |       36 |      2 |    15 |   -0.321 |     -127.7 |    772 | gen_regfile_ff.register_file_i.rf_reg_q\[510\]$_DFFE_PN0P_/D
     1150 |       0 |      14 |       36 |      2 |    15 |   -0.321 |     -127.7 |    772 | gen_regfile_ff.register_file_i.rf_reg_q\[510\]$_DFFE_PN0P_/D
iter:1150, pass:1, current fixing endpoint: instr_addr_o[31], endpoint slack:-3.1323344e-10
     1151 |       0 |      15 |       36 |      2 |    15 |   -0.321 |     -127.7 |    772 | gen_regfile_ff.register_file_i.rf_reg_q\[510\]$_DFFE_PN0P_/D
iter:1151, pass:2, current fixing endpoint: instr_addr_o[31], endpoint slack:-3.1504777e-10
     1152 |       0 |      15 |       36 |      3 |    15 |   -0.321 |     -127.8 |    772 | gen_regfile_ff.register_file_i.rf_reg_q\[510\]$_DFFE_PN0P_/D
iter:1152, pass:3, current fixing endpoint: instr_addr_o[31], endpoint slack:-3.1847724e-10
     1153 |       0 |      15 |       38 |      3 |    15 |   -0.321 |     -127.7 |    772 | gen_regfile_ff.register_file_i.rf_reg_q\[510\]$_DFFE_PN0P_/D
iter:1153, pass:4, current fixing endpoint: instr_addr_o[31], endpoint slack:-3.1380387e-10
     1154 |       0 |      16 |       38 |      3 |    15 |   -0.321 |     -127.8 |    772 | gen_regfile_ff.register_file_i.rf_reg_q\[510\]$_DFFE_PN0P_/D
iter:1154, pass:5, current fixing endpoint: instr_addr_o[31], endpoint slack:-3.1800584e-10
     1155 |       0 |      16 |       40 |      3 |    15 |   -0.321 |     -127.7 |    772 | gen_regfile_ff.register_file_i.rf_reg_q\[510\]$_DFFE_PN0P_/D
iter:1155, pass:6, current fixing endpoint: instr_addr_o[31], endpoint slack:-3.142968e-10
     1156 |       0 |      17 |       40 |      3 |    15 |   -0.321 |     -127.7 |    772 | gen_regfile_ff.register_file_i.rf_reg_q\[510\]$_DFFE_PN0P_/D
iter:1156, pass:7, current fixing endpoint: instr_addr_o[31], endpoint slack:-3.1407232e-10
     1156 |       0 |      14 |       38 |      2 |    15 |   -0.321 |     -127.7 |    772 | gen_regfile_ff.register_file_i.rf_reg_q\[510\]$_DFFE_PN0P_/D
     1157 |       0 |      14 |       38 |      2 |    15 |   -0.321 |     -127.7 |    772 | gen_regfile_ff.register_file_i.rf_reg_q\[510\]$_DFFE_PN0P_/D
iter:1157, pass:1, current fixing endpoint: gen_regfile_ff.register_file_i.rf_reg_q\[894\]$_DFFE_PN0P_/D, endpoint slack:-2.9061975e-10
     1157 |       0 |      14 |       38 |      2 |    15 |   -0.321 |     -127.7 |    772 | gen_regfile_ff.register_file_i.rf_reg_q\[510\]$_DFFE_PN0P_/D
     1158 |       0 |      14 |       38 |      2 |    15 |   -0.321 |     -127.7 |    772 | gen_regfile_ff.register_file_i.rf_reg_q\[510\]$_DFFE_PN0P_/D
iter:1158, pass:1, current fixing endpoint: gen_regfile_ff.register_file_i.rf_reg_q\[27\]$_DFFE_PN0P_/D, endpoint slack:-2.6648994e-10
     1159 |       0 |      15 |       38 |      2 |    15 |   -0.323 |     -128.1 |    772 | gen_regfile_ff.register_file_i.rf_reg_q\[510\]$_DFFE_PN0P_/D
iter:1159, pass:2, current fixing endpoint: gen_regfile_ff.register_file_i.rf_reg_q\[27\]$_DFFE_PN0P_/D, endpoint slack:-2.65429e-10
     1160 |       0 |      16 |       38 |      2 |    15 |   -0.322 |     -127.2 |    772 | gen_regfile_ff.register_file_i.rf_reg_q\[510\]$_DFFE_PN0P_/D
iter:1160, pass:3, current fixing endpoint: gen_regfile_ff.register_file_i.rf_reg_q\[27\]$_DFFE_PN0P_/D, endpoint slack:-2.6382496e-10
     1160 |       0 |      14 |       38 |      2 |    15 |   -0.321 |     -127.7 |    772 | gen_regfile_ff.register_file_i.rf_reg_q\[510\]$_DFFE_PN0P_/D
     1161 |       0 |      14 |       38 |      2 |    15 |   -0.321 |     -127.7 |    772 | gen_regfile_ff.register_file_i.rf_reg_q\[510\]$_DFFE_PN0P_/D
iter:1161, pass:1, current fixing endpoint: gen_regfile_ff.register_file_i.rf_reg_q\[155\]$_DFFE_PN0P_/D, endpoint slack:-2.6477776e-10
     1162 |       0 |      15 |       38 |      2 |    15 |   -0.323 |     -128.1 |    772 | gen_regfile_ff.register_file_i.rf_reg_q\[510\]$_DFFE_PN0P_/D
iter:1162, pass:2, current fixing endpoint: gen_regfile_ff.register_file_i.rf_reg_q\[155\]$_DFFE_PN0P_/D, endpoint slack:-2.6371683e-10
     1163 |       0 |      16 |       38 |      2 |    15 |   -0.322 |     -127.2 |    772 | gen_regfile_ff.register_file_i.rf_reg_q\[510\]$_DFFE_PN0P_/D
iter:1163, pass:3, current fixing endpoint: gen_regfile_ff.register_file_i.rf_reg_q\[155\]$_DFFE_PN0P_/D, endpoint slack:-2.6211278e-10
     1163 |       0 |      14 |       38 |      2 |    15 |   -0.321 |     -127.7 |    772 | gen_regfile_ff.register_file_i.rf_reg_q\[510\]$_DFFE_PN0P_/D
     1164 |       0 |      14 |       38 |      2 |    15 |   -0.321 |     -127.7 |    772 | gen_regfile_ff.register_file_i.rf_reg_q\[510\]$_DFFE_PN0P_/D
iter:1164, pass:1, current fixing endpoint: gen_regfile_ff.register_file_i.rf_reg_q\[123\]$_DFFE_PN0P_/D, endpoint slack:-2.6386138e-10
     1165 |       0 |      15 |       38 |      2 |    15 |   -0.323 |     -128.1 |    772 | gen_regfile_ff.register_file_i.rf_reg_q\[510\]$_DFFE_PN0P_/D
iter:1165, pass:2, current fixing endpoint: gen_regfile_ff.register_file_i.rf_reg_q\[123\]$_DFFE_PN0P_/D, endpoint slack:-2.6280045e-10
     1166 |       0 |      16 |       38 |      2 |    15 |   -0.322 |     -127.2 |    772 | gen_regfile_ff.register_file_i.rf_reg_q\[510\]$_DFFE_PN0P_/D
iter:1166, pass:3, current fixing endpoint: gen_regfile_ff.register_file_i.rf_reg_q\[123\]$_DFFE_PN0P_/D, endpoint slack:-2.611964e-10
     1166 |       0 |      14 |       38 |      2 |    15 |   -0.321 |     -127.7 |    772 | gen_regfile_ff.register_file_i.rf_reg_q\[510\]$_DFFE_PN0P_/D
     1167 |       0 |      14 |       38 |      2 |    15 |   -0.321 |     -127.7 |    772 | gen_regfile_ff.register_file_i.rf_reg_q\[510\]$_DFFE_PN0P_/D
iter:1167, pass:1, current fixing endpoint: gen_regfile_ff.register_file_i.rf_reg_q\[219\]$_DFFE_PN0P_/D, endpoint slack:-2.6358848e-10
     1168 |       0 |      15 |       38 |      2 |    15 |   -0.323 |     -128.1 |    772 | gen_regfile_ff.register_file_i.rf_reg_q\[510\]$_DFFE_PN0P_/D
iter:1168, pass:2, current fixing endpoint: gen_regfile_ff.register_file_i.rf_reg_q\[219\]$_DFFE_PN0P_/D, endpoint slack:-2.6252756e-10
     1169 |       0 |      16 |       38 |      2 |    15 |   -0.322 |     -127.2 |    772 | gen_regfile_ff.register_file_i.rf_reg_q\[510\]$_DFFE_PN0P_/D
iter:1169, pass:3, current fixing endpoint: gen_regfile_ff.register_file_i.rf_reg_q\[219\]$_DFFE_PN0P_/D, endpoint slack:-2.609235e-10
     1169 |       0 |      14 |       38 |      2 |    15 |   -0.321 |     -127.7 |    772 | gen_regfile_ff.register_file_i.rf_reg_q\[510\]$_DFFE_PN0P_/D
     1170 |       0 |      14 |       38 |      2 |    15 |   -0.321 |     -127.7 |    772 | gen_regfile_ff.register_file_i.rf_reg_q\[510\]$_DFFE_PN0P_/D
iter:1170, pass:1, current fixing endpoint: gen_regfile_ff.register_file_i.rf_reg_q\[603\]$_DFFE_PN0P_/D, endpoint slack:-2.632159e-10
     1171 |       0 |      15 |       38 |      2 |    15 |   -0.323 |     -128.1 |    772 | gen_regfile_ff.register_file_i.rf_reg_q\[510\]$_DFFE_PN0P_/D
iter:1171, pass:2, current fixing endpoint: gen_regfile_ff.register_file_i.rf_reg_q\[603\]$_DFFE_PN0P_/D, endpoint slack:-2.6215496e-10
     1172 |       0 |      16 |       38 |      2 |    15 |   -0.322 |     -127.2 |    772 | gen_regfile_ff.register_file_i.rf_reg_q\[510\]$_DFFE_PN0P_/D
iter:1172, pass:3, current fixing endpoint: gen_regfile_ff.register_file_i.rf_reg_q\[603\]$_DFFE_PN0P_/D, endpoint slack:-2.6055091e-10
     1172 |       0 |      14 |       38 |      2 |    15 |   -0.321 |     -127.7 |    772 | gen_regfile_ff.register_file_i.rf_reg_q\[510\]$_DFFE_PN0P_/D
     1173 |       0 |      14 |       38 |      2 |    15 |   -0.321 |     -127.7 |    772 | gen_regfile_ff.register_file_i.rf_reg_q\[510\]$_DFFE_PN0P_/D
iter:1173, pass:1, current fixing endpoint: gen_regfile_ff.register_file_i.rf_reg_q\[187\]$_DFFE_PN0P_/D, endpoint slack:-2.6303026e-10
     1174 |       0 |      15 |       38 |      2 |    15 |   -0.323 |     -128.1 |    772 | gen_regfile_ff.register_file_i.rf_reg_q\[510\]$_DFFE_PN0P_/D
iter:1174, pass:2, current fixing endpoint: gen_regfile_ff.register_file_i.rf_reg_q\[187\]$_DFFE_PN0P_/D, endpoint slack:-2.6196934e-10
     1175 |       0 |      16 |       38 |      2 |    15 |   -0.322 |     -127.2 |    772 | gen_regfile_ff.register_file_i.rf_reg_q\[510\]$_DFFE_PN0P_/D
iter:1175, pass:3, current fixing endpoint: gen_regfile_ff.register_file_i.rf_reg_q\[187\]$_DFFE_PN0P_/D, endpoint slack:-2.6036528e-10
     1175 |       0 |      14 |       38 |      2 |    15 |   -0.321 |     -127.7 |    772 | gen_regfile_ff.register_file_i.rf_reg_q\[510\]$_DFFE_PN0P_/D
--------------------
update violating ends at fixEndpointNum 494
top element of violating ends is: gen_regfile_ff.register_file_i.rf_reg_q\[510\]$_DFFE_PN0P_/D
--------------------
     1176 |       0 |      14 |       38 |      2 |    15 |   -0.321 |     -127.7 |    772 | gen_regfile_ff.register_file_i.rf_reg_q\[510\]$_DFFE_PN0P_/D
iter:1176, pass:1, current fixing endpoint: gen_regfile_ff.register_file_i.rf_reg_q\[510\]$_DFFE_PN0P_/D, endpoint slack:-3.2092418e-10
     1176 |       0 |      14 |       38 |      2 |    15 |   -0.321 |     -127.7 |    772 | gen_regfile_ff.register_file_i.rf_reg_q\[510\]$_DFFE_PN0P_/D
     1177 |       0 |      14 |       38 |      2 |    15 |   -0.321 |     -127.7 |    772 | gen_regfile_ff.register_file_i.rf_reg_q\[510\]$_DFFE_PN0P_/D
iter:1177, pass:1, current fixing endpoint: gen_regfile_ff.register_file_i.rf_reg_q\[30\]$_DFFE_PN0P_/D, endpoint slack:-3.2091396e-10
     1177 |       0 |      14 |       38 |      2 |    15 |   -0.321 |     -127.7 |    772 | gen_regfile_ff.register_file_i.rf_reg_q\[510\]$_DFFE_PN0P_/D
     1178 |       0 |      14 |       38 |      2 |    15 |   -0.321 |     -127.7 |    772 | gen_regfile_ff.register_file_i.rf_reg_q\[510\]$_DFFE_PN0P_/D
iter:1178, pass:1, current fixing endpoint: gen_regfile_ff.register_file_i.rf_reg_q\[926\]$_DFFE_PN0P_/D, endpoint slack:-3.2026093e-10
     1178 |       0 |      14 |       38 |      2 |    15 |   -0.321 |     -127.7 |    772 | gen_regfile_ff.register_file_i.rf_reg_q\[510\]$_DFFE_PN0P_/D
     1179 |       0 |      14 |       38 |      2 |    15 |   -0.321 |     -127.7 |    772 | gen_regfile_ff.register_file_i.rf_reg_q\[510\]$_DFFE_PN0P_/D
iter:1179, pass:1, current fixing endpoint: gen_regfile_ff.register_file_i.rf_reg_q\[574\]$_DFFE_PN0P_/D, endpoint slack:-3.199514e-10
     1179 |       0 |      14 |       38 |      2 |    15 |   -0.321 |     -127.7 |    772 | gen_regfile_ff.register_file_i.rf_reg_q\[510\]$_DFFE_PN0P_/D
     1180 |       0 |      14 |       38 |      2 |    15 |   -0.321 |     -127.7 |    772 | gen_regfile_ff.register_file_i.rf_reg_q\[510\]$_DFFE_PN0P_/D
iter:1180, pass:1, current fixing endpoint: gen_regfile_ff.register_file_i.rf_reg_q\[542\]$_DFFE_PN0P_/D, endpoint slack:-3.1916136e-10
     1180 |       0 |      14 |       38 |      2 |    15 |   -0.321 |     -127.7 |    772 | gen_regfile_ff.register_file_i.rf_reg_q\[510\]$_DFFE_PN0P_/D
     1181 |       0 |      14 |       38 |      2 |    15 |   -0.321 |     -127.7 |    772 | gen_regfile_ff.register_file_i.rf_reg_q\[510\]$_DFFE_PN0P_/D
iter:1181, pass:1, current fixing endpoint: gen_regfile_ff.register_file_i.rf_reg_q\[126\]$_DFFE_PN0P_/D, endpoint slack:-3.1906477e-10
     1181 |       0 |      14 |       38 |      2 |    15 |   -0.321 |     -127.7 |    772 | gen_regfile_ff.register_file_i.rf_reg_q\[510\]$_DFFE_PN0P_/D
     1182 |       0 |      14 |       38 |      2 |    15 |   -0.321 |     -127.7 |    772 | gen_regfile_ff.register_file_i.rf_reg_q\[510\]$_DFFE_PN0P_/D
iter:1182, pass:1, current fixing endpoint: gen_regfile_ff.register_file_i.rf_reg_q\[94\]$_DFFE_PN0P_/D, endpoint slack:-3.1870329e-10
     1182 |       0 |      14 |       38 |      2 |    15 |   -0.321 |     -127.7 |    772 | gen_regfile_ff.register_file_i.rf_reg_q\[510\]$_DFFE_PN0P_/D
     1183 |       0 |      14 |       38 |      2 |    15 |   -0.321 |     -127.7 |    772 | gen_regfile_ff.register_file_i.rf_reg_q\[510\]$_DFFE_PN0P_/D
iter:1183, pass:1, current fixing endpoint: gen_regfile_ff.register_file_i.rf_reg_q\[190\]$_DFFE_PN0P_/D, endpoint slack:-3.1814307e-10
     1183 |       0 |      14 |       38 |      2 |    15 |   -0.321 |     -127.7 |    772 | gen_regfile_ff.register_file_i.rf_reg_q\[510\]$_DFFE_PN0P_/D
     1184 |       0 |      14 |       38 |      2 |    15 |   -0.321 |     -127.7 |    772 | gen_regfile_ff.register_file_i.rf_reg_q\[510\]$_DFFE_PN0P_/D
iter:1184, pass:1, current fixing endpoint: gen_regfile_ff.register_file_i.rf_reg_q\[958\]$_DFFE_PN0P_/D, endpoint slack:-3.1783265e-10
     1184 |       0 |      14 |       38 |      2 |    15 |   -0.321 |     -127.7 |    772 | gen_regfile_ff.register_file_i.rf_reg_q\[510\]$_DFFE_PN0P_/D
     1185 |       0 |      14 |       38 |      2 |    15 |   -0.321 |     -127.7 |    772 | gen_regfile_ff.register_file_i.rf_reg_q\[510\]$_DFFE_PN0P_/D
iter:1185, pass:1, current fixing endpoint: gen_regfile_ff.register_file_i.rf_reg_q\[62\]$_DFFE_PN0P_/D, endpoint slack:-3.1766434e-10
     1185 |       0 |      14 |       38 |      2 |    15 |   -0.321 |     -127.7 |    772 | gen_regfile_ff.register_file_i.rf_reg_q\[510\]$_DFFE_PN0P_/D
     1186 |       0 |      14 |       38 |      2 |    15 |   -0.321 |     -127.7 |    772 | gen_regfile_ff.register_file_i.rf_reg_q\[510\]$_DFFE_PN0P_/D
iter:1186, pass:1, current fixing endpoint: gen_regfile_ff.register_file_i.rf_reg_q\[702\]$_DFFE_PN0P_/D, endpoint slack:-3.173226e-10
     1186 |       0 |      14 |       38 |      2 |    15 |   -0.321 |     -127.7 |    772 | gen_regfile_ff.register_file_i.rf_reg_q\[510\]$_DFFE_PN0P_/D
     1187 |       0 |      14 |       38 |      2 |    15 |   -0.321 |     -127.7 |    772 | gen_regfile_ff.register_file_i.rf_reg_q\[510\]$_DFFE_PN0P_/D
iter:1187, pass:1, current fixing endpoint: gen_regfile_ff.register_file_i.rf_reg_q\[734\]$_DFFE_PN0P_/D, endpoint slack:-3.1720404e-10
     1187 |       0 |      14 |       38 |      2 |    15 |   -0.321 |     -127.7 |    772 | gen_regfile_ff.register_file_i.rf_reg_q\[510\]$_DFFE_PN0P_/D
     1188 |       0 |      14 |       38 |      2 |    15 |   -0.321 |     -127.7 |    772 | gen_regfile_ff.register_file_i.rf_reg_q\[510\]$_DFFE_PN0P_/D
iter:1188, pass:1, current fixing endpoint: gen_regfile_ff.register_file_i.rf_reg_q\[670\]$_DFFE_PN0P_/D, endpoint slack:-3.1704261e-10
     1188 |       0 |      14 |       38 |      2 |    15 |   -0.321 |     -127.7 |    772 | gen_regfile_ff.register_file_i.rf_reg_q\[510\]$_DFFE_PN0P_/D
     1189 |       0 |      14 |       38 |      2 |    15 |   -0.321 |     -127.7 |    772 | gen_regfile_ff.register_file_i.rf_reg_q\[510\]$_DFFE_PN0P_/D
iter:1189, pass:1, current fixing endpoint: gen_regfile_ff.register_file_i.rf_reg_q\[254\]$_DFFE_PN0P_/D, endpoint slack:-3.1697267e-10
     1189 |       0 |      14 |       38 |      2 |    15 |   -0.321 |     -127.7 |    772 | gen_regfile_ff.register_file_i.rf_reg_q\[510\]$_DFFE_PN0P_/D
     1190 |       0 |      14 |       38 |      2 |    15 |   -0.321 |     -127.7 |    772 | gen_regfile_ff.register_file_i.rf_reg_q\[510\]$_DFFE_PN0P_/D
iter:1190, pass:1, current fixing endpoint: gen_regfile_ff.register_file_i.rf_reg_q\[350\]$_DFFE_PN0P_/D, endpoint slack:-3.1696512e-10
     1190 |       0 |      14 |       38 |      2 |    15 |   -0.321 |     -127.7 |    772 | gen_regfile_ff.register_file_i.rf_reg_q\[510\]$_DFFE_PN0P_/D
     1191 |       0 |      14 |       38 |      2 |    15 |   -0.321 |     -127.7 |    772 | gen_regfile_ff.register_file_i.rf_reg_q\[510\]$_DFFE_PN0P_/D
iter:1191, pass:1, current fixing endpoint: gen_regfile_ff.register_file_i.rf_reg_q\[286\]$_DFFE_PN0P_/D, endpoint slack:-3.1688385e-10
     1191 |       0 |      14 |       38 |      2 |    15 |   -0.321 |     -127.7 |    772 | gen_regfile_ff.register_file_i.rf_reg_q\[510\]$_DFFE_PN0P_/D
     1192 |       0 |      14 |       38 |      2 |    15 |   -0.321 |     -127.7 |    772 | gen_regfile_ff.register_file_i.rf_reg_q\[510\]$_DFFE_PN0P_/D
iter:1192, pass:1, current fixing endpoint: gen_regfile_ff.register_file_i.rf_reg_q\[638\]$_DFFE_PN0P_/D, endpoint slack:-3.1679237e-10
     1192 |       0 |      14 |       38 |      2 |    15 |   -0.321 |     -127.7 |    772 | gen_regfile_ff.register_file_i.rf_reg_q\[510\]$_DFFE_PN0P_/D
     1193 |       0 |      14 |       38 |      2 |    15 |   -0.321 |     -127.7 |    772 | gen_regfile_ff.register_file_i.rf_reg_q\[510\]$_DFFE_PN0P_/D
iter:1193, pass:1, current fixing endpoint: gen_regfile_ff.register_file_i.rf_reg_q\[382\]$_DFFE_PN0P_/D, endpoint slack:-3.1565772e-10
     1193 |       0 |      14 |       38 |      2 |    15 |   -0.321 |     -127.7 |    772 | gen_regfile_ff.register_file_i.rf_reg_q\[510\]$_DFFE_PN0P_/D
     1194 |       0 |      14 |       38 |      2 |    15 |   -0.321 |     -127.7 |    772 | gen_regfile_ff.register_file_i.rf_reg_q\[510\]$_DFFE_PN0P_/D
iter:1194, pass:1, current fixing endpoint: gen_regfile_ff.register_file_i.rf_reg_q\[222\]$_DFFE_PN0P_/D, endpoint slack:-3.156393e-10
     1194 |       0 |      14 |       38 |      2 |    15 |   -0.321 |     -127.7 |    772 | gen_regfile_ff.register_file_i.rf_reg_q\[510\]$_DFFE_PN0P_/D
     1195 |       0 |      14 |       38 |      2 |    15 |   -0.321 |     -127.7 |    772 | gen_regfile_ff.register_file_i.rf_reg_q\[510\]$_DFFE_PN0P_/D
iter:1195, pass:1, current fixing endpoint: gen_regfile_ff.register_file_i.rf_reg_q\[478\]$_DFFE_PN0P_/D, endpoint slack:-3.1557912e-10
     1195 |       0 |      14 |       38 |      2 |    15 |   -0.321 |     -127.7 |    772 | gen_regfile_ff.register_file_i.rf_reg_q\[510\]$_DFFE_PN0P_/D
     1196 |       0 |      14 |       38 |      2 |    15 |   -0.321 |     -127.7 |    772 | gen_regfile_ff.register_file_i.rf_reg_q\[510\]$_DFFE_PN0P_/D
iter:1196, pass:1, current fixing endpoint: gen_regfile_ff.register_file_i.rf_reg_q\[158\]$_DFFE_PN0P_/D, endpoint slack:-3.1513014e-10
     1196 |       0 |      14 |       38 |      2 |    15 |   -0.321 |     -127.7 |    772 | gen_regfile_ff.register_file_i.rf_reg_q\[510\]$_DFFE_PN0P_/D
     1197 |       0 |      14 |       38 |      2 |    15 |   -0.321 |     -127.7 |    772 | gen_regfile_ff.register_file_i.rf_reg_q\[510\]$_DFFE_PN0P_/D
iter:1197, pass:1, current fixing endpoint: gen_regfile_ff.register_file_i.rf_reg_q\[990\]$_DFFE_PN0P_/D, endpoint slack:-3.147813e-10
     1197 |       0 |      14 |       38 |      2 |    15 |   -0.321 |     -127.7 |    772 | gen_regfile_ff.register_file_i.rf_reg_q\[510\]$_DFFE_PN0P_/D
     1198 |       0 |      14 |       38 |      2 |    15 |   -0.321 |     -127.7 |    772 | gen_regfile_ff.register_file_i.rf_reg_q\[510\]$_DFFE_PN0P_/D
iter:1198, pass:1, current fixing endpoint: gen_regfile_ff.register_file_i.rf_reg_q\[606\]$_DFFE_PN0P_/D, endpoint slack:-3.1455083e-10
     1198 |       0 |      14 |       38 |      2 |    15 |   -0.321 |     -127.7 |    772 | gen_regfile_ff.register_file_i.rf_reg_q\[510\]$_DFFE_PN0P_/D
     1199 |       0 |      14 |       38 |      2 |    15 |   -0.321 |     -127.7 |    772 | gen_regfile_ff.register_file_i.rf_reg_q\[510\]$_DFFE_PN0P_/D
iter:1199, pass:1, current fixing endpoint: gen_regfile_ff.register_file_i.rf_reg_q\[766\]$_DFFE_PN0P_/D, endpoint slack:-3.1444203e-10
     1199 |       0 |      14 |       38 |      2 |    15 |   -0.321 |     -127.7 |    772 | gen_regfile_ff.register_file_i.rf_reg_q\[510\]$_DFFE_PN0P_/D
     1200 |       0 |      14 |       38 |      2 |    15 |   -0.321 |     -127.7 |    772 | gen_regfile_ff.register_file_i.rf_reg_q\[510\]$_DFFE_PN0P_/D
iter:1200, pass:1, current fixing endpoint: gen_regfile_ff.register_file_i.rf_reg_q\[862\]$_DFFE_PN0P_/D, endpoint slack:-3.1427194e-10
     1200 |       0 |      14 |       38 |      2 |    15 |   -0.321 |     -127.7 |    772 | gen_regfile_ff.register_file_i.rf_reg_q\[510\]$_DFFE_PN0P_/D
    final |       0 |      14 |       38 |      2 |    15 |   -0.321 |     -127.7 |    772 | gen_regfile_ff.register_file_i.rf_reg_q\[510\]$_DFFE_PN0P_/D
---------------------------------------------------------------------------------------------------
[INFO RSZ-0040] Inserted 3 buffers.
[INFO RSZ-0041] Resized 14 instances.
[INFO RSZ-0043] Swapped pins on 15 instances.
[INFO RSZ-0049] Cloned 2 instances.
[WARNING RSZ-0062] Unable to repair all setup violations.
[INFO RSZ-0033] No hold violations found.
Placement Analysis
---------------------------------
total displacement        248.4 u
average displacement        0.0 u
max displacement            9.8 u
original HPWL          265686.5 u
legalized HPWL         265977.2 u
delta HPWL                    0 %

Repair antennas...
[WARNING GRT-0246] No diode with LEF class CORE ANTENNACELL found.
[INFO ANT-0002] Found 0 net violations.
[INFO ANT-0001] Found 0 pin violations.
Estimate parasitics...
Report metrics stage 5, global route...

==========================================================================
global route report_design_area
--------------------------------------------------------------------------
Design area 35523 u^2 62% utilization.
[INFO FLW-0007] clock core_clock period 2.200000
[INFO FLW-0008] Clock core_clock period 2.396
[INFO FLW-0009] Clock core_clock slack -0.322
[INFO FLW-0011] Path endpoint count 4640
Elapsed time: 5:45.84[h:]min:sec. CPU time: user 383.42 sys 0.23 (110%). Peak memory: 649652KB.
