OpenROAD bd42475189c7c2c6851df5fd060613f58d7c14b4 
Features included (+) or not (-): +Charts +GPU +GUI +Python
This program is licensed under the BSD-3 license. See the LICENSE file for details.
Components of this program may be licensed under more restrictive licenses which must be honored.
[INFO ORD-0030] Using 16 thread(s).
global_route -congestion_report_file ./reports/nangate45/jpeg/base/congestion.rpt -congestion_iterations 30 -congestion_report_iter_step 5 -verbose
[INFO GRT-0020] Min routing layer: metal2
[INFO GRT-0021] Max routing layer: metal10
[INFO GRT-0022] Global adjustment: 0%
[INFO GRT-0023] Grid origin: (0, 0)
[INFO GRT-0043] No OR_DEFAULT vias defined.
[INFO GRT-0088] Layer metal1  Track-Pitch = 0.1400  line-2-Via Pitch: 0.1350
[INFO GRT-0088] Layer metal2  Track-Pitch = 0.1900  line-2-Via Pitch: 0.1400
[INFO GRT-0088] Layer metal3  Track-Pitch = 0.1400  line-2-Via Pitch: 0.1400
[INFO GRT-0088] Layer metal4  Track-Pitch = 0.2800  line-2-Via Pitch: 0.2800
[INFO GRT-0088] Layer metal5  Track-Pitch = 0.2800  line-2-Via Pitch: 0.2800
[INFO GRT-0088] Layer metal6  Track-Pitch = 0.2800  line-2-Via Pitch: 0.2800
[INFO GRT-0088] Layer metal7  Track-Pitch = 0.8000  line-2-Via Pitch: 0.8000
[INFO GRT-0088] Layer metal8  Track-Pitch = 0.8000  line-2-Via Pitch: 0.8000
[INFO GRT-0088] Layer metal9  Track-Pitch = 1.6000  line-2-Via Pitch: 1.6000
[INFO GRT-0088] Layer metal10 Track-Pitch = 1.6000  line-2-Via Pitch: 1.6000
[INFO GRT-0019] Found 729 clock nets.
[INFO GRT-0001] Minimum degree: 2
[INFO GRT-0002] Maximum degree: 66
[INFO GRT-0003] Macros: 0
[INFO GRT-0043] No OR_DEFAULT vias defined.
[INFO GRT-0004] Blockages: 0

[INFO GRT-0053] Routing resources analysis:
          Routing      Original      Derated      Resource
Layer     Direction    Resources     Resources    Reduction (%)
---------------------------------------------------------------
metal1     Horizontal          0             0          0.00%
metal2     Vertical       583740        263240          54.90%
metal3     Horizontal     796030        370064          53.51%
metal4     Vertical       371680        256040          31.11%
metal5     Horizontal     371680        264266          28.90%
metal6     Vertical       371680        263924          28.99%
metal7     Horizontal     106260         47364          55.43%
metal8     Vertical       106260         53128          50.00%
metal9     Horizontal      53130         52441          1.30%
metal10    Vertical        53130         52441          1.30%
---------------------------------------------------------------

[INFO GRT-0101] Running extra iterations to remove overflow.
[INFO GRT-0197] Via related to pin nodes: 388121
[INFO GRT-0198] Via related Steiner nodes: 6936
[INFO GRT-0199] Via filling finished.
[INFO GRT-0111] Final number of vias: 497273
[INFO GRT-0112] Final usage 3D: 2039807

[INFO GRT-0096] Final congestion report:
Layer         Resource        Demand        Usage (%)    Max H / Max V / Total Overflow
---------------------------------------------------------------------------------------
metal1               0             0            0.00%             0 /  0 /  0
metal2          263240        130299           49.50%             0 /  0 /  0
metal3          370064        170301           46.02%             0 /  0 /  0
metal4          256040         99629           38.91%             0 /  0 /  0
metal5          264266         76411           28.91%             0 /  0 /  0
metal6          263924         59920           22.70%             0 /  0 /  0
metal7           47364          5476           11.56%             0 /  0 /  0
metal8           53128          2057            3.87%             0 /  0 /  0
metal9           52441          3431            6.54%             0 /  0 /  0
metal10          52441           464            0.88%             0 /  0 /  0
---------------------------------------------------------------------------------------
Total          1622908        547988           33.77%             0 /  0 /  0

[INFO GRT-0018] Total wirelength: 1491434 um
[INFO GRT-0014] Routed nets: 79948
Perform buffer insertion...
[INFO RSZ-0058] Using max wire length 640um.
[INFO RSZ-0036] Found 66 capacitance violations.
[INFO RSZ-0038] Inserted 2 buffers in 33 nets.
Placement Analysis
---------------------------------
total displacement          7.9 u
average displacement        0.0 u
max displacement            2.5 u
original HPWL         1015741.8 u
legalized HPWL        1015752.5 u
delta HPWL                    0 %

Repair setup and hold violations...
repair_timing -verbose -repair_tns 100
[INFO RSZ-0094] Found 480 endpoints with setup violations.
[INFO RSZ-0099] Repairing 480 out of 480 (100.00%) violating endpoints...
   Iter   | Removed | Resized | Inserted | Cloned |  Pin  |    WNS   |   TNS      |  Viol  | Worst
          | Buffers |  Gates  | Buffers  |  Gates | Swaps |          |            | Endpts | Endpt
---------------------------------------------------------------------------------------------------
        0 |       0 |       0 |        0 |      0 |     0 |   -0.265 |      -59.0 |    480 | fdct_zigzag.dct_mod.dct_block_2.dct_unit_0.macu.mult_res\[16\]$_DFFE_PP_/D
        1 |       0 |       0 |        0 |      0 |     0 |   -0.265 |      -59.0 |    480 | fdct_zigzag.dct_mod.dct_block_2.dct_unit_0.macu.mult_res\[16\]$_DFFE_PP_/D
iter:1, pass:1, current fixing endpoint: fdct_zigzag.dct_mod.dct_block_2.dct_unit_0.macu.mult_res\[16\]$_DFFE_PP_/D, endpoint slack:-2.6522518e-10
        2 |       0 |       1 |        0 |      0 |     0 |   -0.257 |      -58.3 |    480 | fdct_zigzag.dct_mod.dct_block_2.dct_unit_2.macu.mult_res\[18\]$_DFFE_PP_/D
iter:2, pass:2, current fixing endpoint: fdct_zigzag.dct_mod.dct_block_2.dct_unit_2.macu.mult_res\[18\]$_DFFE_PP_/D, endpoint slack:-2.567141e-10
        3 |       0 |       1 |        0 |      0 |     1 |   -0.263 |      -58.3 |    480 | fdct_zigzag.dct_mod.dct_block_2.dct_unit_2.macu.mult_res\[18\]$_DFFE_PP_/D
iter:3, pass:3, current fixing endpoint: fdct_zigzag.dct_mod.dct_block_2.dct_unit_2.macu.mult_res\[18\]$_DFFE_PP_/D, endpoint slack:-2.6272706e-10
        4 |       0 |       1 |        0 |      0 |     2 |   -0.263 |      -58.3 |    480 | fdct_zigzag.dct_mod.dct_block_2.dct_unit_2.macu.mult_res\[18\]$_DFFE_PP_/D
iter:4, pass:4, current fixing endpoint: fdct_zigzag.dct_mod.dct_block_2.dct_unit_2.macu.mult_res\[18\]$_DFFE_PP_/D, endpoint slack:-2.6306324e-10
        5 |       0 |       1 |        0 |      0 |     3 |   -0.265 |      -58.3 |    480 | fdct_zigzag.dct_mod.dct_block_2.dct_unit_2.macu.mult_res\[18\]$_DFFE_PP_/D
iter:5, pass:5, current fixing endpoint: fdct_zigzag.dct_mod.dct_block_2.dct_unit_2.macu.mult_res\[18\]$_DFFE_PP_/D, endpoint slack:-2.645949e-10
        6 |       0 |       1 |        0 |      0 |     4 |   -0.252 |      -58.3 |    480 | fdct_zigzag.dct_mod.dct_block_6.dct_unit_5.macu.mult_res\[18\]$_DFFE_PP_/D
iter:6, pass:6, current fixing endpoint: fdct_zigzag.dct_mod.dct_block_6.dct_unit_5.macu.mult_res\[18\]$_DFFE_PP_/D, endpoint slack:-2.5191238e-10
        7 |       0 |       1 |        0 |      0 |     5 |   -0.254 |      -58.3 |    480 | fdct_zigzag.dct_mod.dct_block_6.dct_unit_5.macu.mult_res\[18\]$_DFFE_PP_/D
iter:7, pass:7, current fixing endpoint: fdct_zigzag.dct_mod.dct_block_6.dct_unit_5.macu.mult_res\[18\]$_DFFE_PP_/D, endpoint slack:-2.5393299e-10
        8 |       0 |       1 |        0 |      0 |     6 |   -0.260 |      -58.3 |    480 | fdct_zigzag.dct_mod.dct_block_6.dct_unit_5.macu.mult_res\[18\]$_DFFE_PP_/D
iter:8, pass:8, current fixing endpoint: fdct_zigzag.dct_mod.dct_block_6.dct_unit_5.macu.mult_res\[18\]$_DFFE_PP_/D, endpoint slack:-2.598447e-10
        9 |       0 |       1 |        0 |      0 |     7 |   -0.252 |      -58.3 |    480 | fdct_zigzag.dct_mod.dct_block_6.dct_unit_5.macu.mult_res\[18\]$_DFFE_PP_/D
iter:9, pass:9, current fixing endpoint: fdct_zigzag.dct_mod.dct_block_6.dct_unit_5.macu.mult_res\[18\]$_DFFE_PP_/D, endpoint slack:-2.5211355e-10
       10 |       0 |       1 |        0 |      0 |     8 |   -0.256 |      -58.3 |    480 | fdct_zigzag.dct_mod.dct_block_6.dct_unit_5.macu.mult_res\[18\]$_DFFE_PP_/D
iter:10, pass:10, current fixing endpoint: fdct_zigzag.dct_mod.dct_block_6.dct_unit_5.macu.mult_res\[18\]$_DFFE_PP_/D, endpoint slack:-2.560533e-10
       11 |       0 |       1 |        0 |      0 |     9 |   -0.254 |      -58.3 |    480 | fdct_zigzag.dct_mod.dct_block_6.dct_unit_5.macu.mult_res\[18\]$_DFFE_PP_/D
iter:11, pass:11, current fixing endpoint: fdct_zigzag.dct_mod.dct_block_6.dct_unit_5.macu.mult_res\[18\]$_DFFE_PP_/D, endpoint slack:-2.5354174e-10
       12 |       0 |       1 |        0 |      0 |    10 |   -0.262 |      -58.3 |    480 | fdct_zigzag.dct_mod.dct_block_6.dct_unit_5.macu.mult_res\[18\]$_DFFE_PP_/D
iter:12, pass:12, current fixing endpoint: fdct_zigzag.dct_mod.dct_block_6.dct_unit_5.macu.mult_res\[18\]$_DFFE_PP_/D, endpoint slack:-2.6241576e-10
       13 |       0 |       1 |        0 |      0 |    11 |   -0.270 |      -58.3 |    480 | fdct_zigzag.dct_mod.dct_block_6.dct_unit_5.macu.mult_res\[18\]$_DFFE_PP_/D
iter:13, pass:13, current fixing endpoint: fdct_zigzag.dct_mod.dct_block_6.dct_unit_5.macu.mult_res\[18\]$_DFFE_PP_/D, endpoint slack:-2.699464e-10
       14 |       0 |       1 |        0 |      0 |    12 |   -0.267 |      -58.3 |    480 | fdct_zigzag.dct_mod.dct_block_6.dct_unit_5.macu.mult_res\[18\]$_DFFE_PP_/D
iter:14, pass:14, current fixing endpoint: fdct_zigzag.dct_mod.dct_block_6.dct_unit_5.macu.mult_res\[18\]$_DFFE_PP_/D, endpoint slack:-2.6731717e-10
       15 |       0 |       1 |        0 |      0 |    13 |   -0.276 |      -58.3 |    480 | fdct_zigzag.dct_mod.dct_block_6.dct_unit_5.macu.mult_res\[18\]$_DFFE_PP_/D
iter:15, pass:15, current fixing endpoint: fdct_zigzag.dct_mod.dct_block_6.dct_unit_5.macu.mult_res\[18\]$_DFFE_PP_/D, endpoint slack:-2.7609015e-10
       16 |       0 |       1 |        0 |      0 |    14 |   -0.277 |      -58.3 |    480 | fdct_zigzag.dct_mod.dct_block_6.dct_unit_5.macu.mult_res\[18\]$_DFFE_PP_/D
iter:16, pass:16, current fixing endpoint: fdct_zigzag.dct_mod.dct_block_6.dct_unit_5.macu.mult_res\[18\]$_DFFE_PP_/D, endpoint slack:-2.7701774e-10
       17 |       0 |       1 |        0 |      0 |    15 |   -0.279 |      -58.3 |    480 | fdct_zigzag.dct_mod.dct_block_6.dct_unit_5.macu.mult_res\[18\]$_DFFE_PP_/D
iter:17, pass:17, current fixing endpoint: fdct_zigzag.dct_mod.dct_block_6.dct_unit_5.macu.mult_res\[18\]$_DFFE_PP_/D, endpoint slack:-2.794145e-10
       17 |       0 |       1 |        0 |      0 |     4 |   -0.252 |      -58.3 |    480 | fdct_zigzag.dct_mod.dct_block_6.dct_unit_5.macu.mult_res\[18\]$_DFFE_PP_/D
       18 |       0 |       1 |        0 |      0 |     4 |   -0.252 |      -58.3 |    480 | fdct_zigzag.dct_mod.dct_block_6.dct_unit_5.macu.mult_res\[18\]$_DFFE_PP_/D
iter:18, pass:1, current fixing endpoint: fdct_zigzag.dct_mod.dct_block_3.dct_unit_7.macu.mult_res\[18\]$_DFFE_PP_/D, endpoint slack:-2.1578628e-10
       19 |       0 |       1 |        0 |      0 |     5 |   -0.252 |      -58.3 |    480 | fdct_zigzag.dct_mod.dct_block_6.dct_unit_5.macu.mult_res\[18\]$_DFFE_PP_/D
iter:19, pass:2, current fixing endpoint: fdct_zigzag.dct_mod.dct_block_3.dct_unit_7.macu.mult_res\[18\]$_DFFE_PP_/D, endpoint slack:-2.2244317e-10
       20 |       0 |       2 |        0 |      0 |     5 |   -0.252 |      -58.4 |    480 | fdct_zigzag.dct_mod.dct_block_6.dct_unit_5.macu.mult_res\[18\]$_DFFE_PP_/D
iter:20, pass:3, current fixing endpoint: fdct_zigzag.dct_mod.dct_block_3.dct_unit_7.macu.mult_res\[18\]$_DFFE_PP_/D, endpoint slack:-2.2263036e-10
       21 |       0 |       2 |        0 |      0 |     6 |   -0.252 |      -58.4 |    480 | fdct_zigzag.dct_mod.dct_block_6.dct_unit_5.macu.mult_res\[18\]$_DFFE_PP_/D
iter:21, pass:4, current fixing endpoint: fdct_zigzag.dct_mod.dct_block_3.dct_unit_7.macu.mult_res\[18\]$_DFFE_PP_/D, endpoint slack:-2.1935076e-10
       22 |       0 |       3 |        0 |      0 |     6 |   -0.252 |      -58.3 |    480 | fdct_zigzag.dct_mod.dct_block_6.dct_unit_5.macu.mult_res\[18\]$_DFFE_PP_/D
iter:22, pass:5, current fixing endpoint: fdct_zigzag.dct_mod.dct_block_3.dct_unit_7.macu.mult_res\[18\]$_DFFE_PP_/D, endpoint slack:-2.1669333e-10
       23 |       0 |       4 |        0 |      0 |     6 |   -0.252 |      -58.5 |    480 | fdct_zigzag.dct_mod.dct_block_6.dct_unit_5.macu.mult_res\[18\]$_DFFE_PP_/D
iter:23, pass:6, current fixing endpoint: fdct_zigzag.dct_mod.dct_block_3.dct_unit_7.macu.mult_res\[18\]$_DFFE_PP_/D, endpoint slack:-2.1303537e-10
       24 |       0 |       4 |        0 |      0 |     7 |   -0.252 |      -58.4 |    480 | fdct_zigzag.dct_mod.dct_block_6.dct_unit_5.macu.mult_res\[18\]$_DFFE_PP_/D
iter:24, pass:7, current fixing endpoint: fdct_zigzag.dct_mod.dct_block_3.dct_unit_7.macu.mult_res\[18\]$_DFFE_PP_/D, endpoint slack:-2.095153e-10
       25 |       0 |       4 |        0 |      0 |     8 |   -0.252 |      -58.4 |    480 | fdct_zigzag.dct_mod.dct_block_6.dct_unit_5.macu.mult_res\[18\]$_DFFE_PP_/D
iter:25, pass:8, current fixing endpoint: fdct_zigzag.dct_mod.dct_block_3.dct_unit_7.macu.mult_res\[18\]$_DFFE_PP_/D, endpoint slack:-2.0856183e-10
       26 |       0 |       5 |        0 |      0 |     8 |   -0.252 |      -58.4 |    480 | fdct_zigzag.dct_mod.dct_block_6.dct_unit_5.macu.mult_res\[18\]$_DFFE_PP_/D
iter:26, pass:9, current fixing endpoint: fdct_zigzag.dct_mod.dct_block_3.dct_unit_7.macu.mult_res\[18\]$_DFFE_PP_/D, endpoint slack:-2.0647373e-10
       27 |       0 |       6 |        0 |      0 |     8 |   -0.252 |      -58.4 |    480 | fdct_zigzag.dct_mod.dct_block_6.dct_unit_5.macu.mult_res\[18\]$_DFFE_PP_/D
iter:27, pass:10, current fixing endpoint: fdct_zigzag.dct_mod.dct_block_3.dct_unit_7.macu.mult_res\[18\]$_DFFE_PP_/D, endpoint slack:-2.0746227e-10
       28 |       0 |       7 |        0 |      0 |     8 |   -0.252 |      -58.4 |    480 | fdct_zigzag.dct_mod.dct_block_6.dct_unit_5.macu.mult_res\[18\]$_DFFE_PP_/D
iter:28, pass:11, current fixing endpoint: fdct_zigzag.dct_mod.dct_block_3.dct_unit_7.macu.mult_res\[18\]$_DFFE_PP_/D, endpoint slack:-2.048075e-10
       29 |       0 |       7 |        3 |      0 |     8 |   -0.252 |      -58.4 |    480 | fdct_zigzag.dct_mod.dct_block_6.dct_unit_5.macu.mult_res\[18\]$_DFFE_PP_/D
iter:29, pass:12, current fixing endpoint: fdct_zigzag.dct_mod.dct_block_3.dct_unit_7.macu.mult_res\[18\]$_DFFE_PP_/D, endpoint slack:-2.0321256e-10
       30 |       0 |       7 |        3 |      0 |     9 |   -0.252 |      -58.4 |    480 | fdct_zigzag.dct_mod.dct_block_6.dct_unit_5.macu.mult_res\[18\]$_DFFE_PP_/D
iter:30, pass:13, current fixing endpoint: fdct_zigzag.dct_mod.dct_block_3.dct_unit_7.macu.mult_res\[18\]$_DFFE_PP_/D, endpoint slack:-2.0366397e-10
       31 |       0 |       8 |        3 |      0 |     9 |   -0.252 |      -58.2 |    480 | fdct_zigzag.dct_mod.dct_block_6.dct_unit_5.macu.mult_res\[18\]$_DFFE_PP_/D
iter:31, pass:14, current fixing endpoint: fdct_zigzag.dct_mod.dct_block_3.dct_unit_7.macu.mult_res\[18\]$_DFFE_PP_/D, endpoint slack:-1.9757529e-10
       32 |       0 |       9 |        3 |      0 |     9 |   -0.252 |      -58.2 |    480 | fdct_zigzag.dct_mod.dct_block_6.dct_unit_5.macu.mult_res\[18\]$_DFFE_PP_/D
iter:32, pass:15, current fixing endpoint: fdct_zigzag.dct_mod.dct_block_3.dct_unit_7.macu.mult_res\[18\]$_DFFE_PP_/D, endpoint slack:-1.919016e-10
       33 |       0 |      10 |        3 |      0 |     9 |   -0.252 |      -58.2 |    480 | fdct_zigzag.dct_mod.dct_block_6.dct_unit_5.macu.mult_res\[18\]$_DFFE_PP_/D
iter:33, pass:16, current fixing endpoint: fdct_zigzag.dct_mod.dct_block_3.dct_unit_7.macu.mult_res\[18\]$_DFFE_PP_/D, endpoint slack:-1.9676649e-10
       34 |       0 |      10 |        3 |      0 |    10 |   -0.252 |      -58.2 |    480 | fdct_zigzag.dct_mod.dct_block_6.dct_unit_5.macu.mult_res\[18\]$_DFFE_PP_/D
iter:34, pass:17, current fixing endpoint: fdct_zigzag.dct_mod.dct_block_3.dct_unit_7.macu.mult_res\[18\]$_DFFE_PP_/D, endpoint slack:-1.9698121e-10
       35 |       0 |      10 |        3 |      0 |    11 |   -0.252 |      -58.2 |    480 | fdct_zigzag.dct_mod.dct_block_6.dct_unit_5.macu.mult_res\[18\]$_DFFE_PP_/D
iter:35, pass:18, current fixing endpoint: fdct_zigzag.dct_mod.dct_block_3.dct_unit_7.macu.mult_res\[18\]$_DFFE_PP_/D, endpoint slack:-1.935555e-10
       36 |       0 |      11 |        3 |      0 |    11 |   -0.252 |      -58.2 |    480 | fdct_zigzag.dct_mod.dct_block_6.dct_unit_5.macu.mult_res\[18\]$_DFFE_PP_/D
iter:36, pass:19, current fixing endpoint: fdct_zigzag.dct_mod.dct_block_3.dct_unit_7.macu.mult_res\[18\]$_DFFE_PP_/D, endpoint slack:-1.8615054e-10
       37 |       0 |      11 |        3 |      0 |    12 |   -0.252 |      -58.2 |    480 | fdct_zigzag.dct_mod.dct_block_6.dct_unit_5.macu.mult_res\[18\]$_DFFE_PP_/D
iter:37, pass:20, current fixing endpoint: fdct_zigzag.dct_mod.dct_block_3.dct_unit_7.macu.mult_res\[18\]$_DFFE_PP_/D, endpoint slack:-1.834336e-10
       38 |       1 |      11 |        3 |      0 |    12 |   -0.252 |      -58.2 |    480 | fdct_zigzag.dct_mod.dct_block_6.dct_unit_5.macu.mult_res\[18\]$_DFFE_PP_/D
iter:38, pass:21, current fixing endpoint: fdct_zigzag.dct_mod.dct_block_3.dct_unit_7.macu.mult_res\[18\]$_DFFE_PP_/D, endpoint slack:-1.8171531e-10
       39 |       1 |      11 |        3 |      0 |    13 |   -0.252 |      -58.2 |    480 | fdct_zigzag.dct_mod.dct_block_6.dct_unit_5.macu.mult_res\[18\]$_DFFE_PP_/D
iter:39, pass:22, current fixing endpoint: fdct_zigzag.dct_mod.dct_block_3.dct_unit_7.macu.mult_res\[18\]$_DFFE_PP_/D, endpoint slack:-1.8121804e-10
       40 |       1 |      11 |        5 |      0 |    13 |   -0.252 |      -58.2 |    480 | fdct_zigzag.dct_mod.dct_block_6.dct_unit_5.macu.mult_res\[18\]$_DFFE_PP_/D
iter:40, pass:23, current fixing endpoint: fdct_zigzag.dct_mod.dct_block_3.dct_unit_7.macu.mult_res\[18\]$_DFFE_PP_/D, endpoint slack:-1.7892321e-10
       41 |       1 |      11 |        7 |      0 |    13 |   -0.252 |      -58.2 |    480 | fdct_zigzag.dct_mod.dct_block_6.dct_unit_5.macu.mult_res\[18\]$_DFFE_PP_/D
iter:41, pass:24, current fixing endpoint: fdct_zigzag.dct_mod.dct_block_3.dct_unit_7.macu.mult_res\[18\]$_DFFE_PP_/D, endpoint slack:-1.7786939e-10
       42 |       1 |      11 |        7 |      0 |    14 |   -0.252 |      -58.2 |    480 | fdct_zigzag.dct_mod.dct_block_6.dct_unit_5.macu.mult_res\[18\]$_DFFE_PP_/D
iter:42, pass:25, current fixing endpoint: fdct_zigzag.dct_mod.dct_block_3.dct_unit_7.macu.mult_res\[18\]$_DFFE_PP_/D, endpoint slack:-1.8114565e-10
       43 |       1 |      11 |        9 |      0 |    14 |   -0.252 |      -58.2 |    480 | fdct_zigzag.dct_mod.dct_block_6.dct_unit_5.macu.mult_res\[18\]$_DFFE_PP_/D
iter:43, pass:26, current fixing endpoint: fdct_zigzag.dct_mod.dct_block_3.dct_unit_7.macu.mult_res\[18\]$_DFFE_PP_/D, endpoint slack:-1.7995438e-10
       44 |       2 |      11 |        9 |      0 |    14 |   -0.252 |      -58.2 |    480 | fdct_zigzag.dct_mod.dct_block_6.dct_unit_5.macu.mult_res\[18\]$_DFFE_PP_/D
iter:44, pass:27, current fixing endpoint: fdct_zigzag.dct_mod.dct_block_3.dct_unit_7.macu.mult_res\[18\]$_DFFE_PP_/D, endpoint slack:-1.7955681e-10
       45 |       2 |      11 |        9 |      0 |    15 |   -0.252 |      -58.2 |    480 | fdct_zigzag.dct_mod.dct_block_6.dct_unit_5.macu.mult_res\[18\]$_DFFE_PP_/D
iter:45, pass:28, current fixing endpoint: fdct_zigzag.dct_mod.dct_block_3.dct_unit_7.macu.mult_res\[18\]$_DFFE_PP_/D, endpoint slack:-1.7904822e-10
       46 |       2 |      11 |       11 |      0 |    15 |   -0.252 |      -58.1 |    480 | fdct_zigzag.dct_mod.dct_block_6.dct_unit_5.macu.mult_res\[18\]$_DFFE_PP_/D
iter:46, pass:29, current fixing endpoint: fdct_zigzag.dct_mod.dct_block_3.dct_unit_7.macu.mult_res\[18\]$_DFFE_PP_/D, endpoint slack:-1.783621e-10
       47 |       2 |      11 |       11 |      0 |    16 |   -0.252 |      -58.1 |    480 | fdct_zigzag.dct_mod.dct_block_6.dct_unit_5.macu.mult_res\[18\]$_DFFE_PP_/D
iter:47, pass:30, current fixing endpoint: fdct_zigzag.dct_mod.dct_block_3.dct_unit_7.macu.mult_res\[18\]$_DFFE_PP_/D, endpoint slack:-1.7782209e-10
       48 |       2 |      12 |       11 |      0 |    16 |   -0.252 |      -58.1 |    480 | fdct_zigzag.dct_mod.dct_block_6.dct_unit_5.macu.mult_res\[18\]$_DFFE_PP_/D
iter:48, pass:31, current fixing endpoint: fdct_zigzag.dct_mod.dct_block_3.dct_unit_7.macu.mult_res\[18\]$_DFFE_PP_/D, endpoint slack:-1.7701873e-10
       49 |       2 |      13 |       11 |      0 |    16 |   -0.252 |      -58.1 |    480 | fdct_zigzag.dct_mod.dct_block_6.dct_unit_5.macu.mult_res\[18\]$_DFFE_PP_/D
iter:49, pass:32, current fixing endpoint: fdct_zigzag.dct_mod.dct_block_3.dct_unit_7.macu.mult_res\[18\]$_DFFE_PP_/D, endpoint slack:-1.7245527e-10
       50 |       2 |      13 |       11 |      0 |    17 |   -0.252 |      -58.1 |    480 | fdct_zigzag.dct_mod.dct_block_6.dct_unit_5.macu.mult_res\[18\]$_DFFE_PP_/D
iter:50, pass:33, current fixing endpoint: fdct_zigzag.dct_mod.dct_block_3.dct_unit_7.macu.mult_res\[18\]$_DFFE_PP_/D, endpoint slack:-1.7333968e-10
       51 |       2 |      14 |       11 |      0 |    17 |   -0.252 |      -58.1 |    480 | fdct_zigzag.dct_mod.dct_block_6.dct_unit_5.macu.mult_res\[18\]$_DFFE_PP_/D
iter:51, pass:34, current fixing endpoint: fdct_zigzag.dct_mod.dct_block_3.dct_unit_7.macu.mult_res\[18\]$_DFFE_PP_/D, endpoint slack:-1.7377377e-10
       52 |       2 |      15 |       11 |      0 |    17 |   -0.252 |      -58.1 |    480 | fdct_zigzag.dct_mod.dct_block_6.dct_unit_5.macu.mult_res\[18\]$_DFFE_PP_/D
iter:52, pass:35, current fixing endpoint: fdct_zigzag.dct_mod.dct_block_3.dct_unit_7.macu.mult_res\[18\]$_DFFE_PP_/D, endpoint slack:-1.767646e-10
       53 |       2 |      16 |       11 |      0 |    17 |   -0.252 |      -58.1 |    480 | fdct_zigzag.dct_mod.dct_block_6.dct_unit_5.macu.mult_res\[18\]$_DFFE_PP_/D
iter:53, pass:36, current fixing endpoint: fdct_zigzag.dct_mod.dct_block_3.dct_unit_7.macu.mult_res\[18\]$_DFFE_PP_/D, endpoint slack:-1.7623158e-10
       54 |       2 |      17 |       11 |      0 |    17 |   -0.252 |      -58.1 |    480 | fdct_zigzag.dct_mod.dct_block_6.dct_unit_5.macu.mult_res\[18\]$_DFFE_PP_/D
iter:54, pass:37, current fixing endpoint: fdct_zigzag.dct_mod.dct_block_3.dct_unit_7.macu.mult_res\[18\]$_DFFE_PP_/D, endpoint slack:-1.7568424e-10
       55 |       2 |      18 |       11 |      0 |    17 |   -0.252 |      -58.1 |    480 | fdct_zigzag.dct_mod.dct_block_6.dct_unit_5.macu.mult_res\[18\]$_DFFE_PP_/D
iter:55, pass:38, current fixing endpoint: fdct_zigzag.dct_mod.dct_block_3.dct_unit_7.macu.mult_res\[18\]$_DFFE_PP_/D, endpoint slack:-1.73214e-10
       56 |       2 |      18 |       11 |      0 |    18 |   -0.252 |      -58.1 |    480 | fdct_zigzag.dct_mod.dct_block_6.dct_unit_5.macu.mult_res\[18\]$_DFFE_PP_/D
iter:56, pass:39, current fixing endpoint: fdct_zigzag.dct_mod.dct_block_3.dct_unit_7.macu.mult_res\[18\]$_DFFE_PP_/D, endpoint slack:-1.6743551e-10
       57 |       2 |      19 |       11 |      0 |    18 |   -0.252 |      -58.1 |    480 | fdct_zigzag.dct_mod.dct_block_6.dct_unit_5.macu.mult_res\[18\]$_DFFE_PP_/D
iter:57, pass:40, current fixing endpoint: fdct_zigzag.dct_mod.dct_block_3.dct_unit_7.macu.mult_res\[18\]$_DFFE_PP_/D, endpoint slack:-1.6591006e-10
       58 |       2 |      20 |       11 |      0 |    18 |   -0.252 |      -58.1 |    480 | fdct_zigzag.dct_mod.dct_block_6.dct_unit_5.macu.mult_res\[18\]$_DFFE_PP_/D
iter:58, pass:41, current fixing endpoint: fdct_zigzag.dct_mod.dct_block_3.dct_unit_7.macu.mult_res\[18\]$_DFFE_PP_/D, endpoint slack:-1.6546442e-10
       59 |       2 |      21 |       11 |      0 |    18 |   -0.252 |      -58.1 |    480 | fdct_zigzag.dct_mod.dct_block_6.dct_unit_5.macu.mult_res\[18\]$_DFFE_PP_/D
iter:59, pass:42, current fixing endpoint: fdct_zigzag.dct_mod.dct_block_3.dct_unit_7.macu.mult_res\[18\]$_DFFE_PP_/D, endpoint slack:-1.6516988e-10
       60 |       2 |      22 |       11 |      0 |    18 |   -0.252 |      -58.1 |    480 | fdct_zigzag.dct_mod.dct_block_6.dct_unit_5.macu.mult_res\[18\]$_DFFE_PP_/D
iter:60, pass:43, current fixing endpoint: fdct_zigzag.dct_mod.dct_block_3.dct_unit_7.macu.mult_res\[18\]$_DFFE_PP_/D, endpoint slack:-1.655901e-10
       61 |       2 |      23 |       11 |      0 |    18 |   -0.252 |      -58.1 |    480 | fdct_zigzag.dct_mod.dct_block_6.dct_unit_5.macu.mult_res\[18\]$_DFFE_PP_/D
iter:61, pass:44, current fixing endpoint: fdct_zigzag.dct_mod.dct_block_3.dct_unit_7.macu.mult_res\[18\]$_DFFE_PP_/D, endpoint slack:-1.6650648e-10
       62 |       2 |      24 |       11 |      0 |    18 |   -0.252 |      -58.1 |    480 | fdct_zigzag.dct_mod.dct_block_6.dct_unit_5.macu.mult_res\[18\]$_DFFE_PP_/D
iter:62, pass:45, current fixing endpoint: fdct_zigzag.dct_mod.dct_block_3.dct_unit_7.macu.mult_res\[18\]$_DFFE_PP_/D, endpoint slack:-1.6571033e-10
       63 |       2 |      25 |       11 |      0 |    18 |   -0.252 |      -58.1 |    480 | fdct_zigzag.dct_mod.dct_block_6.dct_unit_5.macu.mult_res\[18\]$_DFFE_PP_/D
iter:63, pass:46, current fixing endpoint: fdct_zigzag.dct_mod.dct_block_3.dct_unit_7.macu.mult_res\[18\]$_DFFE_PP_/D, endpoint slack:-1.6683444e-10
       64 |       2 |      25 |       11 |      0 |    19 |   -0.252 |      -58.2 |    480 | fdct_zigzag.dct_mod.dct_block_6.dct_unit_5.macu.mult_res\[18\]$_DFFE_PP_/D
iter:64, pass:47, current fixing endpoint: fdct_zigzag.dct_mod.dct_block_3.dct_unit_7.macu.mult_res\[18\]$_DFFE_PP_/D, endpoint slack:-1.85857e-10
       65 |       2 |      25 |       11 |      0 |    20 |   -0.252 |      -58.2 |    480 | fdct_zigzag.dct_mod.dct_block_6.dct_unit_5.macu.mult_res\[18\]$_DFFE_PP_/D
iter:65, pass:48, current fixing endpoint: fdct_zigzag.dct_mod.dct_block_3.dct_unit_7.macu.mult_res\[18\]$_DFFE_PP_/D, endpoint slack:-1.8728374e-10
       66 |       2 |      26 |       11 |      0 |    20 |   -0.252 |      -58.2 |    480 | fdct_zigzag.dct_mod.dct_block_6.dct_unit_5.macu.mult_res\[18\]$_DFFE_PP_/D
iter:66, pass:49, current fixing endpoint: fdct_zigzag.dct_mod.dct_block_3.dct_unit_7.macu.mult_res\[18\]$_DFFE_PP_/D, endpoint slack:-1.855256e-10
       67 |       2 |      26 |       11 |      0 |    21 |   -0.252 |      -58.2 |    480 | fdct_zigzag.dct_mod.dct_block_6.dct_unit_5.macu.mult_res\[18\]$_DFFE_PP_/D
iter:67, pass:50, current fixing endpoint: fdct_zigzag.dct_mod.dct_block_3.dct_unit_7.macu.mult_res\[18\]$_DFFE_PP_/D, endpoint slack:-1.8243007e-10
       68 |       2 |      26 |       11 |      0 |    22 |   -0.252 |      -58.2 |    480 | fdct_zigzag.dct_mod.dct_block_6.dct_unit_5.macu.mult_res\[18\]$_DFFE_PP_/D
iter:68, pass:51, current fixing endpoint: fdct_zigzag.dct_mod.dct_block_3.dct_unit_7.macu.mult_res\[18\]$_DFFE_PP_/D, endpoint slack:-1.8218471e-10
       69 |       2 |      26 |       13 |      0 |    22 |   -0.252 |      -58.2 |    480 | fdct_zigzag.dct_mod.dct_block_6.dct_unit_5.macu.mult_res\[18\]$_DFFE_PP_/D
iter:69, pass:52, current fixing endpoint: fdct_zigzag.dct_mod.dct_block_3.dct_unit_7.macu.mult_res\[18\]$_DFFE_PP_/D, endpoint slack:-1.8119428e-10
       70 |       2 |      27 |       13 |      0 |    22 |   -0.252 |      -58.2 |    480 | fdct_zigzag.dct_mod.dct_block_6.dct_unit_5.macu.mult_res\[18\]$_DFFE_PP_/D
iter:70, pass:53, current fixing endpoint: fdct_zigzag.dct_mod.dct_block_3.dct_unit_7.macu.mult_res\[18\]$_DFFE_PP_/D, endpoint slack:-1.7974644e-10
       71 |       2 |      28 |       13 |      0 |    22 |   -0.252 |      -58.2 |    480 | fdct_zigzag.dct_mod.dct_block_6.dct_unit_5.macu.mult_res\[18\]$_DFFE_PP_/D
iter:71, pass:54, current fixing endpoint: fdct_zigzag.dct_mod.dct_block_3.dct_unit_7.macu.mult_res\[18\]$_DFFE_PP_/D, endpoint slack:-1.7927648e-10
       72 |       2 |      29 |       13 |      0 |    22 |   -0.252 |      -58.2 |    480 | fdct_zigzag.dct_mod.dct_block_6.dct_unit_5.macu.mult_res\[18\]$_DFFE_PP_/D
iter:72, pass:55, current fixing endpoint: fdct_zigzag.dct_mod.dct_block_3.dct_unit_7.macu.mult_res\[18\]$_DFFE_PP_/D, endpoint slack:-1.7839963e-10
       72 |       0 |       6 |        6 |      0 |     6 |   -0.252 |      -58.4 |    480 | fdct_zigzag.dct_mod.dct_block_6.dct_unit_5.macu.mult_res\[18\]$_DFFE_PP_/D
       73 |       0 |       6 |        6 |      0 |     6 |   -0.252 |      -58.4 |    480 | fdct_zigzag.dct_mod.dct_block_6.dct_unit_5.macu.mult_res\[18\]$_DFFE_PP_/D
iter:73, pass:1, current fixing endpoint: fdct_zigzag.dct_mod.dct_block_2.dct_unit_2.macu.mult_res\[18\]$_DFFE_PP_/D, endpoint slack:-2.5062274e-10
       74 |       0 |       6 |        6 |      0 |     7 |   -0.254 |      -58.4 |    480 | fdct_zigzag.dct_mod.dct_block_2.dct_unit_2.macu.mult_res\[18\]$_DFFE_PP_/D
iter:74, pass:2, current fixing endpoint: fdct_zigzag.dct_mod.dct_block_2.dct_unit_2.macu.mult_res\[18\]$_DFFE_PP_/D, endpoint slack:-2.5353464e-10
       75 |       0 |       6 |        6 |      0 |     8 |   -0.252 |      -58.4 |    480 | fdct_zigzag.dct_mod.dct_block_6.dct_unit_5.macu.mult_res\[18\]$_DFFE_PP_/D
iter:75, pass:3, current fixing endpoint: fdct_zigzag.dct_mod.dct_block_2.dct_unit_2.macu.mult_res\[18\]$_DFFE_PP_/D, endpoint slack:-2.5157554e-10
       76 |       0 |       6 |        6 |      0 |     9 |   -0.261 |      -58.4 |    480 | fdct_zigzag.dct_mod.dct_block_2.dct_unit_2.macu.mult_res\[18\]$_DFFE_PP_/D
iter:76, pass:4, current fixing endpoint: fdct_zigzag.dct_mod.dct_block_2.dct_unit_2.macu.mult_res\[18\]$_DFFE_PP_/D, endpoint slack:-2.6093583e-10
       77 |       0 |       6 |        8 |      0 |     9 |   -0.257 |      -58.6 |    480 | fdct_zigzag.dct_mod.dct_block_2.dct_unit_2.macu.mult_res\[18\]$_DFFE_PP_/D
iter:77, pass:5, current fixing endpoint: fdct_zigzag.dct_mod.dct_block_2.dct_unit_2.macu.mult_res\[18\]$_DFFE_PP_/D, endpoint slack:-2.5670077e-10
       78 |       0 |       6 |        8 |      0 |    10 |   -0.268 |      -58.7 |    480 | fdct_zigzag.dct_mod.dct_block_2.dct_unit_2.macu.mult_res\[18\]$_DFFE_PP_/D
iter:78, pass:6, current fixing endpoint: fdct_zigzag.dct_mod.dct_block_2.dct_unit_2.macu.mult_res\[18\]$_DFFE_PP_/D, endpoint slack:-2.68097e-10
       79 |       0 |       6 |        8 |      0 |    11 |   -0.277 |      -58.7 |    480 | fdct_zigzag.dct_mod.dct_block_2.dct_unit_2.macu.mult_res\[18\]$_DFFE_PP_/D
iter:79, pass:7, current fixing endpoint: fdct_zigzag.dct_mod.dct_block_2.dct_unit_2.macu.mult_res\[18\]$_DFFE_PP_/D, endpoint slack:-2.7657487e-10
       80 |       0 |       7 |        8 |      0 |    11 |   -0.275 |      -58.7 |    480 | fdct_zigzag.dct_mod.dct_block_2.dct_unit_2.macu.mult_res\[18\]$_DFFE_PP_/D
iter:80, pass:8, current fixing endpoint: fdct_zigzag.dct_mod.dct_block_2.dct_unit_2.macu.mult_res\[18\]$_DFFE_PP_/D, endpoint slack:-2.7538605e-10
       81 |       0 |       8 |        8 |      0 |    11 |   -0.275 |      -58.7 |    480 | fdct_zigzag.dct_mod.dct_block_2.dct_unit_2.macu.mult_res\[18\]$_DFFE_PP_/D
iter:81, pass:9, current fixing endpoint: fdct_zigzag.dct_mod.dct_block_2.dct_unit_2.macu.mult_res\[18\]$_DFFE_PP_/D, endpoint slack:-2.7487734e-10
       82 |       0 |       9 |        8 |      0 |    11 |   -0.276 |      -58.7 |    480 | fdct_zigzag.dct_mod.dct_block_2.dct_unit_2.macu.mult_res\[18\]$_DFFE_PP_/D
iter:82, pass:10, current fixing endpoint: fdct_zigzag.dct_mod.dct_block_2.dct_unit_2.macu.mult_res\[18\]$_DFFE_PP_/D, endpoint slack:-2.7592406e-10
       83 |       0 |      10 |        8 |      0 |    11 |   -0.277 |      -58.7 |    480 | fdct_zigzag.dct_mod.dct_block_2.dct_unit_2.macu.mult_res\[18\]$_DFFE_PP_/D
iter:83, pass:11, current fixing endpoint: fdct_zigzag.dct_mod.dct_block_2.dct_unit_2.macu.mult_res\[18\]$_DFFE_PP_/D, endpoint slack:-2.7745461e-10
       84 |       0 |      10 |        8 |      0 |    12 |   -0.274 |      -58.7 |    480 | fdct_zigzag.dct_mod.dct_block_2.dct_unit_2.macu.mult_res\[18\]$_DFFE_PP_/D
iter:84, pass:12, current fixing endpoint: fdct_zigzag.dct_mod.dct_block_2.dct_unit_2.macu.mult_res\[18\]$_DFFE_PP_/D, endpoint slack:-2.7419544e-10
       85 |       0 |      10 |        8 |      0 |    13 |   -0.279 |      -58.7 |    480 | fdct_zigzag.dct_mod.dct_block_2.dct_unit_2.macu.mult_res\[18\]$_DFFE_PP_/D
iter:85, pass:13, current fixing endpoint: fdct_zigzag.dct_mod.dct_block_2.dct_unit_2.macu.mult_res\[18\]$_DFFE_PP_/D, endpoint slack:-2.794468e-10
       86 |       0 |      11 |        8 |      0 |    13 |   -0.275 |      -58.7 |    480 | fdct_zigzag.dct_mod.dct_block_2.dct_unit_2.macu.mult_res\[18\]$_DFFE_PP_/D
iter:86, pass:14, current fixing endpoint: fdct_zigzag.dct_mod.dct_block_2.dct_unit_2.macu.mult_res\[18\]$_DFFE_PP_/D, endpoint slack:-2.7518643e-10
       87 |       0 |      11 |        8 |      0 |    14 |   -0.276 |      -58.7 |    480 | fdct_zigzag.dct_mod.dct_block_2.dct_unit_2.macu.mult_res\[18\]$_DFFE_PP_/D
iter:87, pass:15, current fixing endpoint: fdct_zigzag.dct_mod.dct_block_2.dct_unit_2.macu.mult_res\[18\]$_DFFE_PP_/D, endpoint slack:-2.760301e-10
       88 |       0 |      12 |        8 |      0 |    14 |   -0.275 |      -58.7 |    480 | fdct_zigzag.dct_mod.dct_block_2.dct_unit_2.macu.mult_res\[18\]$_DFFE_PP_/D
iter:88, pass:16, current fixing endpoint: fdct_zigzag.dct_mod.dct_block_2.dct_unit_2.macu.mult_res\[18\]$_DFFE_PP_/D, endpoint slack:-2.7475933e-10
       89 |       0 |      13 |        8 |      0 |    14 |   -0.276 |      -58.7 |    480 | fdct_zigzag.dct_mod.dct_block_2.dct_unit_2.macu.mult_res\[18\]$_DFFE_PP_/D
iter:89, pass:17, current fixing endpoint: fdct_zigzag.dct_mod.dct_block_2.dct_unit_2.macu.mult_res\[18\]$_DFFE_PP_/D, endpoint slack:-2.7555003e-10
       90 |       0 |      13 |        8 |      0 |    15 |   -0.266 |      -58.7 |    480 | fdct_zigzag.dct_mod.dct_block_2.dct_unit_2.macu.mult_res\[18\]$_DFFE_PP_/D
iter:90, pass:18, current fixing endpoint: fdct_zigzag.dct_mod.dct_block_2.dct_unit_2.macu.mult_res\[18\]$_DFFE_PP_/D, endpoint slack:-2.6620262e-10
       91 |       0 |      14 |        8 |      0 |    15 |   -0.268 |      -58.7 |    480 | fdct_zigzag.dct_mod.dct_block_2.dct_unit_2.macu.mult_res\[18\]$_DFFE_PP_/D
iter:91, pass:19, current fixing endpoint: fdct_zigzag.dct_mod.dct_block_2.dct_unit_2.macu.mult_res\[18\]$_DFFE_PP_/D, endpoint slack:-2.6756797e-10
       92 |       0 |      15 |        8 |      0 |    15 |   -0.269 |      -58.7 |    480 | fdct_zigzag.dct_mod.dct_block_2.dct_unit_2.macu.mult_res\[18\]$_DFFE_PP_/D
iter:92, pass:20, current fixing endpoint: fdct_zigzag.dct_mod.dct_block_2.dct_unit_2.macu.mult_res\[18\]$_DFFE_PP_/D, endpoint slack:-2.6913072e-10
       93 |       0 |      16 |        8 |      0 |    15 |   -0.271 |      -58.7 |    480 | fdct_zigzag.dct_mod.dct_block_2.dct_unit_2.macu.mult_res\[18\]$_DFFE_PP_/D
iter:93, pass:21, current fixing endpoint: fdct_zigzag.dct_mod.dct_block_2.dct_unit_2.macu.mult_res\[18\]$_DFFE_PP_/D, endpoint slack:-2.709668e-10
       94 |       0 |      17 |        8 |      0 |    15 |   -0.271 |      -58.7 |    480 | fdct_zigzag.dct_mod.dct_block_2.dct_unit_2.macu.mult_res\[18\]$_DFFE_PP_/D
iter:94, pass:22, current fixing endpoint: fdct_zigzag.dct_mod.dct_block_2.dct_unit_2.macu.mult_res\[18\]$_DFFE_PP_/D, endpoint slack:-2.7134517e-10
       95 |       0 |      17 |        8 |      1 |    15 |   -0.252 |      -57.3 |    480 | fdct_zigzag.dct_mod.dct_block_6.dct_unit_5.macu.mult_res\[18\]$_DFFE_PP_/D
iter:95, pass:23, current fixing endpoint: fdct_zigzag.dct_mod.dct_block_2.dct_unit_2.macu.mult_res\[18\]$_DFFE_PP_/D, endpoint slack:-2.3182212e-10
       96 |       0 |      18 |        8 |      1 |    15 |   -0.258 |      -58.4 |    480 | fdct_zigzag.dct_mod.dct_block_6.dct_unit_5.macu.mult_res\[18\]$_DFFE_PP_/D
iter:96, pass:24, current fixing endpoint: fdct_zigzag.dct_mod.dct_block_2.dct_unit_2.macu.mult_res\[18\]$_DFFE_PP_/D, endpoint slack:-2.3053293e-10
       97 |       0 |      19 |        8 |      1 |    15 |   -0.258 |      -58.4 |    480 | fdct_zigzag.dct_mod.dct_block_6.dct_unit_5.macu.mult_res\[18\]$_DFFE_PP_/D
iter:97, pass:25, current fixing endpoint: fdct_zigzag.dct_mod.dct_block_2.dct_unit_2.macu.mult_res\[18\]$_DFFE_PP_/D, endpoint slack:-2.3069435e-10
       98 |       0 |      20 |        8 |      1 |    15 |   -0.258 |      -58.4 |    480 | fdct_zigzag.dct_mod.dct_block_6.dct_unit_5.macu.mult_res\[18\]$_DFFE_PP_/D
iter:98, pass:26, current fixing endpoint: fdct_zigzag.dct_mod.dct_block_2.dct_unit_2.macu.mult_res\[18\]$_DFFE_PP_/D, endpoint slack:-2.3086133e-10
       99 |       0 |      20 |        8 |      1 |    16 |   -0.258 |      -58.4 |    480 | fdct_zigzag.dct_mod.dct_block_6.dct_unit_5.macu.mult_res\[18\]$_DFFE_PP_/D
iter:99, pass:27, current fixing endpoint: fdct_zigzag.dct_mod.dct_block_2.dct_unit_2.macu.mult_res\[18\]$_DFFE_PP_/D, endpoint slack:-2.2963187e-10
       99 |       0 |      17 |        8 |      1 |    15 |   -0.257 |      -58.4 |    480 | fdct_zigzag.dct_mod.dct_block_6.dct_unit_5.macu.mult_res\[18\]$_DFFE_PP_/D
      100 |       0 |      17 |        8 |      1 |    15 |   -0.257 |      -58.4 |    480 | fdct_zigzag.dct_mod.dct_block_6.dct_unit_5.macu.mult_res\[18\]$_DFFE_PP_/D
iter:100, pass:1, current fixing endpoint: fdct_zigzag.dct_mod.dct_block_6.dct_unit_5.macu.mult_res\[18\]$_DFFE_PP_/D, endpoint slack:-2.5692104e-10
      100 |       0 |      17 |        8 |      1 |    15 |   -0.257 |      -58.4 |    480 | fdct_zigzag.dct_mod.dct_block_6.dct_unit_5.macu.mult_res\[18\]$_DFFE_PP_/D
      101 |       0 |      17 |        8 |      1 |    15 |   -0.257 |      -58.4 |    480 | fdct_zigzag.dct_mod.dct_block_6.dct_unit_5.macu.mult_res\[18\]$_DFFE_PP_/D
iter:101, pass:1, current fixing endpoint: fdct_zigzag.dct_mod.dct_block_7.dct_unit_3.macu.mult_res\[18\]$_DFFE_PP_/D, endpoint slack:-2.5684233e-10
      102 |       0 |      17 |        8 |      1 |    16 |   -0.257 |      -58.3 |    480 | fdct_zigzag.dct_mod.dct_block_6.dct_unit_5.macu.mult_res\[18\]$_DFFE_PP_/D
iter:102, pass:2, current fixing endpoint: fdct_zigzag.dct_mod.dct_block_7.dct_unit_3.macu.mult_res\[18\]$_DFFE_PP_/D, endpoint slack:-2.512628e-10
      103 |       0 |      18 |        8 |      1 |    16 |   -0.257 |      -58.4 |    480 | fdct_zigzag.dct_mod.dct_block_6.dct_unit_5.macu.mult_res\[18\]$_DFFE_PP_/D
iter:103, pass:3, current fixing endpoint: fdct_zigzag.dct_mod.dct_block_7.dct_unit_3.macu.mult_res\[18\]$_DFFE_PP_/D, endpoint slack:-2.4972713e-10
      104 |       0 |      18 |        8 |      1 |    17 |   -0.257 |      -58.4 |    480 | fdct_zigzag.dct_mod.dct_block_6.dct_unit_5.macu.mult_res\[18\]$_DFFE_PP_/D
iter:104, pass:4, current fixing endpoint: fdct_zigzag.dct_mod.dct_block_7.dct_unit_3.macu.mult_res\[18\]$_DFFE_PP_/D, endpoint slack:-2.554421e-10
      105 |       0 |      18 |        8 |      1 |    18 |   -0.262 |      -58.4 |    480 | fdct_zigzag.dct_mod.dct_block_7.dct_unit_3.macu.mult_res\[18\]$_DFFE_PP_/D
iter:105, pass:5, current fixing endpoint: fdct_zigzag.dct_mod.dct_block_7.dct_unit_3.macu.mult_res\[18\]$_DFFE_PP_/D, endpoint slack:-2.6238656e-10
      106 |       0 |      18 |        8 |      1 |    19 |   -0.274 |      -58.4 |    480 | fdct_zigzag.dct_mod.dct_block_7.dct_unit_3.macu.mult_res\[18\]$_DFFE_PP_/D
iter:106, pass:6, current fixing endpoint: fdct_zigzag.dct_mod.dct_block_7.dct_unit_3.macu.mult_res\[18\]$_DFFE_PP_/D, endpoint slack:-2.7362335e-10
      107 |       0 |      18 |        8 |      1 |    20 |   -0.286 |      -58.4 |    480 | fdct_zigzag.dct_mod.dct_block_7.dct_unit_3.macu.mult_res\[18\]$_DFFE_PP_/D
iter:107, pass:7, current fixing endpoint: fdct_zigzag.dct_mod.dct_block_7.dct_unit_3.macu.mult_res\[18\]$_DFFE_PP_/D, endpoint slack:-2.8594305e-10
      108 |       0 |      18 |        8 |      1 |    21 |   -0.280 |      -58.4 |    480 | fdct_zigzag.dct_mod.dct_block_7.dct_unit_3.macu.mult_res\[18\]$_DFFE_PP_/D
iter:108, pass:8, current fixing endpoint: fdct_zigzag.dct_mod.dct_block_7.dct_unit_3.macu.mult_res\[18\]$_DFFE_PP_/D, endpoint slack:-2.7970426e-10
      109 |       0 |      19 |        8 |      1 |    21 |   -0.277 |      -58.4 |    480 | fdct_zigzag.dct_mod.dct_block_7.dct_unit_3.macu.mult_res\[18\]$_DFFE_PP_/D
iter:109, pass:9, current fixing endpoint: fdct_zigzag.dct_mod.dct_block_7.dct_unit_3.macu.mult_res\[18\]$_DFFE_PP_/D, endpoint slack:-2.7676528e-10
      110 |       0 |      19 |        8 |      1 |    22 |   -0.285 |      -58.5 |    480 | fdct_zigzag.dct_mod.dct_block_7.dct_unit_3.macu.mult_res\[18\]$_DFFE_PP_/D
iter:110, pass:10, current fixing endpoint: fdct_zigzag.dct_mod.dct_block_7.dct_unit_3.macu.mult_res\[18\]$_DFFE_PP_/D, endpoint slack:-2.8456215e-10
      111 |       0 |      20 |        8 |      1 |    22 |   -0.284 |      -58.5 |    480 | fdct_zigzag.dct_mod.dct_block_7.dct_unit_3.macu.mult_res\[18\]$_DFFE_PP_/D
iter:111, pass:11, current fixing endpoint: fdct_zigzag.dct_mod.dct_block_7.dct_unit_3.macu.mult_res\[18\]$_DFFE_PP_/D, endpoint slack:-2.8357539e-10
      112 |       0 |      20 |        8 |      1 |    23 |   -0.275 |      -58.4 |    480 | fdct_zigzag.dct_mod.dct_block_7.dct_unit_3.macu.mult_res\[18\]$_DFFE_PP_/D
iter:112, pass:12, current fixing endpoint: fdct_zigzag.dct_mod.dct_block_7.dct_unit_3.macu.mult_res\[18\]$_DFFE_PP_/D, endpoint slack:-2.7473668e-10
      113 |       0 |      20 |        8 |      1 |    24 |   -0.277 |      -58.4 |    480 | fdct_zigzag.dct_mod.dct_block_7.dct_unit_3.macu.mult_res\[18\]$_DFFE_PP_/D
iter:113, pass:13, current fixing endpoint: fdct_zigzag.dct_mod.dct_block_7.dct_unit_3.macu.mult_res\[18\]$_DFFE_PP_/D, endpoint slack:-2.7700708e-10
      114 |       0 |      20 |        8 |      1 |    25 |   -0.272 |      -58.4 |    480 | fdct_zigzag.dct_mod.dct_block_7.dct_unit_3.macu.mult_res\[18\]$_DFFE_PP_/D
iter:114, pass:14, current fixing endpoint: fdct_zigzag.dct_mod.dct_block_7.dct_unit_3.macu.mult_res\[18\]$_DFFE_PP_/D, endpoint slack:-2.7169178e-10
      115 |       0 |      20 |        8 |      1 |    26 |   -0.271 |      -58.4 |    480 | fdct_zigzag.dct_mod.dct_block_7.dct_unit_3.macu.mult_res\[18\]$_DFFE_PP_/D
iter:115, pass:15, current fixing endpoint: fdct_zigzag.dct_mod.dct_block_7.dct_unit_3.macu.mult_res\[18\]$_DFFE_PP_/D, endpoint slack:-2.7074376e-10
      116 |       0 |      20 |        8 |      1 |    27 |   -0.269 |      -58.4 |    480 | fdct_zigzag.dct_mod.dct_block_7.dct_unit_3.macu.mult_res\[18\]$_DFFE_PP_/D
iter:116, pass:16, current fixing endpoint: fdct_zigzag.dct_mod.dct_block_7.dct_unit_3.macu.mult_res\[18\]$_DFFE_PP_/D, endpoint slack:-2.6943525e-10
      116 |       0 |      18 |        8 |      1 |    16 |   -0.257 |      -58.4 |    480 | fdct_zigzag.dct_mod.dct_block_6.dct_unit_5.macu.mult_res\[18\]$_DFFE_PP_/D
      117 |       0 |      18 |        8 |      1 |    16 |   -0.257 |      -58.4 |    480 | fdct_zigzag.dct_mod.dct_block_6.dct_unit_5.macu.mult_res\[18\]$_DFFE_PP_/D
iter:117, pass:1, current fixing endpoint: fdct_zigzag.dct_mod.dct_block_3.dct_unit_5.macu.mult_res\[18\]$_DFFE_PP_/D, endpoint slack:-2.5211488e-10
      118 |       0 |      18 |        8 |      1 |    17 |   -0.257 |      -58.4 |    480 | fdct_zigzag.dct_mod.dct_block_6.dct_unit_5.macu.mult_res\[18\]$_DFFE_PP_/D
iter:118, pass:2, current fixing endpoint: fdct_zigzag.dct_mod.dct_block_3.dct_unit_5.macu.mult_res\[18\]$_DFFE_PP_/D, endpoint slack:-2.549111e-10
      119 |       0 |      19 |        8 |      1 |    17 |   -0.260 |      -58.6 |    480 | fdct_zigzag.dct_mod.dct_block_6.dct_unit_5.macu.mult_res\[18\]$_DFFE_PP_/D
iter:119, pass:3, current fixing endpoint: fdct_zigzag.dct_mod.dct_block_3.dct_unit_5.macu.mult_res\[18\]$_DFFE_PP_/D, endpoint slack:-2.494548e-10
      120 |       0 |      19 |       10 |      1 |    17 |   -0.260 |      -58.6 |    480 | fdct_zigzag.dct_mod.dct_block_6.dct_unit_5.macu.mult_res\[18\]$_DFFE_PP_/D
iter:120, pass:4, current fixing endpoint: fdct_zigzag.dct_mod.dct_block_3.dct_unit_5.macu.mult_res\[18\]$_DFFE_PP_/D, endpoint slack:-2.4896385e-10
      121 |       0 |      19 |       10 |      1 |    18 |   -0.260 |      -58.6 |    480 | fdct_zigzag.dct_mod.dct_block_6.dct_unit_5.macu.mult_res\[18\]$_DFFE_PP_/D
iter:121, pass:5, current fixing endpoint: fdct_zigzag.dct_mod.dct_block_3.dct_unit_5.macu.mult_res\[18\]$_DFFE_PP_/D, endpoint slack:-2.4720903e-10
      122 |       0 |      20 |       10 |      1 |    18 |   -0.260 |      -58.6 |    480 | fdct_zigzag.dct_mod.dct_block_6.dct_unit_5.macu.mult_res\[18\]$_DFFE_PP_/D
iter:122, pass:6, current fixing endpoint: fdct_zigzag.dct_mod.dct_block_3.dct_unit_5.macu.mult_res\[18\]$_DFFE_PP_/D, endpoint slack:-2.4480007e-10
      123 |       0 |      21 |       10 |      1 |    18 |   -0.260 |      -58.5 |    480 | fdct_zigzag.dct_mod.dct_block_6.dct_unit_5.macu.mult_res\[18\]$_DFFE_PP_/D
iter:123, pass:7, current fixing endpoint: fdct_zigzag.dct_mod.dct_block_3.dct_unit_5.macu.mult_res\[18\]$_DFFE_PP_/D, endpoint slack:-2.388193e-10
      124 |       0 |      22 |       10 |      1 |    18 |   -0.260 |      -58.5 |    480 | fdct_zigzag.dct_mod.dct_block_6.dct_unit_5.macu.mult_res\[18\]$_DFFE_PP_/D
iter:124, pass:8, current fixing endpoint: fdct_zigzag.dct_mod.dct_block_3.dct_unit_5.macu.mult_res\[18\]$_DFFE_PP_/D, endpoint slack:-2.3257274e-10
      125 |       1 |      22 |       10 |      1 |    18 |   -0.260 |      -58.5 |    480 | fdct_zigzag.dct_mod.dct_block_6.dct_unit_5.macu.mult_res\[18\]$_DFFE_PP_/D
iter:125, pass:9, current fixing endpoint: fdct_zigzag.dct_mod.dct_block_3.dct_unit_5.macu.mult_res\[18\]$_DFFE_PP_/D, endpoint slack:-2.2863766e-10
      126 |       2 |      22 |       10 |      1 |    18 |   -0.260 |      -58.5 |    480 | fdct_zigzag.dct_mod.dct_block_6.dct_unit_5.macu.mult_res\[18\]$_DFFE_PP_/D
iter:126, pass:10, current fixing endpoint: fdct_zigzag.dct_mod.dct_block_3.dct_unit_5.macu.mult_res\[18\]$_DFFE_PP_/D, endpoint slack:-2.2312496e-10
      127 |       2 |      22 |       10 |      1 |    19 |   -0.260 |      -58.5 |    480 | fdct_zigzag.dct_mod.dct_block_6.dct_unit_5.macu.mult_res\[18\]$_DFFE_PP_/D
iter:127, pass:11, current fixing endpoint: fdct_zigzag.dct_mod.dct_block_3.dct_unit_5.macu.mult_res\[18\]$_DFFE_PP_/D, endpoint slack:-2.2250146e-10
      128 |       2 |      22 |       12 |      1 |    19 |   -0.260 |      -58.5 |    480 | fdct_zigzag.dct_mod.dct_block_6.dct_unit_5.macu.mult_res\[18\]$_DFFE_PP_/D
iter:128, pass:12, current fixing endpoint: fdct_zigzag.dct_mod.dct_block_3.dct_unit_5.macu.mult_res\[18\]$_DFFE_PP_/D, endpoint slack:-2.2019664e-10
      129 |       3 |      22 |       12 |      1 |    19 |   -0.260 |      -58.6 |    480 | fdct_zigzag.dct_mod.dct_block_6.dct_unit_5.macu.mult_res\[18\]$_DFFE_PP_/D
iter:129, pass:13, current fixing endpoint: fdct_zigzag.dct_mod.dct_block_3.dct_unit_5.macu.mult_res\[18\]$_DFFE_PP_/D, endpoint slack:-2.578081e-10
      130 |       3 |      22 |       12 |      1 |    20 |   -0.260 |      -58.6 |    480 | fdct_zigzag.dct_mod.dct_block_6.dct_unit_5.macu.mult_res\[18\]$_DFFE_PP_/D
iter:130, pass:14, current fixing endpoint: fdct_zigzag.dct_mod.dct_block_3.dct_unit_5.macu.mult_res\[18\]$_DFFE_PP_/D, endpoint slack:-2.5751123e-10
      131 |       3 |      22 |       14 |      1 |    20 |   -0.260 |      -58.5 |    480 | fdct_zigzag.dct_mod.dct_block_6.dct_unit_5.macu.mult_res\[18\]$_DFFE_PP_/D
iter:131, pass:15, current fixing endpoint: fdct_zigzag.dct_mod.dct_block_3.dct_unit_5.macu.mult_res\[18\]$_DFFE_PP_/D, endpoint slack:-2.2068514e-10
      132 |       3 |      22 |       14 |      1 |    21 |   -0.260 |      -58.5 |    480 | fdct_zigzag.dct_mod.dct_block_6.dct_unit_5.macu.mult_res\[18\]$_DFFE_PP_/D
iter:132, pass:16, current fixing endpoint: fdct_zigzag.dct_mod.dct_block_3.dct_unit_5.macu.mult_res\[18\]$_DFFE_PP_/D, endpoint slack:-2.2197544e-10
      133 |       3 |      22 |       14 |      1 |    22 |   -0.260 |      -58.5 |    480 | fdct_zigzag.dct_mod.dct_block_6.dct_unit_5.macu.mult_res\[18\]$_DFFE_PP_/D
iter:133, pass:17, current fixing endpoint: fdct_zigzag.dct_mod.dct_block_3.dct_unit_5.macu.mult_res\[18\]$_DFFE_PP_/D, endpoint slack:-2.2006741e-10
      134 |       3 |      23 |       14 |      1 |    22 |   -0.260 |      -58.5 |    480 | fdct_zigzag.dct_mod.dct_block_6.dct_unit_5.macu.mult_res\[18\]$_DFFE_PP_/D
iter:134, pass:18, current fixing endpoint: fdct_zigzag.dct_mod.dct_block_3.dct_unit_5.macu.mult_res\[18\]$_DFFE_PP_/D, endpoint slack:-2.1970592e-10
      135 |       3 |      24 |       14 |      1 |    22 |   -0.237 |      -52.9 |    480 | fdct_zigzag.dct_mod.dct_block_7.dct_unit_1.macu.mult_res\[18\]$_DFFE_PP_/D
iter:135, pass:19, current fixing endpoint: fdct_zigzag.dct_mod.dct_block_3.dct_unit_5.macu.mult_res\[18\]$_DFFE_PP_/D, endpoint slack:-1.7541857e-10
      136 |       3 |      25 |       14 |      1 |    22 |   -0.237 |      -52.9 |    480 | fdct_zigzag.dct_mod.dct_block_7.dct_unit_1.macu.mult_res\[18\]$_DFFE_PP_/D
iter:136, pass:20, current fixing endpoint: fdct_zigzag.dct_mod.dct_block_3.dct_unit_5.macu.mult_res\[18\]$_DFFE_PP_/D, endpoint slack:-1.7516155e-10
      137 |       4 |      25 |       14 |      1 |    22 |   -0.237 |      -52.9 |    480 | fdct_zigzag.dct_mod.dct_block_7.dct_unit_1.macu.mult_res\[18\]$_DFFE_PP_/D
iter:137, pass:21, current fixing endpoint: fdct_zigzag.dct_mod.dct_block_3.dct_unit_5.macu.mult_res\[18\]$_DFFE_PP_/D, endpoint slack:-1.8131707e-10
      138 |       4 |      25 |       14 |      1 |    23 |   -0.237 |      -52.9 |    480 | fdct_zigzag.dct_mod.dct_block_7.dct_unit_1.macu.mult_res\[18\]$_DFFE_PP_/D
iter:138, pass:22, current fixing endpoint: fdct_zigzag.dct_mod.dct_block_3.dct_unit_5.macu.mult_res\[18\]$_DFFE_PP_/D, endpoint slack:-1.7965096e-10
      139 |       4 |      25 |       17 |      1 |    23 |   -0.237 |      -52.9 |    480 | fdct_zigzag.dct_mod.dct_block_7.dct_unit_1.macu.mult_res\[18\]$_DFFE_PP_/D
iter:139, pass:23, current fixing endpoint: fdct_zigzag.dct_mod.dct_block_3.dct_unit_5.macu.mult_res\[18\]$_DFFE_PP_/D, endpoint slack:-1.6905799e-10
      140 |       4 |      26 |       17 |      1 |    23 |   -0.237 |      -52.9 |    480 | fdct_zigzag.dct_mod.dct_block_7.dct_unit_1.macu.mult_res\[18\]$_DFFE_PP_/D
iter:140, pass:24, current fixing endpoint: fdct_zigzag.dct_mod.dct_block_3.dct_unit_5.macu.mult_res\[18\]$_DFFE_PP_/D, endpoint slack:-1.6928925e-10
      141 |       4 |      27 |       17 |      1 |    23 |   -0.237 |      -52.9 |    480 | fdct_zigzag.dct_mod.dct_block_7.dct_unit_1.macu.mult_res\[18\]$_DFFE_PP_/D
iter:141, pass:25, current fixing endpoint: fdct_zigzag.dct_mod.dct_block_3.dct_unit_5.macu.mult_res\[18\]$_DFFE_PP_/D, endpoint slack:-1.7001267e-10
      142 |       4 |      28 |       17 |      1 |    23 |   -0.237 |      -52.9 |    480 | fdct_zigzag.dct_mod.dct_block_7.dct_unit_1.macu.mult_res\[18\]$_DFFE_PP_/D
iter:142, pass:26, current fixing endpoint: fdct_zigzag.dct_mod.dct_block_3.dct_unit_5.macu.mult_res\[18\]$_DFFE_PP_/D, endpoint slack:-1.6611379e-10
      143 |       5 |      28 |       17 |      1 |    23 |   -0.237 |      -52.9 |    480 | fdct_zigzag.dct_mod.dct_block_7.dct_unit_1.macu.mult_res\[18\]$_DFFE_PP_/D
iter:143, pass:27, current fixing endpoint: fdct_zigzag.dct_mod.dct_block_3.dct_unit_5.macu.mult_res\[18\]$_DFFE_PP_/D, endpoint slack:-1.8073876e-10
      144 |       5 |      28 |       17 |      1 |    24 |   -0.237 |      -52.9 |    480 | fdct_zigzag.dct_mod.dct_block_7.dct_unit_1.macu.mult_res\[18\]$_DFFE_PP_/D
iter:144, pass:28, current fixing endpoint: fdct_zigzag.dct_mod.dct_block_3.dct_unit_5.macu.mult_res\[18\]$_DFFE_PP_/D, endpoint slack:-1.8017077e-10
      145 |       5 |      28 |       17 |      1 |    25 |   -0.237 |      -52.9 |    480 | fdct_zigzag.dct_mod.dct_block_7.dct_unit_1.macu.mult_res\[18\]$_DFFE_PP_/D
iter:145, pass:29, current fixing endpoint: fdct_zigzag.dct_mod.dct_block_3.dct_unit_5.macu.mult_res\[18\]$_DFFE_PP_/D, endpoint slack:-1.8804447e-10
      146 |       5 |      29 |       17 |      1 |    25 |   -0.237 |      -52.9 |    480 | fdct_zigzag.dct_mod.dct_block_7.dct_unit_1.macu.mult_res\[18\]$_DFFE_PP_/D
iter:146, pass:30, current fixing endpoint: fdct_zigzag.dct_mod.dct_block_3.dct_unit_5.macu.mult_res\[18\]$_DFFE_PP_/D, endpoint slack:-1.7875434e-10
      147 |       5 |      30 |       17 |      1 |    25 |   -0.237 |      -52.9 |    480 | fdct_zigzag.dct_mod.dct_block_7.dct_unit_1.macu.mult_res\[18\]$_DFFE_PP_/D
iter:147, pass:31, current fixing endpoint: fdct_zigzag.dct_mod.dct_block_3.dct_unit_5.macu.mult_res\[18\]$_DFFE_PP_/D, endpoint slack:-1.7726287e-10
      148 |       5 |      30 |       17 |      1 |    26 |   -0.237 |      -52.9 |    480 | fdct_zigzag.dct_mod.dct_block_7.dct_unit_1.macu.mult_res\[18\]$_DFFE_PP_/D
iter:148, pass:32, current fixing endpoint: fdct_zigzag.dct_mod.dct_block_3.dct_unit_5.macu.mult_res\[18\]$_DFFE_PP_/D, endpoint slack:-1.7989243e-10
      149 |       5 |      31 |       17 |      1 |    26 |   -0.237 |      -52.9 |    480 | fdct_zigzag.dct_mod.dct_block_7.dct_unit_1.macu.mult_res\[18\]$_DFFE_PP_/D
iter:149, pass:33, current fixing endpoint: fdct_zigzag.dct_mod.dct_block_3.dct_unit_5.macu.mult_res\[18\]$_DFFE_PP_/D, endpoint slack:-1.7843349e-10
      150 |       5 |      31 |       17 |      1 |    27 |   -0.237 |      -52.9 |    480 | fdct_zigzag.dct_mod.dct_block_7.dct_unit_1.macu.mult_res\[18\]$_DFFE_PP_/D
iter:150, pass:34, current fixing endpoint: fdct_zigzag.dct_mod.dct_block_3.dct_unit_5.macu.mult_res\[18\]$_DFFE_PP_/D, endpoint slack:-1.8067703e-10
      151 |       5 |      32 |       17 |      1 |    27 |   -0.237 |      -52.9 |    480 | fdct_zigzag.dct_mod.dct_block_7.dct_unit_1.macu.mult_res\[18\]$_DFFE_PP_/D
iter:151, pass:35, current fixing endpoint: fdct_zigzag.dct_mod.dct_block_3.dct_unit_5.macu.mult_res\[18\]$_DFFE_PP_/D, endpoint slack:-1.7670865e-10
      152 |       5 |      33 |       17 |      1 |    27 |   -0.234 |      -51.3 |    480 | fdct_zigzag.dct_mod.dct_block_7.dct_unit_1.macu.mult_res\[18\]$_DFFE_PP_/D
iter:152, pass:36, current fixing endpoint: fdct_zigzag.dct_mod.dct_block_3.dct_unit_5.macu.mult_res\[18\]$_DFFE_PP_/D, endpoint slack:-1.6450163e-10
      153 |       5 |      33 |       19 |      1 |    27 |   -0.234 |      -51.3 |    480 | fdct_zigzag.dct_mod.dct_block_7.dct_unit_1.macu.mult_res\[18\]$_DFFE_PP_/D
iter:153, pass:37, current fixing endpoint: fdct_zigzag.dct_mod.dct_block_3.dct_unit_5.macu.mult_res\[18\]$_DFFE_PP_/D, endpoint slack:-1.7529889e-10
      154 |       5 |      33 |       21 |      1 |    27 |   -0.234 |      -51.3 |    480 | fdct_zigzag.dct_mod.dct_block_7.dct_unit_1.macu.mult_res\[18\]$_DFFE_PP_/D
iter:154, pass:38, current fixing endpoint: fdct_zigzag.dct_mod.dct_block_3.dct_unit_5.macu.mult_res\[18\]$_DFFE_PP_/D, endpoint slack:-1.6750512e-10
      155 |       5 |      33 |       23 |      1 |    27 |   -0.231 |      -50.8 |    480 | fdct_zigzag.dct_mod.dct_block_7.dct_unit_1.macu.mult_res\[18\]$_DFFE_PP_/D
iter:155, pass:39, current fixing endpoint: fdct_zigzag.dct_mod.dct_block_3.dct_unit_5.macu.mult_res\[18\]$_DFFE_PP_/D, endpoint slack:-1.8078272e-10
      156 |       5 |      33 |       23 |      1 |    28 |   -0.231 |      -50.8 |    480 | fdct_zigzag.dct_mod.dct_block_7.dct_unit_1.macu.mult_res\[18\]$_DFFE_PP_/D
iter:156, pass:40, current fixing endpoint: fdct_zigzag.dct_mod.dct_block_3.dct_unit_5.macu.mult_res\[18\]$_DFFE_PP_/D, endpoint slack:-1.6967816e-10
      157 |       5 |      33 |       23 |      1 |    29 |   -0.231 |      -50.8 |    480 | fdct_zigzag.dct_mod.dct_block_7.dct_unit_1.macu.mult_res\[18\]$_DFFE_PP_/D
iter:157, pass:41, current fixing endpoint: fdct_zigzag.dct_mod.dct_block_3.dct_unit_5.macu.mult_res\[18\]$_DFFE_PP_/D, endpoint slack:-1.6848023e-10
      158 |       5 |      33 |       23 |      1 |    30 |   -0.231 |      -50.8 |    480 | fdct_zigzag.dct_mod.dct_block_7.dct_unit_1.macu.mult_res\[18\]$_DFFE_PP_/D
iter:158, pass:42, current fixing endpoint: fdct_zigzag.dct_mod.dct_block_3.dct_unit_5.macu.mult_res\[18\]$_DFFE_PP_/D, endpoint slack:-1.6723212e-10
      159 |       5 |      33 |       23 |      2 |    30 |   -0.231 |      -50.9 |    480 | fdct_zigzag.dct_mod.dct_block_7.dct_unit_1.macu.mult_res\[18\]$_DFFE_PP_/D
iter:159, pass:43, current fixing endpoint: fdct_zigzag.dct_mod.dct_block_3.dct_unit_5.macu.mult_res\[18\]$_DFFE_PP_/D, endpoint slack:-1.6623447e-10
      160 |       5 |      33 |       23 |      2 |    31 |   -0.231 |      -50.9 |    480 | fdct_zigzag.dct_mod.dct_block_7.dct_unit_1.macu.mult_res\[18\]$_DFFE_PP_/D
iter:160, pass:44, current fixing endpoint: fdct_zigzag.dct_mod.dct_block_3.dct_unit_5.macu.mult_res\[18\]$_DFFE_PP_/D, endpoint slack:-1.644691e-10
      161 |       5 |      34 |       23 |      2 |    31 |   -0.231 |      -50.9 |    480 | fdct_zigzag.dct_mod.dct_block_7.dct_unit_1.macu.mult_res\[18\]$_DFFE_PP_/D
iter:161, pass:45, current fixing endpoint: fdct_zigzag.dct_mod.dct_block_3.dct_unit_5.macu.mult_res\[18\]$_DFFE_PP_/D, endpoint slack:-1.637912e-10
      162 |       5 |      34 |       23 |      2 |    32 |   -0.231 |      -50.9 |    480 | fdct_zigzag.dct_mod.dct_block_7.dct_unit_1.macu.mult_res\[18\]$_DFFE_PP_/D
iter:162, pass:46, current fixing endpoint: fdct_zigzag.dct_mod.dct_block_3.dct_unit_5.macu.mult_res\[18\]$_DFFE_PP_/D, endpoint slack:-1.6551904e-10
      163 |       5 |      34 |       23 |      2 |    33 |   -0.231 |      -50.9 |    480 | fdct_zigzag.dct_mod.dct_block_7.dct_unit_1.macu.mult_res\[18\]$_DFFE_PP_/D
iter:163, pass:47, current fixing endpoint: fdct_zigzag.dct_mod.dct_block_3.dct_unit_5.macu.mult_res\[18\]$_DFFE_PP_/D, endpoint slack:-1.6294244e-10
      164 |       5 |      35 |       23 |      2 |    33 |   -0.231 |      -50.9 |    480 | fdct_zigzag.dct_mod.dct_block_7.dct_unit_1.macu.mult_res\[18\]$_DFFE_PP_/D
iter:164, pass:48, current fixing endpoint: fdct_zigzag.dct_mod.dct_block_3.dct_unit_5.macu.mult_res\[18\]$_DFFE_PP_/D, endpoint slack:-1.6217572e-10
      165 |       5 |      35 |       23 |      2 |    34 |   -0.231 |      -50.9 |    480 | fdct_zigzag.dct_mod.dct_block_7.dct_unit_1.macu.mult_res\[18\]$_DFFE_PP_/D
iter:165, pass:49, current fixing endpoint: fdct_zigzag.dct_mod.dct_block_3.dct_unit_5.macu.mult_res\[18\]$_DFFE_PP_/D, endpoint slack:-1.612076e-10
      166 |       5 |      36 |       23 |      2 |    34 |   -0.231 |      -50.9 |    480 | fdct_zigzag.dct_mod.dct_block_7.dct_unit_1.macu.mult_res\[18\]$_DFFE_PP_/D
iter:166, pass:50, current fixing endpoint: fdct_zigzag.dct_mod.dct_block_3.dct_unit_5.macu.mult_res\[18\]$_DFFE_PP_/D, endpoint slack:-1.6141555e-10
      167 |       5 |      36 |       23 |      2 |    35 |   -0.231 |      -50.9 |    480 | fdct_zigzag.dct_mod.dct_block_7.dct_unit_1.macu.mult_res\[18\]$_DFFE_PP_/D
iter:167, pass:51, current fixing endpoint: fdct_zigzag.dct_mod.dct_block_3.dct_unit_5.macu.mult_res\[18\]$_DFFE_PP_/D, endpoint slack:-1.6132673e-10
      168 |       5 |      37 |       23 |      2 |    35 |   -0.231 |      -50.9 |    480 | fdct_zigzag.dct_mod.dct_block_7.dct_unit_1.macu.mult_res\[18\]$_DFFE_PP_/D
iter:168, pass:52, current fixing endpoint: fdct_zigzag.dct_mod.dct_block_3.dct_unit_5.macu.mult_res\[18\]$_DFFE_PP_/D, endpoint slack:-1.6118029e-10
      169 |       5 |      37 |       23 |      3 |    35 |   -0.231 |      -50.8 |    480 | fdct_zigzag.dct_mod.dct_block_7.dct_unit_1.macu.mult_res\[18\]$_DFFE_PP_/D
iter:169, pass:53, current fixing endpoint: fdct_zigzag.dct_mod.dct_block_3.dct_unit_5.macu.mult_res\[18\]$_DFFE_PP_/D, endpoint slack:-1.6115242e-10
      170 |       5 |      37 |       23 |      3 |    36 |   -0.231 |      -50.8 |    480 | fdct_zigzag.dct_mod.dct_block_7.dct_unit_1.macu.mult_res\[18\]$_DFFE_PP_/D
iter:170, pass:54, current fixing endpoint: fdct_zigzag.dct_mod.dct_block_3.dct_unit_5.macu.mult_res\[18\]$_DFFE_PP_/D, endpoint slack:-1.6257085e-10
      171 |       5 |      37 |       23 |      3 |    37 |   -0.231 |      -50.8 |    480 | fdct_zigzag.dct_mod.dct_block_7.dct_unit_1.macu.mult_res\[18\]$_DFFE_PP_/D
iter:171, pass:55, current fixing endpoint: fdct_zigzag.dct_mod.dct_block_3.dct_unit_5.macu.mult_res\[18\]$_DFFE_PP_/D, endpoint slack:-1.6047552e-10
      172 |       5 |      38 |       23 |      3 |    37 |   -0.231 |      -50.8 |    480 | fdct_zigzag.dct_mod.dct_block_7.dct_unit_1.macu.mult_res\[18\]$_DFFE_PP_/D
iter:172, pass:56, current fixing endpoint: fdct_zigzag.dct_mod.dct_block_3.dct_unit_5.macu.mult_res\[18\]$_DFFE_PP_/D, endpoint slack:-1.6030544e-10
      173 |       5 |      39 |       23 |      3 |    37 |   -0.232 |      -50.6 |    480 | fdct_zigzag.dct_mod.dct_block_7.dct_unit_1.macu.mult_res\[18\]$_DFFE_PP_/D
iter:173, pass:57, current fixing endpoint: fdct_zigzag.dct_mod.dct_block_3.dct_unit_5.macu.mult_res\[18\]$_DFFE_PP_/D, endpoint slack:-1.5567148e-10
      174 |       5 |      40 |       23 |      3 |    37 |   -0.232 |      -50.6 |    480 | fdct_zigzag.dct_mod.dct_block_7.dct_unit_1.macu.mult_res\[18\]$_DFFE_PP_/D
iter:174, pass:58, current fixing endpoint: fdct_zigzag.dct_mod.dct_block_3.dct_unit_5.macu.mult_res\[18\]$_DFFE_PP_/D, endpoint slack:-1.5332491e-10
      175 |       5 |      41 |       23 |      3 |    37 |   -0.232 |      -50.6 |    480 | fdct_zigzag.dct_mod.dct_block_7.dct_unit_1.macu.mult_res\[18\]$_DFFE_PP_/D
iter:175, pass:59, current fixing endpoint: fdct_zigzag.dct_mod.dct_block_3.dct_unit_5.macu.mult_res\[18\]$_DFFE_PP_/D, endpoint slack:-1.531908e-10
      176 |       6 |      41 |       23 |      3 |    37 |   -0.244 |      -54.7 |    480 | fdct_zigzag.dct_mod.dct_block_6.dct_unit_5.macu.mult_res\[18\]$_DFFE_PP_/D
iter:176, pass:60, current fixing endpoint: fdct_zigzag.dct_mod.dct_block_3.dct_unit_5.macu.mult_res\[18\]$_DFFE_PP_/D, endpoint slack:-1.9427981e-10
      177 |       6 |      41 |       23 |      3 |    38 |   -0.244 |      -54.7 |    480 | fdct_zigzag.dct_mod.dct_block_6.dct_unit_5.macu.mult_res\[18\]$_DFFE_PP_/D
iter:177, pass:61, current fixing endpoint: fdct_zigzag.dct_mod.dct_block_3.dct_unit_5.macu.mult_res\[18\]$_DFFE_PP_/D, endpoint slack:-1.9199997e-10
      178 |       6 |      42 |       23 |      3 |    38 |   -0.244 |      -54.7 |    480 | fdct_zigzag.dct_mod.dct_block_6.dct_unit_5.macu.mult_res\[18\]$_DFFE_PP_/D
iter:178, pass:62, current fixing endpoint: fdct_zigzag.dct_mod.dct_block_3.dct_unit_5.macu.mult_res\[18\]$_DFFE_PP_/D, endpoint slack:-2.120194e-10
      179 |       6 |      43 |       23 |      3 |    38 |   -0.244 |      -54.7 |    480 | fdct_zigzag.dct_mod.dct_block_6.dct_unit_5.macu.mult_res\[18\]$_DFFE_PP_/D
iter:179, pass:63, current fixing endpoint: fdct_zigzag.dct_mod.dct_block_3.dct_unit_5.macu.mult_res\[18\]$_DFFE_PP_/D, endpoint slack:-1.9711865e-10
      180 |       6 |      44 |       23 |      3 |    38 |   -0.244 |      -54.7 |    480 | fdct_zigzag.dct_mod.dct_block_6.dct_unit_5.macu.mult_res\[18\]$_DFFE_PP_/D
iter:180, pass:64, current fixing endpoint: fdct_zigzag.dct_mod.dct_block_3.dct_unit_5.macu.mult_res\[18\]$_DFFE_PP_/D, endpoint slack:-1.9428892e-10
      181 |       6 |      45 |       23 |      3 |    38 |   -0.244 |      -54.7 |    480 | fdct_zigzag.dct_mod.dct_block_6.dct_unit_5.macu.mult_res\[18\]$_DFFE_PP_/D
iter:181, pass:65, current fixing endpoint: fdct_zigzag.dct_mod.dct_block_3.dct_unit_5.macu.mult_res\[18\]$_DFFE_PP_/D, endpoint slack:-2.007533e-10
      182 |       6 |      45 |       23 |      3 |    39 |   -0.244 |      -54.7 |    480 | fdct_zigzag.dct_mod.dct_block_6.dct_unit_5.macu.mult_res\[18\]$_DFFE_PP_/D
iter:182, pass:66, current fixing endpoint: fdct_zigzag.dct_mod.dct_block_3.dct_unit_5.macu.mult_res\[18\]$_DFFE_PP_/D, endpoint slack:-2.0061497e-10
      183 |       6 |      45 |       25 |      3 |    39 |   -0.244 |      -54.7 |    480 | fdct_zigzag.dct_mod.dct_block_6.dct_unit_5.macu.mult_res\[18\]$_DFFE_PP_/D
iter:183, pass:67, current fixing endpoint: fdct_zigzag.dct_mod.dct_block_3.dct_unit_5.macu.mult_res\[18\]$_DFFE_PP_/D, endpoint slack:-1.924233e-10
      184 |       6 |      46 |       25 |      3 |    39 |   -0.244 |      -54.7 |    480 | fdct_zigzag.dct_mod.dct_block_6.dct_unit_5.macu.mult_res\[18\]$_DFFE_PP_/D
iter:184, pass:68, current fixing endpoint: fdct_zigzag.dct_mod.dct_block_3.dct_unit_5.macu.mult_res\[18\]$_DFFE_PP_/D, endpoint slack:-1.9141166e-10
      185 |       6 |      47 |       25 |      3 |    39 |   -0.233 |      -50.7 |    480 | fdct_zigzag.dct_mod.dct_block_7.dct_unit_1.macu.mult_res\[18\]$_DFFE_PP_/D
iter:185, pass:69, current fixing endpoint: fdct_zigzag.dct_mod.dct_block_3.dct_unit_5.macu.mult_res\[18\]$_DFFE_PP_/D, endpoint slack:-1.390894e-10
      186 |       6 |      48 |       25 |      3 |    39 |   -0.233 |      -50.7 |    480 | fdct_zigzag.dct_mod.dct_block_7.dct_unit_1.macu.mult_res\[18\]$_DFFE_PP_/D
iter:186, pass:70, current fixing endpoint: fdct_zigzag.dct_mod.dct_block_3.dct_unit_5.macu.mult_res\[18\]$_DFFE_PP_/D, endpoint slack:-1.3806822e-10
      187 |       6 |      49 |       25 |      3 |    39 |   -0.233 |      -50.7 |    480 | fdct_zigzag.dct_mod.dct_block_7.dct_unit_1.macu.mult_res\[18\]$_DFFE_PP_/D
iter:187, pass:71, current fixing endpoint: fdct_zigzag.dct_mod.dct_block_3.dct_unit_5.macu.mult_res\[18\]$_DFFE_PP_/D, endpoint slack:-1.381899e-10
      188 |       6 |      50 |       25 |      3 |    39 |   -0.233 |      -50.7 |    480 | fdct_zigzag.dct_mod.dct_block_7.dct_unit_1.macu.mult_res\[18\]$_DFFE_PP_/D
iter:188, pass:72, current fixing endpoint: fdct_zigzag.dct_mod.dct_block_3.dct_unit_5.macu.mult_res\[18\]$_DFFE_PP_/D, endpoint slack:-1.3657686e-10
      189 |       6 |      51 |       25 |      3 |    39 |   -0.233 |      -50.7 |    480 | fdct_zigzag.dct_mod.dct_block_7.dct_unit_1.macu.mult_res\[18\]$_DFFE_PP_/D
iter:189, pass:73, current fixing endpoint: fdct_zigzag.dct_mod.dct_block_3.dct_unit_5.macu.mult_res\[18\]$_DFFE_PP_/D, endpoint slack:-1.3646029e-10
      190 |       6 |      52 |       25 |      3 |    39 |   -0.233 |      -50.7 |    480 | fdct_zigzag.dct_mod.dct_block_7.dct_unit_1.macu.mult_res\[18\]$_DFFE_PP_/D
iter:190, pass:74, current fixing endpoint: fdct_zigzag.dct_mod.dct_block_3.dct_unit_5.macu.mult_res\[18\]$_DFFE_PP_/D, endpoint slack:-1.3782653e-10
      191 |       6 |      52 |       25 |      3 |    40 |   -0.233 |      -50.7 |    480 | fdct_zigzag.dct_mod.dct_block_7.dct_unit_1.macu.mult_res\[18\]$_DFFE_PP_/D
iter:191, pass:75, current fixing endpoint: fdct_zigzag.dct_mod.dct_block_3.dct_unit_5.macu.mult_res\[18\]$_DFFE_PP_/D, endpoint slack:-1.4714308e-10
      192 |       6 |      53 |       25 |      3 |    40 |   -0.233 |      -50.7 |    480 | fdct_zigzag.dct_mod.dct_block_7.dct_unit_1.macu.mult_res\[18\]$_DFFE_PP_/D
iter:192, pass:76, current fixing endpoint: fdct_zigzag.dct_mod.dct_block_3.dct_unit_5.macu.mult_res\[18\]$_DFFE_PP_/D, endpoint slack:-1.4861523e-10
      193 |       6 |      54 |       25 |      3 |    40 |   -0.233 |      -50.7 |    480 | fdct_zigzag.dct_mod.dct_block_7.dct_unit_1.macu.mult_res\[18\]$_DFFE_PP_/D
iter:193, pass:77, current fixing endpoint: fdct_zigzag.dct_mod.dct_block_3.dct_unit_5.macu.mult_res\[18\]$_DFFE_PP_/D, endpoint slack:-1.504773e-10
      194 |       6 |      54 |       25 |      3 |    41 |   -0.233 |      -50.7 |    480 | fdct_zigzag.dct_mod.dct_block_7.dct_unit_1.macu.mult_res\[18\]$_DFFE_PP_/D
iter:194, pass:78, current fixing endpoint: fdct_zigzag.dct_mod.dct_block_3.dct_unit_5.macu.mult_res\[18\]$_DFFE_PP_/D, endpoint slack:-1.4809542e-10
      195 |       6 |      54 |       25 |      4 |    41 |   -0.233 |      -50.7 |    480 | fdct_zigzag.dct_mod.dct_block_7.dct_unit_1.macu.mult_res\[18\]$_DFFE_PP_/D
iter:195, pass:79, current fixing endpoint: fdct_zigzag.dct_mod.dct_block_3.dct_unit_5.macu.mult_res\[18\]$_DFFE_PP_/D, endpoint slack:-1.4235624e-10
      196 |       6 |      55 |       25 |      4 |    41 |   -0.233 |      -50.7 |    480 | fdct_zigzag.dct_mod.dct_block_7.dct_unit_1.macu.mult_res\[18\]$_DFFE_PP_/D
iter:196, pass:80, current fixing endpoint: fdct_zigzag.dct_mod.dct_block_3.dct_unit_5.macu.mult_res\[18\]$_DFFE_PP_/D, endpoint slack:-1.3963952e-10
      196 |       5 |      40 |       24 |      3 |    37 |   -0.284 |      -60.4 |    480 | fdct_zigzag.dct_mod.dct_block_6.dct_unit_5.macu.mult_res\[18\]$_DFFE_PP_/D
      197 |       5 |      40 |       24 |      3 |    37 |   -0.284 |      -60.4 |    480 | fdct_zigzag.dct_mod.dct_block_6.dct_unit_5.macu.mult_res\[18\]$_DFFE_PP_/D
iter:197, pass:1, current fixing endpoint: fdct_zigzag.dct_mod.dct_block_2.dct_unit_0.macu.mult_res\[18\]$_DFFE_PP_/D, endpoint slack:-1.9590984e-10
      198 |       5 |      40 |       24 |      3 |    38 |   -0.284 |      -60.4 |    480 | fdct_zigzag.dct_mod.dct_block_6.dct_unit_5.macu.mult_res\[18\]$_DFFE_PP_/D
iter:198, pass:2, current fixing endpoint: fdct_zigzag.dct_mod.dct_block_2.dct_unit_0.macu.mult_res\[18\]$_DFFE_PP_/D, endpoint slack:-2.0205515e-10
      199 |       5 |      41 |       24 |      3 |    38 |   -0.284 |      -60.5 |    480 | fdct_zigzag.dct_mod.dct_block_6.dct_unit_5.macu.mult_res\[18\]$_DFFE_PP_/D
iter:199, pass:3, current fixing endpoint: fdct_zigzag.dct_mod.dct_block_2.dct_unit_0.macu.mult_res\[18\]$_DFFE_PP_/D, endpoint slack:-1.8034618e-10
      200 |       5 |      42 |       24 |      3 |    38 |   -0.284 |      -60.4 |    480 | fdct_zigzag.dct_mod.dct_block_6.dct_unit_5.macu.mult_res\[18\]$_DFFE_PP_/D
iter:200, pass:4, current fixing endpoint: fdct_zigzag.dct_mod.dct_block_2.dct_unit_0.macu.mult_res\[18\]$_DFFE_PP_/D, endpoint slack:-1.7683244e-10
      201 |       5 |      42 |       24 |      3 |    39 |   -0.284 |      -60.4 |    480 | fdct_zigzag.dct_mod.dct_block_6.dct_unit_5.macu.mult_res\[18\]$_DFFE_PP_/D
iter:201, pass:5, current fixing endpoint: fdct_zigzag.dct_mod.dct_block_2.dct_unit_0.macu.mult_res\[18\]$_DFFE_PP_/D, endpoint slack:-1.7675983e-10
      202 |       5 |      43 |       24 |      3 |    39 |   -0.285 |      -60.8 |    480 | fdct_zigzag.dct_mod.dct_block_6.dct_unit_5.macu.mult_res\[18\]$_DFFE_PP_/D
iter:202, pass:6, current fixing endpoint: fdct_zigzag.dct_mod.dct_block_2.dct_unit_0.macu.mult_res\[18\]$_DFFE_PP_/D, endpoint slack:-1.6697776e-10
      203 |       5 |      44 |       24 |      3 |    39 |   -0.285 |      -60.8 |    480 | fdct_zigzag.dct_mod.dct_block_6.dct_unit_5.macu.mult_res\[18\]$_DFFE_PP_/D
iter:203, pass:7, current fixing endpoint: fdct_zigzag.dct_mod.dct_block_2.dct_unit_0.macu.mult_res\[18\]$_DFFE_PP_/D, endpoint slack:-1.6283597e-10
      204 |       6 |      44 |       24 |      3 |    39 |   -0.285 |      -60.8 |    480 | fdct_zigzag.dct_mod.dct_block_6.dct_unit_5.macu.mult_res\[18\]$_DFFE_PP_/D
iter:204, pass:8, current fixing endpoint: fdct_zigzag.dct_mod.dct_block_2.dct_unit_0.macu.mult_res\[18\]$_DFFE_PP_/D, endpoint slack:-1.804793e-10
      205 |       6 |      44 |       26 |      3 |    39 |   -0.285 |      -60.7 |    480 | fdct_zigzag.dct_mod.dct_block_6.dct_unit_5.macu.mult_res\[18\]$_DFFE_PP_/D
iter:205, pass:9, current fixing endpoint: fdct_zigzag.dct_mod.dct_block_2.dct_unit_0.macu.mult_res\[18\]$_DFFE_PP_/D, endpoint slack:-1.5535073e-10
      206 |       6 |      45 |       26 |      3 |    39 |   -0.285 |      -60.7 |    480 | fdct_zigzag.dct_mod.dct_block_6.dct_unit_5.macu.mult_res\[18\]$_DFFE_PP_/D
iter:206, pass:10, current fixing endpoint: fdct_zigzag.dct_mod.dct_block_2.dct_unit_0.macu.mult_res\[18\]$_DFFE_PP_/D, endpoint slack:-1.539393e-10
      207 |       6 |      46 |       26 |      3 |    39 |   -0.285 |      -60.7 |    480 | fdct_zigzag.dct_mod.dct_block_6.dct_unit_5.macu.mult_res\[18\]$_DFFE_PP_/D
iter:207, pass:11, current fixing endpoint: fdct_zigzag.dct_mod.dct_block_2.dct_unit_0.macu.mult_res\[18\]$_DFFE_PP_/D, endpoint slack:-1.5230983e-10
      208 |       6 |      47 |       26 |      3 |    39 |   -0.285 |      -60.7 |    480 | fdct_zigzag.dct_mod.dct_block_6.dct_unit_5.macu.mult_res\[18\]$_DFFE_PP_/D
iter:208, pass:12, current fixing endpoint: fdct_zigzag.dct_mod.dct_block_2.dct_unit_0.macu.mult_res\[18\]$_DFFE_PP_/D, endpoint slack:-1.4521406e-10
      209 |       6 |      47 |       26 |      3 |    40 |   -0.285 |      -60.7 |    480 | fdct_zigzag.dct_mod.dct_block_6.dct_unit_5.macu.mult_res\[18\]$_DFFE_PP_/D
iter:209, pass:13, current fixing endpoint: fdct_zigzag.dct_mod.dct_block_2.dct_unit_0.macu.mult_res\[18\]$_DFFE_PP_/D, endpoint slack:-1.4141821e-10
      210 |       6 |      47 |       26 |      4 |    40 |   -0.285 |      -60.7 |    480 | fdct_zigzag.dct_mod.dct_block_6.dct_unit_5.macu.mult_res\[18\]$_DFFE_PP_/D
iter:210, pass:14, current fixing endpoint: fdct_zigzag.dct_mod.dct_block_2.dct_unit_0.macu.mult_res\[18\]$_DFFE_PP_/D, endpoint slack:-1.3975754e-10
      211 |       6 |      47 |       26 |      4 |    41 |   -0.285 |      -60.7 |    480 | fdct_zigzag.dct_mod.dct_block_6.dct_unit_5.macu.mult_res\[18\]$_DFFE_PP_/D
iter:211, pass:15, current fixing endpoint: fdct_zigzag.dct_mod.dct_block_2.dct_unit_0.macu.mult_res\[18\]$_DFFE_PP_/D, endpoint slack:-1.5315005e-10
      212 |       6 |      47 |       26 |      4 |    42 |   -0.285 |      -60.7 |    480 | fdct_zigzag.dct_mod.dct_block_6.dct_unit_5.macu.mult_res\[18\]$_DFFE_PP_/D
iter:212, pass:16, current fixing endpoint: fdct_zigzag.dct_mod.dct_block_2.dct_unit_0.macu.mult_res\[18\]$_DFFE_PP_/D, endpoint slack:-1.5290891e-10
      213 |       6 |      47 |       26 |      4 |    43 |   -0.285 |      -60.7 |    480 | fdct_zigzag.dct_mod.dct_block_6.dct_unit_5.macu.mult_res\[18\]$_DFFE_PP_/D
iter:213, pass:17, current fixing endpoint: fdct_zigzag.dct_mod.dct_block_2.dct_unit_0.macu.mult_res\[18\]$_DFFE_PP_/D, endpoint slack:-1.5847212e-10
      214 |       6 |      48 |       26 |      4 |    43 |   -0.285 |      -60.7 |    480 | fdct_zigzag.dct_mod.dct_block_6.dct_unit_5.macu.mult_res\[18\]$_DFFE_PP_/D
iter:214, pass:18, current fixing endpoint: fdct_zigzag.dct_mod.dct_block_2.dct_unit_0.macu.mult_res\[18\]$_DFFE_PP_/D, endpoint slack:-1.5660084e-10
      215 |       6 |      48 |       26 |      4 |    44 |   -0.285 |      -60.7 |    480 | fdct_zigzag.dct_mod.dct_block_6.dct_unit_5.macu.mult_res\[18\]$_DFFE_PP_/D
iter:215, pass:19, current fixing endpoint: fdct_zigzag.dct_mod.dct_block_2.dct_unit_0.macu.mult_res\[18\]$_DFFE_PP_/D, endpoint slack:-1.5787183e-10
      216 |       6 |      48 |       26 |      4 |    45 |   -0.285 |      -60.7 |    480 | fdct_zigzag.dct_mod.dct_block_6.dct_unit_5.macu.mult_res\[18\]$_DFFE_PP_/D
iter:216, pass:20, current fixing endpoint: fdct_zigzag.dct_mod.dct_block_2.dct_unit_0.macu.mult_res\[18\]$_DFFE_PP_/D, endpoint slack:-1.4601453e-10
      217 |       6 |      49 |       26 |      4 |    45 |   -0.286 |      -61.4 |    480 | fdct_zigzag.dct_mod.dct_block_6.dct_unit_5.macu.mult_res\[18\]$_DFFE_PP_/D
iter:217, pass:21, current fixing endpoint: fdct_zigzag.dct_mod.dct_block_2.dct_unit_0.macu.mult_res\[18\]$_DFFE_PP_/D, endpoint slack:-1.4222457e-10
      218 |       6 |      49 |       26 |      4 |    46 |   -0.286 |      -61.4 |    480 | fdct_zigzag.dct_mod.dct_block_6.dct_unit_5.macu.mult_res\[18\]$_DFFE_PP_/D
iter:218, pass:22, current fixing endpoint: fdct_zigzag.dct_mod.dct_block_2.dct_unit_0.macu.mult_res\[18\]$_DFFE_PP_/D, endpoint slack:-1.4019264e-10
      219 |       6 |      49 |       26 |      4 |    47 |   -0.286 |      -61.4 |    480 | fdct_zigzag.dct_mod.dct_block_6.dct_unit_5.macu.mult_res\[18\]$_DFFE_PP_/D
iter:219, pass:23, current fixing endpoint: fdct_zigzag.dct_mod.dct_block_2.dct_unit_0.macu.mult_res\[18\]$_DFFE_PP_/D, endpoint slack:-1.3726642e-10
      220 |       6 |      49 |       26 |      4 |    48 |   -0.286 |      -61.4 |    480 | fdct_zigzag.dct_mod.dct_block_6.dct_unit_5.macu.mult_res\[18\]$_DFFE_PP_/D
iter:220, pass:24, current fixing endpoint: fdct_zigzag.dct_mod.dct_block_2.dct_unit_0.macu.mult_res\[18\]$_DFFE_PP_/D, endpoint slack:-1.456778e-10
      221 |       6 |      49 |       28 |      4 |    48 |   -0.286 |      -61.4 |    480 | fdct_zigzag.dct_mod.dct_block_6.dct_unit_5.macu.mult_res\[18\]$_DFFE_PP_/D
iter:221, pass:25, current fixing endpoint: fdct_zigzag.dct_mod.dct_block_2.dct_unit_0.macu.mult_res\[18\]$_DFFE_PP_/D, endpoint slack:-1.3899548e-10
      222 |       6 |      50 |       28 |      4 |    48 |   -0.286 |      -61.4 |    480 | fdct_zigzag.dct_mod.dct_block_6.dct_unit_5.macu.mult_res\[18\]$_DFFE_PP_/D
iter:222, pass:26, current fixing endpoint: fdct_zigzag.dct_mod.dct_block_2.dct_unit_0.macu.mult_res\[18\]$_DFFE_PP_/D, endpoint slack:-1.376923e-10
      223 |       6 |      51 |       28 |      4 |    48 |   -0.299 |      -66.4 |    480 | fdct_zigzag.dct_mod.dct_block_6.dct_unit_5.macu.mult_res\[18\]$_DFFE_PP_/D
iter:223, pass:27, current fixing endpoint: fdct_zigzag.dct_mod.dct_block_2.dct_unit_0.macu.mult_res\[18\]$_DFFE_PP_/D, endpoint slack:-1.4600254e-10
      224 |       6 |      51 |       28 |      4 |    49 |   -0.299 |      -66.4 |    480 | fdct_zigzag.dct_mod.dct_block_6.dct_unit_5.macu.mult_res\[18\]$_DFFE_PP_/D
iter:224, pass:28, current fixing endpoint: fdct_zigzag.dct_mod.dct_block_2.dct_unit_0.macu.mult_res\[18\]$_DFFE_PP_/D, endpoint slack:-1.536754e-10
      225 |       6 |      52 |       28 |      4 |    49 |   -0.299 |      -66.4 |    480 | fdct_zigzag.dct_mod.dct_block_6.dct_unit_5.macu.mult_res\[18\]$_DFFE_PP_/D
iter:225, pass:29, current fixing endpoint: fdct_zigzag.dct_mod.dct_block_2.dct_unit_0.macu.mult_res\[18\]$_DFFE_PP_/D, endpoint slack:-1.5218615e-10
      226 |       6 |      53 |       28 |      4 |    49 |   -0.299 |      -66.4 |    480 | fdct_zigzag.dct_mod.dct_block_6.dct_unit_5.macu.mult_res\[18\]$_DFFE_PP_/D
iter:226, pass:30, current fixing endpoint: fdct_zigzag.dct_mod.dct_block_2.dct_unit_0.macu.mult_res\[18\]$_DFFE_PP_/D, endpoint slack:-1.5023616e-10
      227 |       6 |      54 |       28 |      4 |    49 |   -0.299 |      -66.4 |    480 | fdct_zigzag.dct_mod.dct_block_6.dct_unit_5.macu.mult_res\[18\]$_DFFE_PP_/D
iter:227, pass:31, current fixing endpoint: fdct_zigzag.dct_mod.dct_block_2.dct_unit_0.macu.mult_res\[18\]$_DFFE_PP_/D, endpoint slack:-1.4898782e-10
      228 |       6 |      55 |       28 |      4 |    49 |   -0.299 |      -66.4 |    480 | fdct_zigzag.dct_mod.dct_block_6.dct_unit_5.macu.mult_res\[18\]$_DFFE_PP_/D
iter:228, pass:32, current fixing endpoint: fdct_zigzag.dct_mod.dct_block_2.dct_unit_0.macu.mult_res\[18\]$_DFFE_PP_/D, endpoint slack:-1.4865487e-10
      229 |       6 |      56 |       28 |      4 |    49 |   -0.299 |      -66.4 |    480 | fdct_zigzag.dct_mod.dct_block_6.dct_unit_5.macu.mult_res\[18\]$_DFFE_PP_/D
iter:229, pass:33, current fixing endpoint: fdct_zigzag.dct_mod.dct_block_2.dct_unit_0.macu.mult_res\[18\]$_DFFE_PP_/D, endpoint slack:-1.4795332e-10
      230 |       6 |      57 |       28 |      4 |    49 |   -0.299 |      -66.4 |    480 | fdct_zigzag.dct_mod.dct_block_6.dct_unit_5.macu.mult_res\[18\]$_DFFE_PP_/D
iter:230, pass:34, current fixing endpoint: fdct_zigzag.dct_mod.dct_block_2.dct_unit_0.macu.mult_res\[18\]$_DFFE_PP_/D, endpoint slack:-1.4868673e-10
      231 |       7 |      57 |       28 |      4 |    49 |   -0.299 |      -66.5 |    480 | fdct_zigzag.dct_mod.dct_block_6.dct_unit_5.macu.mult_res\[18\]$_DFFE_PP_/D
iter:231, pass:35, current fixing endpoint: fdct_zigzag.dct_mod.dct_block_2.dct_unit_0.macu.mult_res\[18\]$_DFFE_PP_/D, endpoint slack:-1.5849577e-10
      232 |       7 |      58 |       28 |      4 |    49 |   -0.299 |      -66.5 |    480 | fdct_zigzag.dct_mod.dct_block_6.dct_unit_5.macu.mult_res\[18\]$_DFFE_PP_/D
iter:232, pass:36, current fixing endpoint: fdct_zigzag.dct_mod.dct_block_2.dct_unit_0.macu.mult_res\[18\]$_DFFE_PP_/D, endpoint slack:-1.5698465e-10
      233 |       7 |      59 |       28 |      4 |    49 |   -0.299 |      -66.5 |    480 | fdct_zigzag.dct_mod.dct_block_6.dct_unit_5.macu.mult_res\[18\]$_DFFE_PP_/D
iter:233, pass:37, current fixing endpoint: fdct_zigzag.dct_mod.dct_block_2.dct_unit_0.macu.mult_res\[18\]$_DFFE_PP_/D, endpoint slack:-1.5383606e-10
      234 |       7 |      60 |       28 |      4 |    49 |   -0.299 |      -66.5 |    480 | fdct_zigzag.dct_mod.dct_block_6.dct_unit_5.macu.mult_res\[18\]$_DFFE_PP_/D
iter:234, pass:38, current fixing endpoint: fdct_zigzag.dct_mod.dct_block_2.dct_unit_0.macu.mult_res\[18\]$_DFFE_PP_/D, endpoint slack:-1.5511581e-10
      235 |       7 |      60 |       28 |      4 |    50 |   -0.299 |      -66.5 |    480 | fdct_zigzag.dct_mod.dct_block_6.dct_unit_5.macu.mult_res\[18\]$_DFFE_PP_/D
iter:235, pass:39, current fixing endpoint: fdct_zigzag.dct_mod.dct_block_2.dct_unit_0.macu.mult_res\[18\]$_DFFE_PP_/D, endpoint slack:-1.6009816e-10
      236 |       7 |      61 |       28 |      4 |    50 |   -0.299 |      -66.5 |    480 | fdct_zigzag.dct_mod.dct_block_6.dct_unit_5.macu.mult_res\[18\]$_DFFE_PP_/D
iter:236, pass:40, current fixing endpoint: fdct_zigzag.dct_mod.dct_block_2.dct_unit_0.macu.mult_res\[18\]$_DFFE_PP_/D, endpoint slack:-1.6010526e-10
      236 |       5 |      48 |       26 |      3 |    37 |   -0.293 |      -63.9 |    480 | fdct_zigzag.dct_mod.dct_block_6.dct_unit_5.macu.mult_res\[18\]$_DFFE_PP_/D
      237 |       5 |      48 |       26 |      3 |    37 |   -0.293 |      -63.9 |    480 | fdct_zigzag.dct_mod.dct_block_6.dct_unit_5.macu.mult_res\[18\]$_DFFE_PP_/D
iter:237, pass:1, current fixing endpoint: fdct_zigzag.dct_mod.dct_block_2.dct_unit_5.macu.mult_res\[18\]$_DFFE_PP_/D, endpoint slack:-2.2257951e-10
      238 |       5 |      48 |       26 |      3 |    38 |   -0.293 |      -63.9 |    480 | fdct_zigzag.dct_mod.dct_block_6.dct_unit_5.macu.mult_res\[18\]$_DFFE_PP_/D
iter:238, pass:2, current fixing endpoint: fdct_zigzag.dct_mod.dct_block_2.dct_unit_5.macu.mult_res\[18\]$_DFFE_PP_/D, endpoint slack:-2.1842994e-10
      239 |       5 |      49 |       26 |      3 |    38 |   -0.293 |      -63.9 |    480 | fdct_zigzag.dct_mod.dct_block_6.dct_unit_5.macu.mult_res\[18\]$_DFFE_PP_/D
iter:239, pass:3, current fixing endpoint: fdct_zigzag.dct_mod.dct_block_2.dct_unit_5.macu.mult_res\[18\]$_DFFE_PP_/D, endpoint slack:-2.1573343e-10
      240 |       5 |      50 |       26 |      3 |    38 |   -0.293 |      -63.8 |    480 | fdct_zigzag.dct_mod.dct_block_6.dct_unit_5.macu.mult_res\[18\]$_DFFE_PP_/D
iter:240, pass:4, current fixing endpoint: fdct_zigzag.dct_mod.dct_block_2.dct_unit_5.macu.mult_res\[18\]$_DFFE_PP_/D, endpoint slack:-2.1145719e-10
      241 |       5 |      51 |       26 |      3 |    38 |   -0.293 |      -63.9 |    480 | fdct_zigzag.dct_mod.dct_block_6.dct_unit_5.macu.mult_res\[18\]$_DFFE_PP_/D
iter:241, pass:5, current fixing endpoint: fdct_zigzag.dct_mod.dct_block_2.dct_unit_5.macu.mult_res\[18\]$_DFFE_PP_/D, endpoint slack:-2.101257e-10
      242 |       5 |      52 |       26 |      3 |    38 |   -0.293 |      -63.9 |    480 | fdct_zigzag.dct_mod.dct_block_6.dct_unit_5.macu.mult_res\[18\]$_DFFE_PP_/D
iter:242, pass:6, current fixing endpoint: fdct_zigzag.dct_mod.dct_block_2.dct_unit_5.macu.mult_res\[18\]$_DFFE_PP_/D, endpoint slack:-2.0469926e-10
      243 |       5 |      52 |       26 |      3 |    39 |   -0.293 |      -63.9 |    480 | fdct_zigzag.dct_mod.dct_block_6.dct_unit_5.macu.mult_res\[18\]$_DFFE_PP_/D
iter:243, pass:7, current fixing endpoint: fdct_zigzag.dct_mod.dct_block_2.dct_unit_5.macu.mult_res\[18\]$_DFFE_PP_/D, endpoint slack:-2.0437152e-10
      244 |       5 |      53 |       26 |      3 |    39 |   -0.293 |      -63.7 |    480 | fdct_zigzag.dct_mod.dct_block_6.dct_unit_5.macu.mult_res\[18\]$_DFFE_PP_/D
iter:244, pass:8, current fixing endpoint: fdct_zigzag.dct_mod.dct_block_2.dct_unit_5.macu.mult_res\[18\]$_DFFE_PP_/D, endpoint slack:-2.05291e-10
      245 |       5 |      53 |       29 |      3 |    39 |   -0.293 |      -63.6 |    480 | fdct_zigzag.dct_mod.dct_block_6.dct_unit_5.macu.mult_res\[18\]$_DFFE_PP_/D
iter:245, pass:9, current fixing endpoint: fdct_zigzag.dct_mod.dct_block_2.dct_unit_5.macu.mult_res\[18\]$_DFFE_PP_/D, endpoint slack:-1.9923885e-10
      246 |       5 |      53 |       31 |      3 |    39 |   -0.293 |      -63.6 |    480 | fdct_zigzag.dct_mod.dct_block_6.dct_unit_5.macu.mult_res\[18\]$_DFFE_PP_/D
iter:246, pass:10, current fixing endpoint: fdct_zigzag.dct_mod.dct_block_2.dct_unit_5.macu.mult_res\[18\]$_DFFE_PP_/D, endpoint slack:-1.9446167e-10
      247 |       5 |      54 |       31 |      3 |    39 |   -0.293 |      -63.6 |    480 | fdct_zigzag.dct_mod.dct_block_6.dct_unit_5.macu.mult_res\[18\]$_DFFE_PP_/D
iter:247, pass:11, current fixing endpoint: fdct_zigzag.dct_mod.dct_block_2.dct_unit_5.macu.mult_res\[18\]$_DFFE_PP_/D, endpoint slack:-1.8802815e-10
      248 |       5 |      55 |       31 |      3 |    39 |   -0.293 |      -63.6 |    480 | fdct_zigzag.dct_mod.dct_block_6.dct_unit_5.macu.mult_res\[18\]$_DFFE_PP_/D
iter:248, pass:12, current fixing endpoint: fdct_zigzag.dct_mod.dct_block_2.dct_unit_5.macu.mult_res\[18\]$_DFFE_PP_/D, endpoint slack:-1.9145607e-10
      249 |       5 |      55 |       31 |      3 |    40 |   -0.293 |      -63.6 |    480 | fdct_zigzag.dct_mod.dct_block_6.dct_unit_5.macu.mult_res\[18\]$_DFFE_PP_/D
iter:249, pass:13, current fixing endpoint: fdct_zigzag.dct_mod.dct_block_2.dct_unit_5.macu.mult_res\[18\]$_DFFE_PP_/D, endpoint slack:-1.8953228e-10
      250 |       5 |      56 |       31 |      3 |    40 |   -0.293 |      -63.6 |    480 | fdct_zigzag.dct_mod.dct_block_6.dct_unit_5.macu.mult_res\[18\]$_DFFE_PP_/D
iter:250, pass:14, current fixing endpoint: fdct_zigzag.dct_mod.dct_block_2.dct_unit_5.macu.mult_res\[18\]$_DFFE_PP_/D, endpoint slack:-1.8630286e-10
      251 |       5 |      56 |       31 |      3 |    41 |   -0.293 |      -63.6 |    480 | fdct_zigzag.dct_mod.dct_block_6.dct_unit_5.macu.mult_res\[18\]$_DFFE_PP_/D
iter:251, pass:15, current fixing endpoint: fdct_zigzag.dct_mod.dct_block_2.dct_unit_5.macu.mult_res\[18\]$_DFFE_PP_/D, endpoint slack:-1.8839119e-10
      252 |       5 |      57 |       31 |      3 |    41 |   -0.293 |      -63.6 |    480 | fdct_zigzag.dct_mod.dct_block_6.dct_unit_5.macu.mult_res\[18\]$_DFFE_PP_/D
iter:252, pass:16, current fixing endpoint: fdct_zigzag.dct_mod.dct_block_2.dct_unit_5.macu.mult_res\[18\]$_DFFE_PP_/D, endpoint slack:-1.8870183e-10
      253 |       5 |      57 |       31 |      3 |    42 |   -0.293 |      -63.6 |    480 | fdct_zigzag.dct_mod.dct_block_6.dct_unit_5.macu.mult_res\[18\]$_DFFE_PP_/D
iter:253, pass:17, current fixing endpoint: fdct_zigzag.dct_mod.dct_block_2.dct_unit_5.macu.mult_res\[18\]$_DFFE_PP_/D, endpoint slack:-1.84316e-10
      254 |       5 |      57 |       31 |      3 |    43 |   -0.293 |      -63.6 |    480 | fdct_zigzag.dct_mod.dct_block_6.dct_unit_5.macu.mult_res\[18\]$_DFFE_PP_/D
iter:254, pass:18, current fixing endpoint: fdct_zigzag.dct_mod.dct_block_2.dct_unit_5.macu.mult_res\[18\]$_DFFE_PP_/D, endpoint slack:-1.852063e-10
      255 |       5 |      58 |       31 |      3 |    43 |   -0.293 |      -63.6 |    480 | fdct_zigzag.dct_mod.dct_block_6.dct_unit_5.macu.mult_res\[18\]$_DFFE_PP_/D
iter:255, pass:19, current fixing endpoint: fdct_zigzag.dct_mod.dct_block_2.dct_unit_5.macu.mult_res\[18\]$_DFFE_PP_/D, endpoint slack:-1.8326107e-10
      256 |       5 |      58 |       31 |      3 |    44 |   -0.293 |      -63.6 |    480 | fdct_zigzag.dct_mod.dct_block_6.dct_unit_5.macu.mult_res\[18\]$_DFFE_PP_/D
iter:256, pass:20, current fixing endpoint: fdct_zigzag.dct_mod.dct_block_2.dct_unit_5.macu.mult_res\[18\]$_DFFE_PP_/D, endpoint slack:-1.7897572e-10
      257 |       5 |      58 |       31 |      3 |    45 |   -0.293 |      -63.6 |    480 | fdct_zigzag.dct_mod.dct_block_6.dct_unit_5.macu.mult_res\[18\]$_DFFE_PP_/D
iter:257, pass:21, current fixing endpoint: fdct_zigzag.dct_mod.dct_block_2.dct_unit_5.macu.mult_res\[18\]$_DFFE_PP_/D, endpoint slack:-1.7831969e-10
      258 |       5 |      59 |       31 |      3 |    45 |   -0.293 |      -63.6 |    480 | fdct_zigzag.dct_mod.dct_block_6.dct_unit_5.macu.mult_res\[18\]$_DFFE_PP_/D
iter:258, pass:22, current fixing endpoint: fdct_zigzag.dct_mod.dct_block_2.dct_unit_5.macu.mult_res\[18\]$_DFFE_PP_/D, endpoint slack:-1.7746771e-10
      259 |       5 |      60 |       31 |      3 |    45 |   -0.293 |      -63.5 |    480 | fdct_zigzag.dct_mod.dct_block_6.dct_unit_5.macu.mult_res\[18\]$_DFFE_PP_/D
iter:259, pass:23, current fixing endpoint: fdct_zigzag.dct_mod.dct_block_2.dct_unit_5.macu.mult_res\[18\]$_DFFE_PP_/D, endpoint slack:-1.7737922e-10
      260 |       5 |      60 |       31 |      3 |    46 |   -0.293 |      -63.5 |    480 | fdct_zigzag.dct_mod.dct_block_6.dct_unit_5.macu.mult_res\[18\]$_DFFE_PP_/D
iter:260, pass:24, current fixing endpoint: fdct_zigzag.dct_mod.dct_block_2.dct_unit_5.macu.mult_res\[18\]$_DFFE_PP_/D, endpoint slack:-1.7699198e-10
      261 |       5 |      61 |       31 |      3 |    46 |   -0.293 |      -63.6 |    480 | fdct_zigzag.dct_mod.dct_block_6.dct_unit_5.macu.mult_res\[18\]$_DFFE_PP_/D
iter:261, pass:25, current fixing endpoint: fdct_zigzag.dct_mod.dct_block_2.dct_unit_5.macu.mult_res\[18\]$_DFFE_PP_/D, endpoint slack:-1.7774138e-10
      262 |       5 |      61 |       34 |      3 |    46 |   -0.293 |      -63.5 |    480 | fdct_zigzag.dct_mod.dct_block_6.dct_unit_5.macu.mult_res\[18\]$_DFFE_PP_/D
iter:262, pass:26, current fixing endpoint: fdct_zigzag.dct_mod.dct_block_2.dct_unit_5.macu.mult_res\[18\]$_DFFE_PP_/D, endpoint slack:-1.7668034e-10
      263 |       5 |      61 |       34 |      3 |    47 |   -0.293 |      -63.5 |    480 | fdct_zigzag.dct_mod.dct_block_6.dct_unit_5.macu.mult_res\[18\]$_DFFE_PP_/D
iter:263, pass:27, current fixing endpoint: fdct_zigzag.dct_mod.dct_block_2.dct_unit_5.macu.mult_res\[18\]$_DFFE_PP_/D, endpoint slack:-1.7323765e-10
      264 |       5 |      62 |       34 |      3 |    47 |   -0.293 |      -63.4 |    480 | fdct_zigzag.dct_mod.dct_block_6.dct_unit_5.macu.mult_res\[18\]$_DFFE_PP_/D
iter:264, pass:28, current fixing endpoint: fdct_zigzag.dct_mod.dct_block_2.dct_unit_5.macu.mult_res\[18\]$_DFFE_PP_/D, endpoint slack:-1.71547e-10
      265 |       5 |      63 |       34 |      3 |    47 |   -0.293 |      -64.0 |    480 | fdct_zigzag.dct_mod.dct_block_6.dct_unit_5.macu.mult_res\[18\]$_DFFE_PP_/D
iter:265, pass:29, current fixing endpoint: fdct_zigzag.dct_mod.dct_block_2.dct_unit_5.macu.mult_res\[18\]$_DFFE_PP_/D, endpoint slack:-1.7007784e-10
      266 |       5 |      64 |       34 |      3 |    47 |   -0.293 |      -64.0 |    480 | fdct_zigzag.dct_mod.dct_block_6.dct_unit_5.macu.mult_res\[18\]$_DFFE_PP_/D
iter:266, pass:30, current fixing endpoint: fdct_zigzag.dct_mod.dct_block_2.dct_unit_5.macu.mult_res\[18\]$_DFFE_PP_/D, endpoint slack:-1.6900781e-10
      267 |       5 |      65 |       34 |      3 |    47 |   -0.293 |      -64.0 |    480 | fdct_zigzag.dct_mod.dct_block_6.dct_unit_5.macu.mult_res\[18\]$_DFFE_PP_/D
iter:267, pass:31, current fixing endpoint: fdct_zigzag.dct_mod.dct_block_2.dct_unit_5.macu.mult_res\[18\]$_DFFE_PP_/D, endpoint slack:-1.6734358e-10
      268 |       5 |      66 |       34 |      3 |    47 |   -0.293 |      -64.0 |    480 | fdct_zigzag.dct_mod.dct_block_6.dct_unit_5.macu.mult_res\[18\]$_DFFE_PP_/D
iter:268, pass:32, current fixing endpoint: fdct_zigzag.dct_mod.dct_block_2.dct_unit_5.macu.mult_res\[18\]$_DFFE_PP_/D, endpoint slack:-1.6480728e-10
      269 |       6 |      66 |       34 |      3 |    47 |   -0.293 |      -63.9 |    480 | fdct_zigzag.dct_mod.dct_block_6.dct_unit_5.macu.mult_res\[18\]$_DFFE_PP_/D
iter:269, pass:33, current fixing endpoint: fdct_zigzag.dct_mod.dct_block_2.dct_unit_5.macu.mult_res\[18\]$_DFFE_PP_/D, endpoint slack:-1.6217327e-10
      270 |       6 |      67 |       34 |      3 |    47 |   -0.293 |      -63.9 |    480 | fdct_zigzag.dct_mod.dct_block_6.dct_unit_5.macu.mult_res\[18\]$_DFFE_PP_/D
iter:270, pass:34, current fixing endpoint: fdct_zigzag.dct_mod.dct_block_2.dct_unit_5.macu.mult_res\[18\]$_DFFE_PP_/D, endpoint slack:-1.6196988e-10
      271 |       6 |      68 |       34 |      3 |    47 |   -0.293 |      -63.9 |    480 | fdct_zigzag.dct_mod.dct_block_6.dct_unit_5.macu.mult_res\[18\]$_DFFE_PP_/D
iter:271, pass:35, current fixing endpoint: fdct_zigzag.dct_mod.dct_block_2.dct_unit_5.macu.mult_res\[18\]$_DFFE_PP_/D, endpoint slack:-1.6137569e-10
      272 |       6 |      68 |       34 |      3 |    48 |   -0.293 |      -63.9 |    480 | fdct_zigzag.dct_mod.dct_block_6.dct_unit_5.macu.mult_res\[18\]$_DFFE_PP_/D
iter:272, pass:36, current fixing endpoint: fdct_zigzag.dct_mod.dct_block_2.dct_unit_5.macu.mult_res\[18\]$_DFFE_PP_/D, endpoint slack:-1.616407e-10
      273 |       7 |      68 |       34 |      3 |    48 |   -0.293 |      -64.0 |    480 | fdct_zigzag.dct_mod.dct_block_6.dct_unit_5.macu.mult_res\[18\]$_DFFE_PP_/D
iter:273, pass:37, current fixing endpoint: fdct_zigzag.dct_mod.dct_block_2.dct_unit_5.macu.mult_res\[18\]$_DFFE_PP_/D, endpoint slack:-1.8324531e-10
      274 |       7 |      68 |       36 |      3 |    48 |   -0.293 |      -63.9 |    480 | fdct_zigzag.dct_mod.dct_block_6.dct_unit_5.macu.mult_res\[18\]$_DFFE_PP_/D
iter:274, pass:38, current fixing endpoint: fdct_zigzag.dct_mod.dct_block_2.dct_unit_5.macu.mult_res\[18\]$_DFFE_PP_/D, endpoint slack:-1.611693e-10
      275 |       7 |      68 |       36 |      3 |    49 |   -0.293 |      -63.9 |    480 | fdct_zigzag.dct_mod.dct_block_6.dct_unit_5.macu.mult_res\[18\]$_DFFE_PP_/D
iter:275, pass:39, current fixing endpoint: fdct_zigzag.dct_mod.dct_block_2.dct_unit_5.macu.mult_res\[18\]$_DFFE_PP_/D, endpoint slack:-1.6379398e-10
      276 |       7 |      69 |       36 |      3 |    49 |   -0.293 |      -64.0 |    480 | fdct_zigzag.dct_mod.dct_block_6.dct_unit_5.macu.mult_res\[18\]$_DFFE_PP_/D
iter:276, pass:40, current fixing endpoint: fdct_zigzag.dct_mod.dct_block_2.dct_unit_5.macu.mult_res\[18\]$_DFFE_PP_/D, endpoint slack:-1.6324364e-10
      277 |       7 |      69 |       36 |      3 |    50 |   -0.293 |      -64.0 |    480 | fdct_zigzag.dct_mod.dct_block_6.dct_unit_5.macu.mult_res\[18\]$_DFFE_PP_/D
iter:277, pass:41, current fixing endpoint: fdct_zigzag.dct_mod.dct_block_2.dct_unit_5.macu.mult_res\[18\]$_DFFE_PP_/D, endpoint slack:-1.6585855e-10
      278 |       7 |      70 |       36 |      3 |    50 |   -0.293 |      -64.0 |    480 | fdct_zigzag.dct_mod.dct_block_6.dct_unit_5.macu.mult_res\[18\]$_DFFE_PP_/D
iter:278, pass:42, current fixing endpoint: fdct_zigzag.dct_mod.dct_block_2.dct_unit_5.macu.mult_res\[18\]$_DFFE_PP_/D, endpoint slack:-1.6325119e-10
      279 |       7 |      71 |       36 |      3 |    50 |   -0.293 |      -64.0 |    480 | fdct_zigzag.dct_mod.dct_block_6.dct_unit_5.macu.mult_res\[18\]$_DFFE_PP_/D
iter:279, pass:43, current fixing endpoint: fdct_zigzag.dct_mod.dct_block_2.dct_unit_5.macu.mult_res\[18\]$_DFFE_PP_/D, endpoint slack:-1.6573143e-10
      280 |       7 |      71 |       36 |      3 |    51 |   -0.293 |      -64.0 |    480 | fdct_zigzag.dct_mod.dct_block_6.dct_unit_5.macu.mult_res\[18\]$_DFFE_PP_/D
iter:280, pass:44, current fixing endpoint: fdct_zigzag.dct_mod.dct_block_2.dct_unit_5.macu.mult_res\[18\]$_DFFE_PP_/D, endpoint slack:-1.7140067e-10
      281 |       7 |      72 |       36 |      3 |    51 |   -0.293 |      -63.5 |    480 | fdct_zigzag.dct_mod.dct_block_6.dct_unit_5.macu.mult_res\[18\]$_DFFE_PP_/D
iter:281, pass:45, current fixing endpoint: fdct_zigzag.dct_mod.dct_block_2.dct_unit_5.macu.mult_res\[18\]$_DFFE_PP_/D, endpoint slack:-1.6842372e-10
      282 |       7 |      73 |       36 |      3 |    51 |   -0.293 |      -63.5 |    480 | fdct_zigzag.dct_mod.dct_block_6.dct_unit_5.macu.mult_res\[18\]$_DFFE_PP_/D
iter:282, pass:46, current fixing endpoint: fdct_zigzag.dct_mod.dct_block_2.dct_unit_5.macu.mult_res\[18\]$_DFFE_PP_/D, endpoint slack:-1.6802337e-10
      283 |       7 |      74 |       36 |      3 |    51 |   -0.293 |      -63.5 |    480 | fdct_zigzag.dct_mod.dct_block_6.dct_unit_5.macu.mult_res\[18\]$_DFFE_PP_/D
iter:283, pass:47, current fixing endpoint: fdct_zigzag.dct_mod.dct_block_2.dct_unit_5.macu.mult_res\[18\]$_DFFE_PP_/D, endpoint slack:-1.6593316e-10
      284 |       7 |      75 |       36 |      3 |    51 |   -0.293 |      -63.5 |    480 | fdct_zigzag.dct_mod.dct_block_6.dct_unit_5.macu.mult_res\[18\]$_DFFE_PP_/D
iter:284, pass:48, current fixing endpoint: fdct_zigzag.dct_mod.dct_block_2.dct_unit_5.macu.mult_res\[18\]$_DFFE_PP_/D, endpoint slack:-1.6794044e-10
      285 |       7 |      76 |       36 |      3 |    51 |   -0.293 |      -63.5 |    480 | fdct_zigzag.dct_mod.dct_block_6.dct_unit_5.macu.mult_res\[18\]$_DFFE_PP_/D
iter:285, pass:49, current fixing endpoint: fdct_zigzag.dct_mod.dct_block_2.dct_unit_5.macu.mult_res\[18\]$_DFFE_PP_/D, endpoint slack:-1.6945756e-10
      286 |       7 |      77 |       36 |      3 |    51 |   -0.293 |      -63.5 |    480 | fdct_zigzag.dct_mod.dct_block_6.dct_unit_5.macu.mult_res\[18\]$_DFFE_PP_/D
iter:286, pass:50, current fixing endpoint: fdct_zigzag.dct_mod.dct_block_2.dct_unit_5.macu.mult_res\[18\]$_DFFE_PP_/D, endpoint slack:-1.6870505e-10
      287 |       7 |      78 |       36 |      3 |    51 |   -0.293 |      -63.5 |    480 | fdct_zigzag.dct_mod.dct_block_6.dct_unit_5.macu.mult_res\[18\]$_DFFE_PP_/D
iter:287, pass:51, current fixing endpoint: fdct_zigzag.dct_mod.dct_block_2.dct_unit_5.macu.mult_res\[18\]$_DFFE_PP_/D, endpoint slack:-1.7009538e-10
      288 |       7 |      79 |       36 |      3 |    51 |   -0.293 |      -63.6 |    480 | fdct_zigzag.dct_mod.dct_block_6.dct_unit_5.macu.mult_res\[18\]$_DFFE_PP_/D
iter:288, pass:52, current fixing endpoint: fdct_zigzag.dct_mod.dct_block_2.dct_unit_5.macu.mult_res\[18\]$_DFFE_PP_/D, endpoint slack:-1.6777302e-10
      289 |       7 |      80 |       36 |      3 |    51 |   -0.293 |      -64.2 |    480 | fdct_zigzag.dct_mod.dct_block_6.dct_unit_5.macu.mult_res\[18\]$_DFFE_PP_/D
iter:289, pass:53, current fixing endpoint: fdct_zigzag.dct_mod.dct_block_2.dct_unit_5.macu.mult_res\[18\]$_DFFE_PP_/D, endpoint slack:-1.6918522e-10
      290 |       7 |      80 |       36 |      3 |    52 |   -0.293 |      -64.2 |    480 | fdct_zigzag.dct_mod.dct_block_6.dct_unit_5.macu.mult_res\[18\]$_DFFE_PP_/D
iter:290, pass:54, current fixing endpoint: fdct_zigzag.dct_mod.dct_block_2.dct_unit_5.macu.mult_res\[18\]$_DFFE_PP_/D, endpoint slack:-1.6775026e-10
      291 |       7 |      80 |       36 |      3 |    53 |   -0.293 |      -64.2 |    480 | fdct_zigzag.dct_mod.dct_block_6.dct_unit_5.macu.mult_res\[18\]$_DFFE_PP_/D
iter:291, pass:55, current fixing endpoint: fdct_zigzag.dct_mod.dct_block_2.dct_unit_5.macu.mult_res\[18\]$_DFFE_PP_/D, endpoint slack:-1.6790958e-10
      292 |       7 |      81 |       36 |      3 |    53 |   -0.293 |      -64.2 |    480 | fdct_zigzag.dct_mod.dct_block_6.dct_unit_5.macu.mult_res\[18\]$_DFFE_PP_/D
iter:292, pass:56, current fixing endpoint: fdct_zigzag.dct_mod.dct_block_2.dct_unit_5.macu.mult_res\[18\]$_DFFE_PP_/D, endpoint slack:-1.7176582e-10
      293 |       7 |      82 |       36 |      3 |    53 |   -0.293 |      -64.2 |    480 | fdct_zigzag.dct_mod.dct_block_6.dct_unit_5.macu.mult_res\[18\]$_DFFE_PP_/D
iter:293, pass:57, current fixing endpoint: fdct_zigzag.dct_mod.dct_block_2.dct_unit_5.macu.mult_res\[18\]$_DFFE_PP_/D, endpoint slack:-1.5885881e-10
      294 |       7 |      83 |       36 |      3 |    53 |   -0.293 |      -64.5 |    480 | fdct_zigzag.dct_mod.dct_block_6.dct_unit_5.macu.mult_res\[18\]$_DFFE_PP_/D
iter:294, pass:58, current fixing endpoint: fdct_zigzag.dct_mod.dct_block_2.dct_unit_5.macu.mult_res\[18\]$_DFFE_PP_/D, endpoint slack:-1.5957269e-10
      295 |       7 |      83 |       36 |      3 |    54 |   -0.293 |      -64.5 |    480 | fdct_zigzag.dct_mod.dct_block_6.dct_unit_5.macu.mult_res\[18\]$_DFFE_PP_/D
iter:295, pass:59, current fixing endpoint: fdct_zigzag.dct_mod.dct_block_2.dct_unit_5.macu.mult_res\[18\]$_DFFE_PP_/D, endpoint slack:-1.6010515e-10
      296 |       7 |      84 |       36 |      3 |    54 |   -0.293 |      -64.5 |    480 | fdct_zigzag.dct_mod.dct_block_6.dct_unit_5.macu.mult_res\[18\]$_DFFE_PP_/D
iter:296, pass:60, current fixing endpoint: fdct_zigzag.dct_mod.dct_block_2.dct_unit_5.macu.mult_res\[18\]$_DFFE_PP_/D, endpoint slack:-1.6154555e-10
      297 |       7 |      85 |       36 |      3 |    54 |   -0.293 |      -63.9 |    480 | fdct_zigzag.dct_mod.dct_block_6.dct_unit_5.macu.mult_res\[18\]$_DFFE_PP_/D
iter:297, pass:61, current fixing endpoint: fdct_zigzag.dct_mod.dct_block_2.dct_unit_5.macu.mult_res\[18\]$_DFFE_PP_/D, endpoint slack:-1.5808388e-10
      298 |       7 |      86 |       36 |      3 |    54 |   -0.293 |      -63.9 |    480 | fdct_zigzag.dct_mod.dct_block_6.dct_unit_5.macu.mult_res\[18\]$_DFFE_PP_/D
iter:298, pass:62, current fixing endpoint: fdct_zigzag.dct_mod.dct_block_2.dct_unit_5.macu.mult_res\[18\]$_DFFE_PP_/D, endpoint slack:-1.5994284e-10
      299 |       7 |      87 |       36 |      3 |    54 |   -0.293 |      -63.9 |    480 | fdct_zigzag.dct_mod.dct_block_6.dct_unit_5.macu.mult_res\[18\]$_DFFE_PP_/D
iter:299, pass:63, current fixing endpoint: fdct_zigzag.dct_mod.dct_block_2.dct_unit_5.macu.mult_res\[18\]$_DFFE_PP_/D, endpoint slack:-1.5995838e-10
      300 |       7 |      88 |       36 |      3 |    54 |   -0.293 |      -63.9 |    480 | fdct_zigzag.dct_mod.dct_block_6.dct_unit_5.macu.mult_res\[18\]$_DFFE_PP_/D
iter:300, pass:64, current fixing endpoint: fdct_zigzag.dct_mod.dct_block_2.dct_unit_5.macu.mult_res\[18\]$_DFFE_PP_/D, endpoint slack:-1.5894996e-10
      301 |       7 |      88 |       36 |      4 |    54 |   -0.293 |      -63.9 |    480 | fdct_zigzag.dct_mod.dct_block_6.dct_unit_5.macu.mult_res\[18\]$_DFFE_PP_/D
iter:301, pass:65, current fixing endpoint: fdct_zigzag.dct_mod.dct_block_2.dct_unit_5.macu.mult_res\[18\]$_DFFE_PP_/D, endpoint slack:-1.6216917e-10
      302 |       7 |      89 |       36 |      4 |    54 |   -0.293 |      -64.0 |    480 | fdct_zigzag.dct_mod.dct_block_6.dct_unit_5.macu.mult_res\[18\]$_DFFE_PP_/D
iter:302, pass:66, current fixing endpoint: fdct_zigzag.dct_mod.dct_block_2.dct_unit_5.macu.mult_res\[18\]$_DFFE_PP_/D, endpoint slack:-1.6399127e-10
      303 |       7 |      90 |       36 |      4 |    54 |   -0.293 |      -64.0 |    480 | fdct_zigzag.dct_mod.dct_block_6.dct_unit_5.macu.mult_res\[18\]$_DFFE_PP_/D
iter:303, pass:67, current fixing endpoint: fdct_zigzag.dct_mod.dct_block_2.dct_unit_5.macu.mult_res\[18\]$_DFFE_PP_/D, endpoint slack:-1.6345303e-10
      304 |       7 |      91 |       36 |      4 |    54 |   -0.293 |      -64.0 |    480 | fdct_zigzag.dct_mod.dct_block_6.dct_unit_5.macu.mult_res\[18\]$_DFFE_PP_/D
iter:304, pass:68, current fixing endpoint: fdct_zigzag.dct_mod.dct_block_2.dct_unit_5.macu.mult_res\[18\]$_DFFE_PP_/D, endpoint slack:-1.5981494e-10
      305 |       7 |      92 |       36 |      4 |    54 |   -0.293 |      -64.0 |    480 | fdct_zigzag.dct_mod.dct_block_6.dct_unit_5.macu.mult_res\[18\]$_DFFE_PP_/D
iter:305, pass:69, current fixing endpoint: fdct_zigzag.dct_mod.dct_block_2.dct_unit_5.macu.mult_res\[18\]$_DFFE_PP_/D, endpoint slack:-1.6109569e-10
      306 |       7 |      92 |       36 |      4 |    55 |   -0.293 |      -64.0 |    480 | fdct_zigzag.dct_mod.dct_block_6.dct_unit_5.macu.mult_res\[18\]$_DFFE_PP_/D
iter:306, pass:70, current fixing endpoint: fdct_zigzag.dct_mod.dct_block_2.dct_unit_5.macu.mult_res\[18\]$_DFFE_PP_/D, endpoint slack:-1.6345514e-10
      306 |       7 |      83 |       36 |      3 |    53 |   -0.293 |      -64.2 |    480 | fdct_zigzag.dct_mod.dct_block_6.dct_unit_5.macu.mult_res\[18\]$_DFFE_PP_/D
      307 |       7 |      83 |       36 |      3 |    53 |   -0.293 |      -64.2 |    480 | fdct_zigzag.dct_mod.dct_block_6.dct_unit_5.macu.mult_res\[18\]$_DFFE_PP_/D
iter:307, pass:1, current fixing endpoint: fdct_zigzag.dct_mod.dct_block_1.dct_unit_1.macu.mult_res\[18\]$_DFFE_PP_/D, endpoint slack:-2.7040314e-10
      308 |       7 |      83 |       36 |      4 |    53 |   -0.300 |      -65.6 |    480 | fdct_zigzag.dct_mod.dct_block_6.dct_unit_5.macu.mult_res\[18\]$_DFFE_PP_/D
iter:308, pass:2, current fixing endpoint: fdct_zigzag.dct_mod.dct_block_1.dct_unit_1.macu.mult_res\[18\]$_DFFE_PP_/D, endpoint slack:-2.585584e-10
      309 |       7 |      84 |       36 |      4 |    53 |   -0.300 |      -65.5 |    480 | fdct_zigzag.dct_mod.dct_block_6.dct_unit_5.macu.mult_res\[18\]$_DFFE_PP_/D
iter:309, pass:3, current fixing endpoint: fdct_zigzag.dct_mod.dct_block_1.dct_unit_1.macu.mult_res\[18\]$_DFFE_PP_/D, endpoint slack:-2.5086389e-10
      310 |       7 |      85 |       36 |      4 |    53 |   -0.300 |      -65.5 |    480 | fdct_zigzag.dct_mod.dct_block_6.dct_unit_5.macu.mult_res\[18\]$_DFFE_PP_/D
iter:310, pass:4, current fixing endpoint: fdct_zigzag.dct_mod.dct_block_1.dct_unit_1.macu.mult_res\[18\]$_DFFE_PP_/D, endpoint slack:-2.4934754e-10
      311 |       7 |      86 |       36 |      4 |    53 |   -0.308 |      -67.0 |    480 | fdct_zigzag.dct_mod.dct_block_6.dct_unit_5.macu.mult_res\[18\]$_DFFE_PP_/D
iter:311, pass:5, current fixing endpoint: fdct_zigzag.dct_mod.dct_block_1.dct_unit_1.macu.mult_res\[18\]$_DFFE_PP_/D, endpoint slack:-2.601851e-10
      312 |       7 |      87 |       36 |      4 |    53 |   -0.308 |      -67.0 |    480 | fdct_zigzag.dct_mod.dct_block_6.dct_unit_5.macu.mult_res\[18\]$_DFFE_PP_/D
iter:312, pass:6, current fixing endpoint: fdct_zigzag.dct_mod.dct_block_1.dct_unit_1.macu.mult_res\[18\]$_DFFE_PP_/D, endpoint slack:-2.5452718e-10
      313 |       7 |      87 |       36 |      4 |    54 |   -0.308 |      -67.0 |    480 | fdct_zigzag.dct_mod.dct_block_6.dct_unit_5.macu.mult_res\[18\]$_DFFE_PP_/D
iter:313, pass:7, current fixing endpoint: fdct_zigzag.dct_mod.dct_block_1.dct_unit_1.macu.mult_res\[18\]$_DFFE_PP_/D, endpoint slack:-2.5133107e-10
      314 |       7 |      88 |       36 |      4 |    54 |   -0.308 |      -67.0 |    480 | fdct_zigzag.dct_mod.dct_block_6.dct_unit_5.macu.mult_res\[18\]$_DFFE_PP_/D
iter:314, pass:8, current fixing endpoint: fdct_zigzag.dct_mod.dct_block_1.dct_unit_1.macu.mult_res\[18\]$_DFFE_PP_/D, endpoint slack:-2.4589075e-10
      315 |       7 |      88 |       38 |      4 |    54 |   -0.308 |      -67.0 |    480 | fdct_zigzag.dct_mod.dct_block_6.dct_unit_5.macu.mult_res\[18\]$_DFFE_PP_/D
iter:315, pass:9, current fixing endpoint: fdct_zigzag.dct_mod.dct_block_1.dct_unit_1.macu.mult_res\[18\]$_DFFE_PP_/D, endpoint slack:-2.4554325e-10
      316 |       7 |      88 |       38 |      4 |    55 |   -0.308 |      -67.0 |    480 | fdct_zigzag.dct_mod.dct_block_6.dct_unit_5.macu.mult_res\[18\]$_DFFE_PP_/D
iter:316, pass:10, current fixing endpoint: fdct_zigzag.dct_mod.dct_block_1.dct_unit_1.macu.mult_res\[18\]$_DFFE_PP_/D, endpoint slack:-2.5735558e-10
      317 |       7 |      89 |       38 |      4 |    55 |   -0.308 |      -67.1 |    480 | fdct_zigzag.dct_mod.dct_block_6.dct_unit_5.macu.mult_res\[18\]$_DFFE_PP_/D
iter:317, pass:11, current fixing endpoint: fdct_zigzag.dct_mod.dct_block_1.dct_unit_1.macu.mult_res\[18\]$_DFFE_PP_/D, endpoint slack:-2.6367053e-10
      318 |       7 |      89 |       38 |      4 |    56 |   -0.308 |      -67.1 |    480 | fdct_zigzag.dct_mod.dct_block_6.dct_unit_5.macu.mult_res\[18\]$_DFFE_PP_/D
iter:318, pass:12, current fixing endpoint: fdct_zigzag.dct_mod.dct_block_1.dct_unit_1.macu.mult_res\[18\]$_DFFE_PP_/D, endpoint slack:-2.6507274e-10
      319 |       7 |      89 |       38 |      4 |    57 |   -0.308 |      -67.1 |    480 | fdct_zigzag.dct_mod.dct_block_6.dct_unit_5.macu.mult_res\[18\]$_DFFE_PP_/D
iter:319, pass:13, current fixing endpoint: fdct_zigzag.dct_mod.dct_block_1.dct_unit_1.macu.mult_res\[18\]$_DFFE_PP_/D, endpoint slack:-2.607622e-10
      320 |       7 |      90 |       38 |      4 |    57 |   -0.308 |      -67.1 |    480 | fdct_zigzag.dct_mod.dct_block_6.dct_unit_5.macu.mult_res\[18\]$_DFFE_PP_/D
iter:320, pass:14, current fixing endpoint: fdct_zigzag.dct_mod.dct_block_1.dct_unit_1.macu.mult_res\[18\]$_DFFE_PP_/D, endpoint slack:-2.6019864e-10
      321 |       7 |      90 |       38 |      4 |    58 |   -0.308 |      -67.0 |    480 | fdct_zigzag.dct_mod.dct_block_6.dct_unit_5.macu.mult_res\[18\]$_DFFE_PP_/D
iter:321, pass:15, current fixing endpoint: fdct_zigzag.dct_mod.dct_block_1.dct_unit_1.macu.mult_res\[18\]$_DFFE_PP_/D, endpoint slack:-2.483379e-10
      322 |       7 |      91 |       38 |      4 |    58 |   -0.308 |      -67.1 |    480 | fdct_zigzag.dct_mod.dct_block_6.dct_unit_5.macu.mult_res\[18\]$_DFFE_PP_/D
iter:322, pass:16, current fixing endpoint: fdct_zigzag.dct_mod.dct_block_1.dct_unit_1.macu.mult_res\[18\]$_DFFE_PP_/D, endpoint slack:-2.5206537e-10
      323 |       7 |      91 |       38 |      4 |    59 |   -0.308 |      -67.1 |    480 | fdct_zigzag.dct_mod.dct_block_6.dct_unit_5.macu.mult_res\[18\]$_DFFE_PP_/D
iter:323, pass:17, current fixing endpoint: fdct_zigzag.dct_mod.dct_block_1.dct_unit_1.macu.mult_res\[18\]$_DFFE_PP_/D, endpoint slack:-2.5467506e-10
      324 |       7 |      92 |       38 |      4 |    59 |   -0.308 |      -67.1 |    480 | fdct_zigzag.dct_mod.dct_block_6.dct_unit_5.macu.mult_res\[18\]$_DFFE_PP_/D
iter:324, pass:18, current fixing endpoint: fdct_zigzag.dct_mod.dct_block_1.dct_unit_1.macu.mult_res\[18\]$_DFFE_PP_/D, endpoint slack:-2.528202e-10
      325 |       7 |      92 |       38 |      4 |    60 |   -0.308 |      -67.1 |    480 | fdct_zigzag.dct_mod.dct_block_6.dct_unit_5.macu.mult_res\[18\]$_DFFE_PP_/D
iter:325, pass:19, current fixing endpoint: fdct_zigzag.dct_mod.dct_block_1.dct_unit_1.macu.mult_res\[18\]$_DFFE_PP_/D, endpoint slack:-2.5485947e-10
      326 |       7 |      93 |       38 |      4 |    60 |   -0.308 |      -67.1 |    480 | fdct_zigzag.dct_mod.dct_block_6.dct_unit_5.macu.mult_res\[18\]$_DFFE_PP_/D
iter:326, pass:20, current fixing endpoint: fdct_zigzag.dct_mod.dct_block_1.dct_unit_1.macu.mult_res\[18\]$_DFFE_PP_/D, endpoint slack:-2.532332e-10
      327 |       7 |      93 |       38 |      4 |    61 |   -0.308 |      -67.1 |    480 | fdct_zigzag.dct_mod.dct_block_6.dct_unit_5.macu.mult_res\[18\]$_DFFE_PP_/D
iter:327, pass:21, current fixing endpoint: fdct_zigzag.dct_mod.dct_block_1.dct_unit_1.macu.mult_res\[18\]$_DFFE_PP_/D, endpoint slack:-2.5573366e-10
      328 |       7 |      94 |       38 |      4 |    61 |   -0.308 |      -67.1 |    480 | fdct_zigzag.dct_mod.dct_block_6.dct_unit_5.macu.mult_res\[18\]$_DFFE_PP_/D
iter:328, pass:22, current fixing endpoint: fdct_zigzag.dct_mod.dct_block_1.dct_unit_1.macu.mult_res\[18\]$_DFFE_PP_/D, endpoint slack:-2.528031e-10
      329 |       7 |      94 |       38 |      4 |    62 |   -0.308 |      -67.1 |    480 | fdct_zigzag.dct_mod.dct_block_6.dct_unit_5.macu.mult_res\[18\]$_DFFE_PP_/D
iter:329, pass:23, current fixing endpoint: fdct_zigzag.dct_mod.dct_block_1.dct_unit_1.macu.mult_res\[18\]$_DFFE_PP_/D, endpoint slack:-2.493432e-10
      330 |       7 |      95 |       38 |      4 |    62 |   -0.308 |      -67.1 |    480 | fdct_zigzag.dct_mod.dct_block_6.dct_unit_5.macu.mult_res\[18\]$_DFFE_PP_/D
iter:330, pass:24, current fixing endpoint: fdct_zigzag.dct_mod.dct_block_1.dct_unit_1.macu.mult_res\[18\]$_DFFE_PP_/D, endpoint slack:-2.4711677e-10
      331 |       7 |      96 |       38 |      4 |    62 |   -0.308 |      -67.1 |    480 | fdct_zigzag.dct_mod.dct_block_6.dct_unit_5.macu.mult_res\[18\]$_DFFE_PP_/D
iter:331, pass:25, current fixing endpoint: fdct_zigzag.dct_mod.dct_block_1.dct_unit_1.macu.mult_res\[18\]$_DFFE_PP_/D, endpoint slack:-2.4318125e-10
      332 |       7 |      96 |       38 |      4 |    63 |   -0.308 |      -67.0 |    480 | fdct_zigzag.dct_mod.dct_block_6.dct_unit_5.macu.mult_res\[18\]$_DFFE_PP_/D
iter:332, pass:26, current fixing endpoint: fdct_zigzag.dct_mod.dct_block_1.dct_unit_1.macu.mult_res\[18\]$_DFFE_PP_/D, endpoint slack:-2.379461e-10
      333 |       7 |      97 |       38 |      4 |    63 |   -0.308 |      -67.0 |    480 | fdct_zigzag.dct_mod.dct_block_6.dct_unit_5.macu.mult_res\[18\]$_DFFE_PP_/D
iter:333, pass:27, current fixing endpoint: fdct_zigzag.dct_mod.dct_block_1.dct_unit_1.macu.mult_res\[18\]$_DFFE_PP_/D, endpoint slack:-2.368734e-10
      334 |       7 |      97 |       38 |      4 |    64 |   -0.308 |      -67.0 |    480 | fdct_zigzag.dct_mod.dct_block_6.dct_unit_5.macu.mult_res\[18\]$_DFFE_PP_/D
iter:334, pass:28, current fixing endpoint: fdct_zigzag.dct_mod.dct_block_1.dct_unit_1.macu.mult_res\[18\]$_DFFE_PP_/D, endpoint slack:-2.3398927e-10
      335 |       7 |      98 |       38 |      4 |    64 |   -0.306 |      -66.6 |    480 | fdct_zigzag.dct_mod.dct_block_6.dct_unit_5.macu.mult_res\[18\]$_DFFE_PP_/D
iter:335, pass:29, current fixing endpoint: fdct_zigzag.dct_mod.dct_block_1.dct_unit_1.macu.mult_res\[18\]$_DFFE_PP_/D, endpoint slack:-2.3174151e-10
      336 |       7 |      99 |       38 |      4 |    64 |   -0.306 |      -66.6 |    480 | fdct_zigzag.dct_mod.dct_block_6.dct_unit_5.macu.mult_res\[18\]$_DFFE_PP_/D
iter:336, pass:30, current fixing endpoint: fdct_zigzag.dct_mod.dct_block_1.dct_unit_1.macu.mult_res\[18\]$_DFFE_PP_/D, endpoint slack:-2.2994961e-10
      337 |       7 |     100 |       38 |      4 |    64 |   -0.306 |      -66.6 |    480 | fdct_zigzag.dct_mod.dct_block_6.dct_unit_5.macu.mult_res\[18\]$_DFFE_PP_/D
iter:337, pass:31, current fixing endpoint: fdct_zigzag.dct_mod.dct_block_1.dct_unit_1.macu.mult_res\[18\]$_DFFE_PP_/D, endpoint slack:-2.3519253e-10
      338 |       7 |     101 |       38 |      4 |    64 |   -0.306 |      -66.6 |    480 | fdct_zigzag.dct_mod.dct_block_6.dct_unit_5.macu.mult_res\[18\]$_DFFE_PP_/D
iter:338, pass:32, current fixing endpoint: fdct_zigzag.dct_mod.dct_block_1.dct_unit_1.macu.mult_res\[18\]$_DFFE_PP_/D, endpoint slack:-2.3536773e-10
      339 |       7 |     102 |       38 |      4 |    64 |   -0.306 |      -66.6 |    480 | fdct_zigzag.dct_mod.dct_block_6.dct_unit_5.macu.mult_res\[18\]$_DFFE_PP_/D
iter:339, pass:33, current fixing endpoint: fdct_zigzag.dct_mod.dct_block_1.dct_unit_1.macu.mult_res\[18\]$_DFFE_PP_/D, endpoint slack:-2.3610403e-10
      340 |       7 |     103 |       38 |      4 |    64 |   -0.306 |      -66.6 |    480 | fdct_zigzag.dct_mod.dct_block_6.dct_unit_5.macu.mult_res\[18\]$_DFFE_PP_/D
iter:340, pass:34, current fixing endpoint: fdct_zigzag.dct_mod.dct_block_1.dct_unit_1.macu.mult_res\[18\]$_DFFE_PP_/D, endpoint slack:-2.3907853e-10
      341 |       7 |     103 |       38 |      4 |    65 |   -0.306 |      -66.6 |    480 | fdct_zigzag.dct_mod.dct_block_6.dct_unit_5.macu.mult_res\[18\]$_DFFE_PP_/D
iter:341, pass:35, current fixing endpoint: fdct_zigzag.dct_mod.dct_block_1.dct_unit_1.macu.mult_res\[18\]$_DFFE_PP_/D, endpoint slack:-2.3872126e-10
      342 |       7 |     103 |       40 |      4 |    65 |   -0.306 |      -66.6 |    480 | fdct_zigzag.dct_mod.dct_block_6.dct_unit_5.macu.mult_res\[18\]$_DFFE_PP_/D
iter:342, pass:36, current fixing endpoint: fdct_zigzag.dct_mod.dct_block_1.dct_unit_1.macu.mult_res\[18\]$_DFFE_PP_/D, endpoint slack:-2.3431124e-10
      343 |       7 |     103 |       40 |      4 |    66 |   -0.306 |      -66.6 |    480 | fdct_zigzag.dct_mod.dct_block_6.dct_unit_5.macu.mult_res\[18\]$_DFFE_PP_/D
iter:343, pass:37, current fixing endpoint: fdct_zigzag.dct_mod.dct_block_1.dct_unit_1.macu.mult_res\[18\]$_DFFE_PP_/D, endpoint slack:-2.4785196e-10
      344 |       7 |     103 |       40 |      4 |    67 |   -0.306 |      -66.7 |    480 | fdct_zigzag.dct_mod.dct_block_6.dct_unit_5.macu.mult_res\[18\]$_DFFE_PP_/D
iter:344, pass:38, current fixing endpoint: fdct_zigzag.dct_mod.dct_block_1.dct_unit_1.macu.mult_res\[18\]$_DFFE_PP_/D, endpoint slack:-2.5032065e-10
      345 |       7 |     104 |       40 |      4 |    67 |   -0.306 |      -66.7 |    480 | fdct_zigzag.dct_mod.dct_block_6.dct_unit_5.macu.mult_res\[18\]$_DFFE_PP_/D
iter:345, pass:39, current fixing endpoint: fdct_zigzag.dct_mod.dct_block_1.dct_unit_1.macu.mult_res\[18\]$_DFFE_PP_/D, endpoint slack:-2.4598945e-10
      346 |       7 |     105 |       40 |      4 |    67 |   -0.306 |      -66.6 |    480 | fdct_zigzag.dct_mod.dct_block_6.dct_unit_5.macu.mult_res\[18\]$_DFFE_PP_/D
iter:346, pass:40, current fixing endpoint: fdct_zigzag.dct_mod.dct_block_1.dct_unit_1.macu.mult_res\[18\]$_DFFE_PP_/D, endpoint slack:-2.4432412e-10
      347 |       7 |     105 |       40 |      4 |    68 |   -0.306 |      -66.6 |    480 | fdct_zigzag.dct_mod.dct_block_6.dct_unit_5.macu.mult_res\[18\]$_DFFE_PP_/D
iter:347, pass:41, current fixing endpoint: fdct_zigzag.dct_mod.dct_block_1.dct_unit_1.macu.mult_res\[18\]$_DFFE_PP_/D, endpoint slack:-2.4365487e-10
      348 |       7 |     106 |       40 |      4 |    68 |   -0.306 |      -66.6 |    480 | fdct_zigzag.dct_mod.dct_block_6.dct_unit_5.macu.mult_res\[18\]$_DFFE_PP_/D
iter:348, pass:42, current fixing endpoint: fdct_zigzag.dct_mod.dct_block_1.dct_unit_1.macu.mult_res\[18\]$_DFFE_PP_/D, endpoint slack:-2.4198576e-10
      349 |       7 |     106 |       40 |      4 |    69 |   -0.306 |      -66.7 |    480 | fdct_zigzag.dct_mod.dct_block_6.dct_unit_5.macu.mult_res\[18\]$_DFFE_PP_/D
iter:349, pass:43, current fixing endpoint: fdct_zigzag.dct_mod.dct_block_1.dct_unit_1.macu.mult_res\[18\]$_DFFE_PP_/D, endpoint slack:-2.461935e-10
      350 |       7 |     106 |       40 |      4 |    70 |   -0.306 |      -66.6 |    480 | fdct_zigzag.dct_mod.dct_block_6.dct_unit_5.macu.mult_res\[18\]$_DFFE_PP_/D
iter:350, pass:44, current fixing endpoint: fdct_zigzag.dct_mod.dct_block_1.dct_unit_1.macu.mult_res\[18\]$_DFFE_PP_/D, endpoint slack:-2.3692937e-10
      351 |       7 |     106 |       40 |      4 |    71 |   -0.306 |      -66.6 |    480 | fdct_zigzag.dct_mod.dct_block_6.dct_unit_5.macu.mult_res\[18\]$_DFFE_PP_/D
iter:351, pass:45, current fixing endpoint: fdct_zigzag.dct_mod.dct_block_1.dct_unit_1.macu.mult_res\[18\]$_DFFE_PP_/D, endpoint slack:-2.3608426e-10
      352 |       7 |     106 |       40 |      4 |    72 |   -0.306 |      -66.6 |    480 | fdct_zigzag.dct_mod.dct_block_6.dct_unit_5.macu.mult_res\[18\]$_DFFE_PP_/D
iter:352, pass:46, current fixing endpoint: fdct_zigzag.dct_mod.dct_block_1.dct_unit_1.macu.mult_res\[18\]$_DFFE_PP_/D, endpoint slack:-2.3536328e-10
      353 |       7 |     107 |       40 |      4 |    72 |   -0.306 |      -66.6 |    480 | fdct_zigzag.dct_mod.dct_block_6.dct_unit_5.macu.mult_res\[18\]$_DFFE_PP_/D
iter:353, pass:47, current fixing endpoint: fdct_zigzag.dct_mod.dct_block_1.dct_unit_1.macu.mult_res\[18\]$_DFFE_PP_/D, endpoint slack:-2.3425462e-10
      354 |       7 |     108 |       40 |      4 |    72 |   -0.306 |      -66.6 |    480 | fdct_zigzag.dct_mod.dct_block_6.dct_unit_5.macu.mult_res\[18\]$_DFFE_PP_/D
iter:354, pass:48, current fixing endpoint: fdct_zigzag.dct_mod.dct_block_1.dct_unit_1.macu.mult_res\[18\]$_DFFE_PP_/D, endpoint slack:-2.340983e-10
      355 |       7 |     109 |       40 |      4 |    72 |   -0.306 |      -66.6 |    480 | fdct_zigzag.dct_mod.dct_block_6.dct_unit_5.macu.mult_res\[18\]$_DFFE_PP_/D
iter:355, pass:49, current fixing endpoint: fdct_zigzag.dct_mod.dct_block_1.dct_unit_1.macu.mult_res\[18\]$_DFFE_PP_/D, endpoint slack:-2.3458457e-10
      356 |       7 |     109 |       40 |      4 |    73 |   -0.306 |      -66.6 |    480 | fdct_zigzag.dct_mod.dct_block_6.dct_unit_5.macu.mult_res\[18\]$_DFFE_PP_/D
iter:356, pass:50, current fixing endpoint: fdct_zigzag.dct_mod.dct_block_1.dct_unit_1.macu.mult_res\[18\]$_DFFE_PP_/D, endpoint slack:-2.4289748e-10
      357 |       7 |     110 |       40 |      4 |    73 |   -0.306 |      -66.6 |    480 | fdct_zigzag.dct_mod.dct_block_6.dct_unit_5.macu.mult_res\[18\]$_DFFE_PP_/D
iter:357, pass:51, current fixing endpoint: fdct_zigzag.dct_mod.dct_block_1.dct_unit_1.macu.mult_res\[18\]$_DFFE_PP_/D, endpoint slack:-2.4464752e-10
      357 |       7 |      89 |       38 |      3 |    53 |   -0.292 |      -64.3 |    480 | fdct_zigzag.dct_mod.dct_block_6.dct_unit_5.macu.mult_res\[18\]$_DFFE_PP_/D
      358 |       7 |      89 |       38 |      3 |    53 |   -0.292 |      -64.3 |    480 | fdct_zigzag.dct_mod.dct_block_6.dct_unit_5.macu.mult_res\[18\]$_DFFE_PP_/D
iter:358, pass:1, current fixing endpoint: fdct_zigzag.dct_mod.dct_block_7.dct_unit_1.macu.mult_res\[18\]$_DFFE_PP_/D, endpoint slack:-2.5876856e-10
      359 |       7 |      89 |       38 |      3 |    54 |   -0.292 |      -64.3 |    480 | fdct_zigzag.dct_mod.dct_block_6.dct_unit_5.macu.mult_res\[18\]$_DFFE_PP_/D
iter:359, pass:2, current fixing endpoint: fdct_zigzag.dct_mod.dct_block_7.dct_unit_1.macu.mult_res\[18\]$_DFFE_PP_/D, endpoint slack:-2.5584468e-10
      360 |       7 |      89 |       41 |      3 |    54 |   -0.292 |      -64.2 |    480 | fdct_zigzag.dct_mod.dct_block_6.dct_unit_5.macu.mult_res\[18\]$_DFFE_PP_/D
iter:360, pass:3, current fixing endpoint: fdct_zigzag.dct_mod.dct_block_7.dct_unit_1.macu.mult_res\[18\]$_DFFE_PP_/D, endpoint slack:-2.4328273e-10
      361 |       7 |      89 |       41 |      3 |    55 |   -0.292 |      -64.2 |    480 | fdct_zigzag.dct_mod.dct_block_6.dct_unit_5.macu.mult_res\[18\]$_DFFE_PP_/D
iter:361, pass:4, current fixing endpoint: fdct_zigzag.dct_mod.dct_block_7.dct_unit_1.macu.mult_res\[18\]$_DFFE_PP_/D, endpoint slack:-2.4236857e-10
      362 |       7 |      89 |       43 |      3 |    55 |   -0.292 |      -64.2 |    480 | fdct_zigzag.dct_mod.dct_block_6.dct_unit_5.macu.mult_res\[18\]$_DFFE_PP_/D
iter:362, pass:5, current fixing endpoint: fdct_zigzag.dct_mod.dct_block_7.dct_unit_1.macu.mult_res\[18\]$_DFFE_PP_/D, endpoint slack:-2.4207591e-10
      363 |       7 |      89 |       43 |      3 |    56 |   -0.292 |      -64.2 |    480 | fdct_zigzag.dct_mod.dct_block_6.dct_unit_5.macu.mult_res\[18\]$_DFFE_PP_/D
iter:363, pass:6, current fixing endpoint: fdct_zigzag.dct_mod.dct_block_7.dct_unit_1.macu.mult_res\[18\]$_DFFE_PP_/D, endpoint slack:-2.3986413e-10
      364 |       7 |      89 |       43 |      3 |    57 |   -0.292 |      -64.2 |    480 | fdct_zigzag.dct_mod.dct_block_6.dct_unit_5.macu.mult_res\[18\]$_DFFE_PP_/D
iter:364, pass:7, current fixing endpoint: fdct_zigzag.dct_mod.dct_block_7.dct_unit_1.macu.mult_res\[18\]$_DFFE_PP_/D, endpoint slack:-2.3777713e-10
      365 |       7 |      89 |       43 |      3 |    58 |   -0.292 |      -64.2 |    480 | fdct_zigzag.dct_mod.dct_block_6.dct_unit_5.macu.mult_res\[18\]$_DFFE_PP_/D
iter:365, pass:8, current fixing endpoint: fdct_zigzag.dct_mod.dct_block_7.dct_unit_1.macu.mult_res\[18\]$_DFFE_PP_/D, endpoint slack:-2.4180435e-10
      366 |       7 |      89 |       43 |      3 |    59 |   -0.292 |      -64.2 |    480 | fdct_zigzag.dct_mod.dct_block_6.dct_unit_5.macu.mult_res\[18\]$_DFFE_PP_/D
iter:366, pass:9, current fixing endpoint: fdct_zigzag.dct_mod.dct_block_7.dct_unit_1.macu.mult_res\[18\]$_DFFE_PP_/D, endpoint slack:-2.4548075e-10
      367 |       7 |      89 |       43 |      3 |    60 |   -0.292 |      -64.2 |    480 | fdct_zigzag.dct_mod.dct_block_6.dct_unit_5.macu.mult_res\[18\]$_DFFE_PP_/D
iter:367, pass:10, current fixing endpoint: fdct_zigzag.dct_mod.dct_block_7.dct_unit_1.macu.mult_res\[18\]$_DFFE_PP_/D, endpoint slack:-2.421856e-10
      368 |       7 |      90 |       43 |      3 |    60 |   -0.292 |      -64.2 |    480 | fdct_zigzag.dct_mod.dct_block_6.dct_unit_5.macu.mult_res\[18\]$_DFFE_PP_/D
iter:368, pass:11, current fixing endpoint: fdct_zigzag.dct_mod.dct_block_7.dct_unit_1.macu.mult_res\[18\]$_DFFE_PP_/D, endpoint slack:-2.3941915e-10
      369 |       7 |      91 |       43 |      3 |    60 |   -0.292 |      -64.2 |    480 | fdct_zigzag.dct_mod.dct_block_6.dct_unit_5.macu.mult_res\[18\]$_DFFE_PP_/D
iter:369, pass:12, current fixing endpoint: fdct_zigzag.dct_mod.dct_block_7.dct_unit_1.macu.mult_res\[18\]$_DFFE_PP_/D, endpoint slack:-2.3914648e-10
      370 |       7 |      92 |       43 |      3 |    60 |   -0.292 |      -64.2 |    480 | fdct_zigzag.dct_mod.dct_block_6.dct_unit_5.macu.mult_res\[18\]$_DFFE_PP_/D
iter:370, pass:13, current fixing endpoint: fdct_zigzag.dct_mod.dct_block_7.dct_unit_1.macu.mult_res\[18\]$_DFFE_PP_/D, endpoint slack:-2.3823143e-10
      371 |       7 |      93 |       43 |      3 |    60 |   -0.292 |      -64.2 |    480 | fdct_zigzag.dct_mod.dct_block_6.dct_unit_5.macu.mult_res\[18\]$_DFFE_PP_/D
iter:371, pass:14, current fixing endpoint: fdct_zigzag.dct_mod.dct_block_7.dct_unit_1.macu.mult_res\[18\]$_DFFE_PP_/D, endpoint slack:-2.4164204e-10
      372 |       7 |      94 |       43 |      3 |    60 |   -0.292 |      -64.2 |    480 | fdct_zigzag.dct_mod.dct_block_6.dct_unit_5.macu.mult_res\[18\]$_DFFE_PP_/D
iter:372, pass:15, current fixing endpoint: fdct_zigzag.dct_mod.dct_block_7.dct_unit_1.macu.mult_res\[18\]$_DFFE_PP_/D, endpoint slack:-2.3791813e-10
      373 |       7 |      95 |       43 |      3 |    60 |   -0.292 |      -64.2 |    480 | fdct_zigzag.dct_mod.dct_block_6.dct_unit_5.macu.mult_res\[18\]$_DFFE_PP_/D
iter:373, pass:16, current fixing endpoint: fdct_zigzag.dct_mod.dct_block_7.dct_unit_1.macu.mult_res\[18\]$_DFFE_PP_/D, endpoint slack:-2.3741453e-10
      374 |       7 |      96 |       43 |      3 |    60 |   -0.292 |      -64.2 |    480 | fdct_zigzag.dct_mod.dct_block_6.dct_unit_5.macu.mult_res\[18\]$_DFFE_PP_/D
iter:374, pass:17, current fixing endpoint: fdct_zigzag.dct_mod.dct_block_7.dct_unit_1.macu.mult_res\[18\]$_DFFE_PP_/D, endpoint slack:-2.3813618e-10
      375 |       7 |      97 |       43 |      3 |    60 |   -0.292 |      -64.2 |    480 | fdct_zigzag.dct_mod.dct_block_6.dct_unit_5.macu.mult_res\[18\]$_DFFE_PP_/D
iter:375, pass:18, current fixing endpoint: fdct_zigzag.dct_mod.dct_block_7.dct_unit_1.macu.mult_res\[18\]$_DFFE_PP_/D, endpoint slack:-2.4149105e-10
      376 |       7 |      98 |       43 |      3 |    60 |   -0.292 |      -64.3 |    480 | fdct_zigzag.dct_mod.dct_block_6.dct_unit_5.macu.mult_res\[18\]$_DFFE_PP_/D
iter:376, pass:19, current fixing endpoint: fdct_zigzag.dct_mod.dct_block_7.dct_unit_1.macu.mult_res\[18\]$_DFFE_PP_/D, endpoint slack:-2.459999e-10
      377 |       7 |      99 |       43 |      3 |    60 |   -0.292 |      -64.2 |    480 | fdct_zigzag.dct_mod.dct_block_6.dct_unit_5.macu.mult_res\[18\]$_DFFE_PP_/D
iter:377, pass:20, current fixing endpoint: fdct_zigzag.dct_mod.dct_block_7.dct_unit_1.macu.mult_res\[18\]$_DFFE_PP_/D, endpoint slack:-2.4465097e-10
      378 |       7 |      99 |       43 |      3 |    61 |   -0.292 |      -64.3 |    480 | fdct_zigzag.dct_mod.dct_block_6.dct_unit_5.macu.mult_res\[18\]$_DFFE_PP_/D
iter:378, pass:21, current fixing endpoint: fdct_zigzag.dct_mod.dct_block_7.dct_unit_1.macu.mult_res\[18\]$_DFFE_PP_/D, endpoint slack:-2.4754399e-10
      379 |       7 |     100 |       43 |      3 |    61 |   -0.292 |      -64.3 |    480 | fdct_zigzag.dct_mod.dct_block_6.dct_unit_5.macu.mult_res\[18\]$_DFFE_PP_/D
iter:379, pass:22, current fixing endpoint: fdct_zigzag.dct_mod.dct_block_7.dct_unit_1.macu.mult_res\[18\]$_DFFE_PP_/D, endpoint slack:-2.4736613e-10
      380 |       7 |     100 |       43 |      3 |    62 |   -0.292 |      -64.3 |    480 | fdct_zigzag.dct_mod.dct_block_6.dct_unit_5.macu.mult_res\[18\]$_DFFE_PP_/D
iter:380, pass:23, current fixing endpoint: fdct_zigzag.dct_mod.dct_block_7.dct_unit_1.macu.mult_res\[18\]$_DFFE_PP_/D, endpoint slack:-2.5804514e-10
      381 |       7 |     101 |       43 |      3 |    62 |   -0.292 |      -64.8 |    480 | fdct_zigzag.dct_mod.dct_block_6.dct_unit_5.macu.mult_res\[18\]$_DFFE_PP_/D
iter:381, pass:24, current fixing endpoint: fdct_zigzag.dct_mod.dct_block_7.dct_unit_1.macu.mult_res\[18\]$_DFFE_PP_/D, endpoint slack:-2.5977953e-10
      382 |       7 |     102 |       43 |      3 |    62 |   -0.292 |      -65.0 |    480 | fdct_zigzag.dct_mod.dct_block_6.dct_unit_5.macu.mult_res\[18\]$_DFFE_PP_/D
iter:382, pass:25, current fixing endpoint: fdct_zigzag.dct_mod.dct_block_7.dct_unit_1.macu.mult_res\[18\]$_DFFE_PP_/D, endpoint slack:-2.525915e-10
      383 |       7 |     103 |       43 |      3 |    62 |   -0.292 |      -65.1 |    480 | fdct_zigzag.dct_mod.dct_block_6.dct_unit_5.macu.mult_res\[18\]$_DFFE_PP_/D
iter:383, pass:26, current fixing endpoint: fdct_zigzag.dct_mod.dct_block_7.dct_unit_1.macu.mult_res\[18\]$_DFFE_PP_/D, endpoint slack:-2.522551e-10
      384 |       7 |     104 |       43 |      3 |    62 |   -0.293 |      -64.5 |    480 | fdct_zigzag.dct_mod.dct_block_6.dct_unit_5.macu.mult_res\[18\]$_DFFE_PP_/D
iter:384, pass:27, current fixing endpoint: fdct_zigzag.dct_mod.dct_block_7.dct_unit_1.macu.mult_res\[18\]$_DFFE_PP_/D, endpoint slack:-2.4925395e-10
      385 |       7 |     104 |       43 |      3 |    63 |   -0.293 |      -64.5 |    480 | fdct_zigzag.dct_mod.dct_block_6.dct_unit_5.macu.mult_res\[18\]$_DFFE_PP_/D
iter:385, pass:28, current fixing endpoint: fdct_zigzag.dct_mod.dct_block_7.dct_unit_1.macu.mult_res\[18\]$_DFFE_PP_/D, endpoint slack:-2.5022384e-10
      386 |       7 |     105 |       43 |      3 |    63 |   -0.293 |      -64.5 |    480 | fdct_zigzag.dct_mod.dct_block_6.dct_unit_5.macu.mult_res\[18\]$_DFFE_PP_/D
iter:386, pass:29, current fixing endpoint: fdct_zigzag.dct_mod.dct_block_7.dct_unit_1.macu.mult_res\[18\]$_DFFE_PP_/D, endpoint slack:-2.5198954e-10
      387 |       7 |     105 |       43 |      3 |    64 |   -0.293 |      -64.5 |    480 | fdct_zigzag.dct_mod.dct_block_6.dct_unit_5.macu.mult_res\[18\]$_DFFE_PP_/D
iter:387, pass:30, current fixing endpoint: fdct_zigzag.dct_mod.dct_block_7.dct_unit_1.macu.mult_res\[18\]$_DFFE_PP_/D, endpoint slack:-2.6121372e-10
      388 |       7 |     105 |       45 |      3 |    64 |   -0.293 |      -64.5 |    480 | fdct_zigzag.dct_mod.dct_block_6.dct_unit_5.macu.mult_res\[18\]$_DFFE_PP_/D
iter:388, pass:31, current fixing endpoint: fdct_zigzag.dct_mod.dct_block_7.dct_unit_1.macu.mult_res\[18\]$_DFFE_PP_/D, endpoint slack:-2.5517788e-10
      389 |       7 |     106 |       45 |      3 |    64 |   -0.293 |      -64.5 |    480 | fdct_zigzag.dct_mod.dct_block_6.dct_unit_5.macu.mult_res\[18\]$_DFFE_PP_/D
iter:389, pass:32, current fixing endpoint: fdct_zigzag.dct_mod.dct_block_7.dct_unit_1.macu.mult_res\[18\]$_DFFE_PP_/D, endpoint slack:-2.5664626e-10
      390 |       7 |     107 |       45 |      3 |    64 |   -0.293 |      -64.5 |    480 | fdct_zigzag.dct_mod.dct_block_6.dct_unit_5.macu.mult_res\[18\]$_DFFE_PP_/D
iter:390, pass:33, current fixing endpoint: fdct_zigzag.dct_mod.dct_block_7.dct_unit_1.macu.mult_res\[18\]$_DFFE_PP_/D, endpoint slack:-2.5574365e-10
      391 |       7 |     108 |       45 |      3 |    64 |   -0.293 |      -64.5 |    480 | fdct_zigzag.dct_mod.dct_block_6.dct_unit_5.macu.mult_res\[18\]$_DFFE_PP_/D
iter:391, pass:34, current fixing endpoint: fdct_zigzag.dct_mod.dct_block_7.dct_unit_1.macu.mult_res\[18\]$_DFFE_PP_/D, endpoint slack:-2.5039215e-10
      392 |       7 |     109 |       45 |      3 |    64 |   -0.293 |      -64.5 |    480 | fdct_zigzag.dct_mod.dct_block_6.dct_unit_5.macu.mult_res\[18\]$_DFFE_PP_/D
iter:392, pass:35, current fixing endpoint: fdct_zigzag.dct_mod.dct_block_7.dct_unit_1.macu.mult_res\[18\]$_DFFE_PP_/D, endpoint slack:-2.516367e-10
      393 |       7 |     109 |       45 |      3 |    65 |   -0.293 |      -64.5 |    480 | fdct_zigzag.dct_mod.dct_block_6.dct_unit_5.macu.mult_res\[18\]$_DFFE_PP_/D
iter:393, pass:36, current fixing endpoint: fdct_zigzag.dct_mod.dct_block_7.dct_unit_1.macu.mult_res\[18\]$_DFFE_PP_/D, endpoint slack:-2.540561e-10
      394 |       7 |     109 |       45 |      4 |    65 |   -0.293 |      -64.8 |    480 | fdct_zigzag.dct_mod.dct_block_6.dct_unit_5.macu.mult_res\[18\]$_DFFE_PP_/D
iter:394, pass:37, current fixing endpoint: fdct_zigzag.dct_mod.dct_block_7.dct_unit_1.macu.mult_res\[18\]$_DFFE_PP_/D, endpoint slack:-2.400531e-10
      394 |       7 |      96 |       44 |      3 |    60 |   -0.291 |      -63.9 |    480 | fdct_zigzag.dct_mod.dct_block_6.dct_unit_5.macu.mult_res\[18\]$_DFFE_PP_/D
      395 |       7 |      96 |       44 |      3 |    60 |   -0.291 |      -63.9 |    480 | fdct_zigzag.dct_mod.dct_block_6.dct_unit_5.macu.mult_res\[18\]$_DFFE_PP_/D
iter:395, pass:1, current fixing endpoint: fdct_zigzag.dct_mod.dct_block_3.dct_unit_5.macu.mult_res\[17\]$_DFFE_PP_/D, endpoint slack:-2.688859e-10
      396 |       7 |      97 |       44 |      3 |    60 |   -0.291 |      -63.9 |    480 | fdct_zigzag.dct_mod.dct_block_6.dct_unit_5.macu.mult_res\[18\]$_DFFE_PP_/D
iter:396, pass:2, current fixing endpoint: fdct_zigzag.dct_mod.dct_block_3.dct_unit_5.macu.mult_res\[17\]$_DFFE_PP_/D, endpoint slack:-2.7436742e-10
      397 |       7 |      98 |       44 |      3 |    60 |   -0.291 |      -63.9 |    480 | fdct_zigzag.dct_mod.dct_block_6.dct_unit_5.macu.mult_res\[18\]$_DFFE_PP_/D
iter:397, pass:3, current fixing endpoint: fdct_zigzag.dct_mod.dct_block_3.dct_unit_5.macu.mult_res\[17\]$_DFFE_PP_/D, endpoint slack:-2.7290548e-10
      398 |       7 |      99 |       44 |      3 |    60 |   -0.291 |      -63.9 |    480 | fdct_zigzag.dct_mod.dct_block_6.dct_unit_5.macu.mult_res\[18\]$_DFFE_PP_/D
iter:398, pass:4, current fixing endpoint: fdct_zigzag.dct_mod.dct_block_3.dct_unit_5.macu.mult_res\[17\]$_DFFE_PP_/D, endpoint slack:-2.6000113e-10
      399 |       7 |      99 |       44 |      3 |    61 |   -0.291 |      -63.9 |    480 | fdct_zigzag.dct_mod.dct_block_6.dct_unit_5.macu.mult_res\[18\]$_DFFE_PP_/D
iter:399, pass:5, current fixing endpoint: fdct_zigzag.dct_mod.dct_block_3.dct_unit_5.macu.mult_res\[17\]$_DFFE_PP_/D, endpoint slack:-2.6659297e-10
      400 |       7 |     100 |       44 |      3 |    61 |   -0.291 |      -63.9 |    480 | fdct_zigzag.dct_mod.dct_block_6.dct_unit_5.macu.mult_res\[18\]$_DFFE_PP_/D
iter:400, pass:6, current fixing endpoint: fdct_zigzag.dct_mod.dct_block_3.dct_unit_5.macu.mult_res\[17\]$_DFFE_PP_/D, endpoint slack:-2.6381364e-10
      401 |       7 |     101 |       44 |      3 |    61 |   -0.291 |      -63.9 |    480 | fdct_zigzag.dct_mod.dct_block_6.dct_unit_5.macu.mult_res\[18\]$_DFFE_PP_/D
iter:401, pass:7, current fixing endpoint: fdct_zigzag.dct_mod.dct_block_3.dct_unit_5.macu.mult_res\[17\]$_DFFE_PP_/D, endpoint slack:-2.6001867e-10
      402 |       7 |     102 |       44 |      3 |    61 |   -0.291 |      -63.9 |    480 | fdct_zigzag.dct_mod.dct_block_6.dct_unit_5.macu.mult_res\[18\]$_DFFE_PP_/D
iter:402, pass:8, current fixing endpoint: fdct_zigzag.dct_mod.dct_block_3.dct_unit_5.macu.mult_res\[17\]$_DFFE_PP_/D, endpoint slack:-2.5650437e-10
      403 |       7 |     102 |       44 |      3 |    62 |   -0.291 |      -63.9 |    480 | fdct_zigzag.dct_mod.dct_block_6.dct_unit_5.macu.mult_res\[18\]$_DFFE_PP_/D
iter:403, pass:9, current fixing endpoint: fdct_zigzag.dct_mod.dct_block_3.dct_unit_5.macu.mult_res\[17\]$_DFFE_PP_/D, endpoint slack:-2.5978786e-10
      404 |       7 |     102 |       44 |      3 |    63 |   -0.291 |      -63.9 |    480 | fdct_zigzag.dct_mod.dct_block_6.dct_unit_5.macu.mult_res\[18\]$_DFFE_PP_/D
iter:404, pass:10, current fixing endpoint: fdct_zigzag.dct_mod.dct_block_3.dct_unit_5.macu.mult_res\[17\]$_DFFE_PP_/D, endpoint slack:-2.60992e-10
      405 |       7 |     103 |       44 |      3 |    63 |   -0.291 |      -63.9 |    480 | fdct_zigzag.dct_mod.dct_block_6.dct_unit_5.macu.mult_res\[18\]$_DFFE_PP_/D
iter:405, pass:11, current fixing endpoint: fdct_zigzag.dct_mod.dct_block_3.dct_unit_5.macu.mult_res\[17\]$_DFFE_PP_/D, endpoint slack:-2.5777458e-10
      406 |       7 |     103 |       44 |      3 |    64 |   -0.291 |      -63.9 |    480 | fdct_zigzag.dct_mod.dct_block_6.dct_unit_5.macu.mult_res\[18\]$_DFFE_PP_/D
iter:406, pass:12, current fixing endpoint: fdct_zigzag.dct_mod.dct_block_3.dct_unit_5.macu.mult_res\[17\]$_DFFE_PP_/D, endpoint slack:-2.5926228e-10
      407 |       7 |     104 |       44 |      3 |    64 |   -0.291 |      -63.9 |    480 | fdct_zigzag.dct_mod.dct_block_6.dct_unit_5.macu.mult_res\[18\]$_DFFE_PP_/D
iter:407, pass:13, current fixing endpoint: fdct_zigzag.dct_mod.dct_block_3.dct_unit_5.macu.mult_res\[17\]$_DFFE_PP_/D, endpoint slack:-2.560866e-10
      408 |       7 |     104 |       44 |      4 |    64 |   -0.298 |      -65.1 |    480 | fdct_zigzag.dct_mod.dct_block_6.dct_unit_5.macu.mult_res\[18\]$_DFFE_PP_/D
iter:408, pass:14, current fixing endpoint: fdct_zigzag.dct_mod.dct_block_3.dct_unit_5.macu.mult_res\[17\]$_DFFE_PP_/D, endpoint slack:-2.5829794e-10
      409 |       7 |     104 |       44 |      4 |    65 |   -0.298 |      -65.0 |    480 | fdct_zigzag.dct_mod.dct_block_6.dct_unit_5.macu.mult_res\[18\]$_DFFE_PP_/D
iter:409, pass:15, current fixing endpoint: fdct_zigzag.dct_mod.dct_block_3.dct_unit_5.macu.mult_res\[17\]$_DFFE_PP_/D, endpoint slack:-2.517101e-10
      410 |       7 |     105 |       44 |      4 |    65 |   -0.298 |      -65.0 |    480 | fdct_zigzag.dct_mod.dct_block_6.dct_unit_5.macu.mult_res\[18\]$_DFFE_PP_/D
iter:410, pass:16, current fixing endpoint: fdct_zigzag.dct_mod.dct_block_3.dct_unit_5.macu.mult_res\[17\]$_DFFE_PP_/D, endpoint slack:-2.5116076e-10
      411 |       7 |     106 |       44 |      4 |    65 |   -0.298 |      -65.0 |    480 | fdct_zigzag.dct_mod.dct_block_6.dct_unit_5.macu.mult_res\[18\]$_DFFE_PP_/D
iter:411, pass:17, current fixing endpoint: fdct_zigzag.dct_mod.dct_block_3.dct_unit_5.macu.mult_res\[17\]$_DFFE_PP_/D, endpoint slack:-2.477224e-10
      412 |       7 |     107 |       44 |      4 |    65 |   -0.298 |      -65.0 |    480 | fdct_zigzag.dct_mod.dct_block_6.dct_unit_5.macu.mult_res\[18\]$_DFFE_PP_/D
iter:412, pass:18, current fixing endpoint: fdct_zigzag.dct_mod.dct_block_3.dct_unit_5.macu.mult_res\[17\]$_DFFE_PP_/D, endpoint slack:-2.447863e-10
      413 |       7 |     107 |       44 |      4 |    66 |   -0.298 |      -65.0 |    480 | fdct_zigzag.dct_mod.dct_block_6.dct_unit_5.macu.mult_res\[18\]$_DFFE_PP_/D
iter:413, pass:19, current fixing endpoint: fdct_zigzag.dct_mod.dct_block_3.dct_unit_5.macu.mult_res\[17\]$_DFFE_PP_/D, endpoint slack:-2.393742e-10
      414 |       7 |     108 |       44 |      4 |    66 |   -0.296 |      -64.5 |    480 | fdct_zigzag.dct_mod.dct_block_6.dct_unit_5.macu.mult_res\[18\]$_DFFE_PP_/D
iter:414, pass:20, current fixing endpoint: fdct_zigzag.dct_mod.dct_block_3.dct_unit_5.macu.mult_res\[17\]$_DFFE_PP_/D, endpoint slack:-2.3417768e-10
      415 |       7 |     109 |       44 |      4 |    66 |   -0.296 |      -64.5 |    480 | fdct_zigzag.dct_mod.dct_block_6.dct_unit_5.macu.mult_res\[18\]$_DFFE_PP_/D
iter:415, pass:21, current fixing endpoint: fdct_zigzag.dct_mod.dct_block_3.dct_unit_5.macu.mult_res\[17\]$_DFFE_PP_/D, endpoint slack:-2.32668e-10
      416 |       7 |     110 |       44 |      4 |    66 |   -0.296 |      -64.5 |    480 | fdct_zigzag.dct_mod.dct_block_6.dct_unit_5.macu.mult_res\[18\]$_DFFE_PP_/D
iter:416, pass:22, current fixing endpoint: fdct_zigzag.dct_mod.dct_block_3.dct_unit_5.macu.mult_res\[17\]$_DFFE_PP_/D, endpoint slack:-2.307895e-10
      417 |       7 |     111 |       44 |      4 |    66 |   -0.296 |      -64.5 |    480 | fdct_zigzag.dct_mod.dct_block_6.dct_unit_5.macu.mult_res\[18\]$_DFFE_PP_/D
iter:417, pass:23, current fixing endpoint: fdct_zigzag.dct_mod.dct_block_3.dct_unit_5.macu.mult_res\[17\]$_DFFE_PP_/D, endpoint slack:-2.2736668e-10
      418 |       7 |     111 |       46 |      4 |    66 |   -0.296 |      -64.4 |    480 | fdct_zigzag.dct_mod.dct_block_6.dct_unit_5.macu.mult_res\[18\]$_DFFE_PP_/D
iter:418, pass:24, current fixing endpoint: fdct_zigzag.dct_mod.dct_block_3.dct_unit_5.macu.mult_res\[17\]$_DFFE_PP_/D, endpoint slack:-2.2296298e-10
      419 |       7 |     112 |       46 |      4 |    66 |   -0.296 |      -64.4 |    480 | fdct_zigzag.dct_mod.dct_block_6.dct_unit_5.macu.mult_res\[18\]$_DFFE_PP_/D
iter:419, pass:25, current fixing endpoint: fdct_zigzag.dct_mod.dct_block_3.dct_unit_5.macu.mult_res\[17\]$_DFFE_PP_/D, endpoint slack:-2.19189e-10
      420 |       7 |     112 |       46 |      4 |    67 |   -0.296 |      -64.3 |    480 | fdct_zigzag.dct_mod.dct_block_6.dct_unit_5.macu.mult_res\[18\]$_DFFE_PP_/D
iter:420, pass:26, current fixing endpoint: fdct_zigzag.dct_mod.dct_block_3.dct_unit_5.macu.mult_res\[17\]$_DFFE_PP_/D, endpoint slack:-2.1501478e-10
      421 |       7 |     113 |       46 |      4 |    67 |   -0.296 |      -64.3 |    480 | fdct_zigzag.dct_mod.dct_block_6.dct_unit_5.macu.mult_res\[18\]$_DFFE_PP_/D
iter:421, pass:27, current fixing endpoint: fdct_zigzag.dct_mod.dct_block_3.dct_unit_5.macu.mult_res\[17\]$_DFFE_PP_/D, endpoint slack:-2.1285751e-10
      422 |       7 |     114 |       46 |      4 |    67 |   -0.296 |      -64.3 |    480 | fdct_zigzag.dct_mod.dct_block_6.dct_unit_5.macu.mult_res\[18\]$_DFFE_PP_/D
iter:422, pass:28, current fixing endpoint: fdct_zigzag.dct_mod.dct_block_3.dct_unit_5.macu.mult_res\[17\]$_DFFE_PP_/D, endpoint slack:-2.1020352e-10
      423 |       7 |     115 |       46 |      4 |    67 |   -0.296 |      -64.3 |    480 | fdct_zigzag.dct_mod.dct_block_6.dct_unit_5.macu.mult_res\[18\]$_DFFE_PP_/D
iter:423, pass:29, current fixing endpoint: fdct_zigzag.dct_mod.dct_block_3.dct_unit_5.macu.mult_res\[17\]$_DFFE_PP_/D, endpoint slack:-2.091306e-10
      424 |       7 |     115 |       46 |      4 |    68 |   -0.296 |      -64.3 |    480 | fdct_zigzag.dct_mod.dct_block_6.dct_unit_5.macu.mult_res\[18\]$_DFFE_PP_/D
iter:424, pass:30, current fixing endpoint: fdct_zigzag.dct_mod.dct_block_3.dct_unit_5.macu.mult_res\[17\]$_DFFE_PP_/D, endpoint slack:-2.1128554e-10
      425 |       7 |     115 |       46 |      4 |    69 |   -0.296 |      -64.4 |    480 | fdct_zigzag.dct_mod.dct_block_6.dct_unit_5.macu.mult_res\[18\]$_DFFE_PP_/D
iter:425, pass:31, current fixing endpoint: fdct_zigzag.dct_mod.dct_block_3.dct_unit_5.macu.mult_res\[17\]$_DFFE_PP_/D, endpoint slack:-2.2250612e-10
      426 |       7 |     115 |       46 |      4 |    70 |   -0.296 |      -64.4 |    480 | fdct_zigzag.dct_mod.dct_block_6.dct_unit_5.macu.mult_res\[18\]$_DFFE_PP_/D
iter:426, pass:32, current fixing endpoint: fdct_zigzag.dct_mod.dct_block_3.dct_unit_5.macu.mult_res\[17\]$_DFFE_PP_/D, endpoint slack:-2.2593671e-10
      427 |       7 |     116 |       46 |      4 |    70 |   -0.296 |      -64.4 |    480 | fdct_zigzag.dct_mod.dct_block_6.dct_unit_5.macu.mult_res\[18\]$_DFFE_PP_/D
iter:427, pass:33, current fixing endpoint: fdct_zigzag.dct_mod.dct_block_3.dct_unit_5.macu.mult_res\[17\]$_DFFE_PP_/D, endpoint slack:-2.2688218e-10
      428 |       7 |     117 |       46 |      4 |    70 |   -0.296 |      -64.4 |    480 | fdct_zigzag.dct_mod.dct_block_6.dct_unit_5.macu.mult_res\[18\]$_DFFE_PP_/D
iter:428, pass:34, current fixing endpoint: fdct_zigzag.dct_mod.dct_block_3.dct_unit_5.macu.mult_res\[17\]$_DFFE_PP_/D, endpoint slack:-2.2478075e-10
      429 |       7 |     118 |       46 |      4 |    70 |   -0.296 |      -64.4 |    480 | fdct_zigzag.dct_mod.dct_block_6.dct_unit_5.macu.mult_res\[18\]$_DFFE_PP_/D
iter:429, pass:35, current fixing endpoint: fdct_zigzag.dct_mod.dct_block_3.dct_unit_5.macu.mult_res\[17\]$_DFFE_PP_/D, endpoint slack:-2.2590962e-10
      430 |       7 |     119 |       46 |      4 |    70 |   -0.296 |      -64.4 |    480 | fdct_zigzag.dct_mod.dct_block_6.dct_unit_5.macu.mult_res\[18\]$_DFFE_PP_/D
iter:430, pass:36, current fixing endpoint: fdct_zigzag.dct_mod.dct_block_3.dct_unit_5.macu.mult_res\[17\]$_DFFE_PP_/D, endpoint slack:-2.2443747e-10
      431 |       7 |     119 |       46 |      4 |    71 |   -0.296 |      -64.5 |    480 | fdct_zigzag.dct_mod.dct_block_6.dct_unit_5.macu.mult_res\[18\]$_DFFE_PP_/D
iter:431, pass:37, current fixing endpoint: fdct_zigzag.dct_mod.dct_block_3.dct_unit_5.macu.mult_res\[17\]$_DFFE_PP_/D, endpoint slack:-2.3058788e-10
      432 |       7 |     120 |       46 |      4 |    71 |   -0.301 |      -65.9 |    480 | fdct_zigzag.dct_mod.dct_block_6.dct_unit_5.macu.mult_res\[18\]$_DFFE_PP_/D
iter:432, pass:38, current fixing endpoint: fdct_zigzag.dct_mod.dct_block_3.dct_unit_5.macu.mult_res\[17\]$_DFFE_PP_/D, endpoint slack:-2.351831e-10
      433 |       7 |     121 |       46 |      4 |    71 |   -0.301 |      -65.9 |    480 | fdct_zigzag.dct_mod.dct_block_6.dct_unit_5.macu.mult_res\[18\]$_DFFE_PP_/D
iter:433, pass:39, current fixing endpoint: fdct_zigzag.dct_mod.dct_block_3.dct_unit_5.macu.mult_res\[17\]$_DFFE_PP_/D, endpoint slack:-2.3661217e-10
      434 |       7 |     122 |       46 |      4 |    71 |   -0.301 |      -66.0 |    480 | fdct_zigzag.dct_mod.dct_block_6.dct_unit_5.macu.mult_res\[18\]$_DFFE_PP_/D
iter:434, pass:40, current fixing endpoint: fdct_zigzag.dct_mod.dct_block_3.dct_unit_5.macu.mult_res\[17\]$_DFFE_PP_/D, endpoint slack:-2.3806035e-10
      435 |       7 |     122 |       46 |      4 |    72 |   -0.301 |      -65.9 |    480 | fdct_zigzag.dct_mod.dct_block_6.dct_unit_5.macu.mult_res\[18\]$_DFFE_PP_/D
iter:435, pass:41, current fixing endpoint: fdct_zigzag.dct_mod.dct_block_3.dct_unit_5.macu.mult_res\[17\]$_DFFE_PP_/D, endpoint slack:-2.3511337e-10
      436 |       7 |     122 |       46 |      4 |    73 |   -0.301 |      -66.0 |    480 | fdct_zigzag.dct_mod.dct_block_6.dct_unit_5.macu.mult_res\[18\]$_DFFE_PP_/D
iter:436, pass:42, current fixing endpoint: fdct_zigzag.dct_mod.dct_block_3.dct_unit_5.macu.mult_res\[17\]$_DFFE_PP_/D, endpoint slack:-2.3884994e-10
      437 |       7 |     123 |       46 |      4 |    73 |   -0.301 |      -66.0 |    480 | fdct_zigzag.dct_mod.dct_block_6.dct_unit_5.macu.mult_res\[18\]$_DFFE_PP_/D
iter:437, pass:43, current fixing endpoint: fdct_zigzag.dct_mod.dct_block_3.dct_unit_5.macu.mult_res\[17\]$_DFFE_PP_/D, endpoint slack:-2.4028524e-10
      438 |       7 |     124 |       46 |      4 |    73 |   -0.301 |      -66.0 |    480 | fdct_zigzag.dct_mod.dct_block_6.dct_unit_5.macu.mult_res\[18\]$_DFFE_PP_/D
iter:438, pass:44, current fixing endpoint: fdct_zigzag.dct_mod.dct_block_3.dct_unit_5.macu.mult_res\[17\]$_DFFE_PP_/D, endpoint slack:-2.423165e-10
      438 |       7 |     107 |       45 |      3 |    64 |   -0.292 |      -64.2 |    480 | fdct_zigzag.dct_mod.dct_block_6.dct_unit_5.macu.mult_res\[18\]$_DFFE_PP_/D
      439 |       7 |     107 |       45 |      3 |    64 |   -0.292 |      -64.2 |    480 | fdct_zigzag.dct_mod.dct_block_6.dct_unit_5.macu.mult_res\[18\]$_DFFE_PP_/D
iter:439, pass:1, current fixing endpoint: fdct_zigzag.dct_mod.dct_block_7.dct_unit_6.macu.mult_res\[18\]$_DFFE_PP_/D, endpoint slack:-2.731848e-10
      440 |       7 |     108 |       45 |      3 |    64 |   -0.293 |      -64.2 |    480 | fdct_zigzag.dct_mod.dct_block_6.dct_unit_5.macu.mult_res\[18\]$_DFFE_PP_/D
iter:440, pass:2, current fixing endpoint: fdct_zigzag.dct_mod.dct_block_7.dct_unit_6.macu.mult_res\[18\]$_DFFE_PP_/D, endpoint slack:-2.6596392e-10
      441 |       7 |     109 |       45 |      3 |    64 |   -0.293 |      -64.2 |    480 | fdct_zigzag.dct_mod.dct_block_6.dct_unit_5.macu.mult_res\[18\]$_DFFE_PP_/D
iter:441, pass:3, current fixing endpoint: fdct_zigzag.dct_mod.dct_block_7.dct_unit_6.macu.mult_res\[18\]$_DFFE_PP_/D, endpoint slack:-2.5799918e-10
      442 |       7 |     109 |       45 |      3 |    65 |   -0.293 |      -64.2 |    480 | fdct_zigzag.dct_mod.dct_block_6.dct_unit_5.macu.mult_res\[18\]$_DFFE_PP_/D
iter:442, pass:4, current fixing endpoint: fdct_zigzag.dct_mod.dct_block_7.dct_unit_6.macu.mult_res\[18\]$_DFFE_PP_/D, endpoint slack:-2.5360825e-10
      443 |       7 |     110 |       45 |      3 |    65 |   -0.293 |      -64.2 |    480 | fdct_zigzag.dct_mod.dct_block_6.dct_unit_5.macu.mult_res\[18\]$_DFFE_PP_/D
iter:443, pass:5, current fixing endpoint: fdct_zigzag.dct_mod.dct_block_7.dct_unit_6.macu.mult_res\[18\]$_DFFE_PP_/D, endpoint slack:-2.5311198e-10
      444 |       7 |     110 |       45 |      3 |    66 |   -0.293 |      -64.2 |    480 | fdct_zigzag.dct_mod.dct_block_6.dct_unit_5.macu.mult_res\[18\]$_DFFE_PP_/D
iter:444, pass:6, current fixing endpoint: fdct_zigzag.dct_mod.dct_block_7.dct_unit_6.macu.mult_res\[18\]$_DFFE_PP_/D, endpoint slack:-2.5191538e-10
      445 |       7 |     110 |       45 |      3 |    67 |   -0.293 |      -64.2 |    480 | fdct_zigzag.dct_mod.dct_block_6.dct_unit_5.macu.mult_res\[18\]$_DFFE_PP_/D
iter:445, pass:7, current fixing endpoint: fdct_zigzag.dct_mod.dct_block_7.dct_unit_6.macu.mult_res\[18\]$_DFFE_PP_/D, endpoint slack:-2.5363334e-10
      446 |       7 |     110 |       45 |      3 |    68 |   -0.293 |      -64.2 |    480 | fdct_zigzag.dct_mod.dct_block_6.dct_unit_5.macu.mult_res\[18\]$_DFFE_PP_/D
iter:446, pass:8, current fixing endpoint: fdct_zigzag.dct_mod.dct_block_7.dct_unit_6.macu.mult_res\[18\]$_DFFE_PP_/D, endpoint slack:-2.631324e-10
      447 |       7 |     111 |       45 |      3 |    68 |   -0.293 |      -64.2 |    480 | fdct_zigzag.dct_mod.dct_block_6.dct_unit_5.macu.mult_res\[18\]$_DFFE_PP_/D
iter:447, pass:9, current fixing endpoint: fdct_zigzag.dct_mod.dct_block_7.dct_unit_6.macu.mult_res\[18\]$_DFFE_PP_/D, endpoint slack:-2.590823e-10
      448 |       7 |     112 |       45 |      3 |    68 |   -0.293 |      -64.2 |    480 | fdct_zigzag.dct_mod.dct_block_6.dct_unit_5.macu.mult_res\[18\]$_DFFE_PP_/D
iter:448, pass:10, current fixing endpoint: fdct_zigzag.dct_mod.dct_block_7.dct_unit_6.macu.mult_res\[18\]$_DFFE_PP_/D, endpoint slack:-2.6030322e-10
      449 |       7 |     112 |       45 |      3 |    69 |   -0.293 |      -64.2 |    480 | fdct_zigzag.dct_mod.dct_block_6.dct_unit_5.macu.mult_res\[18\]$_DFFE_PP_/D
iter:449, pass:11, current fixing endpoint: fdct_zigzag.dct_mod.dct_block_7.dct_unit_6.macu.mult_res\[18\]$_DFFE_PP_/D, endpoint slack:-2.5894464e-10
      450 |       7 |     113 |       45 |      3 |    69 |   -0.293 |      -64.2 |    480 | fdct_zigzag.dct_mod.dct_block_6.dct_unit_5.macu.mult_res\[18\]$_DFFE_PP_/D
iter:450, pass:12, current fixing endpoint: fdct_zigzag.dct_mod.dct_block_7.dct_unit_6.macu.mult_res\[18\]$_DFFE_PP_/D, endpoint slack:-2.5918023e-10
      451 |       7 |     114 |       45 |      3 |    69 |   -0.294 |      -64.2 |    480 | fdct_zigzag.dct_mod.dct_block_6.dct_unit_5.macu.mult_res\[18\]$_DFFE_PP_/D
iter:451, pass:13, current fixing endpoint: fdct_zigzag.dct_mod.dct_block_7.dct_unit_6.macu.mult_res\[18\]$_DFFE_PP_/D, endpoint slack:-2.557845e-10
      452 |       7 |     114 |       45 |      3 |    70 |   -0.294 |      -64.2 |    480 | fdct_zigzag.dct_mod.dct_block_6.dct_unit_5.macu.mult_res\[18\]$_DFFE_PP_/D
iter:452, pass:14, current fixing endpoint: fdct_zigzag.dct_mod.dct_block_7.dct_unit_6.macu.mult_res\[18\]$_DFFE_PP_/D, endpoint slack:-2.4639224e-10
      453 |       7 |     115 |       45 |      3 |    70 |   -0.294 |      -64.1 |    480 | fdct_zigzag.dct_mod.dct_block_6.dct_unit_5.macu.mult_res\[18\]$_DFFE_PP_/D
iter:453, pass:15, current fixing endpoint: fdct_zigzag.dct_mod.dct_block_7.dct_unit_6.macu.mult_res\[18\]$_DFFE_PP_/D, endpoint slack:-2.379983e-10
      454 |       7 |     115 |       45 |      3 |    71 |   -0.294 |      -64.1 |    480 | fdct_zigzag.dct_mod.dct_block_6.dct_unit_5.macu.mult_res\[18\]$_DFFE_PP_/D
iter:454, pass:16, current fixing endpoint: fdct_zigzag.dct_mod.dct_block_7.dct_unit_6.macu.mult_res\[18\]$_DFFE_PP_/D, endpoint slack:-2.2661917e-10
      455 |       7 |     116 |       45 |      3 |    71 |   -0.294 |      -64.1 |    480 | fdct_zigzag.dct_mod.dct_block_6.dct_unit_5.macu.mult_res\[18\]$_DFFE_PP_/D
iter:455, pass:17, current fixing endpoint: fdct_zigzag.dct_mod.dct_block_7.dct_unit_6.macu.mult_res\[18\]$_DFFE_PP_/D, endpoint slack:-2.2617697e-10
      456 |       7 |     117 |       45 |      3 |    71 |   -0.294 |      -64.1 |    480 | fdct_zigzag.dct_mod.dct_block_6.dct_unit_5.macu.mult_res\[18\]$_DFFE_PP_/D
iter:456, pass:18, current fixing endpoint: fdct_zigzag.dct_mod.dct_block_7.dct_unit_6.macu.mult_res\[18\]$_DFFE_PP_/D, endpoint slack:-2.2748936e-10
      457 |       7 |     118 |       45 |      3 |    71 |   -0.294 |      -64.1 |    480 | fdct_zigzag.dct_mod.dct_block_6.dct_unit_5.macu.mult_res\[18\]$_DFFE_PP_/D
iter:457, pass:19, current fixing endpoint: fdct_zigzag.dct_mod.dct_block_7.dct_unit_6.macu.mult_res\[18\]$_DFFE_PP_/D, endpoint slack:-2.2257218e-10
      458 |       7 |     118 |       45 |      3 |    72 |   -0.294 |      -64.1 |    480 | fdct_zigzag.dct_mod.dct_block_6.dct_unit_5.macu.mult_res\[18\]$_DFFE_PP_/D
iter:458, pass:20, current fixing endpoint: fdct_zigzag.dct_mod.dct_block_7.dct_unit_6.macu.mult_res\[18\]$_DFFE_PP_/D, endpoint slack:-2.2419866e-10
      459 |       7 |     118 |       45 |      3 |    73 |   -0.294 |      -64.1 |    480 | fdct_zigzag.dct_mod.dct_block_6.dct_unit_5.macu.mult_res\[18\]$_DFFE_PP_/D
iter:459, pass:21, current fixing endpoint: fdct_zigzag.dct_mod.dct_block_7.dct_unit_6.macu.mult_res\[18\]$_DFFE_PP_/D, endpoint slack:-2.2767765e-10
      460 |       7 |     119 |       45 |      3 |    73 |   -0.294 |      -64.1 |    480 | fdct_zigzag.dct_mod.dct_block_6.dct_unit_5.macu.mult_res\[18\]$_DFFE_PP_/D
iter:460, pass:22, current fixing endpoint: fdct_zigzag.dct_mod.dct_block_7.dct_unit_6.macu.mult_res\[18\]$_DFFE_PP_/D, endpoint slack:-2.2736191e-10
      461 |       7 |     120 |       45 |      3 |    73 |   -0.294 |      -64.1 |    480 | fdct_zigzag.dct_mod.dct_block_6.dct_unit_5.macu.mult_res\[18\]$_DFFE_PP_/D
iter:461, pass:23, current fixing endpoint: fdct_zigzag.dct_mod.dct_block_7.dct_unit_6.macu.mult_res\[18\]$_DFFE_PP_/D, endpoint slack:-2.2315427e-10
      462 |       7 |     121 |       45 |      3 |    73 |   -0.294 |      -64.1 |    480 | fdct_zigzag.dct_mod.dct_block_6.dct_unit_5.macu.mult_res\[18\]$_DFFE_PP_/D
iter:462, pass:24, current fixing endpoint: fdct_zigzag.dct_mod.dct_block_7.dct_unit_6.macu.mult_res\[18\]$_DFFE_PP_/D, endpoint slack:-2.2074975e-10
      463 |       7 |     122 |       45 |      3 |    73 |   -0.294 |      -64.1 |    480 | fdct_zigzag.dct_mod.dct_block_6.dct_unit_5.macu.mult_res\[18\]$_DFFE_PP_/D
iter:463, pass:25, current fixing endpoint: fdct_zigzag.dct_mod.dct_block_7.dct_unit_6.macu.mult_res\[18\]$_DFFE_PP_/D, endpoint slack:-2.1955082e-10
      464 |       7 |     123 |       45 |      3 |    73 |   -0.294 |      -64.1 |    480 | fdct_zigzag.dct_mod.dct_block_6.dct_unit_5.macu.mult_res\[18\]$_DFFE_PP_/D
iter:464, pass:26, current fixing endpoint: fdct_zigzag.dct_mod.dct_block_7.dct_unit_6.macu.mult_res\[18\]$_DFFE_PP_/D, endpoint slack:-2.2495794e-10
      465 |       7 |     124 |       45 |      3 |    73 |   -0.294 |      -64.1 |    480 | fdct_zigzag.dct_mod.dct_block_6.dct_unit_5.macu.mult_res\[18\]$_DFFE_PP_/D
iter:465, pass:27, current fixing endpoint: fdct_zigzag.dct_mod.dct_block_7.dct_unit_6.macu.mult_res\[18\]$_DFFE_PP_/D, endpoint slack:-2.2147528e-10
      466 |       7 |     125 |       45 |      3 |    73 |   -0.294 |      -64.1 |    480 | fdct_zigzag.dct_mod.dct_block_6.dct_unit_5.macu.mult_res\[18\]$_DFFE_PP_/D
iter:466, pass:28, current fixing endpoint: fdct_zigzag.dct_mod.dct_block_7.dct_unit_6.macu.mult_res\[18\]$_DFFE_PP_/D, endpoint slack:-2.2033109e-10
      467 |       7 |     125 |       45 |      3 |    74 |   -0.294 |      -64.2 |    480 | fdct_zigzag.dct_mod.dct_block_6.dct_unit_5.macu.mult_res\[18\]$_DFFE_PP_/D
iter:467, pass:29, current fixing endpoint: fdct_zigzag.dct_mod.dct_block_7.dct_unit_6.macu.mult_res\[18\]$_DFFE_PP_/D, endpoint slack:-2.3037505e-10
      468 |       7 |     126 |       45 |      3 |    74 |   -0.294 |      -64.2 |    480 | fdct_zigzag.dct_mod.dct_block_6.dct_unit_5.macu.mult_res\[18\]$_DFFE_PP_/D
iter:468, pass:30, current fixing endpoint: fdct_zigzag.dct_mod.dct_block_7.dct_unit_6.macu.mult_res\[18\]$_DFFE_PP_/D, endpoint slack:-2.317877e-10
      469 |       7 |     127 |       45 |      3 |    74 |   -0.292 |      -63.7 |    480 | fdct_zigzag.dct_mod.dct_block_6.dct_unit_5.macu.mult_res\[18\]$_DFFE_PP_/D
iter:469, pass:31, current fixing endpoint: fdct_zigzag.dct_mod.dct_block_7.dct_unit_6.macu.mult_res\[18\]$_DFFE_PP_/D, endpoint slack:-2.2954483e-10
      470 |       7 |     128 |       45 |      3 |    74 |   -0.292 |      -63.7 |    480 | fdct_zigzag.dct_mod.dct_block_6.dct_unit_5.macu.mult_res\[18\]$_DFFE_PP_/D
iter:470, pass:32, current fixing endpoint: fdct_zigzag.dct_mod.dct_block_7.dct_unit_6.macu.mult_res\[18\]$_DFFE_PP_/D, endpoint slack:-2.3079605e-10
      471 |       7 |     129 |       45 |      3 |    74 |   -0.297 |      -64.8 |    480 | fdct_zigzag.dct_mod.dct_block_6.dct_unit_5.macu.mult_res\[18\]$_DFFE_PP_/D
iter:471, pass:33, current fixing endpoint: fdct_zigzag.dct_mod.dct_block_7.dct_unit_6.macu.mult_res\[18\]$_DFFE_PP_/D, endpoint slack:-2.3545033e-10
      472 |       7 |     130 |       45 |      3 |    74 |   -0.297 |      -64.8 |    480 | fdct_zigzag.dct_mod.dct_block_6.dct_unit_5.macu.mult_res\[18\]$_DFFE_PP_/D
iter:472, pass:34, current fixing endpoint: fdct_zigzag.dct_mod.dct_block_7.dct_unit_6.macu.mult_res\[18\]$_DFFE_PP_/D, endpoint slack:-2.3603985e-10
      473 |       7 |     131 |       45 |      3 |    74 |   -0.297 |      -64.8 |    480 | fdct_zigzag.dct_mod.dct_block_6.dct_unit_5.macu.mult_res\[18\]$_DFFE_PP_/D
iter:473, pass:35, current fixing endpoint: fdct_zigzag.dct_mod.dct_block_7.dct_unit_6.macu.mult_res\[18\]$_DFFE_PP_/D, endpoint slack:-2.352878e-10
      474 |       7 |     131 |       45 |      3 |    75 |   -0.297 |      -64.8 |    480 | fdct_zigzag.dct_mod.dct_block_6.dct_unit_5.macu.mult_res\[18\]$_DFFE_PP_/D
iter:474, pass:36, current fixing endpoint: fdct_zigzag.dct_mod.dct_block_7.dct_unit_6.macu.mult_res\[18\]$_DFFE_PP_/D, endpoint slack:-2.3770275e-10
      475 |       7 |     132 |       45 |      3 |    75 |   -0.297 |      -64.9 |    480 | fdct_zigzag.dct_mod.dct_block_6.dct_unit_5.macu.mult_res\[18\]$_DFFE_PP_/D
iter:475, pass:37, current fixing endpoint: fdct_zigzag.dct_mod.dct_block_7.dct_unit_6.macu.mult_res\[18\]$_DFFE_PP_/D, endpoint slack:-2.376419e-10
      476 |       7 |     133 |       45 |      3 |    75 |   -0.297 |      -64.9 |    480 | fdct_zigzag.dct_mod.dct_block_6.dct_unit_5.macu.mult_res\[18\]$_DFFE_PP_/D
iter:476, pass:38, current fixing endpoint: fdct_zigzag.dct_mod.dct_block_7.dct_unit_6.macu.mult_res\[18\]$_DFFE_PP_/D, endpoint slack:-2.368894e-10
      477 |       7 |     134 |       45 |      3 |    75 |   -0.297 |      -64.9 |    480 | fdct_zigzag.dct_mod.dct_block_6.dct_unit_5.macu.mult_res\[18\]$_DFFE_PP_/D
iter:477, pass:39, current fixing endpoint: fdct_zigzag.dct_mod.dct_block_7.dct_unit_6.macu.mult_res\[18\]$_DFFE_PP_/D, endpoint slack:-2.3632962e-10
      478 |       7 |     135 |       45 |      3 |    75 |   -0.297 |      -64.9 |    480 | fdct_zigzag.dct_mod.dct_block_6.dct_unit_5.macu.mult_res\[18\]$_DFFE_PP_/D
iter:478, pass:40, current fixing endpoint: fdct_zigzag.dct_mod.dct_block_7.dct_unit_6.macu.mult_res\[18\]$_DFFE_PP_/D, endpoint slack:-2.3898394e-10
      479 |       7 |     136 |       45 |      3 |    75 |   -0.297 |      -64.9 |    480 | fdct_zigzag.dct_mod.dct_block_6.dct_unit_5.macu.mult_res\[18\]$_DFFE_PP_/D
iter:479, pass:41, current fixing endpoint: fdct_zigzag.dct_mod.dct_block_7.dct_unit_6.macu.mult_res\[18\]$_DFFE_PP_/D, endpoint slack:-2.3540592e-10
      480 |       7 |     137 |       45 |      3 |    75 |   -0.297 |      -64.9 |    480 | fdct_zigzag.dct_mod.dct_block_6.dct_unit_5.macu.mult_res\[18\]$_DFFE_PP_/D
iter:480, pass:42, current fixing endpoint: fdct_zigzag.dct_mod.dct_block_7.dct_unit_6.macu.mult_res\[18\]$_DFFE_PP_/D, endpoint slack:-2.3589708e-10
      481 |       7 |     138 |       45 |      3 |    75 |   -0.297 |      -64.9 |    480 | fdct_zigzag.dct_mod.dct_block_6.dct_unit_5.macu.mult_res\[18\]$_DFFE_PP_/D
iter:481, pass:43, current fixing endpoint: fdct_zigzag.dct_mod.dct_block_7.dct_unit_6.macu.mult_res\[18\]$_DFFE_PP_/D, endpoint slack:-2.3704394e-10
      482 |       7 |     139 |       45 |      3 |    75 |   -0.297 |      -64.9 |    480 | fdct_zigzag.dct_mod.dct_block_6.dct_unit_5.macu.mult_res\[18\]$_DFFE_PP_/D
iter:482, pass:44, current fixing endpoint: fdct_zigzag.dct_mod.dct_block_7.dct_unit_6.macu.mult_res\[18\]$_DFFE_PP_/D, endpoint slack:-2.3379787e-10
      483 |       7 |     139 |       45 |      3 |    76 |   -0.297 |      -64.9 |    480 | fdct_zigzag.dct_mod.dct_block_6.dct_unit_5.macu.mult_res\[18\]$_DFFE_PP_/D
iter:483, pass:45, current fixing endpoint: fdct_zigzag.dct_mod.dct_block_7.dct_unit_6.macu.mult_res\[18\]$_DFFE_PP_/D, endpoint slack:-2.3612823e-10
      484 |       7 |     140 |       45 |      3 |    76 |   -0.297 |      -64.9 |    480 | fdct_zigzag.dct_mod.dct_block_6.dct_unit_5.macu.mult_res\[18\]$_DFFE_PP_/D
iter:484, pass:46, current fixing endpoint: fdct_zigzag.dct_mod.dct_block_7.dct_unit_6.macu.mult_res\[18\]$_DFFE_PP_/D, endpoint slack:-2.3760527e-10
      484 |       7 |     120 |       45 |      3 |    64 |   -0.291 |      -63.9 |    480 | fdct_zigzag.dct_mod.dct_block_6.dct_unit_5.macu.mult_res\[18\]$_DFFE_PP_/D
      485 |       7 |     120 |       45 |      3 |    64 |   -0.291 |      -63.9 |    480 | fdct_zigzag.dct_mod.dct_block_6.dct_unit_5.macu.mult_res\[18\]$_DFFE_PP_/D
iter:485, pass:1, current fixing endpoint: fdct_zigzag.dct_mod.dct_block_4.dct_unit_6.macu.mult_res\[18\]$_DFFE_PP_/D, endpoint slack:-1.9244406e-10
      486 |       7 |     121 |       45 |      3 |    64 |   -0.292 |      -64.0 |    480 | fdct_zigzag.dct_mod.dct_block_6.dct_unit_5.macu.mult_res\[18\]$_DFFE_PP_/D
iter:486, pass:2, current fixing endpoint: fdct_zigzag.dct_mod.dct_block_4.dct_unit_6.macu.mult_res\[18\]$_DFFE_PP_/D, endpoint slack:-1.8839985e-10
      487 |       7 |     121 |       45 |      3 |    65 |   -0.292 |      -64.0 |    480 | fdct_zigzag.dct_mod.dct_block_6.dct_unit_5.macu.mult_res\[18\]$_DFFE_PP_/D
iter:487, pass:3, current fixing endpoint: fdct_zigzag.dct_mod.dct_block_4.dct_unit_6.macu.mult_res\[18\]$_DFFE_PP_/D, endpoint slack:-1.9471547e-10
      488 |       7 |     122 |       45 |      3 |    65 |   -0.292 |      -64.0 |    480 | fdct_zigzag.dct_mod.dct_block_6.dct_unit_5.macu.mult_res\[18\]$_DFFE_PP_/D
iter:488, pass:4, current fixing endpoint: fdct_zigzag.dct_mod.dct_block_4.dct_unit_6.macu.mult_res\[18\]$_DFFE_PP_/D, endpoint slack:-1.8508517e-10
      489 |       7 |     123 |       45 |      3 |    65 |   -0.292 |      -64.0 |    480 | fdct_zigzag.dct_mod.dct_block_6.dct_unit_5.macu.mult_res\[18\]$_DFFE_PP_/D
iter:489, pass:5, current fixing endpoint: fdct_zigzag.dct_mod.dct_block_4.dct_unit_6.macu.mult_res\[18\]$_DFFE_PP_/D, endpoint slack:-1.8291335e-10
      490 |       7 |     124 |       45 |      3 |    65 |   -0.292 |      -64.0 |    480 | fdct_zigzag.dct_mod.dct_block_6.dct_unit_5.macu.mult_res\[18\]$_DFFE_PP_/D
iter:490, pass:6, current fixing endpoint: fdct_zigzag.dct_mod.dct_block_4.dct_unit_6.macu.mult_res\[18\]$_DFFE_PP_/D, endpoint slack:-1.8450608e-10
      491 |       7 |     125 |       45 |      3 |    65 |   -0.294 |      -64.2 |    480 | fdct_zigzag.dct_mod.dct_block_6.dct_unit_5.macu.mult_res\[18\]$_DFFE_PP_/D
iter:491, pass:7, current fixing endpoint: fdct_zigzag.dct_mod.dct_block_4.dct_unit_6.macu.mult_res\[18\]$_DFFE_PP_/D, endpoint slack:-1.6937762e-10
      492 |       7 |     125 |       45 |      3 |    66 |   -0.294 |      -64.2 |    480 | fdct_zigzag.dct_mod.dct_block_6.dct_unit_5.macu.mult_res\[18\]$_DFFE_PP_/D
iter:492, pass:8, current fixing endpoint: fdct_zigzag.dct_mod.dct_block_4.dct_unit_6.macu.mult_res\[18\]$_DFFE_PP_/D, endpoint slack:-1.6935553e-10
      493 |       7 |     125 |       47 |      3 |    66 |   -0.294 |      -64.2 |    480 | fdct_zigzag.dct_mod.dct_block_6.dct_unit_5.macu.mult_res\[18\]$_DFFE_PP_/D
iter:493, pass:9, current fixing endpoint: fdct_zigzag.dct_mod.dct_block_4.dct_unit_6.macu.mult_res\[18\]$_DFFE_PP_/D, endpoint slack:-1.6933888e-10
      494 |       7 |     126 |       47 |      3 |    66 |   -0.294 |      -64.2 |    480 | fdct_zigzag.dct_mod.dct_block_6.dct_unit_5.macu.mult_res\[18\]$_DFFE_PP_/D
iter:494, pass:10, current fixing endpoint: fdct_zigzag.dct_mod.dct_block_4.dct_unit_6.macu.mult_res\[18\]$_DFFE_PP_/D, endpoint slack:-1.6340518e-10
      495 |       8 |     126 |       47 |      3 |    66 |   -0.294 |      -64.2 |    480 | fdct_zigzag.dct_mod.dct_block_6.dct_unit_5.macu.mult_res\[18\]$_DFFE_PP_/D
iter:495, pass:11, current fixing endpoint: fdct_zigzag.dct_mod.dct_block_4.dct_unit_6.macu.mult_res\[18\]$_DFFE_PP_/D, endpoint slack:-1.7806556e-10
      496 |       8 |     126 |       49 |      3 |    66 |   -0.294 |      -64.2 |    480 | fdct_zigzag.dct_mod.dct_block_6.dct_unit_5.macu.mult_res\[18\]$_DFFE_PP_/D
iter:496, pass:12, current fixing endpoint: fdct_zigzag.dct_mod.dct_block_4.dct_unit_6.macu.mult_res\[18\]$_DFFE_PP_/D, endpoint slack:-1.6287671e-10
      497 |       8 |     127 |       49 |      3 |    66 |   -0.294 |      -64.1 |    480 | fdct_zigzag.dct_mod.dct_block_6.dct_unit_5.macu.mult_res\[18\]$_DFFE_PP_/D
iter:497, pass:13, current fixing endpoint: fdct_zigzag.dct_mod.dct_block_4.dct_unit_6.macu.mult_res\[18\]$_DFFE_PP_/D, endpoint slack:-1.6179791e-10
      498 |       8 |     128 |       49 |      3 |    66 |   -0.294 |      -64.1 |    480 | fdct_zigzag.dct_mod.dct_block_6.dct_unit_5.macu.mult_res\[18\]$_DFFE_PP_/D
iter:498, pass:14, current fixing endpoint: fdct_zigzag.dct_mod.dct_block_4.dct_unit_6.macu.mult_res\[18\]$_DFFE_PP_/D, endpoint slack:-1.6068635e-10
      499 |       8 |     129 |       49 |      3 |    66 |   -0.294 |      -64.1 |    480 | fdct_zigzag.dct_mod.dct_block_6.dct_unit_5.macu.mult_res\[18\]$_DFFE_PP_/D
iter:499, pass:15, current fixing endpoint: fdct_zigzag.dct_mod.dct_block_4.dct_unit_6.macu.mult_res\[18\]$_DFFE_PP_/D, endpoint slack:-1.6011881e-10
      500 |       8 |     130 |       49 |      3 |    66 |   -0.294 |      -64.1 |    480 | fdct_zigzag.dct_mod.dct_block_6.dct_unit_5.macu.mult_res\[18\]$_DFFE_PP_/D
iter:500, pass:16, current fixing endpoint: fdct_zigzag.dct_mod.dct_block_4.dct_unit_6.macu.mult_res\[18\]$_DFFE_PP_/D, endpoint slack:-1.5797774e-10
      501 |       9 |     130 |       49 |      3 |    66 |   -0.294 |      -64.1 |    480 | fdct_zigzag.dct_mod.dct_block_6.dct_unit_5.macu.mult_res\[18\]$_DFFE_PP_/D
iter:501, pass:17, current fixing endpoint: fdct_zigzag.dct_mod.dct_block_4.dct_unit_6.macu.mult_res\[18\]$_DFFE_PP_/D, endpoint slack:-1.5364798e-10
      502 |       9 |     130 |       49 |      3 |    67 |   -0.294 |      -64.1 |    480 | fdct_zigzag.dct_mod.dct_block_6.dct_unit_5.macu.mult_res\[18\]$_DFFE_PP_/D
iter:502, pass:18, current fixing endpoint: fdct_zigzag.dct_mod.dct_block_4.dct_unit_6.macu.mult_res\[18\]$_DFFE_PP_/D, endpoint slack:-1.5199353e-10
      503 |       9 |     130 |       49 |      3 |    68 |   -0.294 |      -64.1 |    480 | fdct_zigzag.dct_mod.dct_block_6.dct_unit_5.macu.mult_res\[18\]$_DFFE_PP_/D
iter:503, pass:19, current fixing endpoint: fdct_zigzag.dct_mod.dct_block_4.dct_unit_6.macu.mult_res\[18\]$_DFFE_PP_/D, endpoint slack:-1.5226387e-10
      504 |       9 |     131 |       49 |      3 |    68 |   -0.294 |      -63.9 |    480 | fdct_zigzag.dct_mod.dct_block_6.dct_unit_5.macu.mult_res\[18\]$_DFFE_PP_/D
iter:504, pass:20, current fixing endpoint: fdct_zigzag.dct_mod.dct_block_4.dct_unit_6.macu.mult_res\[18\]$_DFFE_PP_/D, endpoint slack:-1.3896606e-10
      505 |       9 |     132 |       49 |      3 |    68 |   -0.294 |      -64.3 |    480 | fdct_zigzag.dct_mod.dct_block_6.dct_unit_5.macu.mult_res\[18\]$_DFFE_PP_/D
iter:505, pass:21, current fixing endpoint: fdct_zigzag.dct_mod.dct_block_4.dct_unit_6.macu.mult_res\[18\]$_DFFE_PP_/D, endpoint slack:-1.3974555e-10
      506 |       9 |     132 |       49 |      3 |    69 |   -0.294 |      -64.3 |    480 | fdct_zigzag.dct_mod.dct_block_6.dct_unit_5.macu.mult_res\[18\]$_DFFE_PP_/D
iter:506, pass:22, current fixing endpoint: fdct_zigzag.dct_mod.dct_block_4.dct_unit_6.macu.mult_res\[18\]$_DFFE_PP_/D, endpoint slack:-1.4183121e-10
      507 |       9 |     133 |       49 |      3 |    69 |   -0.294 |      -64.3 |    480 | fdct_zigzag.dct_mod.dct_block_6.dct_unit_5.macu.mult_res\[18\]$_DFFE_PP_/D
iter:507, pass:23, current fixing endpoint: fdct_zigzag.dct_mod.dct_block_4.dct_unit_6.macu.mult_res\[18\]$_DFFE_PP_/D, endpoint slack:-1.4172263e-10
      508 |       9 |     133 |       49 |      3 |    70 |   -0.294 |      -64.3 |    480 | fdct_zigzag.dct_mod.dct_block_6.dct_unit_5.macu.mult_res\[18\]$_DFFE_PP_/D
iter:508, pass:24, current fixing endpoint: fdct_zigzag.dct_mod.dct_block_4.dct_unit_6.macu.mult_res\[18\]$_DFFE_PP_/D, endpoint slack:-1.4162638e-10
      509 |       9 |     134 |       49 |      3 |    70 |   -0.294 |      -64.3 |    480 | fdct_zigzag.dct_mod.dct_block_6.dct_unit_5.macu.mult_res\[18\]$_DFFE_PP_/D
iter:509, pass:25, current fixing endpoint: fdct_zigzag.dct_mod.dct_block_4.dct_unit_6.macu.mult_res\[18\]$_DFFE_PP_/D, endpoint slack:-1.4633628e-10
      510 |       9 |     135 |       49 |      3 |    70 |   -0.294 |      -64.3 |    480 | fdct_zigzag.dct_mod.dct_block_6.dct_unit_5.macu.mult_res\[18\]$_DFFE_PP_/D
iter:510, pass:26, current fixing endpoint: fdct_zigzag.dct_mod.dct_block_4.dct_unit_6.macu.mult_res\[18\]$_DFFE_PP_/D, endpoint slack:-1.4053625e-10
      511 |       9 |     136 |       49 |      3 |    70 |   -0.294 |      -64.3 |    480 | fdct_zigzag.dct_mod.dct_block_6.dct_unit_5.macu.mult_res\[18\]$_DFFE_PP_/D
iter:511, pass:27, current fixing endpoint: fdct_zigzag.dct_mod.dct_block_4.dct_unit_6.macu.mult_res\[18\]$_DFFE_PP_/D, endpoint slack:-1.4048407e-10
      512 |       9 |     136 |       49 |      3 |    71 |   -0.294 |      -64.3 |    480 | fdct_zigzag.dct_mod.dct_block_6.dct_unit_5.macu.mult_res\[18\]$_DFFE_PP_/D
iter:512, pass:28, current fixing endpoint: fdct_zigzag.dct_mod.dct_block_4.dct_unit_6.macu.mult_res\[18\]$_DFFE_PP_/D, endpoint slack:-1.395769e-10
      513 |       9 |     136 |       49 |      3 |    72 |   -0.294 |      -64.3 |    480 | fdct_zigzag.dct_mod.dct_block_6.dct_unit_5.macu.mult_res\[18\]$_DFFE_PP_/D
iter:513, pass:29, current fixing endpoint: fdct_zigzag.dct_mod.dct_block_4.dct_unit_6.macu.mult_res\[18\]$_DFFE_PP_/D, endpoint slack:-1.3984247e-10
      514 |       9 |     136 |       49 |      3 |    73 |   -0.294 |      -64.4 |    480 | fdct_zigzag.dct_mod.dct_block_6.dct_unit_5.macu.mult_res\[18\]$_DFFE_PP_/D
iter:514, pass:30, current fixing endpoint: fdct_zigzag.dct_mod.dct_block_4.dct_unit_6.macu.mult_res\[18\]$_DFFE_PP_/D, endpoint slack:-1.4265766e-10
      515 |       9 |     137 |       49 |      3 |    73 |   -0.294 |      -64.3 |    480 | fdct_zigzag.dct_mod.dct_block_6.dct_unit_5.macu.mult_res\[18\]$_DFFE_PP_/D
iter:515, pass:31, current fixing endpoint: fdct_zigzag.dct_mod.dct_block_4.dct_unit_6.macu.mult_res\[18\]$_DFFE_PP_/D, endpoint slack:-1.4134383e-10
      516 |       9 |     137 |       49 |      3 |    74 |   -0.294 |      -64.3 |    480 | fdct_zigzag.dct_mod.dct_block_6.dct_unit_5.macu.mult_res\[18\]$_DFFE_PP_/D
iter:516, pass:32, current fixing endpoint: fdct_zigzag.dct_mod.dct_block_4.dct_unit_6.macu.mult_res\[18\]$_DFFE_PP_/D, endpoint slack:-1.3878165e-10
      517 |       9 |     138 |       49 |      3 |    74 |   -0.294 |      -64.3 |    480 | fdct_zigzag.dct_mod.dct_block_6.dct_unit_5.macu.mult_res\[18\]$_DFFE_PP_/D
iter:517, pass:33, current fixing endpoint: fdct_zigzag.dct_mod.dct_block_4.dct_unit_6.macu.mult_res\[18\]$_DFFE_PP_/D, endpoint slack:-1.3810397e-10
      518 |       9 |     138 |       49 |      3 |    75 |   -0.294 |      -64.3 |    480 | fdct_zigzag.dct_mod.dct_block_6.dct_unit_5.macu.mult_res\[18\]$_DFFE_PP_/D
iter:518, pass:34, current fixing endpoint: fdct_zigzag.dct_mod.dct_block_4.dct_unit_6.macu.mult_res\[18\]$_DFFE_PP_/D, endpoint slack:-1.3431756e-10
      519 |       9 |     138 |       49 |      3 |    76 |   -0.294 |      -64.3 |    480 | fdct_zigzag.dct_mod.dct_block_6.dct_unit_5.macu.mult_res\[18\]$_DFFE_PP_/D
iter:519, pass:35, current fixing endpoint: fdct_zigzag.dct_mod.dct_block_4.dct_unit_6.macu.mult_res\[18\]$_DFFE_PP_/D, endpoint slack:-1.3452539e-10
      520 |       9 |     139 |       49 |      3 |    76 |   -0.294 |      -64.3 |    480 | fdct_zigzag.dct_mod.dct_block_6.dct_unit_5.macu.mult_res\[18\]$_DFFE_PP_/D
iter:520, pass:36, current fixing endpoint: fdct_zigzag.dct_mod.dct_block_4.dct_unit_6.macu.mult_res\[18\]$_DFFE_PP_/D, endpoint slack:-1.3494506e-10
      521 |       9 |     140 |       49 |      3 |    76 |   -0.294 |      -64.3 |    480 | fdct_zigzag.dct_mod.dct_block_6.dct_unit_5.macu.mult_res\[18\]$_DFFE_PP_/D
iter:521, pass:37, current fixing endpoint: fdct_zigzag.dct_mod.dct_block_4.dct_unit_6.macu.mult_res\[18\]$_DFFE_PP_/D, endpoint slack:-1.3318857e-10
      522 |       9 |     140 |       49 |      3 |    77 |   -0.294 |      -64.3 |    480 | fdct_zigzag.dct_mod.dct_block_6.dct_unit_5.macu.mult_res\[18\]$_DFFE_PP_/D
iter:522, pass:38, current fixing endpoint: fdct_zigzag.dct_mod.dct_block_4.dct_unit_6.macu.mult_res\[18\]$_DFFE_PP_/D, endpoint slack:-1.3622481e-10
      523 |       9 |     141 |       49 |      3 |    77 |   -0.294 |      -64.4 |    480 | fdct_zigzag.dct_mod.dct_block_6.dct_unit_5.macu.mult_res\[18\]$_DFFE_PP_/D
iter:523, pass:39, current fixing endpoint: fdct_zigzag.dct_mod.dct_block_4.dct_unit_6.macu.mult_res\[18\]$_DFFE_PP_/D, endpoint slack:-1.3691781e-10
      524 |       9 |     142 |       49 |      3 |    77 |   -0.294 |      -64.4 |    480 | fdct_zigzag.dct_mod.dct_block_6.dct_unit_5.macu.mult_res\[18\]$_DFFE_PP_/D
iter:524, pass:40, current fixing endpoint: fdct_zigzag.dct_mod.dct_block_4.dct_unit_6.macu.mult_res\[18\]$_DFFE_PP_/D, endpoint slack:-1.3679446e-10
      525 |       9 |     143 |       49 |      3 |    77 |   -0.302 |      -66.2 |    480 | fdct_zigzag.dct_mod.dct_block_6.dct_unit_5.macu.mult_res\[18\]$_DFFE_PP_/D
iter:525, pass:41, current fixing endpoint: fdct_zigzag.dct_mod.dct_block_4.dct_unit_6.macu.mult_res\[18\]$_DFFE_PP_/D, endpoint slack:-1.3969592e-10
      526 |       9 |     144 |       49 |      3 |    77 |   -0.302 |      -66.2 |    480 | fdct_zigzag.dct_mod.dct_block_6.dct_unit_5.macu.mult_res\[18\]$_DFFE_PP_/D
iter:526, pass:42, current fixing endpoint: fdct_zigzag.dct_mod.dct_block_4.dct_unit_6.macu.mult_res\[18\]$_DFFE_PP_/D, endpoint slack:-1.3867218e-10
      527 |       9 |     145 |       49 |      3 |    77 |   -0.302 |      -66.2 |    480 | fdct_zigzag.dct_mod.dct_block_6.dct_unit_5.macu.mult_res\[18\]$_DFFE_PP_/D
iter:527, pass:43, current fixing endpoint: fdct_zigzag.dct_mod.dct_block_4.dct_unit_6.macu.mult_res\[18\]$_DFFE_PP_/D, endpoint slack:-1.4106705e-10
      528 |       9 |     146 |       49 |      3 |    77 |   -0.302 |      -66.2 |    480 | fdct_zigzag.dct_mod.dct_block_6.dct_unit_5.macu.mult_res\[18\]$_DFFE_PP_/D
iter:528, pass:44, current fixing endpoint: fdct_zigzag.dct_mod.dct_block_4.dct_unit_6.macu.mult_res\[18\]$_DFFE_PP_/D, endpoint slack:-1.413547e-10
      529 |       9 |     147 |       49 |      3 |    77 |   -0.302 |      -66.2 |    480 | fdct_zigzag.dct_mod.dct_block_6.dct_unit_5.macu.mult_res\[18\]$_DFFE_PP_/D
iter:529, pass:45, current fixing endpoint: fdct_zigzag.dct_mod.dct_block_4.dct_unit_6.macu.mult_res\[18\]$_DFFE_PP_/D, endpoint slack:-1.4195045e-10
      530 |       9 |     148 |       49 |      3 |    77 |   -0.302 |      -66.2 |    480 | fdct_zigzag.dct_mod.dct_block_6.dct_unit_5.macu.mult_res\[18\]$_DFFE_PP_/D
iter:530, pass:46, current fixing endpoint: fdct_zigzag.dct_mod.dct_block_4.dct_unit_6.macu.mult_res\[18\]$_DFFE_PP_/D, endpoint slack:-1.4184276e-10
      531 |       9 |     149 |       49 |      3 |    77 |   -0.302 |      -66.2 |    480 | fdct_zigzag.dct_mod.dct_block_6.dct_unit_5.macu.mult_res\[18\]$_DFFE_PP_/D
iter:531, pass:47, current fixing endpoint: fdct_zigzag.dct_mod.dct_block_4.dct_unit_6.macu.mult_res\[18\]$_DFFE_PP_/D, endpoint slack:-1.4167045e-10
      532 |       9 |     150 |       49 |      3 |    77 |   -0.302 |      -66.2 |    480 | fdct_zigzag.dct_mod.dct_block_6.dct_unit_5.macu.mult_res\[18\]$_DFFE_PP_/D
iter:532, pass:48, current fixing endpoint: fdct_zigzag.dct_mod.dct_block_4.dct_unit_6.macu.mult_res\[18\]$_DFFE_PP_/D, endpoint slack:-1.4371604e-10
      533 |       9 |     151 |       49 |      3 |    77 |   -0.302 |      -66.2 |    480 | fdct_zigzag.dct_mod.dct_block_6.dct_unit_5.macu.mult_res\[18\]$_DFFE_PP_/D
iter:533, pass:49, current fixing endpoint: fdct_zigzag.dct_mod.dct_block_4.dct_unit_6.macu.mult_res\[18\]$_DFFE_PP_/D, endpoint slack:-1.4116341e-10
      534 |       9 |     151 |       49 |      4 |    77 |   -0.310 |      -67.7 |    480 | fdct_zigzag.dct_mod.dct_block_6.dct_unit_5.macu.mult_res\[18\]$_DFFE_PP_/D
iter:534, pass:50, current fixing endpoint: fdct_zigzag.dct_mod.dct_block_4.dct_unit_6.macu.mult_res\[18\]$_DFFE_PP_/D, endpoint slack:-1.3444668e-10
      535 |       9 |     152 |       49 |      4 |    77 |   -0.310 |      -67.7 |    480 | fdct_zigzag.dct_mod.dct_block_6.dct_unit_5.macu.mult_res\[18\]$_DFFE_PP_/D
iter:535, pass:51, current fixing endpoint: fdct_zigzag.dct_mod.dct_block_4.dct_unit_6.macu.mult_res\[18\]$_DFFE_PP_/D, endpoint slack:-1.3214041e-10
      535 |       7 |     129 |       47 |      3 |    64 |   -0.292 |      -64.5 |    480 | fdct_zigzag.dct_mod.dct_block_6.dct_unit_5.macu.mult_res\[18\]$_DFFE_PP_/D
      536 |       7 |     129 |       47 |      3 |    64 |   -0.292 |      -64.5 |    480 | fdct_zigzag.dct_mod.dct_block_6.dct_unit_5.macu.mult_res\[18\]$_DFFE_PP_/D
iter:536, pass:1, current fixing endpoint: fdct_zigzag.dct_mod.dct_block_3.dct_unit_1.macu.mult_res\[18\]$_DFFE_PP_/D, endpoint slack:-2.7117986e-10
      537 |       7 |     129 |       47 |      3 |    65 |   -0.292 |      -64.5 |    480 | fdct_zigzag.dct_mod.dct_block_6.dct_unit_5.macu.mult_res\[18\]$_DFFE_PP_/D
iter:537, pass:2, current fixing endpoint: fdct_zigzag.dct_mod.dct_block_3.dct_unit_1.macu.mult_res\[18\]$_DFFE_PP_/D, endpoint slack:-2.781294e-10
      538 |       7 |     130 |       47 |      3 |    65 |   -0.292 |      -64.5 |    480 | fdct_zigzag.dct_mod.dct_block_6.dct_unit_5.macu.mult_res\[18\]$_DFFE_PP_/D
iter:538, pass:3, current fixing endpoint: fdct_zigzag.dct_mod.dct_block_3.dct_unit_1.macu.mult_res\[18\]$_DFFE_PP_/D, endpoint slack:-2.7358837e-10
      539 |       7 |     131 |       47 |      3 |    65 |   -0.292 |      -64.5 |    480 | fdct_zigzag.dct_mod.dct_block_6.dct_unit_5.macu.mult_res\[18\]$_DFFE_PP_/D
iter:539, pass:4, current fixing endpoint: fdct_zigzag.dct_mod.dct_block_3.dct_unit_1.macu.mult_res\[18\]$_DFFE_PP_/D, endpoint slack:-2.7072378e-10
      540 |       7 |     131 |       47 |      3 |    66 |   -0.292 |      -64.5 |    480 | fdct_zigzag.dct_mod.dct_block_6.dct_unit_5.macu.mult_res\[18\]$_DFFE_PP_/D
iter:540, pass:5, current fixing endpoint: fdct_zigzag.dct_mod.dct_block_3.dct_unit_1.macu.mult_res\[18\]$_DFFE_PP_/D, endpoint slack:-2.7100422e-10
      541 |       8 |     131 |       47 |      3 |    66 |   -0.292 |      -64.5 |    480 | fdct_zigzag.dct_mod.dct_block_6.dct_unit_5.macu.mult_res\[18\]$_DFFE_PP_/D
iter:541, pass:6, current fixing endpoint: fdct_zigzag.dct_mod.dct_block_3.dct_unit_1.macu.mult_res\[18\]$_DFFE_PP_/D, endpoint slack:-2.878512e-10
      542 |       8 |     131 |       49 |      3 |    66 |   -0.292 |      -64.5 |    480 | fdct_zigzag.dct_mod.dct_block_6.dct_unit_5.macu.mult_res\[18\]$_DFFE_PP_/D
iter:542, pass:7, current fixing endpoint: fdct_zigzag.dct_mod.dct_block_3.dct_unit_1.macu.mult_res\[18\]$_DFFE_PP_/D, endpoint slack:-2.6591607e-10
      543 |       8 |     132 |       49 |      3 |    66 |   -0.292 |      -64.5 |    480 | fdct_zigzag.dct_mod.dct_block_6.dct_unit_5.macu.mult_res\[18\]$_DFFE_PP_/D
iter:543, pass:8, current fixing endpoint: fdct_zigzag.dct_mod.dct_block_3.dct_unit_1.macu.mult_res\[18\]$_DFFE_PP_/D, endpoint slack:-2.6393232e-10
      544 |       8 |     133 |       49 |      3 |    66 |   -0.292 |      -64.5 |    480 | fdct_zigzag.dct_mod.dct_block_6.dct_unit_5.macu.mult_res\[18\]$_DFFE_PP_/D
iter:544, pass:9, current fixing endpoint: fdct_zigzag.dct_mod.dct_block_3.dct_unit_1.macu.mult_res\[18\]$_DFFE_PP_/D, endpoint slack:-2.6238023e-10
      545 |       8 |     133 |       49 |      3 |    67 |   -0.292 |      -64.5 |    480 | fdct_zigzag.dct_mod.dct_block_6.dct_unit_5.macu.mult_res\[18\]$_DFFE_PP_/D
iter:545, pass:10, current fixing endpoint: fdct_zigzag.dct_mod.dct_block_3.dct_unit_1.macu.mult_res\[18\]$_DFFE_PP_/D, endpoint slack:-2.6452518e-10
      546 |       8 |     133 |       49 |      3 |    68 |   -0.292 |      -64.5 |    480 | fdct_zigzag.dct_mod.dct_block_6.dct_unit_5.macu.mult_res\[18\]$_DFFE_PP_/D
iter:546, pass:11, current fixing endpoint: fdct_zigzag.dct_mod.dct_block_3.dct_unit_1.macu.mult_res\[18\]$_DFFE_PP_/D, endpoint slack:-2.6176827e-10
      547 |       8 |     133 |       49 |      3 |    69 |   -0.292 |      -64.5 |    480 | fdct_zigzag.dct_mod.dct_block_6.dct_unit_5.macu.mult_res\[18\]$_DFFE_PP_/D
iter:547, pass:12, current fixing endpoint: fdct_zigzag.dct_mod.dct_block_3.dct_unit_1.macu.mult_res\[18\]$_DFFE_PP_/D, endpoint slack:-2.596815e-10
      548 |       8 |     133 |       51 |      3 |    69 |   -0.292 |      -64.5 |    480 | fdct_zigzag.dct_mod.dct_block_6.dct_unit_5.macu.mult_res\[18\]$_DFFE_PP_/D
iter:548, pass:13, current fixing endpoint: fdct_zigzag.dct_mod.dct_block_3.dct_unit_1.macu.mult_res\[18\]$_DFFE_PP_/D, endpoint slack:-2.5296953e-10
      549 |       8 |     133 |       51 |      3 |    70 |   -0.292 |      -64.5 |    480 | fdct_zigzag.dct_mod.dct_block_6.dct_unit_5.macu.mult_res\[18\]$_DFFE_PP_/D
iter:549, pass:14, current fixing endpoint: fdct_zigzag.dct_mod.dct_block_3.dct_unit_1.macu.mult_res\[18\]$_DFFE_PP_/D, endpoint slack:-2.544388e-10
      550 |       8 |     134 |       51 |      3 |    70 |   -0.290 |      -64.0 |    480 | fdct_zigzag.dct_mod.dct_block_6.dct_unit_5.macu.mult_res\[18\]$_DFFE_PP_/D
iter:550, pass:15, current fixing endpoint: fdct_zigzag.dct_mod.dct_block_3.dct_unit_1.macu.mult_res\[18\]$_DFFE_PP_/D, endpoint slack:-2.4945124e-10
      551 |       8 |     134 |       51 |      3 |    71 |   -0.290 |      -64.1 |    480 | fdct_zigzag.dct_mod.dct_block_6.dct_unit_5.macu.mult_res\[18\]$_DFFE_PP_/D
iter:551, pass:16, current fixing endpoint: fdct_zigzag.dct_mod.dct_block_3.dct_unit_1.macu.mult_res\[18\]$_DFFE_PP_/D, endpoint slack:-2.5642433e-10
      552 |       8 |     135 |       51 |      3 |    71 |   -0.290 |      -64.1 |    480 | fdct_zigzag.dct_mod.dct_block_6.dct_unit_5.macu.mult_res\[18\]$_DFFE_PP_/D
iter:552, pass:17, current fixing endpoint: fdct_zigzag.dct_mod.dct_block_3.dct_unit_1.macu.mult_res\[18\]$_DFFE_PP_/D, endpoint slack:-2.5569802e-10
      553 |       8 |     136 |       51 |      3 |    71 |   -0.290 |      -64.1 |    480 | fdct_zigzag.dct_mod.dct_block_6.dct_unit_5.macu.mult_res\[18\]$_DFFE_PP_/D
iter:553, pass:18, current fixing endpoint: fdct_zigzag.dct_mod.dct_block_3.dct_unit_1.macu.mult_res\[18\]$_DFFE_PP_/D, endpoint slack:-2.54198e-10
      554 |       8 |     137 |       51 |      3 |    71 |   -0.290 |      -64.1 |    480 | fdct_zigzag.dct_mod.dct_block_6.dct_unit_5.macu.mult_res\[18\]$_DFFE_PP_/D
iter:554, pass:19, current fixing endpoint: fdct_zigzag.dct_mod.dct_block_3.dct_unit_1.macu.mult_res\[18\]$_DFFE_PP_/D, endpoint slack:-2.5709923e-10
      555 |       8 |     138 |       51 |      3 |    71 |   -0.290 |      -64.1 |    480 | fdct_zigzag.dct_mod.dct_block_6.dct_unit_5.macu.mult_res\[18\]$_DFFE_PP_/D
iter:555, pass:20, current fixing endpoint: fdct_zigzag.dct_mod.dct_block_3.dct_unit_1.macu.mult_res\[18\]$_DFFE_PP_/D, endpoint slack:-2.5895752e-10
      556 |       8 |     139 |       51 |      3 |    71 |   -0.290 |      -64.1 |    480 | fdct_zigzag.dct_mod.dct_block_6.dct_unit_5.macu.mult_res\[18\]$_DFFE_PP_/D
iter:556, pass:21, current fixing endpoint: fdct_zigzag.dct_mod.dct_block_3.dct_unit_1.macu.mult_res\[18\]$_DFFE_PP_/D, endpoint slack:-2.5991787e-10
      557 |       8 |     139 |       51 |      3 |    72 |   -0.290 |      -64.1 |    480 | fdct_zigzag.dct_mod.dct_block_6.dct_unit_5.macu.mult_res\[18\]$_DFFE_PP_/D
iter:557, pass:22, current fixing endpoint: fdct_zigzag.dct_mod.dct_block_3.dct_unit_1.macu.mult_res\[18\]$_DFFE_PP_/D, endpoint slack:-2.5655456e-10
      558 |       8 |     140 |       51 |      3 |    72 |   -0.290 |      -64.1 |    480 | fdct_zigzag.dct_mod.dct_block_6.dct_unit_5.macu.mult_res\[18\]$_DFFE_PP_/D
iter:558, pass:23, current fixing endpoint: fdct_zigzag.dct_mod.dct_block_3.dct_unit_1.macu.mult_res\[18\]$_DFFE_PP_/D, endpoint slack:-2.5354763e-10
      559 |       8 |     140 |       51 |      3 |    73 |   -0.290 |      -64.1 |    480 | fdct_zigzag.dct_mod.dct_block_6.dct_unit_5.macu.mult_res\[18\]$_DFFE_PP_/D
iter:559, pass:24, current fixing endpoint: fdct_zigzag.dct_mod.dct_block_3.dct_unit_1.macu.mult_res\[18\]$_DFFE_PP_/D, endpoint slack:-2.5404367e-10
      560 |       8 |     141 |       51 |      3 |    73 |   -0.293 |      -65.0 |    480 | fdct_zigzag.dct_mod.dct_block_6.dct_unit_5.macu.mult_res\[18\]$_DFFE_PP_/D
iter:560, pass:25, current fixing endpoint: fdct_zigzag.dct_mod.dct_block_3.dct_unit_1.macu.mult_res\[18\]$_DFFE_PP_/D, endpoint slack:-2.5705948e-10
      561 |       8 |     141 |       51 |      3 |    74 |   -0.293 |      -65.0 |    480 | fdct_zigzag.dct_mod.dct_block_6.dct_unit_5.macu.mult_res\[18\]$_DFFE_PP_/D
iter:561, pass:26, current fixing endpoint: fdct_zigzag.dct_mod.dct_block_3.dct_unit_1.macu.mult_res\[18\]$_DFFE_PP_/D, endpoint slack:-2.6709546e-10
      562 |       8 |     142 |       51 |      3 |    74 |   -0.293 |      -65.0 |    480 | fdct_zigzag.dct_mod.dct_block_6.dct_unit_5.macu.mult_res\[18\]$_DFFE_PP_/D
iter:562, pass:27, current fixing endpoint: fdct_zigzag.dct_mod.dct_block_3.dct_unit_1.macu.mult_res\[18\]$_DFFE_PP_/D, endpoint slack:-2.683498e-10
      563 |       8 |     143 |       51 |      3 |    74 |   -0.293 |      -65.0 |    480 | fdct_zigzag.dct_mod.dct_block_6.dct_unit_5.macu.mult_res\[18\]$_DFFE_PP_/D
iter:563, pass:28, current fixing endpoint: fdct_zigzag.dct_mod.dct_block_3.dct_unit_1.macu.mult_res\[18\]$_DFFE_PP_/D, endpoint slack:-2.7035307e-10
      564 |       8 |     144 |       51 |      3 |    74 |   -0.293 |      -65.1 |    480 | fdct_zigzag.dct_mod.dct_block_6.dct_unit_5.macu.mult_res\[18\]$_DFFE_PP_/D
iter:564, pass:29, current fixing endpoint: fdct_zigzag.dct_mod.dct_block_3.dct_unit_1.macu.mult_res\[18\]$_DFFE_PP_/D, endpoint slack:-2.701408e-10
      565 |       8 |     145 |       51 |      3 |    74 |   -0.293 |      -65.1 |    480 | fdct_zigzag.dct_mod.dct_block_6.dct_unit_5.macu.mult_res\[18\]$_DFFE_PP_/D
iter:565, pass:30, current fixing endpoint: fdct_zigzag.dct_mod.dct_block_3.dct_unit_1.macu.mult_res\[18\]$_DFFE_PP_/D, endpoint slack:-2.6880587e-10
      566 |       8 |     146 |       51 |      3 |    74 |   -0.293 |      -65.1 |    480 | fdct_zigzag.dct_mod.dct_block_6.dct_unit_5.macu.mult_res\[18\]$_DFFE_PP_/D
iter:566, pass:31, current fixing endpoint: fdct_zigzag.dct_mod.dct_block_3.dct_unit_1.macu.mult_res\[18\]$_DFFE_PP_/D, endpoint slack:-2.6844127e-10
      567 |       8 |     147 |       51 |      3 |    74 |   -0.293 |      -65.0 |    480 | fdct_zigzag.dct_mod.dct_block_6.dct_unit_5.macu.mult_res\[18\]$_DFFE_PP_/D
iter:567, pass:32, current fixing endpoint: fdct_zigzag.dct_mod.dct_block_3.dct_unit_1.macu.mult_res\[18\]$_DFFE_PP_/D, endpoint slack:-2.6341374e-10
      568 |       8 |     148 |       51 |      3 |    74 |   -0.293 |      -65.1 |    480 | fdct_zigzag.dct_mod.dct_block_6.dct_unit_5.macu.mult_res\[18\]$_DFFE_PP_/D
iter:568, pass:33, current fixing endpoint: fdct_zigzag.dct_mod.dct_block_3.dct_unit_1.macu.mult_res\[18\]$_DFFE_PP_/D, endpoint slack:-2.6484592e-10
      569 |       8 |     148 |       51 |      3 |    75 |   -0.293 |      -65.1 |    480 | fdct_zigzag.dct_mod.dct_block_6.dct_unit_5.macu.mult_res\[18\]$_DFFE_PP_/D
iter:569, pass:34, current fixing endpoint: fdct_zigzag.dct_mod.dct_block_3.dct_unit_1.macu.mult_res\[18\]$_DFFE_PP_/D, endpoint slack:-2.6723157e-10
      569 |       8 |     137 |       51 |      3 |    70 |   -0.289 |      -63.7 |    480 | fdct_zigzag.dct_mod.dct_block_6.dct_unit_5.macu.mult_res\[18\]$_DFFE_PP_/D
      570 |       8 |     137 |       51 |      3 |    70 |   -0.289 |      -63.7 |    480 | fdct_zigzag.dct_mod.dct_block_6.dct_unit_5.macu.mult_res\[18\]$_DFFE_PP_/D
iter:570, pass:1, current fixing endpoint: fdct_zigzag.dct_mod.dct_block_6.dct_unit_6.macu.mult_res\[18\]$_DFFE_PP_/D, endpoint slack:-2.2823843e-10
      571 |       8 |     138 |       51 |      3 |    70 |   -0.289 |      -63.5 |    480 | fdct_zigzag.dct_mod.dct_block_6.dct_unit_5.macu.mult_res\[18\]$_DFFE_PP_/D
iter:571, pass:2, current fixing endpoint: fdct_zigzag.dct_mod.dct_block_6.dct_unit_6.macu.mult_res\[18\]$_DFFE_PP_/D, endpoint slack:-2.077104e-10
      572 |       8 |     139 |       51 |      3 |    70 |   -0.289 |      -63.4 |    480 | fdct_zigzag.dct_mod.dct_block_6.dct_unit_5.macu.mult_res\[18\]$_DFFE_PP_/D
iter:572, pass:3, current fixing endpoint: fdct_zigzag.dct_mod.dct_block_6.dct_unit_6.macu.mult_res\[18\]$_DFFE_PP_/D, endpoint slack:-1.9510937e-10
      573 |       8 |     139 |       51 |      3 |    71 |   -0.289 |      -63.4 |    480 | fdct_zigzag.dct_mod.dct_block_6.dct_unit_5.macu.mult_res\[18\]$_DFFE_PP_/D
iter:573, pass:4, current fixing endpoint: fdct_zigzag.dct_mod.dct_block_6.dct_unit_6.macu.mult_res\[18\]$_DFFE_PP_/D, endpoint slack:-1.9440682e-10
      574 |       8 |     140 |       51 |      3 |    71 |   -0.289 |      -63.4 |    480 | fdct_zigzag.dct_mod.dct_block_6.dct_unit_5.macu.mult_res\[18\]$_DFFE_PP_/D
iter:574, pass:5, current fixing endpoint: fdct_zigzag.dct_mod.dct_block_6.dct_unit_6.macu.mult_res\[18\]$_DFFE_PP_/D, endpoint slack:-1.9397262e-10
      575 |       8 |     140 |       51 |      3 |    72 |   -0.289 |      -63.4 |    480 | fdct_zigzag.dct_mod.dct_block_6.dct_unit_5.macu.mult_res\[18\]$_DFFE_PP_/D
iter:575, pass:6, current fixing endpoint: fdct_zigzag.dct_mod.dct_block_6.dct_unit_6.macu.mult_res\[18\]$_DFFE_PP_/D, endpoint slack:-1.9286717e-10
      576 |       8 |     141 |       51 |      3 |    72 |   -0.289 |      -63.4 |    480 | fdct_zigzag.dct_mod.dct_block_6.dct_unit_5.macu.mult_res\[18\]$_DFFE_PP_/D
iter:576, pass:7, current fixing endpoint: fdct_zigzag.dct_mod.dct_block_6.dct_unit_6.macu.mult_res\[18\]$_DFFE_PP_/D, endpoint slack:-1.8637802e-10
      577 |       8 |     141 |       51 |      4 |    72 |   -0.289 |      -63.4 |    480 | fdct_zigzag.dct_mod.dct_block_6.dct_unit_5.macu.mult_res\[18\]$_DFFE_PP_/D
iter:577, pass:8, current fixing endpoint: fdct_zigzag.dct_mod.dct_block_6.dct_unit_6.macu.mult_res\[18\]$_DFFE_PP_/D, endpoint slack:-1.79883e-10
      578 |       8 |     141 |       51 |      5 |    72 |   -0.289 |      -63.3 |    480 | fdct_zigzag.dct_mod.dct_block_6.dct_unit_5.macu.mult_res\[18\]$_DFFE_PP_/D
iter:578, pass:9, current fixing endpoint: fdct_zigzag.dct_mod.dct_block_6.dct_unit_6.macu.mult_res\[18\]$_DFFE_PP_/D, endpoint slack:-1.7186763e-10
      579 |       8 |     142 |       51 |      5 |    72 |   -0.289 |      -63.3 |    480 | fdct_zigzag.dct_mod.dct_block_6.dct_unit_5.macu.mult_res\[18\]$_DFFE_PP_/D
iter:579, pass:10, current fixing endpoint: fdct_zigzag.dct_mod.dct_block_6.dct_unit_6.macu.mult_res\[18\]$_DFFE_PP_/D, endpoint slack:-1.6683588e-10
      580 |       8 |     143 |       51 |      5 |    72 |   -0.289 |      -63.3 |    480 | fdct_zigzag.dct_mod.dct_block_6.dct_unit_5.macu.mult_res\[18\]$_DFFE_PP_/D
iter:580, pass:11, current fixing endpoint: fdct_zigzag.dct_mod.dct_block_6.dct_unit_6.macu.mult_res\[18\]$_DFFE_PP_/D, endpoint slack:-1.5740298e-10
      581 |       8 |     144 |       51 |      5 |    72 |   -0.289 |      -63.3 |    480 | fdct_zigzag.dct_mod.dct_block_6.dct_unit_5.macu.mult_res\[18\]$_DFFE_PP_/D
iter:581, pass:12, current fixing endpoint: fdct_zigzag.dct_mod.dct_block_6.dct_unit_6.macu.mult_res\[18\]$_DFFE_PP_/D, endpoint slack:-1.5457413e-10
      582 |       8 |     145 |       51 |      5 |    72 |   -0.289 |      -63.3 |    480 | fdct_zigzag.dct_mod.dct_block_6.dct_unit_5.macu.mult_res\[18\]$_DFFE_PP_/D
iter:582, pass:13, current fixing endpoint: fdct_zigzag.dct_mod.dct_block_6.dct_unit_6.macu.mult_res\[18\]$_DFFE_PP_/D, endpoint slack:-1.4550627e-10
      583 |       8 |     146 |       51 |      5 |    72 |   -0.289 |      -63.4 |    480 | fdct_zigzag.dct_mod.dct_block_6.dct_unit_5.macu.mult_res\[18\]$_DFFE_PP_/D
iter:583, pass:14, current fixing endpoint: fdct_zigzag.dct_mod.dct_block_6.dct_unit_6.macu.mult_res\[18\]$_DFFE_PP_/D, endpoint slack:-1.4456436e-10
      584 |       8 |     146 |       51 |      5 |    73 |   -0.289 |      -63.4 |    480 | fdct_zigzag.dct_mod.dct_block_6.dct_unit_5.macu.mult_res\[18\]$_DFFE_PP_/D
iter:584, pass:15, current fixing endpoint: fdct_zigzag.dct_mod.dct_block_6.dct_unit_6.macu.mult_res\[18\]$_DFFE_PP_/D, endpoint slack:-1.4385804e-10
      585 |       8 |     147 |       51 |      5 |    73 |   -0.289 |      -63.4 |    480 | fdct_zigzag.dct_mod.dct_block_6.dct_unit_5.macu.mult_res\[18\]$_DFFE_PP_/D
iter:585, pass:16, current fixing endpoint: fdct_zigzag.dct_mod.dct_block_6.dct_unit_6.macu.mult_res\[18\]$_DFFE_PP_/D, endpoint slack:-1.418008e-10
      586 |       8 |     147 |       51 |      5 |    74 |   -0.289 |      -63.4 |    480 | fdct_zigzag.dct_mod.dct_block_6.dct_unit_5.macu.mult_res\[18\]$_DFFE_PP_/D
iter:586, pass:17, current fixing endpoint: fdct_zigzag.dct_mod.dct_block_6.dct_unit_6.macu.mult_res\[18\]$_DFFE_PP_/D, endpoint slack:-1.4062151e-10
      587 |       8 |     147 |       53 |      5 |    74 |   -0.289 |      -63.4 |    480 | fdct_zigzag.dct_mod.dct_block_6.dct_unit_5.macu.mult_res\[18\]$_DFFE_PP_/D
iter:587, pass:18, current fixing endpoint: fdct_zigzag.dct_mod.dct_block_6.dct_unit_6.macu.mult_res\[18\]$_DFFE_PP_/D, endpoint slack:-1.4066426e-10
      588 |       8 |     147 |       53 |      5 |    75 |   -0.289 |      -63.4 |    480 | fdct_zigzag.dct_mod.dct_block_6.dct_unit_5.macu.mult_res\[18\]$_DFFE_PP_/D
iter:588, pass:19, current fixing endpoint: fdct_zigzag.dct_mod.dct_block_6.dct_unit_6.macu.mult_res\[18\]$_DFFE_PP_/D, endpoint slack:-1.4071855e-10
      589 |       8 |     147 |       55 |      5 |    75 |   -0.289 |      -63.4 |    480 | fdct_zigzag.dct_mod.dct_block_6.dct_unit_5.macu.mult_res\[18\]$_DFFE_PP_/D
iter:589, pass:20, current fixing endpoint: fdct_zigzag.dct_mod.dct_block_6.dct_unit_6.macu.mult_res\[18\]$_DFFE_PP_/D, endpoint slack:-1.4048107e-10
      590 |       8 |     148 |       55 |      5 |    75 |   -0.289 |      -63.4 |    480 | fdct_zigzag.dct_mod.dct_block_6.dct_unit_5.macu.mult_res\[18\]$_DFFE_PP_/D
iter:590, pass:21, current fixing endpoint: fdct_zigzag.dct_mod.dct_block_6.dct_unit_6.macu.mult_res\[18\]$_DFFE_PP_/D, endpoint slack:-1.3940926e-10
      591 |       8 |     149 |       55 |      5 |    75 |   -0.289 |      -63.3 |    480 | fdct_zigzag.dct_mod.dct_block_6.dct_unit_5.macu.mult_res\[18\]$_DFFE_PP_/D
iter:591, pass:22, current fixing endpoint: fdct_zigzag.dct_mod.dct_block_6.dct_unit_6.macu.mult_res\[18\]$_DFFE_PP_/D, endpoint slack:-1.3457357e-10
      592 |       8 |     150 |       55 |      5 |    75 |   -0.289 |      -63.3 |    480 | fdct_zigzag.dct_mod.dct_block_6.dct_unit_5.macu.mult_res\[18\]$_DFFE_PP_/D
iter:592, pass:23, current fixing endpoint: fdct_zigzag.dct_mod.dct_block_6.dct_unit_6.macu.mult_res\[18\]$_DFFE_PP_/D, endpoint slack:-1.3252976e-10
      593 |       8 |     150 |       55 |      5 |    76 |   -0.289 |      -63.3 |    480 | fdct_zigzag.dct_mod.dct_block_6.dct_unit_5.macu.mult_res\[18\]$_DFFE_PP_/D
iter:593, pass:24, current fixing endpoint: fdct_zigzag.dct_mod.dct_block_6.dct_unit_6.macu.mult_res\[18\]$_DFFE_PP_/D, endpoint slack:-1.3133539e-10
      594 |       8 |     151 |       55 |      5 |    76 |   -0.289 |      -63.3 |    480 | fdct_zigzag.dct_mod.dct_block_6.dct_unit_5.macu.mult_res\[18\]$_DFFE_PP_/D
iter:594, pass:25, current fixing endpoint: fdct_zigzag.dct_mod.dct_block_6.dct_unit_6.macu.mult_res\[18\]$_DFFE_PP_/D, endpoint slack:-1.3011958e-10
      595 |       8 |     151 |       55 |      5 |    77 |   -0.289 |      -63.3 |    480 | fdct_zigzag.dct_mod.dct_block_6.dct_unit_5.macu.mult_res\[18\]$_DFFE_PP_/D
iter:595, pass:26, current fixing endpoint: fdct_zigzag.dct_mod.dct_block_6.dct_unit_6.macu.mult_res\[18\]$_DFFE_PP_/D, endpoint slack:-1.2818768e-10
      596 |       8 |     151 |       58 |      5 |    77 |   -0.289 |      -63.3 |    480 | fdct_zigzag.dct_mod.dct_block_6.dct_unit_5.macu.mult_res\[18\]$_DFFE_PP_/D
iter:596, pass:27, current fixing endpoint: fdct_zigzag.dct_mod.dct_block_6.dct_unit_6.macu.mult_res\[18\]$_DFFE_PP_/D, endpoint slack:-1.276409e-10
      597 |       8 |     152 |       58 |      5 |    77 |   -0.289 |      -63.3 |    480 | fdct_zigzag.dct_mod.dct_block_6.dct_unit_5.macu.mult_res\[18\]$_DFFE_PP_/D
iter:597, pass:28, current fixing endpoint: fdct_zigzag.dct_mod.dct_block_6.dct_unit_6.macu.mult_res\[18\]$_DFFE_PP_/D, endpoint slack:-1.2749424e-10
      598 |       8 |     152 |       62 |      5 |    77 |   -0.289 |      -63.3 |    480 | fdct_zigzag.dct_mod.dct_block_6.dct_unit_5.macu.mult_res\[18\]$_DFFE_PP_/D
iter:598, pass:29, current fixing endpoint: fdct_zigzag.dct_mod.dct_block_6.dct_unit_6.macu.mult_res\[18\]$_DFFE_PP_/D, endpoint slack:-1.2735235e-10
      599 |       8 |     152 |       62 |      6 |    77 |   -0.289 |      -63.3 |    480 | fdct_zigzag.dct_mod.dct_block_6.dct_unit_5.macu.mult_res\[18\]$_DFFE_PP_/D
iter:599, pass:30, current fixing endpoint: fdct_zigzag.dct_mod.dct_block_6.dct_unit_6.macu.mult_res\[18\]$_DFFE_PP_/D, endpoint slack:-1.3043033e-10
      600 |       8 |     153 |       62 |      6 |    77 |   -0.289 |      -63.3 |    480 | fdct_zigzag.dct_mod.dct_block_6.dct_unit_5.macu.mult_res\[18\]$_DFFE_PP_/D
iter:600, pass:31, current fixing endpoint: fdct_zigzag.dct_mod.dct_block_6.dct_unit_6.macu.mult_res\[18\]$_DFFE_PP_/D, endpoint slack:-1.3388424e-10
      601 |       8 |     154 |       62 |      6 |    77 |   -0.290 |      -63.3 |    480 | fdct_zigzag.dct_mod.dct_block_6.dct_unit_5.macu.mult_res\[18\]$_DFFE_PP_/D
iter:601, pass:32, current fixing endpoint: fdct_zigzag.dct_mod.dct_block_6.dct_unit_6.macu.mult_res\[18\]$_DFFE_PP_/D, endpoint slack:-1.2331025e-10
      602 |       8 |     154 |       62 |      6 |    78 |   -0.290 |      -63.3 |    480 | fdct_zigzag.dct_mod.dct_block_6.dct_unit_5.macu.mult_res\[18\]$_DFFE_PP_/D
iter:602, pass:33, current fixing endpoint: fdct_zigzag.dct_mod.dct_block_6.dct_unit_6.macu.mult_res\[18\]$_DFFE_PP_/D, endpoint slack:-1.229371e-10
      603 |       8 |     154 |       65 |      6 |    78 |   -0.290 |      -63.3 |    480 | fdct_zigzag.dct_mod.dct_block_6.dct_unit_5.macu.mult_res\[18\]$_DFFE_PP_/D
iter:603, pass:34, current fixing endpoint: fdct_zigzag.dct_mod.dct_block_6.dct_unit_6.macu.mult_res\[18\]$_DFFE_PP_/D, endpoint slack:-1.2123402e-10
      604 |       8 |     154 |       68 |      6 |    78 |   -0.290 |      -63.3 |    480 | fdct_zigzag.dct_mod.dct_block_6.dct_unit_5.macu.mult_res\[18\]$_DFFE_PP_/D
iter:604, pass:35, current fixing endpoint: fdct_zigzag.dct_mod.dct_block_6.dct_unit_6.macu.mult_res\[18\]$_DFFE_PP_/D, endpoint slack:-1.1749701e-10
      605 |       8 |     155 |       68 |      6 |    78 |   -0.290 |      -63.3 |    480 | fdct_zigzag.dct_mod.dct_block_6.dct_unit_5.macu.mult_res\[18\]$_DFFE_PP_/D
iter:605, pass:36, current fixing endpoint: fdct_zigzag.dct_mod.dct_block_6.dct_unit_6.macu.mult_res\[18\]$_DFFE_PP_/D, endpoint slack:-1.1550316e-10
      606 |       8 |     155 |       68 |      6 |    79 |   -0.290 |      -63.3 |    480 | fdct_zigzag.dct_mod.dct_block_6.dct_unit_5.macu.mult_res\[18\]$_DFFE_PP_/D
iter:606, pass:37, current fixing endpoint: fdct_zigzag.dct_mod.dct_block_6.dct_unit_6.macu.mult_res\[18\]$_DFFE_PP_/D, endpoint slack:-1.150261e-10
      607 |       8 |     155 |       68 |      7 |    79 |   -0.290 |      -63.3 |    480 | fdct_zigzag.dct_mod.dct_block_6.dct_unit_5.macu.mult_res\[18\]$_DFFE_PP_/D
iter:607, pass:38, current fixing endpoint: fdct_zigzag.dct_mod.dct_block_6.dct_unit_6.macu.mult_res\[18\]$_DFFE_PP_/D, endpoint slack:-1.16058496e-10
      608 |       8 |     156 |       68 |      7 |    79 |   -0.290 |      -63.3 |    480 | fdct_zigzag.dct_mod.dct_block_6.dct_unit_5.macu.mult_res\[18\]$_DFFE_PP_/D
iter:608, pass:39, current fixing endpoint: fdct_zigzag.dct_mod.dct_block_6.dct_unit_6.macu.mult_res\[18\]$_DFFE_PP_/D, endpoint slack:-1.14446896e-10
      609 |       8 |     157 |       68 |      7 |    79 |   -0.290 |      -63.3 |    480 | fdct_zigzag.dct_mod.dct_block_6.dct_unit_5.macu.mult_res\[18\]$_DFFE_PP_/D
iter:609, pass:40, current fixing endpoint: fdct_zigzag.dct_mod.dct_block_6.dct_unit_6.macu.mult_res\[18\]$_DFFE_PP_/D, endpoint slack:-1.1373669e-10
      610 |       8 |     157 |       68 |      7 |    80 |   -0.290 |      -63.3 |    480 | fdct_zigzag.dct_mod.dct_block_6.dct_unit_5.macu.mult_res\[18\]$_DFFE_PP_/D
iter:610, pass:41, current fixing endpoint: fdct_zigzag.dct_mod.dct_block_6.dct_unit_6.macu.mult_res\[18\]$_DFFE_PP_/D, endpoint slack:-1.123589e-10
      611 |       8 |     158 |       68 |      7 |    80 |   -0.290 |      -63.3 |    480 | fdct_zigzag.dct_mod.dct_block_6.dct_unit_5.macu.mult_res\[18\]$_DFFE_PP_/D
iter:611, pass:42, current fixing endpoint: fdct_zigzag.dct_mod.dct_block_6.dct_unit_6.macu.mult_res\[18\]$_DFFE_PP_/D, endpoint slack:-1.1252255e-10
      612 |       8 |     159 |       68 |      7 |    80 |   -0.290 |      -63.3 |    480 | fdct_zigzag.dct_mod.dct_block_6.dct_unit_5.macu.mult_res\[18\]$_DFFE_PP_/D
iter:612, pass:43, current fixing endpoint: fdct_zigzag.dct_mod.dct_block_6.dct_unit_6.macu.mult_res\[18\]$_DFFE_PP_/D, endpoint slack:-1.1272905e-10
      613 |       8 |     159 |       71 |      7 |    80 |   -0.290 |      -63.3 |    480 | fdct_zigzag.dct_mod.dct_block_6.dct_unit_5.macu.mult_res\[18\]$_DFFE_PP_/D
iter:613, pass:44, current fixing endpoint: fdct_zigzag.dct_mod.dct_block_6.dct_unit_6.macu.mult_res\[18\]$_DFFE_PP_/D, endpoint slack:-1.1218815e-10
      614 |       8 |     160 |       71 |      7 |    80 |   -0.290 |      -63.3 |    480 | fdct_zigzag.dct_mod.dct_block_6.dct_unit_5.macu.mult_res\[18\]$_DFFE_PP_/D
iter:614, pass:45, current fixing endpoint: fdct_zigzag.dct_mod.dct_block_6.dct_unit_6.macu.mult_res\[18\]$_DFFE_PP_/D, endpoint slack:-1.0908385e-10
      615 |       8 |     161 |       71 |      7 |    80 |   -0.290 |      -63.2 |    480 | fdct_zigzag.dct_mod.dct_block_6.dct_unit_5.macu.mult_res\[18\]$_DFFE_PP_/D
iter:615, pass:46, current fixing endpoint: fdct_zigzag.dct_mod.dct_block_6.dct_unit_6.macu.mult_res\[18\]$_DFFE_PP_/D, endpoint slack:-1.0431278e-10
      616 |       8 |     162 |       71 |      7 |    80 |   -0.290 |      -63.2 |    480 | fdct_zigzag.dct_mod.dct_block_6.dct_unit_5.macu.mult_res\[18\]$_DFFE_PP_/D
iter:616, pass:47, current fixing endpoint: fdct_zigzag.dct_mod.dct_block_6.dct_unit_6.macu.mult_res\[18\]$_DFFE_PP_/D, endpoint slack:-9.8691055e-11
      617 |       8 |     162 |       71 |      8 |    80 |   -0.290 |      -63.2 |    480 | fdct_zigzag.dct_mod.dct_block_6.dct_unit_5.macu.mult_res\[18\]$_DFFE_PP_/D
iter:617, pass:48, current fixing endpoint: fdct_zigzag.dct_mod.dct_block_6.dct_unit_6.macu.mult_res\[18\]$_DFFE_PP_/D, endpoint slack:-1.0258694e-10
      618 |       8 |     162 |       71 |      8 |    81 |   -0.290 |      -63.2 |    480 | fdct_zigzag.dct_mod.dct_block_6.dct_unit_5.macu.mult_res\[18\]$_DFFE_PP_/D
iter:618, pass:49, current fixing endpoint: fdct_zigzag.dct_mod.dct_block_6.dct_unit_6.macu.mult_res\[18\]$_DFFE_PP_/D, endpoint slack:-9.5955355e-11
      619 |       8 |     163 |       71 |      8 |    81 |   -0.290 |      -63.2 |    480 | fdct_zigzag.dct_mod.dct_block_6.dct_unit_5.macu.mult_res\[18\]$_DFFE_PP_/D
iter:619, pass:50, current fixing endpoint: fdct_zigzag.dct_mod.dct_block_6.dct_unit_6.macu.mult_res\[18\]$_DFFE_PP_/D, endpoint slack:-9.577028e-11
      620 |       8 |     164 |       71 |      8 |    81 |   -0.290 |      -63.2 |    480 | fdct_zigzag.dct_mod.dct_block_6.dct_unit_5.macu.mult_res\[18\]$_DFFE_PP_/D
iter:620, pass:51, current fixing endpoint: fdct_zigzag.dct_mod.dct_block_6.dct_unit_6.macu.mult_res\[18\]$_DFFE_PP_/D, endpoint slack:-9.5330965e-11
      620 |       8 |     141 |       58 |      3 |    70 |   -0.289 |      -63.5 |    480 | fdct_zigzag.dct_mod.dct_block_6.dct_unit_5.macu.mult_res\[18\]$_DFFE_PP_/D
      621 |       8 |     141 |       58 |      3 |    70 |   -0.289 |      -63.5 |    480 | fdct_zigzag.dct_mod.dct_block_6.dct_unit_5.macu.mult_res\[18\]$_DFFE_PP_/D
iter:621, pass:1, current fixing endpoint: fdct_zigzag.dct_mod.dct_block_2.dct_unit_6.macu.mult_res\[18\]$_DFFE_PP_/D, endpoint slack:-2.2284652e-10
      622 |       8 |     141 |       58 |      3 |    71 |   -0.289 |      -63.5 |    480 | fdct_zigzag.dct_mod.dct_block_6.dct_unit_5.macu.mult_res\[18\]$_DFFE_PP_/D
iter:622, pass:2, current fixing endpoint: fdct_zigzag.dct_mod.dct_block_2.dct_unit_6.macu.mult_res\[18\]$_DFFE_PP_/D, endpoint slack:-2.3259117e-10
      623 |       8 |     141 |       60 |      3 |    71 |   -0.289 |      -63.5 |    480 | fdct_zigzag.dct_mod.dct_block_6.dct_unit_5.macu.mult_res\[18\]$_DFFE_PP_/D
iter:623, pass:3, current fixing endpoint: fdct_zigzag.dct_mod.dct_block_2.dct_unit_6.macu.mult_res\[18\]$_DFFE_PP_/D, endpoint slack:-2.2289759e-10
      624 |       8 |     142 |       60 |      3 |    71 |   -0.289 |      -63.5 |    480 | fdct_zigzag.dct_mod.dct_block_6.dct_unit_5.macu.mult_res\[18\]$_DFFE_PP_/D
iter:624, pass:4, current fixing endpoint: fdct_zigzag.dct_mod.dct_block_2.dct_unit_6.macu.mult_res\[18\]$_DFFE_PP_/D, endpoint slack:-2.1178603e-10
      625 |       8 |     143 |       60 |      3 |    71 |   -0.289 |      -63.5 |    480 | fdct_zigzag.dct_mod.dct_block_6.dct_unit_5.macu.mult_res\[18\]$_DFFE_PP_/D
iter:625, pass:5, current fixing endpoint: fdct_zigzag.dct_mod.dct_block_2.dct_unit_6.macu.mult_res\[18\]$_DFFE_PP_/D, endpoint slack:-2.1141588e-10
      626 |       8 |     144 |       60 |      3 |    71 |   -0.290 |      -63.8 |    480 | fdct_zigzag.dct_mod.dct_block_6.dct_unit_5.macu.mult_res\[18\]$_DFFE_PP_/D
iter:626, pass:6, current fixing endpoint: fdct_zigzag.dct_mod.dct_block_2.dct_unit_6.macu.mult_res\[18\]$_DFFE_PP_/D, endpoint slack:-2.0468638e-10
      627 |       8 |     145 |       60 |      3 |    71 |   -0.291 |      -63.6 |    480 | fdct_zigzag.dct_mod.dct_block_6.dct_unit_5.macu.mult_res\[18\]$_DFFE_PP_/D
iter:627, pass:7, current fixing endpoint: fdct_zigzag.dct_mod.dct_block_2.dct_unit_6.macu.mult_res\[18\]$_DFFE_PP_/D, endpoint slack:-2.0246038e-10
      628 |       8 |     146 |       60 |      3 |    71 |   -0.291 |      -63.6 |    480 | fdct_zigzag.dct_mod.dct_block_6.dct_unit_5.macu.mult_res\[18\]$_DFFE_PP_/D
iter:628, pass:8, current fixing endpoint: fdct_zigzag.dct_mod.dct_block_2.dct_unit_6.macu.mult_res\[18\]$_DFFE_PP_/D, endpoint slack:-2.0084923e-10
      629 |       8 |     147 |       60 |      3 |    71 |   -0.291 |      -63.6 |    480 | fdct_zigzag.dct_mod.dct_block_6.dct_unit_5.macu.mult_res\[18\]$_DFFE_PP_/D
iter:629, pass:9, current fixing endpoint: fdct_zigzag.dct_mod.dct_block_2.dct_unit_6.macu.mult_res\[18\]$_DFFE_PP_/D, endpoint slack:-1.9877067e-10
      630 |       8 |     148 |       60 |      3 |    71 |   -0.291 |      -63.6 |    480 | fdct_zigzag.dct_mod.dct_block_6.dct_unit_5.macu.mult_res\[18\]$_DFFE_PP_/D
iter:630, pass:10, current fixing endpoint: fdct_zigzag.dct_mod.dct_block_2.dct_unit_6.macu.mult_res\[18\]$_DFFE_PP_/D, endpoint slack:-1.9390045e-10
      631 |       8 |     149 |       60 |      3 |    71 |   -0.291 |      -63.6 |    480 | fdct_zigzag.dct_mod.dct_block_6.dct_unit_5.macu.mult_res\[18\]$_DFFE_PP_/D
iter:631, pass:11, current fixing endpoint: fdct_zigzag.dct_mod.dct_block_2.dct_unit_6.macu.mult_res\[18\]$_DFFE_PP_/D, endpoint slack:-1.9185309e-10
      632 |       8 |     150 |       60 |      3 |    71 |   -0.291 |      -63.4 |    480 | fdct_zigzag.dct_mod.dct_block_6.dct_unit_5.macu.mult_res\[18\]$_DFFE_PP_/D
iter:632, pass:12, current fixing endpoint: fdct_zigzag.dct_mod.dct_block_2.dct_unit_6.macu.mult_res\[18\]$_DFFE_PP_/D, endpoint slack:-1.8493773e-10
      633 |       8 |     151 |       60 |      3 |    71 |   -0.291 |      -63.4 |    480 | fdct_zigzag.dct_mod.dct_block_6.dct_unit_5.macu.mult_res\[18\]$_DFFE_PP_/D
iter:633, pass:13, current fixing endpoint: fdct_zigzag.dct_mod.dct_block_2.dct_unit_6.macu.mult_res\[18\]$_DFFE_PP_/D, endpoint slack:-1.8514124e-10
      634 |       8 |     151 |       60 |      3 |    72 |   -0.291 |      -63.4 |    480 | fdct_zigzag.dct_mod.dct_block_6.dct_unit_5.macu.mult_res\[18\]$_DFFE_PP_/D
iter:634, pass:14, current fixing endpoint: fdct_zigzag.dct_mod.dct_block_2.dct_unit_6.macu.mult_res\[18\]$_DFFE_PP_/D, endpoint slack:-1.8771285e-10
      635 |       8 |     151 |       62 |      3 |    72 |   -0.291 |      -63.3 |    480 | fdct_zigzag.dct_mod.dct_block_6.dct_unit_5.macu.mult_res\[18\]$_DFFE_PP_/D
iter:635, pass:15, current fixing endpoint: fdct_zigzag.dct_mod.dct_block_2.dct_unit_6.macu.mult_res\[18\]$_DFFE_PP_/D, endpoint slack:-1.7541579e-10
      636 |       8 |     152 |       62 |      3 |    72 |   -0.291 |      -63.3 |    480 | fdct_zigzag.dct_mod.dct_block_6.dct_unit_5.macu.mult_res\[18\]$_DFFE_PP_/D
iter:636, pass:16, current fixing endpoint: fdct_zigzag.dct_mod.dct_block_2.dct_unit_6.macu.mult_res\[18\]$_DFFE_PP_/D, endpoint slack:-1.7274804e-10
      637 |       8 |     152 |       62 |      3 |    73 |   -0.291 |      -63.3 |    480 | fdct_zigzag.dct_mod.dct_block_6.dct_unit_5.macu.mult_res\[18\]$_DFFE_PP_/D
iter:637, pass:17, current fixing endpoint: fdct_zigzag.dct_mod.dct_block_2.dct_unit_6.macu.mult_res\[18\]$_DFFE_PP_/D, endpoint slack:-1.7550361e-10
      638 |       8 |     152 |       64 |      3 |    73 |   -0.291 |      -63.3 |    480 | fdct_zigzag.dct_mod.dct_block_6.dct_unit_5.macu.mult_res\[18\]$_DFFE_PP_/D
iter:638, pass:18, current fixing endpoint: fdct_zigzag.dct_mod.dct_block_2.dct_unit_6.macu.mult_res\[18\]$_DFFE_PP_/D, endpoint slack:-1.7130908e-10
      639 |       8 |     152 |       64 |      3 |    74 |   -0.291 |      -63.3 |    480 | fdct_zigzag.dct_mod.dct_block_6.dct_unit_5.macu.mult_res\[18\]$_DFFE_PP_/D
iter:639, pass:19, current fixing endpoint: fdct_zigzag.dct_mod.dct_block_2.dct_unit_6.macu.mult_res\[18\]$_DFFE_PP_/D, endpoint slack:-1.7053325e-10
      640 |       8 |     152 |       64 |      3 |    75 |   -0.291 |      -63.3 |    480 | fdct_zigzag.dct_mod.dct_block_6.dct_unit_5.macu.mult_res\[18\]$_DFFE_PP_/D
iter:640, pass:20, current fixing endpoint: fdct_zigzag.dct_mod.dct_block_2.dct_unit_6.macu.mult_res\[18\]$_DFFE_PP_/D, endpoint slack:-1.6600898e-10
      641 |       8 |     153 |       64 |      3 |    75 |   -0.291 |      -63.3 |    480 | fdct_zigzag.dct_mod.dct_block_6.dct_unit_5.macu.mult_res\[18\]$_DFFE_PP_/D
iter:641, pass:21, current fixing endpoint: fdct_zigzag.dct_mod.dct_block_2.dct_unit_6.macu.mult_res\[18\]$_DFFE_PP_/D, endpoint slack:-1.5876545e-10
      642 |       8 |     153 |       64 |      3 |    76 |   -0.291 |      -63.3 |    480 | fdct_zigzag.dct_mod.dct_block_6.dct_unit_5.macu.mult_res\[18\]$_DFFE_PP_/D
iter:642, pass:22, current fixing endpoint: fdct_zigzag.dct_mod.dct_block_2.dct_unit_6.macu.mult_res\[18\]$_DFFE_PP_/D, endpoint slack:-1.6846136e-10
      643 |       8 |     154 |       64 |      3 |    76 |   -0.291 |      -63.3 |    480 | fdct_zigzag.dct_mod.dct_block_6.dct_unit_5.macu.mult_res\[18\]$_DFFE_PP_/D
iter:643, pass:23, current fixing endpoint: fdct_zigzag.dct_mod.dct_block_2.dct_unit_6.macu.mult_res\[18\]$_DFFE_PP_/D, endpoint slack:-1.5821133e-10
      644 |       8 |     155 |       64 |      3 |    76 |   -0.291 |      -63.3 |    480 | fdct_zigzag.dct_mod.dct_block_6.dct_unit_5.macu.mult_res\[18\]$_DFFE_PP_/D
iter:644, pass:24, current fixing endpoint: fdct_zigzag.dct_mod.dct_block_2.dct_unit_6.macu.mult_res\[18\]$_DFFE_PP_/D, endpoint slack:-1.5702684e-10
      645 |       8 |     156 |       64 |      3 |    76 |   -0.291 |      -63.3 |    480 | fdct_zigzag.dct_mod.dct_block_6.dct_unit_5.macu.mult_res\[18\]$_DFFE_PP_/D
iter:645, pass:25, current fixing endpoint: fdct_zigzag.dct_mod.dct_block_2.dct_unit_6.macu.mult_res\[18\]$_DFFE_PP_/D, endpoint slack:-1.5626733e-10
      646 |       8 |     156 |       64 |      4 |    76 |   -0.291 |      -63.2 |    480 | fdct_zigzag.dct_mod.dct_block_6.dct_unit_5.macu.mult_res\[18\]$_DFFE_PP_/D
iter:646, pass:26, current fixing endpoint: fdct_zigzag.dct_mod.dct_block_2.dct_unit_6.macu.mult_res\[18\]$_DFFE_PP_/D, endpoint slack:-1.5623369e-10
      647 |       8 |     157 |       64 |      4 |    76 |   -0.291 |      -63.3 |    480 | fdct_zigzag.dct_mod.dct_block_6.dct_unit_5.macu.mult_res\[18\]$_DFFE_PP_/D
iter:647, pass:27, current fixing endpoint: fdct_zigzag.dct_mod.dct_block_2.dct_unit_6.macu.mult_res\[18\]$_DFFE_PP_/D, endpoint slack:-1.5604751e-10
      648 |       8 |     158 |       64 |      4 |    76 |   -0.291 |      -63.3 |    480 | fdct_zigzag.dct_mod.dct_block_6.dct_unit_5.macu.mult_res\[18\]$_DFFE_PP_/D
iter:648, pass:28, current fixing endpoint: fdct_zigzag.dct_mod.dct_block_2.dct_unit_6.macu.mult_res\[18\]$_DFFE_PP_/D, endpoint slack:-1.531576e-10
      649 |       8 |     159 |       64 |      4 |    76 |   -0.291 |      -63.3 |    480 | fdct_zigzag.dct_mod.dct_block_6.dct_unit_5.macu.mult_res\[18\]$_DFFE_PP_/D
iter:649, pass:29, current fixing endpoint: fdct_zigzag.dct_mod.dct_block_2.dct_unit_6.macu.mult_res\[18\]$_DFFE_PP_/D, endpoint slack:-1.5181223e-10
      650 |       8 |     160 |       64 |      4 |    76 |   -0.291 |      -63.3 |    480 | fdct_zigzag.dct_mod.dct_block_6.dct_unit_5.macu.mult_res\[18\]$_DFFE_PP_/D
iter:650, pass:30, current fixing endpoint: fdct_zigzag.dct_mod.dct_block_2.dct_unit_6.macu.mult_res\[18\]$_DFFE_PP_/D, endpoint slack:-1.5175794e-10
      651 |       8 |     161 |       64 |      4 |    76 |   -0.291 |      -63.3 |    480 | fdct_zigzag.dct_mod.dct_block_6.dct_unit_5.macu.mult_res\[18\]$_DFFE_PP_/D
iter:651, pass:31, current fixing endpoint: fdct_zigzag.dct_mod.dct_block_2.dct_unit_6.macu.mult_res\[18\]$_DFFE_PP_/D, endpoint slack:-1.553827e-10
      652 |       8 |     162 |       64 |      4 |    76 |   -0.291 |      -63.3 |    480 | fdct_zigzag.dct_mod.dct_block_6.dct_unit_5.macu.mult_res\[18\]$_DFFE_PP_/D
iter:652, pass:32, current fixing endpoint: fdct_zigzag.dct_mod.dct_block_2.dct_unit_6.macu.mult_res\[18\]$_DFFE_PP_/D, endpoint slack:-1.5320545e-10
      653 |       8 |     163 |       64 |      4 |    76 |   -0.291 |      -63.3 |    480 | fdct_zigzag.dct_mod.dct_block_6.dct_unit_5.macu.mult_res\[18\]$_DFFE_PP_/D
iter:653, pass:33, current fixing endpoint: fdct_zigzag.dct_mod.dct_block_2.dct_unit_6.macu.mult_res\[18\]$_DFFE_PP_/D, endpoint slack:-1.5166757e-10
      654 |       8 |     164 |       64 |      4 |    76 |   -0.291 |      -63.3 |    480 | fdct_zigzag.dct_mod.dct_block_6.dct_unit_5.macu.mult_res\[18\]$_DFFE_PP_/D
iter:654, pass:34, current fixing endpoint: fdct_zigzag.dct_mod.dct_block_2.dct_unit_6.macu.mult_res\[18\]$_DFFE_PP_/D, endpoint slack:-1.4941459e-10
      655 |       8 |     165 |       64 |      4 |    76 |   -0.291 |      -63.2 |    480 | fdct_zigzag.dct_mod.dct_block_6.dct_unit_5.macu.mult_res\[18\]$_DFFE_PP_/D
iter:655, pass:35, current fixing endpoint: fdct_zigzag.dct_mod.dct_block_2.dct_unit_6.macu.mult_res\[18\]$_DFFE_PP_/D, endpoint slack:-1.4846879e-10
      656 |       8 |     165 |       64 |      4 |    77 |   -0.291 |      -63.2 |    480 | fdct_zigzag.dct_mod.dct_block_6.dct_unit_5.macu.mult_res\[18\]$_DFFE_PP_/D
iter:656, pass:36, current fixing endpoint: fdct_zigzag.dct_mod.dct_block_2.dct_unit_6.macu.mult_res\[18\]$_DFFE_PP_/D, endpoint slack:-1.4723434e-10
      657 |       8 |     166 |       64 |      4 |    77 |   -0.291 |      -63.2 |    480 | fdct_zigzag.dct_mod.dct_block_6.dct_unit_5.macu.mult_res\[18\]$_DFFE_PP_/D
iter:657, pass:37, current fixing endpoint: fdct_zigzag.dct_mod.dct_block_2.dct_unit_6.macu.mult_res\[18\]$_DFFE_PP_/D, endpoint slack:-1.4717982e-10
      658 |       8 |     166 |       64 |      4 |    78 |   -0.291 |      -63.2 |    480 | fdct_zigzag.dct_mod.dct_block_6.dct_unit_5.macu.mult_res\[18\]$_DFFE_PP_/D
iter:658, pass:38, current fixing endpoint: fdct_zigzag.dct_mod.dct_block_2.dct_unit_6.macu.mult_res\[18\]$_DFFE_PP_/D, endpoint slack:-1.4942858e-10
      659 |       8 |     166 |       64 |      4 |    79 |   -0.291 |      -63.2 |    480 | fdct_zigzag.dct_mod.dct_block_6.dct_unit_5.macu.mult_res\[18\]$_DFFE_PP_/D
iter:659, pass:39, current fixing endpoint: fdct_zigzag.dct_mod.dct_block_2.dct_unit_6.macu.mult_res\[18\]$_DFFE_PP_/D, endpoint slack:-1.4442514e-10
      660 |       8 |     166 |       64 |      4 |    80 |   -0.291 |      -63.2 |    480 | fdct_zigzag.dct_mod.dct_block_6.dct_unit_5.macu.mult_res\[18\]$_DFFE_PP_/D
iter:660, pass:40, current fixing endpoint: fdct_zigzag.dct_mod.dct_block_2.dct_unit_6.macu.mult_res\[18\]$_DFFE_PP_/D, endpoint slack:-1.474858e-10
      661 |       8 |     166 |       64 |      4 |    81 |   -0.291 |      -63.2 |    480 | fdct_zigzag.dct_mod.dct_block_6.dct_unit_5.macu.mult_res\[18\]$_DFFE_PP_/D
iter:661, pass:41, current fixing endpoint: fdct_zigzag.dct_mod.dct_block_2.dct_unit_6.macu.mult_res\[18\]$_DFFE_PP_/D, endpoint slack:-1.5808743e-10
      662 |       8 |     167 |       64 |      4 |    81 |   -0.291 |      -63.2 |    480 | fdct_zigzag.dct_mod.dct_block_6.dct_unit_5.macu.mult_res\[18\]$_DFFE_PP_/D
iter:662, pass:42, current fixing endpoint: fdct_zigzag.dct_mod.dct_block_2.dct_unit_6.macu.mult_res\[18\]$_DFFE_PP_/D, endpoint slack:-1.5565949e-10
      663 |       8 |     167 |       64 |      4 |    82 |   -0.291 |      -63.2 |    480 | fdct_zigzag.dct_mod.dct_block_6.dct_unit_5.macu.mult_res\[18\]$_DFFE_PP_/D
iter:663, pass:43, current fixing endpoint: fdct_zigzag.dct_mod.dct_block_2.dct_unit_6.macu.mult_res\[18\]$_DFFE_PP_/D, endpoint slack:-1.4776935e-10
      664 |       8 |     168 |       64 |      4 |    82 |   -0.291 |      -63.2 |    480 | fdct_zigzag.dct_mod.dct_block_6.dct_unit_5.macu.mult_res\[18\]$_DFFE_PP_/D
iter:664, pass:44, current fixing endpoint: fdct_zigzag.dct_mod.dct_block_2.dct_unit_6.macu.mult_res\[18\]$_DFFE_PP_/D, endpoint slack:-1.4674073e-10
      665 |       8 |     168 |       64 |      4 |    83 |   -0.291 |      -63.2 |    480 | fdct_zigzag.dct_mod.dct_block_6.dct_unit_5.macu.mult_res\[18\]$_DFFE_PP_/D
iter:665, pass:45, current fixing endpoint: fdct_zigzag.dct_mod.dct_block_2.dct_unit_6.macu.mult_res\[18\]$_DFFE_PP_/D, endpoint slack:-1.5623036e-10
      666 |       8 |     169 |       64 |      4 |    83 |   -0.291 |      -63.2 |    480 | fdct_zigzag.dct_mod.dct_block_6.dct_unit_5.macu.mult_res\[18\]$_DFFE_PP_/D
iter:666, pass:46, current fixing endpoint: fdct_zigzag.dct_mod.dct_block_2.dct_unit_6.macu.mult_res\[18\]$_DFFE_PP_/D, endpoint slack:-1.5126866e-10
      667 |       8 |     170 |       64 |      4 |    83 |   -0.291 |      -63.2 |    480 | fdct_zigzag.dct_mod.dct_block_6.dct_unit_5.macu.mult_res\[18\]$_DFFE_PP_/D
iter:667, pass:47, current fixing endpoint: fdct_zigzag.dct_mod.dct_block_2.dct_unit_6.macu.mult_res\[18\]$_DFFE_PP_/D, endpoint slack:-1.2895873e-10
      668 |       8 |     171 |       64 |      4 |    83 |   -0.291 |      -63.2 |    480 | fdct_zigzag.dct_mod.dct_block_6.dct_unit_5.macu.mult_res\[18\]$_DFFE_PP_/D
iter:668, pass:48, current fixing endpoint: fdct_zigzag.dct_mod.dct_block_2.dct_unit_6.macu.mult_res\[18\]$_DFFE_PP_/D, endpoint slack:-1.286452e-10
      669 |       8 |     171 |       64 |      4 |    84 |   -0.291 |      -63.2 |    480 | fdct_zigzag.dct_mod.dct_block_6.dct_unit_5.macu.mult_res\[18\]$_DFFE_PP_/D
iter:669, pass:49, current fixing endpoint: fdct_zigzag.dct_mod.dct_block_2.dct_unit_6.macu.mult_res\[18\]$_DFFE_PP_/D, endpoint slack:-1.2127632e-10
      670 |       8 |     171 |       64 |      5 |    84 |   -0.291 |      -63.2 |    480 | fdct_zigzag.dct_mod.dct_block_6.dct_unit_5.macu.mult_res\[18\]$_DFFE_PP_/D
iter:670, pass:50, current fixing endpoint: fdct_zigzag.dct_mod.dct_block_2.dct_unit_6.macu.mult_res\[18\]$_DFFE_PP_/D, endpoint slack:-1.1996804e-10
      671 |       8 |     171 |       64 |      5 |    85 |   -0.291 |      -63.2 |    480 | fdct_zigzag.dct_mod.dct_block_6.dct_unit_5.macu.mult_res\[18\]$_DFFE_PP_/D
iter:671, pass:51, current fixing endpoint: fdct_zigzag.dct_mod.dct_block_2.dct_unit_6.macu.mult_res\[18\]$_DFFE_PP_/D, endpoint slack:-1.2200818e-10
      672 |       8 |     171 |       64 |      5 |    86 |   -0.291 |      -63.2 |    480 | fdct_zigzag.dct_mod.dct_block_6.dct_unit_5.macu.mult_res\[18\]$_DFFE_PP_/D
iter:672, pass:52, current fixing endpoint: fdct_zigzag.dct_mod.dct_block_2.dct_unit_6.macu.mult_res\[18\]$_DFFE_PP_/D, endpoint slack:-1.1980639e-10
      673 |       8 |     171 |       64 |      5 |    87 |   -0.291 |      -63.2 |    480 | fdct_zigzag.dct_mod.dct_block_6.dct_unit_5.macu.mult_res\[18\]$_DFFE_PP_/D
iter:673, pass:53, current fixing endpoint: fdct_zigzag.dct_mod.dct_block_2.dct_unit_6.macu.mult_res\[18\]$_DFFE_PP_/D, endpoint slack:-1.1902301e-10
      674 |       8 |     172 |       64 |      5 |    87 |   -0.291 |      -63.2 |    480 | fdct_zigzag.dct_mod.dct_block_6.dct_unit_5.macu.mult_res\[18\]$_DFFE_PP_/D
iter:674, pass:54, current fixing endpoint: fdct_zigzag.dct_mod.dct_block_2.dct_unit_6.macu.mult_res\[18\]$_DFFE_PP_/D, endpoint slack:-1.1844437e-10
      675 |       8 |     173 |       64 |      5 |    87 |   -0.291 |      -63.2 |    480 | fdct_zigzag.dct_mod.dct_block_6.dct_unit_5.macu.mult_res\[18\]$_DFFE_PP_/D
iter:675, pass:55, current fixing endpoint: fdct_zigzag.dct_mod.dct_block_2.dct_unit_6.macu.mult_res\[18\]$_DFFE_PP_/D, endpoint slack:-1.1708423e-10
      675 |       8 |     145 |       62 |      3 |    71 |   -0.289 |      -63.6 |    480 | fdct_zigzag.dct_mod.dct_block_6.dct_unit_5.macu.mult_res\[18\]$_DFFE_PP_/D
      676 |       8 |     145 |       62 |      3 |    71 |   -0.289 |      -63.6 |    480 | fdct_zigzag.dct_mod.dct_block_6.dct_unit_5.macu.mult_res\[18\]$_DFFE_PP_/D
iter:676, pass:1, current fixing endpoint: fdct_zigzag.dct_mod.dct_block_1.dct_unit_1.macu.mult_res\[17\]$_DFFE_PP_/D, endpoint slack:-2.536913e-10
      677 |       8 |     145 |       62 |      4 |    71 |   -0.297 |      -64.9 |    480 | fdct_zigzag.dct_mod.dct_block_6.dct_unit_5.macu.mult_res\[18\]$_DFFE_PP_/D
iter:677, pass:2, current fixing endpoint: fdct_zigzag.dct_mod.dct_block_1.dct_unit_1.macu.mult_res\[17\]$_DFFE_PP_/D, endpoint slack:-2.45153e-10
      678 |       9 |     145 |       62 |      4 |    71 |   -0.297 |      -64.9 |    480 | fdct_zigzag.dct_mod.dct_block_6.dct_unit_5.macu.mult_res\[18\]$_DFFE_PP_/D
iter:678, pass:3, current fixing endpoint: fdct_zigzag.dct_mod.dct_block_1.dct_unit_1.macu.mult_res\[17\]$_DFFE_PP_/D, endpoint slack:-2.3814484e-10
      679 |       9 |     145 |       62 |      4 |    72 |   -0.297 |      -64.9 |    480 | fdct_zigzag.dct_mod.dct_block_6.dct_unit_5.macu.mult_res\[18\]$_DFFE_PP_/D
iter:679, pass:4, current fixing endpoint: fdct_zigzag.dct_mod.dct_block_1.dct_unit_1.macu.mult_res\[17\]$_DFFE_PP_/D, endpoint slack:-2.374978e-10
      680 |       9 |     146 |       62 |      4 |    72 |   -0.297 |      -64.8 |    480 | fdct_zigzag.dct_mod.dct_block_6.dct_unit_5.macu.mult_res\[18\]$_DFFE_PP_/D
iter:680, pass:5, current fixing endpoint: fdct_zigzag.dct_mod.dct_block_1.dct_unit_1.macu.mult_res\[17\]$_DFFE_PP_/D, endpoint slack:-2.2851077e-10
      681 |       9 |     146 |       64 |      4 |    72 |   -0.297 |      -64.8 |    480 | fdct_zigzag.dct_mod.dct_block_6.dct_unit_5.macu.mult_res\[18\]$_DFFE_PP_/D
iter:681, pass:6, current fixing endpoint: fdct_zigzag.dct_mod.dct_block_1.dct_unit_1.macu.mult_res\[17\]$_DFFE_PP_/D, endpoint slack:-2.2839775e-10
      682 |       9 |     147 |       64 |      4 |    72 |   -0.297 |      -64.7 |    480 | fdct_zigzag.dct_mod.dct_block_6.dct_unit_5.macu.mult_res\[18\]$_DFFE_PP_/D
iter:682, pass:7, current fixing endpoint: fdct_zigzag.dct_mod.dct_block_1.dct_unit_1.macu.mult_res\[17\]$_DFFE_PP_/D, endpoint slack:-2.1926838e-10
      683 |       9 |     148 |       64 |      4 |    72 |   -0.305 |      -66.2 |    480 | fdct_zigzag.dct_mod.dct_block_6.dct_unit_5.macu.mult_res\[18\]$_DFFE_PP_/D
iter:683, pass:8, current fixing endpoint: fdct_zigzag.dct_mod.dct_block_1.dct_unit_1.macu.mult_res\[17\]$_DFFE_PP_/D, endpoint slack:-2.2959257e-10
      684 |       9 |     148 |       64 |      4 |    73 |   -0.305 |      -66.2 |    480 | fdct_zigzag.dct_mod.dct_block_6.dct_unit_5.macu.mult_res\[18\]$_DFFE_PP_/D
iter:684, pass:9, current fixing endpoint: fdct_zigzag.dct_mod.dct_block_1.dct_unit_1.macu.mult_res\[17\]$_DFFE_PP_/D, endpoint slack:-2.3486035e-10
      685 |       9 |     148 |       64 |      4 |    74 |   -0.305 |      -66.2 |    480 | fdct_zigzag.dct_mod.dct_block_6.dct_unit_5.macu.mult_res\[18\]$_DFFE_PP_/D
iter:685, pass:10, current fixing endpoint: fdct_zigzag.dct_mod.dct_block_1.dct_unit_1.macu.mult_res\[17\]$_DFFE_PP_/D, endpoint slack:-2.4179814e-10
      686 |       9 |     149 |       64 |      4 |    74 |   -0.305 |      -66.2 |    480 | fdct_zigzag.dct_mod.dct_block_6.dct_unit_5.macu.mult_res\[18\]$_DFFE_PP_/D
iter:686, pass:11, current fixing endpoint: fdct_zigzag.dct_mod.dct_block_1.dct_unit_1.macu.mult_res\[17\]$_DFFE_PP_/D, endpoint slack:-2.4106717e-10
      687 |       9 |     149 |       64 |      4 |    75 |   -0.305 |      -66.2 |    480 | fdct_zigzag.dct_mod.dct_block_6.dct_unit_5.macu.mult_res\[18\]$_DFFE_PP_/D
iter:687, pass:12, current fixing endpoint: fdct_zigzag.dct_mod.dct_block_1.dct_unit_1.macu.mult_res\[17\]$_DFFE_PP_/D, endpoint slack:-2.3462565e-10
      688 |       9 |     149 |       64 |      4 |    76 |   -0.305 |      -66.2 |    480 | fdct_zigzag.dct_mod.dct_block_6.dct_unit_5.macu.mult_res\[18\]$_DFFE_PP_/D
iter:688, pass:13, current fixing endpoint: fdct_zigzag.dct_mod.dct_block_1.dct_unit_1.macu.mult_res\[17\]$_DFFE_PP_/D, endpoint slack:-2.2779889e-10
      689 |       9 |     149 |       64 |      4 |    77 |   -0.305 |      -66.2 |    480 | fdct_zigzag.dct_mod.dct_block_6.dct_unit_5.macu.mult_res\[18\]$_DFFE_PP_/D
iter:689, pass:14, current fixing endpoint: fdct_zigzag.dct_mod.dct_block_1.dct_unit_1.macu.mult_res\[17\]$_DFFE_PP_/D, endpoint slack:-2.201801e-10
      690 |       9 |     149 |       64 |      4 |    78 |   -0.305 |      -66.1 |    480 | fdct_zigzag.dct_mod.dct_block_6.dct_unit_5.macu.mult_res\[18\]$_DFFE_PP_/D
iter:690, pass:15, current fixing endpoint: fdct_zigzag.dct_mod.dct_block_1.dct_unit_1.macu.mult_res\[17\]$_DFFE_PP_/D, endpoint slack:-2.1858337e-10
      691 |       9 |     150 |       64 |      4 |    78 |   -0.305 |      -66.1 |    480 | fdct_zigzag.dct_mod.dct_block_6.dct_unit_5.macu.mult_res\[18\]$_DFFE_PP_/D
iter:691, pass:16, current fixing endpoint: fdct_zigzag.dct_mod.dct_block_1.dct_unit_1.macu.mult_res\[17\]$_DFFE_PP_/D, endpoint slack:-2.1769808e-10
      692 |       9 |     150 |       64 |      4 |    79 |   -0.305 |      -66.1 |    480 | fdct_zigzag.dct_mod.dct_block_6.dct_unit_5.macu.mult_res\[18\]$_DFFE_PP_/D
iter:692, pass:17, current fixing endpoint: fdct_zigzag.dct_mod.dct_block_1.dct_unit_1.macu.mult_res\[17\]$_DFFE_PP_/D, endpoint slack:-2.175442e-10
      693 |       9 |     151 |       64 |      4 |    79 |   -0.305 |      -66.1 |    480 | fdct_zigzag.dct_mod.dct_block_6.dct_unit_5.macu.mult_res\[18\]$_DFFE_PP_/D
iter:693, pass:18, current fixing endpoint: fdct_zigzag.dct_mod.dct_block_1.dct_unit_1.macu.mult_res\[17\]$_DFFE_PP_/D, endpoint slack:-2.1857338e-10
      694 |       9 |     152 |       64 |      4 |    79 |   -0.305 |      -66.2 |    480 | fdct_zigzag.dct_mod.dct_block_6.dct_unit_5.macu.mult_res\[18\]$_DFFE_PP_/D
iter:694, pass:19, current fixing endpoint: fdct_zigzag.dct_mod.dct_block_1.dct_unit_1.macu.mult_res\[17\]$_DFFE_PP_/D, endpoint slack:-2.1965318e-10
      695 |       9 |     153 |       64 |      4 |    79 |   -0.305 |      -66.1 |    480 | fdct_zigzag.dct_mod.dct_block_6.dct_unit_5.macu.mult_res\[18\]$_DFFE_PP_/D
iter:695, pass:20, current fixing endpoint: fdct_zigzag.dct_mod.dct_block_1.dct_unit_1.macu.mult_res\[17\]$_DFFE_PP_/D, endpoint slack:-2.1544433e-10
      696 |       9 |     153 |       64 |      4 |    80 |   -0.305 |      -66.2 |    480 | fdct_zigzag.dct_mod.dct_block_6.dct_unit_5.macu.mult_res\[18\]$_DFFE_PP_/D
iter:696, pass:21, current fixing endpoint: fdct_zigzag.dct_mod.dct_block_1.dct_unit_1.macu.mult_res\[17\]$_DFFE_PP_/D, endpoint slack:-2.2359292e-10
      697 |       9 |     154 |       64 |      4 |    80 |   -0.305 |      -66.2 |    480 | fdct_zigzag.dct_mod.dct_block_6.dct_unit_5.macu.mult_res\[18\]$_DFFE_PP_/D
iter:697, pass:22, current fixing endpoint: fdct_zigzag.dct_mod.dct_block_1.dct_unit_1.macu.mult_res\[17\]$_DFFE_PP_/D, endpoint slack:-2.2165092e-10
      698 |       9 |     154 |       64 |      4 |    81 |   -0.305 |      -66.2 |    480 | fdct_zigzag.dct_mod.dct_block_6.dct_unit_5.macu.mult_res\[18\]$_DFFE_PP_/D
iter:698, pass:23, current fixing endpoint: fdct_zigzag.dct_mod.dct_block_1.dct_unit_1.macu.mult_res\[17\]$_DFFE_PP_/D, endpoint slack:-2.2194135e-10
      699 |       9 |     155 |       64 |      4 |    81 |   -0.305 |      -66.2 |    480 | fdct_zigzag.dct_mod.dct_block_6.dct_unit_5.macu.mult_res\[18\]$_DFFE_PP_/D
iter:699, pass:24, current fixing endpoint: fdct_zigzag.dct_mod.dct_block_1.dct_unit_1.macu.mult_res\[17\]$_DFFE_PP_/D, endpoint slack:-2.1888436e-10
      700 |       9 |     156 |       64 |      4 |    81 |   -0.305 |      -66.2 |    480 | fdct_zigzag.dct_mod.dct_block_6.dct_unit_5.macu.mult_res\[18\]$_DFFE_PP_/D
iter:700, pass:25, current fixing endpoint: fdct_zigzag.dct_mod.dct_block_1.dct_unit_1.macu.mult_res\[17\]$_DFFE_PP_/D, endpoint slack:-2.1953317e-10
      701 |       9 |     156 |       64 |      4 |    82 |   -0.305 |      -66.1 |    480 | fdct_zigzag.dct_mod.dct_block_6.dct_unit_5.macu.mult_res\[18\]$_DFFE_PP_/D
iter:701, pass:26, current fixing endpoint: fdct_zigzag.dct_mod.dct_block_1.dct_unit_1.macu.mult_res\[17\]$_DFFE_PP_/D, endpoint slack:-2.177235e-10
      702 |       9 |     156 |       66 |      4 |    82 |   -0.305 |      -66.1 |    480 | fdct_zigzag.dct_mod.dct_block_6.dct_unit_5.macu.mult_res\[18\]$_DFFE_PP_/D
iter:702, pass:27, current fixing endpoint: fdct_zigzag.dct_mod.dct_block_1.dct_unit_1.macu.mult_res\[17\]$_DFFE_PP_/D, endpoint slack:-2.1637714e-10
      703 |       9 |     156 |       68 |      4 |    82 |   -0.305 |      -66.1 |    480 | fdct_zigzag.dct_mod.dct_block_6.dct_unit_5.macu.mult_res\[18\]$_DFFE_PP_/D
iter:703, pass:28, current fixing endpoint: fdct_zigzag.dct_mod.dct_block_1.dct_unit_1.macu.mult_res\[17\]$_DFFE_PP_/D, endpoint slack:-2.1536284e-10
      704 |       9 |     157 |       68 |      4 |    82 |   -0.305 |      -66.3 |    480 | fdct_zigzag.dct_mod.dct_block_6.dct_unit_5.macu.mult_res\[18\]$_DFFE_PP_/D
iter:704, pass:29, current fixing endpoint: fdct_zigzag.dct_mod.dct_block_1.dct_unit_1.macu.mult_res\[17\]$_DFFE_PP_/D, endpoint slack:-2.2860891e-10
      705 |       9 |     158 |       68 |      4 |    82 |   -0.305 |      -66.3 |    480 | fdct_zigzag.dct_mod.dct_block_6.dct_unit_5.macu.mult_res\[18\]$_DFFE_PP_/D
iter:705, pass:30, current fixing endpoint: fdct_zigzag.dct_mod.dct_block_1.dct_unit_1.macu.mult_res\[17\]$_DFFE_PP_/D, endpoint slack:-2.2763014e-10
      706 |       9 |     158 |       68 |      4 |    83 |   -0.305 |      -66.3 |    480 | fdct_zigzag.dct_mod.dct_block_6.dct_unit_5.macu.mult_res\[18\]$_DFFE_PP_/D
iter:706, pass:31, current fixing endpoint: fdct_zigzag.dct_mod.dct_block_1.dct_unit_1.macu.mult_res\[17\]$_DFFE_PP_/D, endpoint slack:-2.306011e-10
      707 |       9 |     159 |       68 |      4 |    83 |   -0.305 |      -66.3 |    480 | fdct_zigzag.dct_mod.dct_block_6.dct_unit_5.macu.mult_res\[18\]$_DFFE_PP_/D
iter:707, pass:32, current fixing endpoint: fdct_zigzag.dct_mod.dct_block_1.dct_unit_1.macu.mult_res\[17\]$_DFFE_PP_/D, endpoint slack:-2.3032931e-10
      708 |       9 |     160 |       68 |      4 |    83 |   -0.305 |      -66.3 |    480 | fdct_zigzag.dct_mod.dct_block_6.dct_unit_5.macu.mult_res\[18\]$_DFFE_PP_/D
iter:708, pass:33, current fixing endpoint: fdct_zigzag.dct_mod.dct_block_1.dct_unit_1.macu.mult_res\[17\]$_DFFE_PP_/D, endpoint slack:-2.3004043e-10
      709 |       9 |     160 |       68 |      4 |    84 |   -0.305 |      -66.3 |    480 | fdct_zigzag.dct_mod.dct_block_6.dct_unit_5.macu.mult_res\[18\]$_DFFE_PP_/D
iter:709, pass:34, current fixing endpoint: fdct_zigzag.dct_mod.dct_block_1.dct_unit_1.macu.mult_res\[17\]$_DFFE_PP_/D, endpoint slack:-2.315319e-10
      710 |       9 |     160 |       68 |      4 |    85 |   -0.305 |      -66.3 |    480 | fdct_zigzag.dct_mod.dct_block_6.dct_unit_5.macu.mult_res\[18\]$_DFFE_PP_/D
iter:710, pass:35, current fixing endpoint: fdct_zigzag.dct_mod.dct_block_1.dct_unit_1.macu.mult_res\[17\]$_DFFE_PP_/D, endpoint slack:-2.41692e-10
      711 |       9 |     161 |       68 |      4 |    85 |   -0.305 |      -66.3 |    480 | fdct_zigzag.dct_mod.dct_block_6.dct_unit_5.macu.mult_res\[18\]$_DFFE_PP_/D
iter:711, pass:36, current fixing endpoint: fdct_zigzag.dct_mod.dct_block_1.dct_unit_1.macu.mult_res\[17\]$_DFFE_PP_/D, endpoint slack:-2.4171243e-10
      712 |       9 |     161 |       68 |      4 |    86 |   -0.305 |      -66.4 |    480 | fdct_zigzag.dct_mod.dct_block_6.dct_unit_5.macu.mult_res\[18\]$_DFFE_PP_/D
iter:712, pass:37, current fixing endpoint: fdct_zigzag.dct_mod.dct_block_1.dct_unit_1.macu.mult_res\[17\]$_DFFE_PP_/D, endpoint slack:-2.472511e-10
      713 |       9 |     162 |       68 |      4 |    86 |   -0.305 |      -66.4 |    480 | fdct_zigzag.dct_mod.dct_block_6.dct_unit_5.macu.mult_res\[18\]$_DFFE_PP_/D
iter:713, pass:38, current fixing endpoint: fdct_zigzag.dct_mod.dct_block_1.dct_unit_1.macu.mult_res\[17\]$_DFFE_PP_/D, endpoint slack:-2.4818836e-10
      714 |       9 |     162 |       68 |      4 |    87 |   -0.305 |      -66.4 |    480 | fdct_zigzag.dct_mod.dct_block_6.dct_unit_5.macu.mult_res\[18\]$_DFFE_PP_/D
iter:714, pass:39, current fixing endpoint: fdct_zigzag.dct_mod.dct_block_1.dct_unit_1.macu.mult_res\[17\]$_DFFE_PP_/D, endpoint slack:-2.4940938e-10
      715 |       9 |     163 |       68 |      4 |    87 |   -0.305 |      -66.4 |    480 | fdct_zigzag.dct_mod.dct_block_6.dct_unit_5.macu.mult_res\[18\]$_DFFE_PP_/D
iter:715, pass:40, current fixing endpoint: fdct_zigzag.dct_mod.dct_block_1.dct_unit_1.macu.mult_res\[17\]$_DFFE_PP_/D, endpoint slack:-2.485192e-10
      716 |       9 |     164 |       68 |      4 |    87 |   -0.305 |      -66.3 |    480 | fdct_zigzag.dct_mod.dct_block_6.dct_unit_5.macu.mult_res\[18\]$_DFFE_PP_/D
iter:716, pass:41, current fixing endpoint: fdct_zigzag.dct_mod.dct_block_1.dct_unit_1.macu.mult_res\[17\]$_DFFE_PP_/D, endpoint slack:-2.4470248e-10
      717 |       9 |     165 |       68 |      4 |    87 |   -0.305 |      -66.4 |    480 | fdct_zigzag.dct_mod.dct_block_6.dct_unit_5.macu.mult_res\[18\]$_DFFE_PP_/D
iter:717, pass:42, current fixing endpoint: fdct_zigzag.dct_mod.dct_block_1.dct_unit_1.macu.mult_res\[17\]$_DFFE_PP_/D, endpoint slack:-2.4622127e-10
      718 |       9 |     165 |       68 |      4 |    88 |   -0.305 |      -66.4 |    480 | fdct_zigzag.dct_mod.dct_block_6.dct_unit_5.macu.mult_res\[18\]$_DFFE_PP_/D
iter:718, pass:43, current fixing endpoint: fdct_zigzag.dct_mod.dct_block_1.dct_unit_1.macu.mult_res\[17\]$_DFFE_PP_/D, endpoint slack:-2.562539e-10
      719 |       9 |     166 |       68 |      4 |    88 |   -0.305 |      -66.4 |    480 | fdct_zigzag.dct_mod.dct_block_6.dct_unit_5.macu.mult_res\[18\]$_DFFE_PP_/D
iter:719, pass:44, current fixing endpoint: fdct_zigzag.dct_mod.dct_block_1.dct_unit_1.macu.mult_res\[17\]$_DFFE_PP_/D, endpoint slack:-2.5757307e-10
      720 |       9 |     166 |       68 |      4 |    89 |   -0.305 |      -66.4 |    480 | fdct_zigzag.dct_mod.dct_block_6.dct_unit_5.macu.mult_res\[18\]$_DFFE_PP_/D
iter:720, pass:45, current fixing endpoint: fdct_zigzag.dct_mod.dct_block_1.dct_unit_1.macu.mult_res\[17\]$_DFFE_PP_/D, endpoint slack:-2.5962277e-10
      721 |       9 |     167 |       68 |      4 |    89 |   -0.309 |      -67.7 |    480 | fdct_zigzag.dct_mod.dct_block_6.dct_unit_5.macu.mult_res\[18\]$_DFFE_PP_/D
iter:721, pass:46, current fixing endpoint: fdct_zigzag.dct_mod.dct_block_1.dct_unit_1.macu.mult_res\[17\]$_DFFE_PP_/D, endpoint slack:-2.6355118e-10
      722 |       9 |     168 |       68 |      4 |    89 |   -0.309 |      -67.7 |    480 | fdct_zigzag.dct_mod.dct_block_6.dct_unit_5.macu.mult_res\[18\]$_DFFE_PP_/D
iter:722, pass:47, current fixing endpoint: fdct_zigzag.dct_mod.dct_block_1.dct_unit_1.macu.mult_res\[17\]$_DFFE_PP_/D, endpoint slack:-2.6752378e-10
      723 |       9 |     169 |       68 |      4 |    89 |   -0.309 |      -67.7 |    480 | fdct_zigzag.dct_mod.dct_block_6.dct_unit_5.macu.mult_res\[18\]$_DFFE_PP_/D
iter:723, pass:48, current fixing endpoint: fdct_zigzag.dct_mod.dct_block_1.dct_unit_1.macu.mult_res\[17\]$_DFFE_PP_/D, endpoint slack:-2.6353186e-10
      724 |       9 |     170 |       68 |      4 |    89 |   -0.309 |      -67.7 |    480 | fdct_zigzag.dct_mod.dct_block_6.dct_unit_5.macu.mult_res\[18\]$_DFFE_PP_/D
iter:724, pass:49, current fixing endpoint: fdct_zigzag.dct_mod.dct_block_1.dct_unit_1.macu.mult_res\[17\]$_DFFE_PP_/D, endpoint slack:-2.6488478e-10
      725 |       9 |     171 |       68 |      4 |    89 |   -0.309 |      -67.7 |    480 | fdct_zigzag.dct_mod.dct_block_6.dct_unit_5.macu.mult_res\[18\]$_DFFE_PP_/D
iter:725, pass:50, current fixing endpoint: fdct_zigzag.dct_mod.dct_block_1.dct_unit_1.macu.mult_res\[17\]$_DFFE_PP_/D, endpoint slack:-2.6465052e-10
      726 |       9 |     172 |       68 |      4 |    89 |   -0.309 |      -67.7 |    480 | fdct_zigzag.dct_mod.dct_block_6.dct_unit_5.macu.mult_res\[18\]$_DFFE_PP_/D
iter:726, pass:51, current fixing endpoint: fdct_zigzag.dct_mod.dct_block_1.dct_unit_1.macu.mult_res\[17\]$_DFFE_PP_/D, endpoint slack:-2.6448732e-10
      726 |       8 |     151 |       65 |      3 |    71 |   -0.290 |      -63.4 |    480 | fdct_zigzag.dct_mod.dct_block_6.dct_unit_5.macu.mult_res\[18\]$_DFFE_PP_/D
      727 |       8 |     151 |       65 |      3 |    71 |   -0.290 |      -63.4 |    480 | fdct_zigzag.dct_mod.dct_block_6.dct_unit_5.macu.mult_res\[18\]$_DFFE_PP_/D
iter:727, pass:1, current fixing endpoint: fdct_zigzag.dct_mod.dct_block_1.dct_unit_7.macu.mult_res\[18\]$_DFFE_PP_/D, endpoint slack:-2.5462232e-10
      728 |       8 |     151 |       65 |      3 |    72 |   -0.290 |      -63.4 |    480 | fdct_zigzag.dct_mod.dct_block_6.dct_unit_5.macu.mult_res\[18\]$_DFFE_PP_/D
iter:728, pass:2, current fixing endpoint: fdct_zigzag.dct_mod.dct_block_1.dct_unit_7.macu.mult_res\[18\]$_DFFE_PP_/D, endpoint slack:-2.513476e-10
      729 |       8 |     151 |       65 |      3 |    73 |   -0.290 |      -63.4 |    480 | fdct_zigzag.dct_mod.dct_block_6.dct_unit_5.macu.mult_res\[18\]$_DFFE_PP_/D
iter:729, pass:3, current fixing endpoint: fdct_zigzag.dct_mod.dct_block_1.dct_unit_7.macu.mult_res\[18\]$_DFFE_PP_/D, endpoint slack:-2.494147e-10
      730 |       8 |     151 |       65 |      3 |    74 |   -0.290 |      -63.4 |    480 | fdct_zigzag.dct_mod.dct_block_6.dct_unit_5.macu.mult_res\[18\]$_DFFE_PP_/D
iter:730, pass:4, current fixing endpoint: fdct_zigzag.dct_mod.dct_block_1.dct_unit_7.macu.mult_res\[18\]$_DFFE_PP_/D, endpoint slack:-2.4727465e-10
      731 |       8 |     151 |       65 |      3 |    75 |   -0.290 |      -63.4 |    480 | fdct_zigzag.dct_mod.dct_block_6.dct_unit_5.macu.mult_res\[18\]$_DFFE_PP_/D
iter:731, pass:5, current fixing endpoint: fdct_zigzag.dct_mod.dct_block_1.dct_unit_7.macu.mult_res\[18\]$_DFFE_PP_/D, endpoint slack:-2.526901e-10
      732 |       8 |     151 |       65 |      3 |    76 |   -0.290 |      -63.5 |    480 | fdct_zigzag.dct_mod.dct_block_6.dct_unit_5.macu.mult_res\[18\]$_DFFE_PP_/D
iter:732, pass:6, current fixing endpoint: fdct_zigzag.dct_mod.dct_block_1.dct_unit_7.macu.mult_res\[18\]$_DFFE_PP_/D, endpoint slack:-2.6554314e-10
      733 |       8 |     151 |       65 |      3 |    77 |   -0.290 |      -63.5 |    480 | fdct_zigzag.dct_mod.dct_block_6.dct_unit_5.macu.mult_res\[18\]$_DFFE_PP_/D
iter:733, pass:7, current fixing endpoint: fdct_zigzag.dct_mod.dct_block_1.dct_unit_7.macu.mult_res\[18\]$_DFFE_PP_/D, endpoint slack:-2.7549985e-10
      734 |       8 |     151 |       65 |      3 |    78 |   -0.290 |      -63.5 |    480 | fdct_zigzag.dct_mod.dct_block_6.dct_unit_5.macu.mult_res\[18\]$_DFFE_PP_/D
iter:734, pass:8, current fixing endpoint: fdct_zigzag.dct_mod.dct_block_1.dct_unit_7.macu.mult_res\[18\]$_DFFE_PP_/D, endpoint slack:-2.8788816e-10
      735 |       8 |     151 |       65 |      3 |    79 |   -0.295 |      -63.5 |    480 | fdct_zigzag.dct_mod.dct_block_1.dct_unit_7.macu.mult_res\[18\]$_DFFE_PP_/D
iter:735, pass:9, current fixing endpoint: fdct_zigzag.dct_mod.dct_block_1.dct_unit_7.macu.mult_res\[18\]$_DFFE_PP_/D, endpoint slack:-2.9544567e-10
      736 |       8 |     152 |       65 |      3 |    79 |   -0.297 |      -63.5 |    480 | fdct_zigzag.dct_mod.dct_block_1.dct_unit_7.macu.mult_res\[18\]$_DFFE_PP_/D
iter:736, pass:10, current fixing endpoint: fdct_zigzag.dct_mod.dct_block_1.dct_unit_7.macu.mult_res\[18\]$_DFFE_PP_/D, endpoint slack:-2.9684877e-10
      737 |       8 |     152 |       65 |      3 |    80 |   -0.307 |      -63.6 |    480 | fdct_zigzag.dct_mod.dct_block_1.dct_unit_7.macu.mult_res\[18\]$_DFFE_PP_/D
iter:737, pass:11, current fixing endpoint: fdct_zigzag.dct_mod.dct_block_1.dct_unit_7.macu.mult_res\[18\]$_DFFE_PP_/D, endpoint slack:-3.067957e-10
      738 |       8 |     153 |       65 |      3 |    80 |   -0.308 |      -63.6 |    480 | fdct_zigzag.dct_mod.dct_block_1.dct_unit_7.macu.mult_res\[18\]$_DFFE_PP_/D
iter:738, pass:12, current fixing endpoint: fdct_zigzag.dct_mod.dct_block_1.dct_unit_7.macu.mult_res\[18\]$_DFFE_PP_/D, endpoint slack:-3.0801361e-10
      739 |       8 |     153 |       65 |      3 |    81 |   -0.309 |      -63.6 |    480 | fdct_zigzag.dct_mod.dct_block_1.dct_unit_7.macu.mult_res\[18\]$_DFFE_PP_/D
iter:739, pass:13, current fixing endpoint: fdct_zigzag.dct_mod.dct_block_1.dct_unit_7.macu.mult_res\[18\]$_DFFE_PP_/D, endpoint slack:-3.085191e-10
      740 |       8 |     154 |       65 |      3 |    81 |   -0.312 |      -64.8 |    480 | fdct_zigzag.dct_mod.dct_block_1.dct_unit_7.macu.mult_res\[18\]$_DFFE_PP_/D
iter:740, pass:14, current fixing endpoint: fdct_zigzag.dct_mod.dct_block_1.dct_unit_7.macu.mult_res\[18\]$_DFFE_PP_/D, endpoint slack:-3.1235514e-10
      741 |       8 |     155 |       65 |      3 |    81 |   -0.312 |      -64.8 |    480 | fdct_zigzag.dct_mod.dct_block_1.dct_unit_7.macu.mult_res\[18\]$_DFFE_PP_/D
iter:741, pass:15, current fixing endpoint: fdct_zigzag.dct_mod.dct_block_1.dct_unit_7.macu.mult_res\[18\]$_DFFE_PP_/D, endpoint slack:-3.116688e-10
      742 |       8 |     156 |       65 |      3 |    81 |   -0.311 |      -64.8 |    480 | fdct_zigzag.dct_mod.dct_block_1.dct_unit_7.macu.mult_res\[18\]$_DFFE_PP_/D
iter:742, pass:16, current fixing endpoint: fdct_zigzag.dct_mod.dct_block_1.dct_unit_7.macu.mult_res\[18\]$_DFFE_PP_/D, endpoint slack:-3.1050595e-10
      743 |       8 |     157 |       65 |      3 |    81 |   -0.310 |      -64.8 |    480 | fdct_zigzag.dct_mod.dct_block_1.dct_unit_7.macu.mult_res\[18\]$_DFFE_PP_/D
iter:743, pass:17, current fixing endpoint: fdct_zigzag.dct_mod.dct_block_1.dct_unit_7.macu.mult_res\[18\]$_DFFE_PP_/D, endpoint slack:-3.0993486e-10
      744 |       8 |     158 |       65 |      3 |    81 |   -0.305 |      -64.8 |    480 | fdct_zigzag.dct_mod.dct_block_1.dct_unit_7.macu.mult_res\[18\]$_DFFE_PP_/D
iter:744, pass:18, current fixing endpoint: fdct_zigzag.dct_mod.dct_block_1.dct_unit_7.macu.mult_res\[18\]$_DFFE_PP_/D, endpoint slack:-3.0523417e-10
      745 |       8 |     159 |       65 |      3 |    81 |   -0.307 |      -64.8 |    480 | fdct_zigzag.dct_mod.dct_block_1.dct_unit_7.macu.mult_res\[18\]$_DFFE_PP_/D
iter:745, pass:19, current fixing endpoint: fdct_zigzag.dct_mod.dct_block_1.dct_unit_7.macu.mult_res\[18\]$_DFFE_PP_/D, endpoint slack:-3.06987e-10
      746 |       8 |     159 |       65 |      3 |    82 |   -0.309 |      -64.8 |    480 | fdct_zigzag.dct_mod.dct_block_1.dct_unit_7.macu.mult_res\[18\]$_DFFE_PP_/D
iter:746, pass:20, current fixing endpoint: fdct_zigzag.dct_mod.dct_block_1.dct_unit_7.macu.mult_res\[18\]$_DFFE_PP_/D, endpoint slack:-3.093351e-10
      746 |       8 |     152 |       65 |      3 |    74 |   -0.290 |      -63.4 |    480 | fdct_zigzag.dct_mod.dct_block_6.dct_unit_5.macu.mult_res\[18\]$_DFFE_PP_/D
      747 |       8 |     152 |       65 |      3 |    74 |   -0.290 |      -63.4 |    480 | fdct_zigzag.dct_mod.dct_block_6.dct_unit_5.macu.mult_res\[18\]$_DFFE_PP_/D
iter:747, pass:1, current fixing endpoint: fdct_zigzag.dct_mod.dct_block_5.dct_unit_7.macu.mult_res\[18\]$_DFFE_PP_/D, endpoint slack:-2.6371993e-10
      748 |       8 |     152 |       65 |      3 |    75 |   -0.290 |      -63.4 |    480 | fdct_zigzag.dct_mod.dct_block_6.dct_unit_5.macu.mult_res\[18\]$_DFFE_PP_/D
iter:748, pass:2, current fixing endpoint: fdct_zigzag.dct_mod.dct_block_5.dct_unit_7.macu.mult_res\[18\]$_DFFE_PP_/D, endpoint slack:-2.668541e-10
      749 |       8 |     152 |       65 |      3 |    76 |   -0.290 |      -63.4 |    480 | fdct_zigzag.dct_mod.dct_block_6.dct_unit_5.macu.mult_res\[18\]$_DFFE_PP_/D
iter:749, pass:3, current fixing endpoint: fdct_zigzag.dct_mod.dct_block_5.dct_unit_7.macu.mult_res\[18\]$_DFFE_PP_/D, endpoint slack:-2.6477376e-10
      750 |       8 |     152 |       65 |      3 |    77 |   -0.290 |      -63.4 |    480 | fdct_zigzag.dct_mod.dct_block_6.dct_unit_5.macu.mult_res\[18\]$_DFFE_PP_/D
iter:750, pass:4, current fixing endpoint: fdct_zigzag.dct_mod.dct_block_5.dct_unit_7.macu.mult_res\[18\]$_DFFE_PP_/D, endpoint slack:-2.6915448e-10
      751 |       8 |     152 |       65 |      3 |    78 |   -0.290 |      -63.4 |    480 | fdct_zigzag.dct_mod.dct_block_6.dct_unit_5.macu.mult_res\[18\]$_DFFE_PP_/D
iter:751, pass:5, current fixing endpoint: fdct_zigzag.dct_mod.dct_block_5.dct_unit_7.macu.mult_res\[18\]$_DFFE_PP_/D, endpoint slack:-2.7340996e-10
      752 |       8 |     152 |       65 |      3 |    79 |   -0.290 |      -63.5 |    480 | fdct_zigzag.dct_mod.dct_block_6.dct_unit_5.macu.mult_res\[18\]$_DFFE_PP_/D
iter:752, pass:6, current fixing endpoint: fdct_zigzag.dct_mod.dct_block_5.dct_unit_7.macu.mult_res\[18\]$_DFFE_PP_/D, endpoint slack:-2.8436764e-10
      753 |       8 |     152 |       65 |      3 |    80 |   -0.290 |      -63.5 |    480 | fdct_zigzag.dct_mod.dct_block_6.dct_unit_5.macu.mult_res\[18\]$_DFFE_PP_/D
iter:753, pass:7, current fixing endpoint: fdct_zigzag.dct_mod.dct_block_5.dct_unit_7.macu.mult_res\[18\]$_DFFE_PP_/D, endpoint slack:-2.884648e-10
      754 |       8 |     152 |       65 |      3 |    81 |   -0.297 |      -63.5 |    480 | fdct_zigzag.dct_mod.dct_block_5.dct_unit_7.macu.mult_res\[18\]$_DFFE_PP_/D
iter:754, pass:8, current fixing endpoint: fdct_zigzag.dct_mod.dct_block_5.dct_unit_7.macu.mult_res\[18\]$_DFFE_PP_/D, endpoint slack:-2.969811e-10
      755 |       8 |     153 |       65 |      3 |    81 |   -0.297 |      -63.5 |    480 | fdct_zigzag.dct_mod.dct_block_5.dct_unit_7.macu.mult_res\[18\]$_DFFE_PP_/D
iter:755, pass:9, current fixing endpoint: fdct_zigzag.dct_mod.dct_block_5.dct_unit_7.macu.mult_res\[18\]$_DFFE_PP_/D, endpoint slack:-2.9715275e-10
      756 |       8 |     153 |       65 |      3 |    82 |   -0.306 |      -63.5 |    480 | fdct_zigzag.dct_mod.dct_block_5.dct_unit_7.macu.mult_res\[18\]$_DFFE_PP_/D
iter:756, pass:10, current fixing endpoint: fdct_zigzag.dct_mod.dct_block_5.dct_unit_7.macu.mult_res\[18\]$_DFFE_PP_/D, endpoint slack:-3.05854e-10
      757 |       8 |     154 |       65 |      3 |    82 |   -0.300 |      -63.5 |    480 | fdct_zigzag.dct_mod.dct_block_5.dct_unit_7.macu.mult_res\[18\]$_DFFE_PP_/D
iter:757, pass:11, current fixing endpoint: fdct_zigzag.dct_mod.dct_block_5.dct_unit_7.macu.mult_res\[18\]$_DFFE_PP_/D, endpoint slack:-3.000984e-10
      758 |       8 |     155 |       65 |      3 |    82 |   -0.297 |      -63.5 |    480 | fdct_zigzag.dct_mod.dct_block_5.dct_unit_7.macu.mult_res\[18\]$_DFFE_PP_/D
iter:758, pass:12, current fixing endpoint: fdct_zigzag.dct_mod.dct_block_5.dct_unit_7.macu.mult_res\[18\]$_DFFE_PP_/D, endpoint slack:-2.972521e-10
      759 |       8 |     156 |       65 |      3 |    82 |   -0.294 |      -63.5 |    480 | fdct_zigzag.dct_mod.dct_block_5.dct_unit_7.macu.mult_res\[18\]$_DFFE_PP_/D
iter:759, pass:13, current fixing endpoint: fdct_zigzag.dct_mod.dct_block_5.dct_unit_7.macu.mult_res\[18\]$_DFFE_PP_/D, endpoint slack:-2.94471e-10
      760 |       8 |     156 |       65 |      3 |    83 |   -0.303 |      -63.5 |    480 | fdct_zigzag.dct_mod.dct_block_5.dct_unit_7.macu.mult_res\[18\]$_DFFE_PP_/D
iter:760, pass:14, current fixing endpoint: fdct_zigzag.dct_mod.dct_block_5.dct_unit_7.macu.mult_res\[18\]$_DFFE_PP_/D, endpoint slack:-3.0263092e-10
      761 |       8 |     157 |       65 |      3 |    83 |   -0.303 |      -63.5 |    480 | fdct_zigzag.dct_mod.dct_block_5.dct_unit_7.macu.mult_res\[18\]$_DFFE_PP_/D
iter:761, pass:15, current fixing endpoint: fdct_zigzag.dct_mod.dct_block_5.dct_unit_7.macu.mult_res\[18\]$_DFFE_PP_/D, endpoint slack:-3.0302638e-10
      762 |       8 |     158 |       65 |      3 |    83 |   -0.305 |      -63.6 |    480 | fdct_zigzag.dct_mod.dct_block_5.dct_unit_7.macu.mult_res\[18\]$_DFFE_PP_/D
iter:762, pass:16, current fixing endpoint: fdct_zigzag.dct_mod.dct_block_5.dct_unit_7.macu.mult_res\[18\]$_DFFE_PP_/D, endpoint slack:-3.0482583e-10
      763 |       8 |     159 |       65 |      3 |    83 |   -0.303 |      -63.6 |    480 | fdct_zigzag.dct_mod.dct_block_5.dct_unit_7.macu.mult_res\[18\]$_DFFE_PP_/D
iter:763, pass:17, current fixing endpoint: fdct_zigzag.dct_mod.dct_block_5.dct_unit_7.macu.mult_res\[18\]$_DFFE_PP_/D, endpoint slack:-3.0349556e-10
      764 |       8 |     160 |       65 |      3 |    83 |   -0.305 |      -63.6 |    480 | fdct_zigzag.dct_mod.dct_block_5.dct_unit_7.macu.mult_res\[18\]$_DFFE_PP_/D
iter:764, pass:18, current fixing endpoint: fdct_zigzag.dct_mod.dct_block_5.dct_unit_7.macu.mult_res\[18\]$_DFFE_PP_/D, endpoint slack:-3.0501168e-10
      765 |       8 |     161 |       65 |      3 |    83 |   -0.304 |      -63.6 |    480 | fdct_zigzag.dct_mod.dct_block_5.dct_unit_7.macu.mult_res\[18\]$_DFFE_PP_/D
iter:765, pass:19, current fixing endpoint: fdct_zigzag.dct_mod.dct_block_5.dct_unit_7.macu.mult_res\[18\]$_DFFE_PP_/D, endpoint slack:-3.03782e-10
      766 |       8 |     162 |       65 |      3 |    83 |   -0.306 |      -63.6 |    480 | fdct_zigzag.dct_mod.dct_block_5.dct_unit_7.macu.mult_res\[18\]$_DFFE_PP_/D
iter:766, pass:20, current fixing endpoint: fdct_zigzag.dct_mod.dct_block_5.dct_unit_7.macu.mult_res\[18\]$_DFFE_PP_/D, endpoint slack:-3.063677e-10
      767 |       8 |     163 |       65 |      3 |    83 |   -0.305 |      -63.6 |    480 | fdct_zigzag.dct_mod.dct_block_5.dct_unit_7.macu.mult_res\[18\]$_DFFE_PP_/D
iter:767, pass:21, current fixing endpoint: fdct_zigzag.dct_mod.dct_block_5.dct_unit_7.macu.mult_res\[18\]$_DFFE_PP_/D, endpoint slack:-3.048216e-10
      768 |       8 |     163 |       65 |      3 |    84 |   -0.305 |      -63.6 |    480 | fdct_zigzag.dct_mod.dct_block_5.dct_unit_7.macu.mult_res\[18\]$_DFFE_PP_/D
iter:768, pass:22, current fixing endpoint: fdct_zigzag.dct_mod.dct_block_5.dct_unit_7.macu.mult_res\[18\]$_DFFE_PP_/D, endpoint slack:-3.052325e-10
      769 |       8 |     164 |       65 |      3 |    84 |   -0.309 |      -64.9 |    480 | fdct_zigzag.dct_mod.dct_block_5.dct_unit_7.macu.mult_res\[18\]$_DFFE_PP_/D
iter:769, pass:23, current fixing endpoint: fdct_zigzag.dct_mod.dct_block_5.dct_unit_7.macu.mult_res\[18\]$_DFFE_PP_/D, endpoint slack:-3.091618e-10
      770 |       8 |     165 |       65 |      3 |    84 |   -0.309 |      -64.9 |    480 | fdct_zigzag.dct_mod.dct_block_5.dct_unit_7.macu.mult_res\[18\]$_DFFE_PP_/D
iter:770, pass:24, current fixing endpoint: fdct_zigzag.dct_mod.dct_block_5.dct_unit_7.macu.mult_res\[18\]$_DFFE_PP_/D, endpoint slack:-3.0904168e-10
      771 |       8 |     166 |       65 |      3 |    84 |   -0.308 |      -64.9 |    480 | fdct_zigzag.dct_mod.dct_block_5.dct_unit_7.macu.mult_res\[18\]$_DFFE_PP_/D
iter:771, pass:25, current fixing endpoint: fdct_zigzag.dct_mod.dct_block_5.dct_unit_7.macu.mult_res\[18\]$_DFFE_PP_/D, endpoint slack:-3.0792613e-10
      772 |       8 |     167 |       65 |      3 |    84 |   -0.307 |      -64.9 |    480 | fdct_zigzag.dct_mod.dct_block_5.dct_unit_7.macu.mult_res\[18\]$_DFFE_PP_/D
iter:772, pass:26, current fixing endpoint: fdct_zigzag.dct_mod.dct_block_5.dct_unit_7.macu.mult_res\[18\]$_DFFE_PP_/D, endpoint slack:-3.0703462e-10
      773 |       8 |     168 |       65 |      3 |    84 |   -0.301 |      -64.9 |    480 | fdct_zigzag.dct_mod.dct_block_5.dct_unit_7.macu.mult_res\[18\]$_DFFE_PP_/D
iter:773, pass:27, current fixing endpoint: fdct_zigzag.dct_mod.dct_block_5.dct_unit_7.macu.mult_res\[18\]$_DFFE_PP_/D, endpoint slack:-3.0097258e-10
      774 |       8 |     169 |       65 |      3 |    84 |   -0.303 |      -64.9 |    480 | fdct_zigzag.dct_mod.dct_block_5.dct_unit_7.macu.mult_res\[18\]$_DFFE_PP_/D
iter:774, pass:28, current fixing endpoint: fdct_zigzag.dct_mod.dct_block_5.dct_unit_7.macu.mult_res\[18\]$_DFFE_PP_/D, endpoint slack:-3.0261882e-10
      775 |       8 |     169 |       65 |      3 |    85 |   -0.305 |      -64.9 |    480 | fdct_zigzag.dct_mod.dct_block_5.dct_unit_7.macu.mult_res\[18\]$_DFFE_PP_/D
iter:775, pass:29, current fixing endpoint: fdct_zigzag.dct_mod.dct_block_5.dct_unit_7.macu.mult_res\[18\]$_DFFE_PP_/D, endpoint slack:-3.0498515e-10
      775 |       8 |     156 |       65 |      3 |    74 |   -0.290 |      -63.4 |    480 | fdct_zigzag.dct_mod.dct_block_6.dct_unit_5.macu.mult_res\[18\]$_DFFE_PP_/D
      776 |       8 |     156 |       65 |      3 |    74 |   -0.290 |      -63.4 |    480 | fdct_zigzag.dct_mod.dct_block_6.dct_unit_5.macu.mult_res\[18\]$_DFFE_PP_/D
iter:776, pass:1, current fixing endpoint: fdct_zigzag.dct_mod.dct_block_0.dct_unit_2.macu.mult_res\[18\]$_DFFE_PP_/D, endpoint slack:-2.2186541e-10
      777 |       8 |     156 |       65 |      3 |    75 |   -0.290 |      -63.4 |    480 | fdct_zigzag.dct_mod.dct_block_6.dct_unit_5.macu.mult_res\[18\]$_DFFE_PP_/D
iter:777, pass:2, current fixing endpoint: fdct_zigzag.dct_mod.dct_block_0.dct_unit_2.macu.mult_res\[18\]$_DFFE_PP_/D, endpoint slack:-2.1959301e-10
      778 |       8 |     156 |       65 |      3 |    76 |   -0.290 |      -63.4 |    480 | fdct_zigzag.dct_mod.dct_block_6.dct_unit_5.macu.mult_res\[18\]$_DFFE_PP_/D
iter:778, pass:3, current fixing endpoint: fdct_zigzag.dct_mod.dct_block_0.dct_unit_2.macu.mult_res\[18\]$_DFFE_PP_/D, endpoint slack:-2.1963054e-10
      779 |       8 |     156 |       65 |      3 |    77 |   -0.290 |      -63.4 |    480 | fdct_zigzag.dct_mod.dct_block_6.dct_unit_5.macu.mult_res\[18\]$_DFFE_PP_/D
iter:779, pass:4, current fixing endpoint: fdct_zigzag.dct_mod.dct_block_0.dct_unit_2.macu.mult_res\[18\]$_DFFE_PP_/D, endpoint slack:-2.193159e-10
      780 |       8 |     156 |       65 |      3 |    78 |   -0.290 |      -63.5 |    480 | fdct_zigzag.dct_mod.dct_block_6.dct_unit_5.macu.mult_res\[18\]$_DFFE_PP_/D
iter:780, pass:5, current fixing endpoint: fdct_zigzag.dct_mod.dct_block_0.dct_unit_2.macu.mult_res\[18\]$_DFFE_PP_/D, endpoint slack:-2.2713587e-10
      781 |       8 |     157 |       65 |      3 |    78 |   -0.290 |      -63.4 |    480 | fdct_zigzag.dct_mod.dct_block_6.dct_unit_5.macu.mult_res\[18\]$_DFFE_PP_/D
iter:781, pass:6, current fixing endpoint: fdct_zigzag.dct_mod.dct_block_0.dct_unit_2.macu.mult_res\[18\]$_DFFE_PP_/D, endpoint slack:-2.1999513e-10
      782 |       8 |     158 |       65 |      3 |    78 |   -0.290 |      -63.4 |    480 | fdct_zigzag.dct_mod.dct_block_6.dct_unit_5.macu.mult_res\[18\]$_DFFE_PP_/D
iter:782, pass:7, current fixing endpoint: fdct_zigzag.dct_mod.dct_block_0.dct_unit_2.macu.mult_res\[18\]$_DFFE_PP_/D, endpoint slack:-2.220939e-10
      783 |       8 |     158 |       65 |      3 |    79 |   -0.290 |      -63.4 |    480 | fdct_zigzag.dct_mod.dct_block_6.dct_unit_5.macu.mult_res\[18\]$_DFFE_PP_/D
iter:783, pass:8, current fixing endpoint: fdct_zigzag.dct_mod.dct_block_0.dct_unit_2.macu.mult_res\[18\]$_DFFE_PP_/D, endpoint slack:-2.2829161e-10
      784 |       8 |     158 |       65 |      3 |    80 |   -0.290 |      -63.4 |    480 | fdct_zigzag.dct_mod.dct_block_6.dct_unit_5.macu.mult_res\[18\]$_DFFE_PP_/D
iter:784, pass:9, current fixing endpoint: fdct_zigzag.dct_mod.dct_block_0.dct_unit_2.macu.mult_res\[18\]$_DFFE_PP_/D, endpoint slack:-2.2378677e-10
      785 |       8 |     159 |       65 |      3 |    80 |   -0.290 |      -63.4 |    480 | fdct_zigzag.dct_mod.dct_block_6.dct_unit_5.macu.mult_res\[18\]$_DFFE_PP_/D
iter:785, pass:10, current fixing endpoint: fdct_zigzag.dct_mod.dct_block_0.dct_unit_2.macu.mult_res\[18\]$_DFFE_PP_/D, endpoint slack:-2.224918e-10
      786 |       8 |     160 |       65 |      3 |    80 |   -0.290 |      -63.4 |    480 | fdct_zigzag.dct_mod.dct_block_6.dct_unit_5.macu.mult_res\[18\]$_DFFE_PP_/D
iter:786, pass:11, current fixing endpoint: fdct_zigzag.dct_mod.dct_block_0.dct_unit_2.macu.mult_res\[18\]$_DFFE_PP_/D, endpoint slack:-2.2257463e-10
      787 |       8 |     161 |       65 |      3 |    80 |   -0.290 |      -63.4 |    480 | fdct_zigzag.dct_mod.dct_block_6.dct_unit_5.macu.mult_res\[18\]$_DFFE_PP_/D
iter:787, pass:12, current fixing endpoint: fdct_zigzag.dct_mod.dct_block_0.dct_unit_2.macu.mult_res\[18\]$_DFFE_PP_/D, endpoint slack:-2.2056068e-10
      788 |       8 |     161 |       65 |      3 |    81 |   -0.290 |      -63.4 |    480 | fdct_zigzag.dct_mod.dct_block_6.dct_unit_5.macu.mult_res\[18\]$_DFFE_PP_/D
iter:788, pass:13, current fixing endpoint: fdct_zigzag.dct_mod.dct_block_0.dct_unit_2.macu.mult_res\[18\]$_DFFE_PP_/D, endpoint slack:-2.2217594e-10
      789 |       8 |     161 |       65 |      3 |    82 |   -0.290 |      -63.4 |    480 | fdct_zigzag.dct_mod.dct_block_6.dct_unit_5.macu.mult_res\[18\]$_DFFE_PP_/D
iter:789, pass:14, current fixing endpoint: fdct_zigzag.dct_mod.dct_block_0.dct_unit_2.macu.mult_res\[18\]$_DFFE_PP_/D, endpoint slack:-2.3457203e-10
      790 |       8 |     162 |       65 |      3 |    82 |   -0.290 |      -63.4 |    480 | fdct_zigzag.dct_mod.dct_block_6.dct_unit_5.macu.mult_res\[18\]$_DFFE_PP_/D
iter:790, pass:15, current fixing endpoint: fdct_zigzag.dct_mod.dct_block_0.dct_unit_2.macu.mult_res\[18\]$_DFFE_PP_/D, endpoint slack:-2.35017e-10
      791 |       8 |     163 |       65 |      3 |    82 |   -0.290 |      -63.4 |    480 | fdct_zigzag.dct_mod.dct_block_6.dct_unit_5.macu.mult_res\[18\]$_DFFE_PP_/D
iter:791, pass:16, current fixing endpoint: fdct_zigzag.dct_mod.dct_block_0.dct_unit_2.macu.mult_res\[18\]$_DFFE_PP_/D, endpoint slack:-2.2971813e-10
      792 |       8 |     164 |       65 |      3 |    82 |   -0.290 |      -63.4 |    480 | fdct_zigzag.dct_mod.dct_block_6.dct_unit_5.macu.mult_res\[18\]$_DFFE_PP_/D
iter:792, pass:17, current fixing endpoint: fdct_zigzag.dct_mod.dct_block_0.dct_unit_2.macu.mult_res\[18\]$_DFFE_PP_/D, endpoint slack:-2.2844693e-10
      793 |       8 |     165 |       65 |      3 |    82 |   -0.290 |      -63.4 |    480 | fdct_zigzag.dct_mod.dct_block_6.dct_unit_5.macu.mult_res\[18\]$_DFFE_PP_/D
iter:793, pass:18, current fixing endpoint: fdct_zigzag.dct_mod.dct_block_0.dct_unit_2.macu.mult_res\[18\]$_DFFE_PP_/D, endpoint slack:-2.2730451e-10
      794 |       8 |     166 |       65 |      3 |    82 |   -0.290 |      -63.4 |    480 | fdct_zigzag.dct_mod.dct_block_6.dct_unit_5.macu.mult_res\[18\]$_DFFE_PP_/D
iter:794, pass:19, current fixing endpoint: fdct_zigzag.dct_mod.dct_block_0.dct_unit_2.macu.mult_res\[18\]$_DFFE_PP_/D, endpoint slack:-2.2261348e-10
      795 |       8 |     167 |       65 |      3 |    82 |   -0.290 |      -63.4 |    480 | fdct_zigzag.dct_mod.dct_block_6.dct_unit_5.macu.mult_res\[18\]$_DFFE_PP_/D
iter:795, pass:20, current fixing endpoint: fdct_zigzag.dct_mod.dct_block_0.dct_unit_2.macu.mult_res\[18\]$_DFFE_PP_/D, endpoint slack:-2.2105984e-10
      796 |       8 |     168 |       65 |      3 |    82 |   -0.290 |      -63.4 |    480 | fdct_zigzag.dct_mod.dct_block_6.dct_unit_5.macu.mult_res\[18\]$_DFFE_PP_/D
iter:796, pass:21, current fixing endpoint: fdct_zigzag.dct_mod.dct_block_0.dct_unit_2.macu.mult_res\[18\]$_DFFE_PP_/D, endpoint slack:-2.2008995e-10
      797 |       8 |     169 |       65 |      3 |    82 |   -0.290 |      -63.4 |    480 | fdct_zigzag.dct_mod.dct_block_6.dct_unit_5.macu.mult_res\[18\]$_DFFE_PP_/D
iter:797, pass:22, current fixing endpoint: fdct_zigzag.dct_mod.dct_block_0.dct_unit_2.macu.mult_res\[18\]$_DFFE_PP_/D, endpoint slack:-2.2345403e-10
      798 |       8 |     170 |       65 |      3 |    82 |   -0.290 |      -63.4 |    480 | fdct_zigzag.dct_mod.dct_block_6.dct_unit_5.macu.mult_res\[18\]$_DFFE_PP_/D
iter:798, pass:23, current fixing endpoint: fdct_zigzag.dct_mod.dct_block_0.dct_unit_2.macu.mult_res\[18\]$_DFFE_PP_/D, endpoint slack:-2.2297031e-10
      799 |       8 |     171 |       65 |      3 |    82 |   -0.290 |      -63.4 |    480 | fdct_zigzag.dct_mod.dct_block_6.dct_unit_5.macu.mult_res\[18\]$_DFFE_PP_/D
iter:799, pass:24, current fixing endpoint: fdct_zigzag.dct_mod.dct_block_0.dct_unit_2.macu.mult_res\[18\]$_DFFE_PP_/D, endpoint slack:-2.2510738e-10
      800 |       8 |     171 |       65 |      3 |    83 |   -0.290 |      -63.4 |    480 | fdct_zigzag.dct_mod.dct_block_6.dct_unit_5.macu.mult_res\[18\]$_DFFE_PP_/D
iter:800, pass:25, current fixing endpoint: fdct_zigzag.dct_mod.dct_block_0.dct_unit_2.macu.mult_res\[18\]$_DFFE_PP_/D, endpoint slack:-2.2539182e-10
      801 |       8 |     171 |       65 |      3 |    84 |   -0.290 |      -63.4 |    480 | fdct_zigzag.dct_mod.dct_block_6.dct_unit_5.macu.mult_res\[18\]$_DFFE_PP_/D
iter:801, pass:26, current fixing endpoint: fdct_zigzag.dct_mod.dct_block_0.dct_unit_2.macu.mult_res\[18\]$_DFFE_PP_/D, endpoint slack:-2.1675539e-10
      802 |       8 |     172 |       65 |      3 |    84 |   -0.290 |      -63.4 |    480 | fdct_zigzag.dct_mod.dct_block_6.dct_unit_5.macu.mult_res\[18\]$_DFFE_PP_/D
iter:802, pass:27, current fixing endpoint: fdct_zigzag.dct_mod.dct_block_0.dct_unit_2.macu.mult_res\[18\]$_DFFE_PP_/D, endpoint slack:-2.1492064e-10
      803 |       8 |     173 |       65 |      3 |    84 |   -0.290 |      -63.4 |    480 | fdct_zigzag.dct_mod.dct_block_6.dct_unit_5.macu.mult_res\[18\]$_DFFE_PP_/D
iter:803, pass:28, current fixing endpoint: fdct_zigzag.dct_mod.dct_block_0.dct_unit_2.macu.mult_res\[18\]$_DFFE_PP_/D, endpoint slack:-2.2074598e-10
      804 |       8 |     174 |       65 |      3 |    84 |   -0.290 |      -63.4 |    480 | fdct_zigzag.dct_mod.dct_block_6.dct_unit_5.macu.mult_res\[18\]$_DFFE_PP_/D
iter:804, pass:29, current fixing endpoint: fdct_zigzag.dct_mod.dct_block_0.dct_unit_2.macu.mult_res\[18\]$_DFFE_PP_/D, endpoint slack:-2.2102153e-10
      805 |       8 |     174 |       65 |      3 |    85 |   -0.290 |      -63.3 |    480 | fdct_zigzag.dct_mod.dct_block_6.dct_unit_5.macu.mult_res\[18\]$_DFFE_PP_/D
iter:805, pass:30, current fixing endpoint: fdct_zigzag.dct_mod.dct_block_0.dct_unit_2.macu.mult_res\[18\]$_DFFE_PP_/D, endpoint slack:-2.1175584e-10
      806 |       8 |     175 |       65 |      3 |    85 |   -0.290 |      -63.3 |    480 | fdct_zigzag.dct_mod.dct_block_6.dct_unit_5.macu.mult_res\[18\]$_DFFE_PP_/D
iter:806, pass:31, current fixing endpoint: fdct_zigzag.dct_mod.dct_block_0.dct_unit_2.macu.mult_res\[18\]$_DFFE_PP_/D, endpoint slack:-2.1334812e-10
      807 |       8 |     176 |       65 |      3 |    85 |   -0.290 |      -63.3 |    480 | fdct_zigzag.dct_mod.dct_block_6.dct_unit_5.macu.mult_res\[18\]$_DFFE_PP_/D
iter:807, pass:32, current fixing endpoint: fdct_zigzag.dct_mod.dct_block_0.dct_unit_2.macu.mult_res\[18\]$_DFFE_PP_/D, endpoint slack:-2.1508584e-10
      808 |       8 |     177 |       65 |      3 |    85 |   -0.292 |      -63.3 |    480 | fdct_zigzag.dct_mod.dct_block_6.dct_unit_5.macu.mult_res\[18\]$_DFFE_PP_/D
iter:808, pass:33, current fixing endpoint: fdct_zigzag.dct_mod.dct_block_0.dct_unit_2.macu.mult_res\[18\]$_DFFE_PP_/D, endpoint slack:-2.1319069e-10
      809 |       8 |     178 |       65 |      3 |    85 |   -0.292 |      -63.3 |    480 | fdct_zigzag.dct_mod.dct_block_6.dct_unit_5.macu.mult_res\[18\]$_DFFE_PP_/D
iter:809, pass:34, current fixing endpoint: fdct_zigzag.dct_mod.dct_block_0.dct_unit_2.macu.mult_res\[18\]$_DFFE_PP_/D, endpoint slack:-2.1175173e-10
      810 |       8 |     179 |       65 |      3 |    85 |   -0.292 |      -63.2 |    480 | fdct_zigzag.dct_mod.dct_block_6.dct_unit_5.macu.mult_res\[18\]$_DFFE_PP_/D
iter:810, pass:35, current fixing endpoint: fdct_zigzag.dct_mod.dct_block_0.dct_unit_2.macu.mult_res\[18\]$_DFFE_PP_/D, endpoint slack:-2.0095836e-10
      811 |       8 |     180 |       65 |      3 |    85 |   -0.292 |      -63.2 |    480 | fdct_zigzag.dct_mod.dct_block_6.dct_unit_5.macu.mult_res\[18\]$_DFFE_PP_/D
iter:811, pass:36, current fixing endpoint: fdct_zigzag.dct_mod.dct_block_0.dct_unit_2.macu.mult_res\[18\]$_DFFE_PP_/D, endpoint slack:-2.00858e-10
      812 |       8 |     181 |       65 |      3 |    85 |   -0.292 |      -63.2 |    480 | fdct_zigzag.dct_mod.dct_block_6.dct_unit_5.macu.mult_res\[18\]$_DFFE_PP_/D
iter:812, pass:37, current fixing endpoint: fdct_zigzag.dct_mod.dct_block_0.dct_unit_2.macu.mult_res\[18\]$_DFFE_PP_/D, endpoint slack:-1.922309e-10
      813 |       8 |     182 |       65 |      3 |    85 |   -0.292 |      -63.2 |    480 | fdct_zigzag.dct_mod.dct_block_6.dct_unit_5.macu.mult_res\[18\]$_DFFE_PP_/D
iter:813, pass:38, current fixing endpoint: fdct_zigzag.dct_mod.dct_block_0.dct_unit_2.macu.mult_res\[18\]$_DFFE_PP_/D, endpoint slack:-1.9203372e-10
      814 |       8 |     183 |       65 |      3 |    85 |   -0.292 |      -63.2 |    480 | fdct_zigzag.dct_mod.dct_block_6.dct_unit_5.macu.mult_res\[18\]$_DFFE_PP_/D
iter:814, pass:39, current fixing endpoint: fdct_zigzag.dct_mod.dct_block_0.dct_unit_2.macu.mult_res\[18\]$_DFFE_PP_/D, endpoint slack:-1.905549e-10
      815 |       8 |     184 |       65 |      3 |    85 |   -0.292 |      -63.2 |    480 | fdct_zigzag.dct_mod.dct_block_6.dct_unit_5.macu.mult_res\[18\]$_DFFE_PP_/D
iter:815, pass:40, current fixing endpoint: fdct_zigzag.dct_mod.dct_block_0.dct_unit_2.macu.mult_res\[18\]$_DFFE_PP_/D, endpoint slack:-1.9196156e-10
      816 |       8 |     185 |       65 |      3 |    85 |   -0.292 |      -63.2 |    480 | fdct_zigzag.dct_mod.dct_block_6.dct_unit_5.macu.mult_res\[18\]$_DFFE_PP_/D
iter:816, pass:41, current fixing endpoint: fdct_zigzag.dct_mod.dct_block_0.dct_unit_2.macu.mult_res\[18\]$_DFFE_PP_/D, endpoint slack:-1.8863122e-10
      817 |       8 |     186 |       65 |      3 |    85 |   -0.292 |      -63.2 |    480 | fdct_zigzag.dct_mod.dct_block_6.dct_unit_5.macu.mult_res\[18\]$_DFFE_PP_/D
iter:817, pass:42, current fixing endpoint: fdct_zigzag.dct_mod.dct_block_0.dct_unit_2.macu.mult_res\[18\]$_DFFE_PP_/D, endpoint slack:-1.9147794e-10
      818 |       8 |     186 |       65 |      3 |    86 |   -0.292 |      -63.2 |    480 | fdct_zigzag.dct_mod.dct_block_6.dct_unit_5.macu.mult_res\[18\]$_DFFE_PP_/D
iter:818, pass:43, current fixing endpoint: fdct_zigzag.dct_mod.dct_block_0.dct_unit_2.macu.mult_res\[18\]$_DFFE_PP_/D, endpoint slack:-1.9380053e-10
      818 |       8 |     176 |       65 |      3 |    85 |   -0.291 |      -63.7 |    480 | fdct_zigzag.dct_mod.dct_block_6.dct_unit_5.macu.mult_res\[18\]$_DFFE_PP_/D
      819 |       8 |     176 |       65 |      3 |    85 |   -0.291 |      -63.7 |    480 | fdct_zigzag.dct_mod.dct_block_6.dct_unit_5.macu.mult_res\[18\]$_DFFE_PP_/D
iter:819, pass:1, current fixing endpoint: fdct_zigzag.dct_mod.dct_block_5.dct_unit_3.macu.mult_res\[18\]$_DFFE_PP_/D, endpoint slack:-2.6236702e-10
      820 |       8 |     176 |       65 |      3 |    86 |   -0.291 |      -63.7 |    480 | fdct_zigzag.dct_mod.dct_block_6.dct_unit_5.macu.mult_res\[18\]$_DFFE_PP_/D
iter:820, pass:2, current fixing endpoint: fdct_zigzag.dct_mod.dct_block_5.dct_unit_3.macu.mult_res\[18\]$_DFFE_PP_/D, endpoint slack:-2.6405278e-10
      821 |       8 |     176 |       65 |      3 |    87 |   -0.291 |      -63.7 |    480 | fdct_zigzag.dct_mod.dct_block_6.dct_unit_5.macu.mult_res\[18\]$_DFFE_PP_/D
iter:821, pass:3, current fixing endpoint: fdct_zigzag.dct_mod.dct_block_5.dct_unit_3.macu.mult_res\[18\]$_DFFE_PP_/D, endpoint slack:-2.618905e-10
      822 |       8 |     176 |       65 |      3 |    88 |   -0.291 |      -63.7 |    480 | fdct_zigzag.dct_mod.dct_block_6.dct_unit_5.macu.mult_res\[18\]$_DFFE_PP_/D
iter:822, pass:4, current fixing endpoint: fdct_zigzag.dct_mod.dct_block_5.dct_unit_3.macu.mult_res\[18\]$_DFFE_PP_/D, endpoint slack:-2.530225e-10
      823 |       8 |     176 |       65 |      3 |    89 |   -0.291 |      -63.7 |    480 | fdct_zigzag.dct_mod.dct_block_6.dct_unit_5.macu.mult_res\[18\]$_DFFE_PP_/D
iter:823, pass:5, current fixing endpoint: fdct_zigzag.dct_mod.dct_block_5.dct_unit_3.macu.mult_res\[18\]$_DFFE_PP_/D, endpoint slack:-2.5727243e-10
      824 |       8 |     177 |       65 |      3 |    89 |   -0.291 |      -63.7 |    480 | fdct_zigzag.dct_mod.dct_block_6.dct_unit_5.macu.mult_res\[18\]$_DFFE_PP_/D
iter:824, pass:6, current fixing endpoint: fdct_zigzag.dct_mod.dct_block_5.dct_unit_3.macu.mult_res\[18\]$_DFFE_PP_/D, endpoint slack:-2.5668867e-10
      825 |       8 |     177 |       65 |      3 |    90 |   -0.291 |      -63.7 |    480 | fdct_zigzag.dct_mod.dct_block_6.dct_unit_5.macu.mult_res\[18\]$_DFFE_PP_/D
iter:825, pass:7, current fixing endpoint: fdct_zigzag.dct_mod.dct_block_5.dct_unit_3.macu.mult_res\[18\]$_DFFE_PP_/D, endpoint slack:-2.6806823e-10
      826 |       8 |     177 |       65 |      3 |    91 |   -0.291 |      -63.7 |    480 | fdct_zigzag.dct_mod.dct_block_6.dct_unit_5.macu.mult_res\[18\]$_DFFE_PP_/D
iter:826, pass:8, current fixing endpoint: fdct_zigzag.dct_mod.dct_block_5.dct_unit_3.macu.mult_res\[18\]$_DFFE_PP_/D, endpoint slack:-2.773919e-10
      827 |       8 |     177 |       65 |      3 |    92 |   -0.291 |      -63.7 |    480 | fdct_zigzag.dct_mod.dct_block_6.dct_unit_5.macu.mult_res\[18\]$_DFFE_PP_/D
iter:827, pass:9, current fixing endpoint: fdct_zigzag.dct_mod.dct_block_5.dct_unit_3.macu.mult_res\[18\]$_DFFE_PP_/D, endpoint slack:-2.8467073e-10
      828 |       8 |     177 |       65 |      3 |    93 |   -0.291 |      -63.7 |    480 | fdct_zigzag.dct_mod.dct_block_6.dct_unit_5.macu.mult_res\[18\]$_DFFE_PP_/D
iter:828, pass:10, current fixing endpoint: fdct_zigzag.dct_mod.dct_block_5.dct_unit_3.macu.mult_res\[18\]$_DFFE_PP_/D, endpoint slack:-2.8904257e-10
      829 |       8 |     178 |       65 |      3 |    93 |   -0.291 |      -63.7 |    480 | fdct_zigzag.dct_mod.dct_block_6.dct_unit_5.macu.mult_res\[18\]$_DFFE_PP_/D
iter:829, pass:11, current fixing endpoint: fdct_zigzag.dct_mod.dct_block_5.dct_unit_3.macu.mult_res\[18\]$_DFFE_PP_/D, endpoint slack:-2.8677483e-10
      830 |       8 |     179 |       65 |      3 |    93 |   -0.291 |      -63.7 |    480 | fdct_zigzag.dct_mod.dct_block_6.dct_unit_5.macu.mult_res\[18\]$_DFFE_PP_/D
iter:830, pass:12, current fixing endpoint: fdct_zigzag.dct_mod.dct_block_5.dct_unit_3.macu.mult_res\[18\]$_DFFE_PP_/D, endpoint slack:-2.8797076e-10
      831 |       8 |     179 |       65 |      3 |    94 |   -0.298 |      -63.8 |    480 | fdct_zigzag.dct_mod.dct_block_5.dct_unit_3.macu.mult_res\[18\]$_DFFE_PP_/D
iter:831, pass:13, current fixing endpoint: fdct_zigzag.dct_mod.dct_block_5.dct_unit_3.macu.mult_res\[18\]$_DFFE_PP_/D, endpoint slack:-2.9807423e-10
      832 |       8 |     180 |       65 |      3 |    94 |   -0.299 |      -63.8 |    480 | fdct_zigzag.dct_mod.dct_block_5.dct_unit_3.macu.mult_res\[18\]$_DFFE_PP_/D
iter:832, pass:14, current fixing endpoint: fdct_zigzag.dct_mod.dct_block_5.dct_unit_3.macu.mult_res\[18\]$_DFFE_PP_/D, endpoint slack:-2.993379e-10
      833 |       8 |     181 |       65 |      3 |    94 |   -0.301 |      -63.8 |    480 | fdct_zigzag.dct_mod.dct_block_5.dct_unit_3.macu.mult_res\[18\]$_DFFE_PP_/D
iter:833, pass:15, current fixing endpoint: fdct_zigzag.dct_mod.dct_block_5.dct_unit_3.macu.mult_res\[18\]$_DFFE_PP_/D, endpoint slack:-3.0055225e-10
      834 |       8 |     182 |       65 |      3 |    94 |   -0.304 |      -64.7 |    480 | fdct_zigzag.dct_mod.dct_block_5.dct_unit_3.macu.mult_res\[18\]$_DFFE_PP_/D
iter:834, pass:16, current fixing endpoint: fdct_zigzag.dct_mod.dct_block_5.dct_unit_3.macu.mult_res\[18\]$_DFFE_PP_/D, endpoint slack:-3.0356784e-10
      835 |       8 |     182 |       65 |      3 |    95 |   -0.304 |      -64.7 |    480 | fdct_zigzag.dct_mod.dct_block_5.dct_unit_3.macu.mult_res\[18\]$_DFFE_PP_/D
iter:835, pass:17, current fixing endpoint: fdct_zigzag.dct_mod.dct_block_5.dct_unit_3.macu.mult_res\[18\]$_DFFE_PP_/D, endpoint slack:-3.0446268e-10
      836 |       8 |     183 |       65 |      3 |    95 |   -0.304 |      -64.7 |    480 | fdct_zigzag.dct_mod.dct_block_5.dct_unit_3.macu.mult_res\[18\]$_DFFE_PP_/D
iter:836, pass:18, current fixing endpoint: fdct_zigzag.dct_mod.dct_block_5.dct_unit_3.macu.mult_res\[18\]$_DFFE_PP_/D, endpoint slack:-3.035503e-10
      837 |       8 |     184 |       65 |      3 |    95 |   -0.298 |      -64.7 |    480 | fdct_zigzag.dct_mod.dct_block_5.dct_unit_3.macu.mult_res\[18\]$_DFFE_PP_/D
iter:837, pass:19, current fixing endpoint: fdct_zigzag.dct_mod.dct_block_5.dct_unit_3.macu.mult_res\[18\]$_DFFE_PP_/D, endpoint slack:-2.9847835e-10
      838 |       8 |     185 |       65 |      3 |    95 |   -0.300 |      -64.7 |    480 | fdct_zigzag.dct_mod.dct_block_5.dct_unit_3.macu.mult_res\[18\]$_DFFE_PP_/D
iter:838, pass:20, current fixing endpoint: fdct_zigzag.dct_mod.dct_block_5.dct_unit_3.macu.mult_res\[18\]$_DFFE_PP_/D, endpoint slack:-2.9969738e-10
      839 |       8 |     185 |       65 |      3 |    96 |   -0.302 |      -64.7 |    480 | fdct_zigzag.dct_mod.dct_block_5.dct_unit_3.macu.mult_res\[18\]$_DFFE_PP_/D
iter:839, pass:21, current fixing endpoint: fdct_zigzag.dct_mod.dct_block_5.dct_unit_3.macu.mult_res\[18\]$_DFFE_PP_/D, endpoint slack:-3.020746e-10
      840 |       8 |     185 |       65 |      4 |    96 |   -0.295 |      -64.7 |    480 | fdct_zigzag.dct_mod.dct_block_5.dct_unit_3.macu.mult_res\[18\]$_DFFE_PP_/D
iter:840, pass:22, current fixing endpoint: fdct_zigzag.dct_mod.dct_block_5.dct_unit_3.macu.mult_res\[18\]$_DFFE_PP_/D, endpoint slack:-2.9519098e-10
      841 |       8 |     186 |       65 |      4 |    96 |   -0.294 |      -64.7 |    480 | fdct_zigzag.dct_mod.dct_block_6.dct_unit_5.macu.mult_res\[18\]$_DFFE_PP_/D
iter:841, pass:23, current fixing endpoint: fdct_zigzag.dct_mod.dct_block_5.dct_unit_3.macu.mult_res\[18\]$_DFFE_PP_/D, endpoint slack:-2.926055e-10
      841 |       8 |     177 |       65 |      3 |    88 |   -0.291 |      -63.7 |    480 | fdct_zigzag.dct_mod.dct_block_6.dct_unit_5.macu.mult_res\[18\]$_DFFE_PP_/D
      842 |       8 |     177 |       65 |      3 |    88 |   -0.291 |      -63.7 |    480 | fdct_zigzag.dct_mod.dct_block_6.dct_unit_5.macu.mult_res\[18\]$_DFFE_PP_/D
iter:842, pass:1, current fixing endpoint: fdct_zigzag.dct_mod.dct_block_5.dct_unit_6.macu.mult_res\[18\]$_DFFE_PP_/D, endpoint slack:-2.0264967e-10
      843 |       8 |     177 |       65 |      3 |    89 |   -0.291 |      -63.6 |    480 | fdct_zigzag.dct_mod.dct_block_6.dct_unit_5.macu.mult_res\[18\]$_DFFE_PP_/D
iter:843, pass:2, current fixing endpoint: fdct_zigzag.dct_mod.dct_block_5.dct_unit_6.macu.mult_res\[18\]$_DFFE_PP_/D, endpoint slack:-1.9559954e-10
      844 |       8 |     177 |       65 |      3 |    90 |   -0.291 |      -63.7 |    480 | fdct_zigzag.dct_mod.dct_block_6.dct_unit_5.macu.mult_res\[18\]$_DFFE_PP_/D
iter:844, pass:3, current fixing endpoint: fdct_zigzag.dct_mod.dct_block_5.dct_unit_6.macu.mult_res\[18\]$_DFFE_PP_/D, endpoint slack:-1.9755575e-10
      845 |       8 |     177 |       68 |      3 |    90 |   -0.291 |      -63.6 |    480 | fdct_zigzag.dct_mod.dct_block_6.dct_unit_5.macu.mult_res\[18\]$_DFFE_PP_/D
iter:845, pass:4, current fixing endpoint: fdct_zigzag.dct_mod.dct_block_5.dct_unit_6.macu.mult_res\[18\]$_DFFE_PP_/D, endpoint slack:-1.9154212e-10
      846 |       8 |     178 |       68 |      3 |    90 |   -0.291 |      -63.6 |    480 | fdct_zigzag.dct_mod.dct_block_6.dct_unit_5.macu.mult_res\[18\]$_DFFE_PP_/D
iter:846, pass:5, current fixing endpoint: fdct_zigzag.dct_mod.dct_block_5.dct_unit_6.macu.mult_res\[18\]$_DFFE_PP_/D, endpoint slack:-1.8551272e-10
      847 |       8 |     179 |       68 |      3 |    90 |   -0.291 |      -63.6 |    480 | fdct_zigzag.dct_mod.dct_block_6.dct_unit_5.macu.mult_res\[18\]$_DFFE_PP_/D
iter:847, pass:6, current fixing endpoint: fdct_zigzag.dct_mod.dct_block_5.dct_unit_6.macu.mult_res\[18\]$_DFFE_PP_/D, endpoint slack:-1.8311164e-10
      848 |       8 |     180 |       68 |      3 |    90 |   -0.291 |      -63.6 |    480 | fdct_zigzag.dct_mod.dct_block_6.dct_unit_5.macu.mult_res\[18\]$_DFFE_PP_/D
iter:848, pass:7, current fixing endpoint: fdct_zigzag.dct_mod.dct_block_5.dct_unit_6.macu.mult_res\[18\]$_DFFE_PP_/D, endpoint slack:-1.8588708e-10
      849 |       8 |     180 |       68 |      3 |    91 |   -0.291 |      -63.6 |    480 | fdct_zigzag.dct_mod.dct_block_6.dct_unit_5.macu.mult_res\[18\]$_DFFE_PP_/D
iter:849, pass:8, current fixing endpoint: fdct_zigzag.dct_mod.dct_block_5.dct_unit_6.macu.mult_res\[18\]$_DFFE_PP_/D, endpoint slack:-1.8225454e-10
      850 |       8 |     181 |       68 |      3 |    91 |   -0.291 |      -63.6 |    480 | fdct_zigzag.dct_mod.dct_block_6.dct_unit_5.macu.mult_res\[18\]$_DFFE_PP_/D
iter:850, pass:9, current fixing endpoint: fdct_zigzag.dct_mod.dct_block_5.dct_unit_6.macu.mult_res\[18\]$_DFFE_PP_/D, endpoint slack:-1.8065582e-10
      851 |       8 |     181 |       68 |      3 |    92 |   -0.291 |      -63.6 |    480 | fdct_zigzag.dct_mod.dct_block_6.dct_unit_5.macu.mult_res\[18\]$_DFFE_PP_/D
iter:851, pass:10, current fixing endpoint: fdct_zigzag.dct_mod.dct_block_5.dct_unit_6.macu.mult_res\[18\]$_DFFE_PP_/D, endpoint slack:-1.8427782e-10
      852 |       8 |     181 |       68 |      3 |    93 |   -0.291 |      -63.6 |    480 | fdct_zigzag.dct_mod.dct_block_6.dct_unit_5.macu.mult_res\[18\]$_DFFE_PP_/D
iter:852, pass:11, current fixing endpoint: fdct_zigzag.dct_mod.dct_block_5.dct_unit_6.macu.mult_res\[18\]$_DFFE_PP_/D, endpoint slack:-1.8552115e-10
      853 |       8 |     181 |       68 |      3 |    94 |   -0.291 |      -63.6 |    480 | fdct_zigzag.dct_mod.dct_block_6.dct_unit_5.macu.mult_res\[18\]$_DFFE_PP_/D
iter:853, pass:12, current fixing endpoint: fdct_zigzag.dct_mod.dct_block_5.dct_unit_6.macu.mult_res\[18\]$_DFFE_PP_/D, endpoint slack:-1.8750579e-10
      854 |       8 |     182 |       68 |      3 |    94 |   -0.291 |      -63.6 |    480 | fdct_zigzag.dct_mod.dct_block_6.dct_unit_5.macu.mult_res\[18\]$_DFFE_PP_/D
iter:854, pass:13, current fixing endpoint: fdct_zigzag.dct_mod.dct_block_5.dct_unit_6.macu.mult_res\[18\]$_DFFE_PP_/D, endpoint slack:-1.7995605e-10
      855 |       8 |     182 |       68 |      3 |    95 |   -0.291 |      -63.6 |    480 | fdct_zigzag.dct_mod.dct_block_6.dct_unit_5.macu.mult_res\[18\]$_DFFE_PP_/D
iter:855, pass:14, current fixing endpoint: fdct_zigzag.dct_mod.dct_block_5.dct_unit_6.macu.mult_res\[18\]$_DFFE_PP_/D, endpoint slack:-1.7468427e-10
      856 |       8 |     183 |       68 |      3 |    95 |   -0.291 |      -63.6 |    480 | fdct_zigzag.dct_mod.dct_block_6.dct_unit_5.macu.mult_res\[18\]$_DFFE_PP_/D
iter:856, pass:15, current fixing endpoint: fdct_zigzag.dct_mod.dct_block_5.dct_unit_6.macu.mult_res\[18\]$_DFFE_PP_/D, endpoint slack:-1.7447588e-10
      857 |       8 |     184 |       68 |      3 |    95 |   -0.291 |      -63.6 |    480 | fdct_zigzag.dct_mod.dct_block_6.dct_unit_5.macu.mult_res\[18\]$_DFFE_PP_/D
iter:857, pass:16, current fixing endpoint: fdct_zigzag.dct_mod.dct_block_5.dct_unit_6.macu.mult_res\[18\]$_DFFE_PP_/D, endpoint slack:-1.7358393e-10
      858 |       8 |     185 |       68 |      3 |    95 |   -0.291 |      -63.6 |    480 | fdct_zigzag.dct_mod.dct_block_6.dct_unit_5.macu.mult_res\[18\]$_DFFE_PP_/D
iter:858, pass:17, current fixing endpoint: fdct_zigzag.dct_mod.dct_block_5.dct_unit_6.macu.mult_res\[18\]$_DFFE_PP_/D, endpoint slack:-1.7531343e-10
      859 |       8 |     185 |       71 |      3 |    95 |   -0.291 |      -63.5 |    480 | fdct_zigzag.dct_mod.dct_block_6.dct_unit_5.macu.mult_res\[18\]$_DFFE_PP_/D
iter:859, pass:18, current fixing endpoint: fdct_zigzag.dct_mod.dct_block_5.dct_unit_6.macu.mult_res\[18\]$_DFFE_PP_/D, endpoint slack:-1.7467605e-10
      860 |       8 |     186 |       71 |      3 |    95 |   -0.291 |      -63.5 |    480 | fdct_zigzag.dct_mod.dct_block_6.dct_unit_5.macu.mult_res\[18\]$_DFFE_PP_/D
iter:860, pass:19, current fixing endpoint: fdct_zigzag.dct_mod.dct_block_5.dct_unit_6.macu.mult_res\[18\]$_DFFE_PP_/D, endpoint slack:-1.7317803e-10
      861 |       8 |     187 |       71 |      3 |    95 |   -0.291 |      -63.5 |    480 | fdct_zigzag.dct_mod.dct_block_6.dct_unit_5.macu.mult_res\[18\]$_DFFE_PP_/D
iter:861, pass:20, current fixing endpoint: fdct_zigzag.dct_mod.dct_block_5.dct_unit_6.macu.mult_res\[18\]$_DFFE_PP_/D, endpoint slack:-1.7281854e-10
      862 |       8 |     187 |       71 |      3 |    96 |   -0.291 |      -63.5 |    480 | fdct_zigzag.dct_mod.dct_block_6.dct_unit_5.macu.mult_res\[18\]$_DFFE_PP_/D
iter:862, pass:21, current fixing endpoint: fdct_zigzag.dct_mod.dct_block_5.dct_unit_6.macu.mult_res\[18\]$_DFFE_PP_/D, endpoint slack:-1.7442625e-10
      863 |       8 |     187 |       71 |      3 |    97 |   -0.291 |      -63.5 |    480 | fdct_zigzag.dct_mod.dct_block_6.dct_unit_5.macu.mult_res\[18\]$_DFFE_PP_/D
iter:863, pass:22, current fixing endpoint: fdct_zigzag.dct_mod.dct_block_5.dct_unit_6.macu.mult_res\[18\]$_DFFE_PP_/D, endpoint slack:-1.6938229e-10
      864 |       9 |     187 |       71 |      3 |    97 |   -0.291 |      -63.5 |    480 | fdct_zigzag.dct_mod.dct_block_6.dct_unit_5.macu.mult_res\[18\]$_DFFE_PP_/D
iter:864, pass:23, current fixing endpoint: fdct_zigzag.dct_mod.dct_block_5.dct_unit_6.macu.mult_res\[18\]$_DFFE_PP_/D, endpoint slack:-1.8490143e-10
      865 |       9 |     187 |       71 |      3 |    98 |   -0.291 |      -63.5 |    480 | fdct_zigzag.dct_mod.dct_block_6.dct_unit_5.macu.mult_res\[18\]$_DFFE_PP_/D
iter:865, pass:24, current fixing endpoint: fdct_zigzag.dct_mod.dct_block_5.dct_unit_6.macu.mult_res\[18\]$_DFFE_PP_/D, endpoint slack:-1.8457735e-10
      866 |       9 |     187 |       73 |      3 |    98 |   -0.291 |      -63.4 |    480 | fdct_zigzag.dct_mod.dct_block_6.dct_unit_5.macu.mult_res\[18\]$_DFFE_PP_/D
iter:866, pass:25, current fixing endpoint: fdct_zigzag.dct_mod.dct_block_5.dct_unit_6.macu.mult_res\[18\]$_DFFE_PP_/D, endpoint slack:-1.6369628e-10
      867 |       9 |     188 |       73 |      3 |    98 |   -0.291 |      -63.4 |    480 | fdct_zigzag.dct_mod.dct_block_6.dct_unit_5.macu.mult_res\[18\]$_DFFE_PP_/D
iter:867, pass:26, current fixing endpoint: fdct_zigzag.dct_mod.dct_block_5.dct_unit_6.macu.mult_res\[18\]$_DFFE_PP_/D, endpoint slack:-1.6305801e-10
      868 |      10 |     188 |       73 |      3 |    98 |   -0.291 |      -63.5 |    480 | fdct_zigzag.dct_mod.dct_block_6.dct_unit_5.macu.mult_res\[18\]$_DFFE_PP_/D
iter:868, pass:27, current fixing endpoint: fdct_zigzag.dct_mod.dct_block_5.dct_unit_6.macu.mult_res\[18\]$_DFFE_PP_/D, endpoint slack:-1.6727941e-10
      869 |      10 |     188 |       73 |      3 |    99 |   -0.291 |      -63.5 |    480 | fdct_zigzag.dct_mod.dct_block_6.dct_unit_5.macu.mult_res\[18\]$_DFFE_PP_/D
iter:869, pass:28, current fixing endpoint: fdct_zigzag.dct_mod.dct_block_5.dct_unit_6.macu.mult_res\[18\]$_DFFE_PP_/D, endpoint slack:-1.6683432e-10
      870 |      10 |     188 |       75 |      3 |    99 |   -0.291 |      -63.4 |    480 | fdct_zigzag.dct_mod.dct_block_6.dct_unit_5.macu.mult_res\[18\]$_DFFE_PP_/D
iter:870, pass:29, current fixing endpoint: fdct_zigzag.dct_mod.dct_block_5.dct_unit_6.macu.mult_res\[18\]$_DFFE_PP_/D, endpoint slack:-1.6126878e-10
      871 |      10 |     189 |       75 |      3 |    99 |   -0.291 |      -63.4 |    480 | fdct_zigzag.dct_mod.dct_block_6.dct_unit_5.macu.mult_res\[18\]$_DFFE_PP_/D
iter:871, pass:30, current fixing endpoint: fdct_zigzag.dct_mod.dct_block_5.dct_unit_6.macu.mult_res\[18\]$_DFFE_PP_/D, endpoint slack:-1.6063428e-10
      872 |      10 |     190 |       75 |      3 |    99 |   -0.291 |      -63.4 |    480 | fdct_zigzag.dct_mod.dct_block_6.dct_unit_5.macu.mult_res\[18\]$_DFFE_PP_/D
iter:872, pass:31, current fixing endpoint: fdct_zigzag.dct_mod.dct_block_5.dct_unit_6.macu.mult_res\[18\]$_DFFE_PP_/D, endpoint slack:-1.6274493e-10
      873 |      10 |     190 |       75 |      3 |   100 |   -0.291 |      -63.4 |    480 | fdct_zigzag.dct_mod.dct_block_6.dct_unit_5.macu.mult_res\[18\]$_DFFE_PP_/D
iter:873, pass:32, current fixing endpoint: fdct_zigzag.dct_mod.dct_block_5.dct_unit_6.macu.mult_res\[18\]$_DFFE_PP_/D, endpoint slack:-1.6471335e-10
      874 |      10 |     190 |       75 |      3 |   101 |   -0.291 |      -63.4 |    480 | fdct_zigzag.dct_mod.dct_block_6.dct_unit_5.macu.mult_res\[18\]$_DFFE_PP_/D
iter:874, pass:33, current fixing endpoint: fdct_zigzag.dct_mod.dct_block_5.dct_unit_6.macu.mult_res\[18\]$_DFFE_PP_/D, endpoint slack:-1.6234813e-10
      875 |      10 |     191 |       75 |      3 |   101 |   -0.291 |      -63.4 |    480 | fdct_zigzag.dct_mod.dct_block_6.dct_unit_5.macu.mult_res\[18\]$_DFFE_PP_/D
iter:875, pass:34, current fixing endpoint: fdct_zigzag.dct_mod.dct_block_5.dct_unit_6.macu.mult_res\[18\]$_DFFE_PP_/D, endpoint slack:-1.6058044e-10
      876 |      10 |     191 |       75 |      3 |   102 |   -0.291 |      -63.4 |    480 | fdct_zigzag.dct_mod.dct_block_6.dct_unit_5.macu.mult_res\[18\]$_DFFE_PP_/D
iter:876, pass:35, current fixing endpoint: fdct_zigzag.dct_mod.dct_block_5.dct_unit_6.macu.mult_res\[18\]$_DFFE_PP_/D, endpoint slack:-1.622602e-10
      877 |      10 |     192 |       75 |      3 |   102 |   -0.291 |      -63.4 |    480 | fdct_zigzag.dct_mod.dct_block_6.dct_unit_5.macu.mult_res\[18\]$_DFFE_PP_/D
iter:877, pass:36, current fixing endpoint: fdct_zigzag.dct_mod.dct_block_5.dct_unit_6.macu.mult_res\[18\]$_DFFE_PP_/D, endpoint slack:-1.6149426e-10
      878 |      10 |     192 |       75 |      3 |   103 |   -0.291 |      -63.4 |    480 | fdct_zigzag.dct_mod.dct_block_6.dct_unit_5.macu.mult_res\[18\]$_DFFE_PP_/D
iter:878, pass:37, current fixing endpoint: fdct_zigzag.dct_mod.dct_block_5.dct_unit_6.macu.mult_res\[18\]$_DFFE_PP_/D, endpoint slack:-1.5545853e-10
      879 |      10 |     193 |       75 |      3 |   103 |   -0.291 |      -63.4 |    480 | fdct_zigzag.dct_mod.dct_block_6.dct_unit_5.macu.mult_res\[18\]$_DFFE_PP_/D
iter:879, pass:38, current fixing endpoint: fdct_zigzag.dct_mod.dct_block_5.dct_unit_6.macu.mult_res\[18\]$_DFFE_PP_/D, endpoint slack:-1.5355794e-10
      880 |      10 |     193 |       75 |      3 |   104 |   -0.291 |      -63.4 |    480 | fdct_zigzag.dct_mod.dct_block_6.dct_unit_5.macu.mult_res\[18\]$_DFFE_PP_/D
iter:880, pass:39, current fixing endpoint: fdct_zigzag.dct_mod.dct_block_5.dct_unit_6.macu.mult_res\[18\]$_DFFE_PP_/D, endpoint slack:-1.5460766e-10
      881 |      10 |     194 |       75 |      3 |   104 |   -0.291 |      -63.4 |    480 | fdct_zigzag.dct_mod.dct_block_6.dct_unit_5.macu.mult_res\[18\]$_DFFE_PP_/D
iter:881, pass:40, current fixing endpoint: fdct_zigzag.dct_mod.dct_block_5.dct_unit_6.macu.mult_res\[18\]$_DFFE_PP_/D, endpoint slack:-1.5183721e-10
      882 |      10 |     194 |       75 |      3 |   105 |   -0.291 |      -63.4 |    480 | fdct_zigzag.dct_mod.dct_block_6.dct_unit_5.macu.mult_res\[18\]$_DFFE_PP_/D
iter:882, pass:41, current fixing endpoint: fdct_zigzag.dct_mod.dct_block_5.dct_unit_6.macu.mult_res\[18\]$_DFFE_PP_/D, endpoint slack:-1.5583013e-10
      883 |      10 |     195 |       75 |      3 |   105 |   -0.291 |      -63.4 |    480 | fdct_zigzag.dct_mod.dct_block_6.dct_unit_5.macu.mult_res\[18\]$_DFFE_PP_/D
iter:883, pass:42, current fixing endpoint: fdct_zigzag.dct_mod.dct_block_5.dct_unit_6.macu.mult_res\[18\]$_DFFE_PP_/D, endpoint slack:-1.4937374e-10
      884 |      10 |     196 |       75 |      3 |   105 |   -0.291 |      -63.4 |    480 | fdct_zigzag.dct_mod.dct_block_6.dct_unit_5.macu.mult_res\[18\]$_DFFE_PP_/D
iter:884, pass:43, current fixing endpoint: fdct_zigzag.dct_mod.dct_block_5.dct_unit_6.macu.mult_res\[18\]$_DFFE_PP_/D, endpoint slack:-1.4932355e-10
      885 |      10 |     196 |       75 |      3 |   106 |   -0.291 |      -63.4 |    480 | fdct_zigzag.dct_mod.dct_block_6.dct_unit_5.macu.mult_res\[18\]$_DFFE_PP_/D
iter:885, pass:44, current fixing endpoint: fdct_zigzag.dct_mod.dct_block_5.dct_unit_6.macu.mult_res\[18\]$_DFFE_PP_/D, endpoint slack:-1.4977608e-10
      886 |      10 |     197 |       75 |      3 |   106 |   -0.291 |      -63.4 |    480 | fdct_zigzag.dct_mod.dct_block_6.dct_unit_5.macu.mult_res\[18\]$_DFFE_PP_/D
iter:886, pass:45, current fixing endpoint: fdct_zigzag.dct_mod.dct_block_5.dct_unit_6.macu.mult_res\[18\]$_DFFE_PP_/D, endpoint slack:-1.4769541e-10
      887 |      10 |     198 |       75 |      3 |   106 |   -0.291 |      -63.4 |    480 | fdct_zigzag.dct_mod.dct_block_6.dct_unit_5.macu.mult_res\[18\]$_DFFE_PP_/D
iter:887, pass:46, current fixing endpoint: fdct_zigzag.dct_mod.dct_block_5.dct_unit_6.macu.mult_res\[18\]$_DFFE_PP_/D, endpoint slack:-1.4620949e-10
      888 |      10 |     199 |       75 |      3 |   106 |   -0.291 |      -63.4 |    480 | fdct_zigzag.dct_mod.dct_block_6.dct_unit_5.macu.mult_res\[18\]$_DFFE_PP_/D
iter:888, pass:47, current fixing endpoint: fdct_zigzag.dct_mod.dct_block_5.dct_unit_6.macu.mult_res\[18\]$_DFFE_PP_/D, endpoint slack:-1.4712231e-10
      889 |      10 |     200 |       75 |      3 |   106 |   -0.291 |      -63.5 |    480 | fdct_zigzag.dct_mod.dct_block_6.dct_unit_5.macu.mult_res\[18\]$_DFFE_PP_/D
iter:889, pass:48, current fixing endpoint: fdct_zigzag.dct_mod.dct_block_5.dct_unit_6.macu.mult_res\[18\]$_DFFE_PP_/D, endpoint slack:-1.471715e-10
      890 |      10 |     201 |       75 |      3 |   106 |   -0.291 |      -63.5 |    480 | fdct_zigzag.dct_mod.dct_block_6.dct_unit_5.macu.mult_res\[18\]$_DFFE_PP_/D
iter:890, pass:49, current fixing endpoint: fdct_zigzag.dct_mod.dct_block_5.dct_unit_6.macu.mult_res\[18\]$_DFFE_PP_/D, endpoint slack:-1.4562851e-10
      891 |      10 |     202 |       75 |      3 |   106 |   -0.291 |      -63.5 |    480 | fdct_zigzag.dct_mod.dct_block_6.dct_unit_5.macu.mult_res\[18\]$_DFFE_PP_/D
iter:891, pass:50, current fixing endpoint: fdct_zigzag.dct_mod.dct_block_5.dct_unit_6.macu.mult_res\[18\]$_DFFE_PP_/D, endpoint slack:-1.4262591e-10
      892 |      10 |     203 |       75 |      3 |   106 |   -0.291 |      -63.5 |    480 | fdct_zigzag.dct_mod.dct_block_6.dct_unit_5.macu.mult_res\[18\]$_DFFE_PP_/D
iter:892, pass:51, current fixing endpoint: fdct_zigzag.dct_mod.dct_block_5.dct_unit_6.macu.mult_res\[18\]$_DFFE_PP_/D, endpoint slack:-1.3940027e-10
      893 |      10 |     203 |       75 |      3 |   107 |   -0.291 |      -63.5 |    480 | fdct_zigzag.dct_mod.dct_block_6.dct_unit_5.macu.mult_res\[18\]$_DFFE_PP_/D
iter:893, pass:52, current fixing endpoint: fdct_zigzag.dct_mod.dct_block_5.dct_unit_6.macu.mult_res\[18\]$_DFFE_PP_/D, endpoint slack:-1.3833146e-10
      894 |      10 |     203 |       75 |      3 |   108 |   -0.291 |      -63.5 |    480 | fdct_zigzag.dct_mod.dct_block_6.dct_unit_5.macu.mult_res\[18\]$_DFFE_PP_/D
iter:894, pass:53, current fixing endpoint: fdct_zigzag.dct_mod.dct_block_5.dct_unit_6.macu.mult_res\[18\]$_DFFE_PP_/D, endpoint slack:-1.38208e-10
      895 |      10 |     204 |       75 |      3 |   108 |   -0.291 |      -63.5 |    480 | fdct_zigzag.dct_mod.dct_block_6.dct_unit_5.macu.mult_res\[18\]$_DFFE_PP_/D
iter:895, pass:54, current fixing endpoint: fdct_zigzag.dct_mod.dct_block_5.dct_unit_6.macu.mult_res\[18\]$_DFFE_PP_/D, endpoint slack:-1.3812285e-10
      896 |      10 |     204 |       75 |      3 |   109 |   -0.291 |      -63.5 |    480 | fdct_zigzag.dct_mod.dct_block_6.dct_unit_5.macu.mult_res\[18\]$_DFFE_PP_/D
iter:896, pass:55, current fixing endpoint: fdct_zigzag.dct_mod.dct_block_5.dct_unit_6.macu.mult_res\[18\]$_DFFE_PP_/D, endpoint slack:-1.4736912e-10
      897 |      10 |     205 |       75 |      3 |   109 |   -0.291 |      -63.5 |    480 | fdct_zigzag.dct_mod.dct_block_6.dct_unit_5.macu.mult_res\[18\]$_DFFE_PP_/D
iter:897, pass:56, current fixing endpoint: fdct_zigzag.dct_mod.dct_block_5.dct_unit_6.macu.mult_res\[18\]$_DFFE_PP_/D, endpoint slack:-1.4844748e-10
      898 |      10 |     205 |       75 |      3 |   110 |   -0.291 |      -63.5 |    480 | fdct_zigzag.dct_mod.dct_block_6.dct_unit_5.macu.mult_res\[18\]$_DFFE_PP_/D
iter:898, pass:57, current fixing endpoint: fdct_zigzag.dct_mod.dct_block_5.dct_unit_6.macu.mult_res\[18\]$_DFFE_PP_/D, endpoint slack:-1.489543e-10
      899 |      10 |     206 |       75 |      3 |   110 |   -0.291 |      -63.5 |    480 | fdct_zigzag.dct_mod.dct_block_6.dct_unit_5.macu.mult_res\[18\]$_DFFE_PP_/D
iter:899, pass:58, current fixing endpoint: fdct_zigzag.dct_mod.dct_block_5.dct_unit_6.macu.mult_res\[18\]$_DFFE_PP_/D, endpoint slack:-1.4891188e-10
      900 |      10 |     207 |       75 |      3 |   110 |   -0.291 |      -63.5 |    480 | fdct_zigzag.dct_mod.dct_block_6.dct_unit_5.macu.mult_res\[18\]$_DFFE_PP_/D
iter:900, pass:59, current fixing endpoint: fdct_zigzag.dct_mod.dct_block_5.dct_unit_6.macu.mult_res\[18\]$_DFFE_PP_/D, endpoint slack:-1.5045287e-10
      901 |      10 |     208 |       75 |      3 |   110 |   -0.294 |      -64.0 |    480 | fdct_zigzag.dct_mod.dct_block_6.dct_unit_5.macu.mult_res\[18\]$_DFFE_PP_/D
iter:901, pass:60, current fixing endpoint: fdct_zigzag.dct_mod.dct_block_5.dct_unit_6.macu.mult_res\[18\]$_DFFE_PP_/D, endpoint slack:-1.4244794e-10
      902 |      10 |     209 |       75 |      3 |   110 |   -0.294 |      -64.2 |    480 | fdct_zigzag.dct_mod.dct_block_6.dct_unit_5.macu.mult_res\[18\]$_DFFE_PP_/D
iter:902, pass:61, current fixing endpoint: fdct_zigzag.dct_mod.dct_block_5.dct_unit_6.macu.mult_res\[18\]$_DFFE_PP_/D, endpoint slack:-1.4288559e-10
      903 |      10 |     210 |       75 |      3 |   110 |   -0.294 |      -64.2 |    480 | fdct_zigzag.dct_mod.dct_block_6.dct_unit_5.macu.mult_res\[18\]$_DFFE_PP_/D
iter:903, pass:62, current fixing endpoint: fdct_zigzag.dct_mod.dct_block_5.dct_unit_6.macu.mult_res\[18\]$_DFFE_PP_/D, endpoint slack:-1.4004209e-10
      904 |      10 |     211 |       75 |      3 |   110 |   -0.294 |      -64.1 |    480 | fdct_zigzag.dct_mod.dct_block_6.dct_unit_5.macu.mult_res\[18\]$_DFFE_PP_/D
iter:904, pass:63, current fixing endpoint: fdct_zigzag.dct_mod.dct_block_5.dct_unit_6.macu.mult_res\[18\]$_DFFE_PP_/D, endpoint slack:-1.3770951e-10
      905 |      10 |     211 |       75 |      3 |   111 |   -0.294 |      -64.1 |    480 | fdct_zigzag.dct_mod.dct_block_6.dct_unit_5.macu.mult_res\[18\]$_DFFE_PP_/D
iter:905, pass:64, current fixing endpoint: fdct_zigzag.dct_mod.dct_block_5.dct_unit_6.macu.mult_res\[18\]$_DFFE_PP_/D, endpoint slack:-1.3741386e-10
      906 |      10 |     212 |       75 |      3 |   111 |   -0.294 |      -64.1 |    480 | fdct_zigzag.dct_mod.dct_block_6.dct_unit_5.macu.mult_res\[18\]$_DFFE_PP_/D
iter:906, pass:65, current fixing endpoint: fdct_zigzag.dct_mod.dct_block_5.dct_unit_6.macu.mult_res\[18\]$_DFFE_PP_/D, endpoint slack:-1.374112e-10
      907 |      10 |     212 |       77 |      3 |   111 |   -0.294 |      -64.1 |    480 | fdct_zigzag.dct_mod.dct_block_6.dct_unit_5.macu.mult_res\[18\]$_DFFE_PP_/D
iter:907, pass:66, current fixing endpoint: fdct_zigzag.dct_mod.dct_block_5.dct_unit_6.macu.mult_res\[18\]$_DFFE_PP_/D, endpoint slack:-1.3745216e-10
      908 |      10 |     213 |       77 |      3 |   111 |   -0.294 |      -64.1 |    480 | fdct_zigzag.dct_mod.dct_block_6.dct_unit_5.macu.mult_res\[18\]$_DFFE_PP_/D
iter:908, pass:67, current fixing endpoint: fdct_zigzag.dct_mod.dct_block_5.dct_unit_6.macu.mult_res\[18\]$_DFFE_PP_/D, endpoint slack:-1.3620405e-10
      909 |      10 |     214 |       77 |      3 |   111 |   -0.294 |      -64.1 |    480 | fdct_zigzag.dct_mod.dct_block_6.dct_unit_5.macu.mult_res\[18\]$_DFFE_PP_/D
iter:909, pass:68, current fixing endpoint: fdct_zigzag.dct_mod.dct_block_5.dct_unit_6.macu.mult_res\[18\]$_DFFE_PP_/D, endpoint slack:-1.3605361e-10
      910 |      10 |     215 |       77 |      3 |   111 |   -0.294 |      -64.1 |    480 | fdct_zigzag.dct_mod.dct_block_6.dct_unit_5.macu.mult_res\[18\]$_DFFE_PP_/D
iter:910, pass:69, current fixing endpoint: fdct_zigzag.dct_mod.dct_block_5.dct_unit_6.macu.mult_res\[18\]$_DFFE_PP_/D, endpoint slack:-1.3308443e-10
      911 |      10 |     216 |       77 |      3 |   111 |   -0.294 |      -64.1 |    480 | fdct_zigzag.dct_mod.dct_block_6.dct_unit_5.macu.mult_res\[18\]$_DFFE_PP_/D
iter:911, pass:70, current fixing endpoint: fdct_zigzag.dct_mod.dct_block_5.dct_unit_6.macu.mult_res\[18\]$_DFFE_PP_/D, endpoint slack:-1.3072299e-10
      912 |      10 |     217 |       77 |      3 |   111 |   -0.294 |      -64.1 |    480 | fdct_zigzag.dct_mod.dct_block_6.dct_unit_5.macu.mult_res\[18\]$_DFFE_PP_/D
iter:912, pass:71, current fixing endpoint: fdct_zigzag.dct_mod.dct_block_5.dct_unit_6.macu.mult_res\[18\]$_DFFE_PP_/D, endpoint slack:-1.3238333e-10
      913 |      10 |     217 |       79 |      3 |   111 |   -0.294 |      -64.1 |    480 | fdct_zigzag.dct_mod.dct_block_6.dct_unit_5.macu.mult_res\[18\]$_DFFE_PP_/D
iter:913, pass:72, current fixing endpoint: fdct_zigzag.dct_mod.dct_block_5.dct_unit_6.macu.mult_res\[18\]$_DFFE_PP_/D, endpoint slack:-1.302135e-10
      914 |      10 |     218 |       79 |      3 |   111 |   -0.294 |      -64.1 |    480 | fdct_zigzag.dct_mod.dct_block_6.dct_unit_5.macu.mult_res\[18\]$_DFFE_PP_/D
iter:914, pass:73, current fixing endpoint: fdct_zigzag.dct_mod.dct_block_5.dct_unit_6.macu.mult_res\[18\]$_DFFE_PP_/D, endpoint slack:-1.2955736e-10
      915 |      10 |     219 |       79 |      3 |   111 |   -0.294 |      -64.1 |    480 | fdct_zigzag.dct_mod.dct_block_6.dct_unit_5.macu.mult_res\[18\]$_DFFE_PP_/D
iter:915, pass:74, current fixing endpoint: fdct_zigzag.dct_mod.dct_block_5.dct_unit_6.macu.mult_res\[18\]$_DFFE_PP_/D, endpoint slack:-1.3006063e-10
      916 |      10 |     220 |       79 |      3 |   111 |   -0.294 |      -64.1 |    480 | fdct_zigzag.dct_mod.dct_block_6.dct_unit_5.macu.mult_res\[18\]$_DFFE_PP_/D
iter:916, pass:75, current fixing endpoint: fdct_zigzag.dct_mod.dct_block_5.dct_unit_6.macu.mult_res\[18\]$_DFFE_PP_/D, endpoint slack:-1.290571e-10
      917 |      10 |     220 |       79 |      3 |   112 |   -0.294 |      -64.1 |    480 | fdct_zigzag.dct_mod.dct_block_6.dct_unit_5.macu.mult_res\[18\]$_DFFE_PP_/D
iter:917, pass:76, current fixing endpoint: fdct_zigzag.dct_mod.dct_block_5.dct_unit_6.macu.mult_res\[18\]$_DFFE_PP_/D, endpoint slack:-1.3132717e-10
      918 |      10 |     221 |       79 |      3 |   112 |   -0.294 |      -64.1 |    480 | fdct_zigzag.dct_mod.dct_block_6.dct_unit_5.macu.mult_res\[18\]$_DFFE_PP_/D
iter:918, pass:77, current fixing endpoint: fdct_zigzag.dct_mod.dct_block_5.dct_unit_6.macu.mult_res\[18\]$_DFFE_PP_/D, endpoint slack:-1.3146628e-10
      919 |      10 |     222 |       79 |      3 |   112 |   -0.294 |      -64.1 |    480 | fdct_zigzag.dct_mod.dct_block_6.dct_unit_5.macu.mult_res\[18\]$_DFFE_PP_/D
iter:919, pass:78, current fixing endpoint: fdct_zigzag.dct_mod.dct_block_5.dct_unit_6.macu.mult_res\[18\]$_DFFE_PP_/D, endpoint slack:-1.4413393e-10
      920 |      10 |     222 |       79 |      3 |   113 |   -0.294 |      -64.2 |    480 | fdct_zigzag.dct_mod.dct_block_6.dct_unit_5.macu.mult_res\[18\]$_DFFE_PP_/D
iter:920, pass:79, current fixing endpoint: fdct_zigzag.dct_mod.dct_block_5.dct_unit_6.macu.mult_res\[18\]$_DFFE_PP_/D, endpoint slack:-1.534165e-10
      921 |      10 |     222 |       79 |      4 |   113 |   -0.294 |      -64.2 |    480 | fdct_zigzag.dct_mod.dct_block_6.dct_unit_5.macu.mult_res\[18\]$_DFFE_PP_/D
iter:921, pass:80, current fixing endpoint: fdct_zigzag.dct_mod.dct_block_5.dct_unit_6.macu.mult_res\[18\]$_DFFE_PP_/D, endpoint slack:-1.5225166e-10
      922 |      10 |     223 |       79 |      4 |   113 |   -0.294 |      -64.3 |    480 | fdct_zigzag.dct_mod.dct_block_6.dct_unit_5.macu.mult_res\[18\]$_DFFE_PP_/D
iter:922, pass:81, current fixing endpoint: fdct_zigzag.dct_mod.dct_block_5.dct_unit_6.macu.mult_res\[18\]$_DFFE_PP_/D, endpoint slack:-1.5321777e-10
      923 |      10 |     224 |       79 |      4 |   113 |   -0.294 |      -64.3 |    480 | fdct_zigzag.dct_mod.dct_block_6.dct_unit_5.macu.mult_res\[18\]$_DFFE_PP_/D
iter:923, pass:82, current fixing endpoint: fdct_zigzag.dct_mod.dct_block_5.dct_unit_6.macu.mult_res\[18\]$_DFFE_PP_/D, endpoint slack:-1.5242574e-10
      924 |      10 |     225 |       79 |      4 |   113 |   -0.294 |      -64.3 |    480 | fdct_zigzag.dct_mod.dct_block_6.dct_unit_5.macu.mult_res\[18\]$_DFFE_PP_/D
iter:924, pass:83, current fixing endpoint: fdct_zigzag.dct_mod.dct_block_5.dct_unit_6.macu.mult_res\[18\]$_DFFE_PP_/D, endpoint slack:-1.5383184e-10
      925 |      10 |     226 |       79 |      4 |   113 |   -0.294 |      -64.3 |    480 | fdct_zigzag.dct_mod.dct_block_6.dct_unit_5.macu.mult_res\[18\]$_DFFE_PP_/D
iter:925, pass:84, current fixing endpoint: fdct_zigzag.dct_mod.dct_block_5.dct_unit_6.macu.mult_res\[18\]$_DFFE_PP_/D, endpoint slack:-1.5246482e-10
      926 |      10 |     227 |       79 |      4 |   113 |   -0.294 |      -64.3 |    480 | fdct_zigzag.dct_mod.dct_block_6.dct_unit_5.macu.mult_res\[18\]$_DFFE_PP_/D
iter:926, pass:85, current fixing endpoint: fdct_zigzag.dct_mod.dct_block_5.dct_unit_6.macu.mult_res\[18\]$_DFFE_PP_/D, endpoint slack:-1.5198998e-10
      927 |      10 |     228 |       79 |      4 |   113 |   -0.294 |      -64.3 |    480 | fdct_zigzag.dct_mod.dct_block_6.dct_unit_5.macu.mult_res\[18\]$_DFFE_PP_/D
iter:927, pass:86, current fixing endpoint: fdct_zigzag.dct_mod.dct_block_5.dct_unit_6.macu.mult_res\[18\]$_DFFE_PP_/D, endpoint slack:-1.5100088e-10
      928 |      10 |     229 |       79 |      4 |   113 |   -0.294 |      -64.3 |    480 | fdct_zigzag.dct_mod.dct_block_6.dct_unit_5.macu.mult_res\[18\]$_DFFE_PP_/D
iter:928, pass:87, current fixing endpoint: fdct_zigzag.dct_mod.dct_block_5.dct_unit_6.macu.mult_res\[18\]$_DFFE_PP_/D, endpoint slack:-1.4837209e-10
      929 |      10 |     230 |       79 |      4 |   113 |   -0.291 |      -63.4 |    480 | fdct_zigzag.dct_mod.dct_block_6.dct_unit_5.macu.mult_res\[18\]$_DFFE_PP_/D
iter:929, pass:88, current fixing endpoint: fdct_zigzag.dct_mod.dct_block_5.dct_unit_6.macu.mult_res\[18\]$_DFFE_PP_/D, endpoint slack:-1.4645263e-10
      930 |      10 |     231 |       79 |      4 |   113 |   -0.291 |      -63.4 |    480 | fdct_zigzag.dct_mod.dct_block_6.dct_unit_5.macu.mult_res\[18\]$_DFFE_PP_/D
iter:930, pass:89, current fixing endpoint: fdct_zigzag.dct_mod.dct_block_5.dct_unit_6.macu.mult_res\[18\]$_DFFE_PP_/D, endpoint slack:-1.4580848e-10
      931 |      10 |     232 |       79 |      4 |   113 |   -0.291 |      -63.4 |    480 | fdct_zigzag.dct_mod.dct_block_6.dct_unit_5.macu.mult_res\[18\]$_DFFE_PP_/D
iter:931, pass:90, current fixing endpoint: fdct_zigzag.dct_mod.dct_block_5.dct_unit_6.macu.mult_res\[18\]$_DFFE_PP_/D, endpoint slack:-1.4702928e-10
      932 |      10 |     232 |       81 |      4 |   113 |   -0.291 |      -63.4 |    480 | fdct_zigzag.dct_mod.dct_block_6.dct_unit_5.macu.mult_res\[18\]$_DFFE_PP_/D
iter:932, pass:91, current fixing endpoint: fdct_zigzag.dct_mod.dct_block_5.dct_unit_6.macu.mult_res\[18\]$_DFFE_PP_/D, endpoint slack:-1.3157264e-10
      933 |      10 |     232 |       81 |      4 |   114 |   -0.291 |      -63.4 |    480 | fdct_zigzag.dct_mod.dct_block_6.dct_unit_5.macu.mult_res\[18\]$_DFFE_PP_/D
iter:933, pass:92, current fixing endpoint: fdct_zigzag.dct_mod.dct_block_5.dct_unit_6.macu.mult_res\[18\]$_DFFE_PP_/D, endpoint slack:-1.338668e-10
      933 |      10 |     209 |       78 |      3 |   108 |   -0.290 |      -62.7 |    480 | fdct_zigzag.dct_mod.dct_block_6.dct_unit_5.macu.mult_res\[18\]$_DFFE_PP_/D
      934 |      10 |     209 |       78 |      3 |   108 |   -0.290 |      -62.7 |    480 | fdct_zigzag.dct_mod.dct_block_6.dct_unit_5.macu.mult_res\[18\]$_DFFE_PP_/D
iter:934, pass:1, current fixing endpoint: fdct_zigzag.dct_mod.dct_block_6.dct_unit_3.macu.mult_res\[18\]$_DFFE_PP_/D, endpoint slack:-2.574152e-10
      935 |      10 |     209 |       78 |      3 |   109 |   -0.290 |      -62.7 |    480 | fdct_zigzag.dct_mod.dct_block_6.dct_unit_5.macu.mult_res\[18\]$_DFFE_PP_/D
iter:935, pass:2, current fixing endpoint: fdct_zigzag.dct_mod.dct_block_6.dct_unit_3.macu.mult_res\[18\]$_DFFE_PP_/D, endpoint slack:-2.5077806e-10
      936 |      10 |     209 |       78 |      3 |   110 |   -0.290 |      -62.7 |    480 | fdct_zigzag.dct_mod.dct_block_6.dct_unit_5.macu.mult_res\[18\]$_DFFE_PP_/D
iter:936, pass:3, current fixing endpoint: fdct_zigzag.dct_mod.dct_block_6.dct_unit_3.macu.mult_res\[18\]$_DFFE_PP_/D, endpoint slack:-2.5249225e-10
      937 |      10 |     209 |       78 |      3 |   111 |   -0.290 |      -62.7 |    480 | fdct_zigzag.dct_mod.dct_block_6.dct_unit_5.macu.mult_res\[18\]$_DFFE_PP_/D
iter:937, pass:4, current fixing endpoint: fdct_zigzag.dct_mod.dct_block_6.dct_unit_3.macu.mult_res\[18\]$_DFFE_PP_/D, endpoint slack:-2.5721958e-10
      938 |      10 |     210 |       78 |      3 |   111 |   -0.290 |      -62.7 |    480 | fdct_zigzag.dct_mod.dct_block_6.dct_unit_5.macu.mult_res\[18\]$_DFFE_PP_/D
iter:938, pass:5, current fixing endpoint: fdct_zigzag.dct_mod.dct_block_6.dct_unit_3.macu.mult_res\[18\]$_DFFE_PP_/D, endpoint slack:-2.5628433e-10
      939 |      10 |     210 |       78 |      3 |   112 |   -0.290 |      -62.7 |    480 | fdct_zigzag.dct_mod.dct_block_6.dct_unit_5.macu.mult_res\[18\]$_DFFE_PP_/D
iter:939, pass:6, current fixing endpoint: fdct_zigzag.dct_mod.dct_block_6.dct_unit_3.macu.mult_res\[18\]$_DFFE_PP_/D, endpoint slack:-2.5772007e-10
      940 |      10 |     210 |       78 |      3 |   113 |   -0.290 |      -62.7 |    480 | fdct_zigzag.dct_mod.dct_block_6.dct_unit_5.macu.mult_res\[18\]$_DFFE_PP_/D
iter:940, pass:7, current fixing endpoint: fdct_zigzag.dct_mod.dct_block_6.dct_unit_3.macu.mult_res\[18\]$_DFFE_PP_/D, endpoint slack:-2.5563063e-10
      941 |      10 |     210 |       78 |      3 |   114 |   -0.290 |      -62.7 |    480 | fdct_zigzag.dct_mod.dct_block_6.dct_unit_5.macu.mult_res\[18\]$_DFFE_PP_/D
iter:941, pass:8, current fixing endpoint: fdct_zigzag.dct_mod.dct_block_6.dct_unit_3.macu.mult_res\[18\]$_DFFE_PP_/D, endpoint slack:-2.5953395e-10
      942 |      10 |     211 |       78 |      3 |   114 |   -0.290 |      -62.7 |    480 | fdct_zigzag.dct_mod.dct_block_6.dct_unit_5.macu.mult_res\[18\]$_DFFE_PP_/D
iter:942, pass:9, current fixing endpoint: fdct_zigzag.dct_mod.dct_block_6.dct_unit_3.macu.mult_res\[18\]$_DFFE_PP_/D, endpoint slack:-2.5921887e-10
      943 |      10 |     211 |       78 |      3 |   115 |   -0.290 |      -62.7 |    480 | fdct_zigzag.dct_mod.dct_block_6.dct_unit_5.macu.mult_res\[18\]$_DFFE_PP_/D
iter:943, pass:10, current fixing endpoint: fdct_zigzag.dct_mod.dct_block_6.dct_unit_3.macu.mult_res\[18\]$_DFFE_PP_/D, endpoint slack:-2.564997e-10
      944 |      10 |     211 |       78 |      3 |   116 |   -0.290 |      -62.7 |    480 | fdct_zigzag.dct_mod.dct_block_6.dct_unit_5.macu.mult_res\[18\]$_DFFE_PP_/D
iter:944, pass:11, current fixing endpoint: fdct_zigzag.dct_mod.dct_block_6.dct_unit_3.macu.mult_res\[18\]$_DFFE_PP_/D, endpoint slack:-2.6571967e-10
      945 |      10 |     211 |       78 |      3 |   117 |   -0.290 |      -62.7 |    480 | fdct_zigzag.dct_mod.dct_block_6.dct_unit_5.macu.mult_res\[18\]$_DFFE_PP_/D
iter:945, pass:12, current fixing endpoint: fdct_zigzag.dct_mod.dct_block_6.dct_unit_3.macu.mult_res\[18\]$_DFFE_PP_/D, endpoint slack:-2.73237e-10
      946 |      10 |     211 |       78 |      3 |   118 |   -0.290 |      -62.7 |    480 | fdct_zigzag.dct_mod.dct_block_6.dct_unit_5.macu.mult_res\[18\]$_DFFE_PP_/D
iter:946, pass:13, current fixing endpoint: fdct_zigzag.dct_mod.dct_block_6.dct_unit_3.macu.mult_res\[18\]$_DFFE_PP_/D, endpoint slack:-2.697158e-10
      947 |      10 |     212 |       78 |      3 |   118 |   -0.290 |      -62.7 |    480 | fdct_zigzag.dct_mod.dct_block_6.dct_unit_5.macu.mult_res\[18\]$_DFFE_PP_/D
iter:947, pass:14, current fixing endpoint: fdct_zigzag.dct_mod.dct_block_6.dct_unit_3.macu.mult_res\[18\]$_DFFE_PP_/D, endpoint slack:-2.6704727e-10
      948 |      10 |     212 |       78 |      3 |   119 |   -0.290 |      -62.8 |    480 | fdct_zigzag.dct_mod.dct_block_6.dct_unit_5.macu.mult_res\[18\]$_DFFE_PP_/D
iter:948, pass:15, current fixing endpoint: fdct_zigzag.dct_mod.dct_block_6.dct_unit_3.macu.mult_res\[18\]$_DFFE_PP_/D, endpoint slack:-2.7269276e-10
      949 |      10 |     213 |       78 |      3 |   119 |   -0.290 |      -62.8 |    480 | fdct_zigzag.dct_mod.dct_block_6.dct_unit_5.macu.mult_res\[18\]$_DFFE_PP_/D
iter:949, pass:16, current fixing endpoint: fdct_zigzag.dct_mod.dct_block_6.dct_unit_3.macu.mult_res\[18\]$_DFFE_PP_/D, endpoint slack:-2.7194946e-10
      950 |      10 |     214 |       78 |      3 |   119 |   -0.290 |      -62.8 |    480 | fdct_zigzag.dct_mod.dct_block_6.dct_unit_5.macu.mult_res\[18\]$_DFFE_PP_/D
iter:950, pass:17, current fixing endpoint: fdct_zigzag.dct_mod.dct_block_6.dct_unit_3.macu.mult_res\[18\]$_DFFE_PP_/D, endpoint slack:-2.698134e-10
      951 |      10 |     215 |       78 |      3 |   119 |   -0.290 |      -62.8 |    480 | fdct_zigzag.dct_mod.dct_block_6.dct_unit_5.macu.mult_res\[18\]$_DFFE_PP_/D
iter:951, pass:18, current fixing endpoint: fdct_zigzag.dct_mod.dct_block_6.dct_unit_3.macu.mult_res\[18\]$_DFFE_PP_/D, endpoint slack:-2.7126246e-10
      952 |      10 |     215 |       78 |      3 |   120 |   -0.290 |      -62.8 |    480 | fdct_zigzag.dct_mod.dct_block_6.dct_unit_5.macu.mult_res\[18\]$_DFFE_PP_/D
iter:952, pass:19, current fixing endpoint: fdct_zigzag.dct_mod.dct_block_6.dct_unit_3.macu.mult_res\[18\]$_DFFE_PP_/D, endpoint slack:-2.7451608e-10
      953 |      10 |     216 |       78 |      3 |   120 |   -0.290 |      -62.8 |    480 | fdct_zigzag.dct_mod.dct_block_6.dct_unit_5.macu.mult_res\[18\]$_DFFE_PP_/D
iter:953, pass:20, current fixing endpoint: fdct_zigzag.dct_mod.dct_block_6.dct_unit_3.macu.mult_res\[18\]$_DFFE_PP_/D, endpoint slack:-2.7596914e-10
      954 |      10 |     217 |       78 |      3 |   120 |   -0.294 |      -64.0 |    480 | fdct_zigzag.dct_mod.dct_block_6.dct_unit_5.macu.mult_res\[18\]$_DFFE_PP_/D
iter:954, pass:21, current fixing endpoint: fdct_zigzag.dct_mod.dct_block_6.dct_unit_3.macu.mult_res\[18\]$_DFFE_PP_/D, endpoint slack:-2.7989888e-10
      955 |      10 |     218 |       78 |      3 |   120 |   -0.294 |      -64.0 |    480 | fdct_zigzag.dct_mod.dct_block_6.dct_unit_5.macu.mult_res\[18\]$_DFFE_PP_/D
iter:955, pass:22, current fixing endpoint: fdct_zigzag.dct_mod.dct_block_6.dct_unit_3.macu.mult_res\[18\]$_DFFE_PP_/D, endpoint slack:-2.7978808e-10
      956 |      10 |     219 |       78 |      3 |   120 |   -0.294 |      -64.0 |    480 | fdct_zigzag.dct_mod.dct_block_6.dct_unit_5.macu.mult_res\[18\]$_DFFE_PP_/D
iter:956, pass:23, current fixing endpoint: fdct_zigzag.dct_mod.dct_block_6.dct_unit_3.macu.mult_res\[18\]$_DFFE_PP_/D, endpoint slack:-2.788224e-10
      957 |      10 |     220 |       78 |      3 |   120 |   -0.294 |      -64.0 |    480 | fdct_zigzag.dct_mod.dct_block_6.dct_unit_5.macu.mult_res\[18\]$_DFFE_PP_/D
iter:957, pass:24, current fixing endpoint: fdct_zigzag.dct_mod.dct_block_6.dct_unit_3.macu.mult_res\[18\]$_DFFE_PP_/D, endpoint slack:-2.7416747e-10
      958 |      10 |     221 |       78 |      3 |   120 |   -0.294 |      -64.0 |    480 | fdct_zigzag.dct_mod.dct_block_6.dct_unit_5.macu.mult_res\[18\]$_DFFE_PP_/D
iter:958, pass:25, current fixing endpoint: fdct_zigzag.dct_mod.dct_block_6.dct_unit_3.macu.mult_res\[18\]$_DFFE_PP_/D, endpoint slack:-2.7538538e-10
      959 |      10 |     221 |       78 |      3 |   121 |   -0.294 |      -64.0 |    480 | fdct_zigzag.dct_mod.dct_block_6.dct_unit_5.macu.mult_res\[18\]$_DFFE_PP_/D
iter:959, pass:26, current fixing endpoint: fdct_zigzag.dct_mod.dct_block_6.dct_unit_3.macu.mult_res\[18\]$_DFFE_PP_/D, endpoint slack:-2.777948e-10
      959 |      10 |     210 |       78 |      3 |   109 |   -0.291 |      -63.0 |    480 | fdct_zigzag.dct_mod.dct_block_6.dct_unit_5.macu.mult_res\[18\]$_DFFE_PP_/D
      960 |      10 |     210 |       78 |      3 |   109 |   -0.291 |      -63.0 |    480 | fdct_zigzag.dct_mod.dct_block_6.dct_unit_5.macu.mult_res\[18\]$_DFFE_PP_/D
iter:960, pass:1, current fixing endpoint: fdct_zigzag.dct_mod.dct_block_1.dct_unit_0.macu.mult_res\[18\]$_DFFE_PP_/D, endpoint slack:-2.3312519e-10
      961 |      10 |     210 |       78 |      3 |   110 |   -0.291 |      -63.0 |    480 | fdct_zigzag.dct_mod.dct_block_6.dct_unit_5.macu.mult_res\[18\]$_DFFE_PP_/D
iter:961, pass:2, current fixing endpoint: fdct_zigzag.dct_mod.dct_block_1.dct_unit_0.macu.mult_res\[18\]$_DFFE_PP_/D, endpoint slack:-2.3014046e-10
      962 |      10 |     210 |       78 |      3 |   111 |   -0.291 |      -63.0 |    480 | fdct_zigzag.dct_mod.dct_block_6.dct_unit_5.macu.mult_res\[18\]$_DFFE_PP_/D
iter:962, pass:3, current fixing endpoint: fdct_zigzag.dct_mod.dct_block_1.dct_unit_0.macu.mult_res\[18\]$_DFFE_PP_/D, endpoint slack:-2.2737645e-10
      963 |      10 |     210 |       78 |      3 |   112 |   -0.291 |      -63.1 |    480 | fdct_zigzag.dct_mod.dct_block_6.dct_unit_5.macu.mult_res\[18\]$_DFFE_PP_/D
iter:963, pass:4, current fixing endpoint: fdct_zigzag.dct_mod.dct_block_1.dct_unit_0.macu.mult_res\[18\]$_DFFE_PP_/D, endpoint slack:-2.2964708e-10
      964 |      10 |     210 |       81 |      3 |   112 |   -0.291 |      -63.0 |    480 | fdct_zigzag.dct_mod.dct_block_6.dct_unit_5.macu.mult_res\[18\]$_DFFE_PP_/D
iter:964, pass:5, current fixing endpoint: fdct_zigzag.dct_mod.dct_block_1.dct_unit_0.macu.mult_res\[18\]$_DFFE_PP_/D, endpoint slack:-2.271282e-10
      965 |      10 |     210 |       81 |      3 |   113 |   -0.291 |      -63.0 |    480 | fdct_zigzag.dct_mod.dct_block_6.dct_unit_5.macu.mult_res\[18\]$_DFFE_PP_/D
iter:965, pass:6, current fixing endpoint: fdct_zigzag.dct_mod.dct_block_1.dct_unit_0.macu.mult_res\[18\]$_DFFE_PP_/D, endpoint slack:-2.283983e-10
      966 |      10 |     210 |       81 |      3 |   114 |   -0.291 |      -63.0 |    480 | fdct_zigzag.dct_mod.dct_block_6.dct_unit_5.macu.mult_res\[18\]$_DFFE_PP_/D
iter:966, pass:7, current fixing endpoint: fdct_zigzag.dct_mod.dct_block_1.dct_unit_0.macu.mult_res\[18\]$_DFFE_PP_/D, endpoint slack:-2.270043e-10
      967 |      10 |     211 |       81 |      3 |   114 |   -0.291 |      -63.0 |    480 | fdct_zigzag.dct_mod.dct_block_6.dct_unit_5.macu.mult_res\[18\]$_DFFE_PP_/D
iter:967, pass:8, current fixing endpoint: fdct_zigzag.dct_mod.dct_block_1.dct_unit_0.macu.mult_res\[18\]$_DFFE_PP_/D, endpoint slack:-2.2560365e-10
      968 |      10 |     212 |       81 |      3 |   114 |   -0.291 |      -63.0 |    480 | fdct_zigzag.dct_mod.dct_block_6.dct_unit_5.macu.mult_res\[18\]$_DFFE_PP_/D
iter:968, pass:9, current fixing endpoint: fdct_zigzag.dct_mod.dct_block_1.dct_unit_0.macu.mult_res\[18\]$_DFFE_PP_/D, endpoint slack:-2.2474633e-10
      969 |      10 |     212 |       81 |      3 |   115 |   -0.291 |      -63.0 |    480 | fdct_zigzag.dct_mod.dct_block_6.dct_unit_5.macu.mult_res\[18\]$_DFFE_PP_/D
iter:969, pass:10, current fixing endpoint: fdct_zigzag.dct_mod.dct_block_1.dct_unit_0.macu.mult_res\[18\]$_DFFE_PP_/D, endpoint slack:-2.2502011e-10
      970 |      10 |     212 |       81 |      3 |   116 |   -0.291 |      -63.0 |    480 | fdct_zigzag.dct_mod.dct_block_6.dct_unit_5.macu.mult_res\[18\]$_DFFE_PP_/D
iter:970, pass:11, current fixing endpoint: fdct_zigzag.dct_mod.dct_block_1.dct_unit_0.macu.mult_res\[18\]$_DFFE_PP_/D, endpoint slack:-2.272239e-10
      971 |      10 |     213 |       81 |      3 |   116 |   -0.291 |      -63.0 |    480 | fdct_zigzag.dct_mod.dct_block_6.dct_unit_5.macu.mult_res\[18\]$_DFFE_PP_/D
iter:971, pass:12, current fixing endpoint: fdct_zigzag.dct_mod.dct_block_1.dct_unit_0.macu.mult_res\[18\]$_DFFE_PP_/D, endpoint slack:-2.2730406e-10
      972 |      10 |     213 |       81 |      3 |   117 |   -0.291 |      -63.0 |    480 | fdct_zigzag.dct_mod.dct_block_6.dct_unit_5.macu.mult_res\[18\]$_DFFE_PP_/D
iter:972, pass:13, current fixing endpoint: fdct_zigzag.dct_mod.dct_block_1.dct_unit_0.macu.mult_res\[18\]$_DFFE_PP_/D, endpoint slack:-2.3015623e-10
      973 |      10 |     214 |       81 |      3 |   117 |   -0.291 |      -63.0 |    480 | fdct_zigzag.dct_mod.dct_block_6.dct_unit_5.macu.mult_res\[18\]$_DFFE_PP_/D
iter:973, pass:14, current fixing endpoint: fdct_zigzag.dct_mod.dct_block_1.dct_unit_0.macu.mult_res\[18\]$_DFFE_PP_/D, endpoint slack:-2.2795266e-10
      974 |      10 |     215 |       81 |      3 |   117 |   -0.291 |      -63.0 |    480 | fdct_zigzag.dct_mod.dct_block_6.dct_unit_5.macu.mult_res\[18\]$_DFFE_PP_/D
iter:974, pass:15, current fixing endpoint: fdct_zigzag.dct_mod.dct_block_1.dct_unit_0.macu.mult_res\[18\]$_DFFE_PP_/D, endpoint slack:-2.2758473e-10
      975 |      10 |     216 |       81 |      3 |   117 |   -0.291 |      -63.0 |    480 | fdct_zigzag.dct_mod.dct_block_6.dct_unit_5.macu.mult_res\[18\]$_DFFE_PP_/D
iter:975, pass:16, current fixing endpoint: fdct_zigzag.dct_mod.dct_block_1.dct_unit_0.macu.mult_res\[18\]$_DFFE_PP_/D, endpoint slack:-2.2291358e-10
      976 |      10 |     216 |       81 |      3 |   118 |   -0.291 |      -63.0 |    480 | fdct_zigzag.dct_mod.dct_block_6.dct_unit_5.macu.mult_res\[18\]$_DFFE_PP_/D
iter:976, pass:17, current fixing endpoint: fdct_zigzag.dct_mod.dct_block_1.dct_unit_0.macu.mult_res\[18\]$_DFFE_PP_/D, endpoint slack:-2.2173008e-10
      977 |      10 |     216 |       81 |      3 |   119 |   -0.291 |      -63.0 |    480 | fdct_zigzag.dct_mod.dct_block_6.dct_unit_5.macu.mult_res\[18\]$_DFFE_PP_/D
iter:977, pass:18, current fixing endpoint: fdct_zigzag.dct_mod.dct_block_1.dct_unit_0.macu.mult_res\[18\]$_DFFE_PP_/D, endpoint slack:-2.325865e-10
      978 |      10 |     216 |       81 |      3 |   120 |   -0.291 |      -63.0 |    480 | fdct_zigzag.dct_mod.dct_block_6.dct_unit_5.macu.mult_res\[18\]$_DFFE_PP_/D
iter:978, pass:19, current fixing endpoint: fdct_zigzag.dct_mod.dct_block_1.dct_unit_0.macu.mult_res\[18\]$_DFFE_PP_/D, endpoint slack:-2.419288e-10
      979 |      10 |     217 |       81 |      3 |   120 |   -0.291 |      -63.0 |    480 | fdct_zigzag.dct_mod.dct_block_6.dct_unit_5.macu.mult_res\[18\]$_DFFE_PP_/D
iter:979, pass:20, current fixing endpoint: fdct_zigzag.dct_mod.dct_block_1.dct_unit_0.macu.mult_res\[18\]$_DFFE_PP_/D, endpoint slack:-2.4760294e-10
      980 |      10 |     218 |       81 |      3 |   120 |   -0.291 |      -63.0 |    480 | fdct_zigzag.dct_mod.dct_block_6.dct_unit_5.macu.mult_res\[18\]$_DFFE_PP_/D
iter:980, pass:21, current fixing endpoint: fdct_zigzag.dct_mod.dct_block_1.dct_unit_0.macu.mult_res\[18\]$_DFFE_PP_/D, endpoint slack:-2.406414e-10
      981 |      10 |     219 |       81 |      3 |   120 |   -0.291 |      -63.0 |    480 | fdct_zigzag.dct_mod.dct_block_6.dct_unit_5.macu.mult_res\[18\]$_DFFE_PP_/D
iter:981, pass:22, current fixing endpoint: fdct_zigzag.dct_mod.dct_block_1.dct_unit_0.macu.mult_res\[18\]$_DFFE_PP_/D, endpoint slack:-2.3955382e-10
      982 |      10 |     220 |       81 |      3 |   120 |   -0.291 |      -63.1 |    480 | fdct_zigzag.dct_mod.dct_block_6.dct_unit_5.macu.mult_res\[18\]$_DFFE_PP_/D
iter:982, pass:23, current fixing endpoint: fdct_zigzag.dct_mod.dct_block_1.dct_unit_0.macu.mult_res\[18\]$_DFFE_PP_/D, endpoint slack:-2.4094604e-10
      983 |      10 |     221 |       81 |      3 |   120 |   -0.291 |      -63.1 |    480 | fdct_zigzag.dct_mod.dct_block_6.dct_unit_5.macu.mult_res\[18\]$_DFFE_PP_/D
iter:983, pass:24, current fixing endpoint: fdct_zigzag.dct_mod.dct_block_1.dct_unit_0.macu.mult_res\[18\]$_DFFE_PP_/D, endpoint slack:-2.396897e-10
      984 |      10 |     222 |       81 |      3 |   120 |   -0.291 |      -63.1 |    480 | fdct_zigzag.dct_mod.dct_block_6.dct_unit_5.macu.mult_res\[18\]$_DFFE_PP_/D
iter:984, pass:25, current fixing endpoint: fdct_zigzag.dct_mod.dct_block_1.dct_unit_0.macu.mult_res\[18\]$_DFFE_PP_/D, endpoint slack:-2.384123e-10
      985 |      10 |     222 |       81 |      3 |   121 |   -0.291 |      -63.1 |    480 | fdct_zigzag.dct_mod.dct_block_6.dct_unit_5.macu.mult_res\[18\]$_DFFE_PP_/D
iter:985, pass:26, current fixing endpoint: fdct_zigzag.dct_mod.dct_block_1.dct_unit_0.macu.mult_res\[18\]$_DFFE_PP_/D, endpoint slack:-2.3814228e-10
      986 |      10 |     223 |       81 |      3 |   121 |   -0.291 |      -63.1 |    480 | fdct_zigzag.dct_mod.dct_block_6.dct_unit_5.macu.mult_res\[18\]$_DFFE_PP_/D
iter:986, pass:27, current fixing endpoint: fdct_zigzag.dct_mod.dct_block_1.dct_unit_0.macu.mult_res\[18\]$_DFFE_PP_/D, endpoint slack:-2.3747015e-10
      987 |      10 |     224 |       81 |      3 |   121 |   -0.291 |      -63.1 |    480 | fdct_zigzag.dct_mod.dct_block_6.dct_unit_5.macu.mult_res\[18\]$_DFFE_PP_/D
iter:987, pass:28, current fixing endpoint: fdct_zigzag.dct_mod.dct_block_1.dct_unit_0.macu.mult_res\[18\]$_DFFE_PP_/D, endpoint slack:-2.40029e-10
      988 |      10 |     225 |       81 |      3 |   121 |   -0.291 |      -63.1 |    480 | fdct_zigzag.dct_mod.dct_block_6.dct_unit_5.macu.mult_res\[18\]$_DFFE_PP_/D
iter:988, pass:29, current fixing endpoint: fdct_zigzag.dct_mod.dct_block_1.dct_unit_0.macu.mult_res\[18\]$_DFFE_PP_/D, endpoint slack:-2.38077e-10
      989 |      10 |     226 |       81 |      3 |   121 |   -0.291 |      -63.1 |    480 | fdct_zigzag.dct_mod.dct_block_6.dct_unit_5.macu.mult_res\[18\]$_DFFE_PP_/D
iter:989, pass:30, current fixing endpoint: fdct_zigzag.dct_mod.dct_block_1.dct_unit_0.macu.mult_res\[18\]$_DFFE_PP_/D, endpoint slack:-2.3805502e-10
      990 |      10 |     227 |       81 |      3 |   121 |   -0.291 |      -63.1 |    480 | fdct_zigzag.dct_mod.dct_block_6.dct_unit_5.macu.mult_res\[18\]$_DFFE_PP_/D
iter:990, pass:31, current fixing endpoint: fdct_zigzag.dct_mod.dct_block_1.dct_unit_0.macu.mult_res\[18\]$_DFFE_PP_/D, endpoint slack:-2.358712e-10
      991 |      10 |     228 |       81 |      3 |   121 |   -0.291 |      -63.7 |    480 | fdct_zigzag.dct_mod.dct_block_6.dct_unit_5.macu.mult_res\[18\]$_DFFE_PP_/D
iter:991, pass:32, current fixing endpoint: fdct_zigzag.dct_mod.dct_block_1.dct_unit_0.macu.mult_res\[18\]$_DFFE_PP_/D, endpoint slack:-2.37525e-10
      992 |      10 |     229 |       81 |      3 |   121 |   -0.291 |      -63.8 |    480 | fdct_zigzag.dct_mod.dct_block_6.dct_unit_5.macu.mult_res\[18\]$_DFFE_PP_/D
iter:992, pass:33, current fixing endpoint: fdct_zigzag.dct_mod.dct_block_1.dct_unit_0.macu.mult_res\[18\]$_DFFE_PP_/D, endpoint slack:-2.3718572e-10
      993 |      10 |     230 |       81 |      3 |   121 |   -0.291 |      -63.8 |    480 | fdct_zigzag.dct_mod.dct_block_6.dct_unit_5.macu.mult_res\[18\]$_DFFE_PP_/D
iter:993, pass:34, current fixing endpoint: fdct_zigzag.dct_mod.dct_block_1.dct_unit_0.macu.mult_res\[18\]$_DFFE_PP_/D, endpoint slack:-2.3865498e-10
      994 |      10 |     230 |       81 |      3 |   122 |   -0.291 |      -63.8 |    480 | fdct_zigzag.dct_mod.dct_block_6.dct_unit_5.macu.mult_res\[18\]$_DFFE_PP_/D
iter:994, pass:35, current fixing endpoint: fdct_zigzag.dct_mod.dct_block_1.dct_unit_0.macu.mult_res\[18\]$_DFFE_PP_/D, endpoint slack:-2.4803593e-10
      995 |      10 |     231 |       81 |      3 |   122 |   -0.292 |      -63.2 |    480 | fdct_zigzag.dct_mod.dct_block_6.dct_unit_5.macu.mult_res\[18\]$_DFFE_PP_/D
iter:995, pass:36, current fixing endpoint: fdct_zigzag.dct_mod.dct_block_1.dct_unit_0.macu.mult_res\[18\]$_DFFE_PP_/D, endpoint slack:-2.444961e-10
      996 |      10 |     232 |       81 |      3 |   122 |   -0.292 |      -63.2 |    480 | fdct_zigzag.dct_mod.dct_block_6.dct_unit_5.macu.mult_res\[18\]$_DFFE_PP_/D
iter:996, pass:37, current fixing endpoint: fdct_zigzag.dct_mod.dct_block_1.dct_unit_0.macu.mult_res\[18\]$_DFFE_PP_/D, endpoint slack:-2.4598712e-10
      997 |      10 |     232 |       81 |      3 |   123 |   -0.292 |      -63.2 |    480 | fdct_zigzag.dct_mod.dct_block_6.dct_unit_5.macu.mult_res\[18\]$_DFFE_PP_/D
iter:997, pass:38, current fixing endpoint: fdct_zigzag.dct_mod.dct_block_1.dct_unit_0.macu.mult_res\[18\]$_DFFE_PP_/D, endpoint slack:-2.4650026e-10
      998 |      10 |     232 |       81 |      3 |   124 |   -0.292 |      -63.2 |    480 | fdct_zigzag.dct_mod.dct_block_6.dct_unit_5.macu.mult_res\[18\]$_DFFE_PP_/D
iter:998, pass:39, current fixing endpoint: fdct_zigzag.dct_mod.dct_block_1.dct_unit_0.macu.mult_res\[18\]$_DFFE_PP_/D, endpoint slack:-2.4521618e-10
      999 |      10 |     233 |       81 |      3 |   124 |   -0.292 |      -63.2 |    480 | fdct_zigzag.dct_mod.dct_block_6.dct_unit_5.macu.mult_res\[18\]$_DFFE_PP_/D
iter:999, pass:40, current fixing endpoint: fdct_zigzag.dct_mod.dct_block_1.dct_unit_0.macu.mult_res\[18\]$_DFFE_PP_/D, endpoint slack:-2.4658908e-10
     1000 |      10 |     234 |       81 |      3 |   124 |   -0.292 |      -63.2 |    480 | fdct_zigzag.dct_mod.dct_block_6.dct_unit_5.macu.mult_res\[18\]$_DFFE_PP_/D
iter:1000, pass:41, current fixing endpoint: fdct_zigzag.dct_mod.dct_block_1.dct_unit_0.macu.mult_res\[18\]$_DFFE_PP_/D, endpoint slack:-2.423194e-10
     1001 |      10 |     235 |       81 |      3 |   124 |   -0.292 |      -63.4 |    480 | fdct_zigzag.dct_mod.dct_block_6.dct_unit_5.macu.mult_res\[18\]$_DFFE_PP_/D
iter:1001, pass:42, current fixing endpoint: fdct_zigzag.dct_mod.dct_block_1.dct_unit_0.macu.mult_res\[18\]$_DFFE_PP_/D, endpoint slack:-2.4385816e-10
     1002 |      10 |     235 |       83 |      3 |   124 |   -0.292 |      -63.5 |    480 | fdct_zigzag.dct_mod.dct_block_6.dct_unit_5.macu.mult_res\[18\]$_DFFE_PP_/D
iter:1002, pass:43, current fixing endpoint: fdct_zigzag.dct_mod.dct_block_1.dct_unit_0.macu.mult_res\[18\]$_DFFE_PP_/D, endpoint slack:-2.371473e-10
     1003 |      10 |     235 |       83 |      3 |   125 |   -0.292 |      -63.5 |    480 | fdct_zigzag.dct_mod.dct_block_6.dct_unit_5.macu.mult_res\[18\]$_DFFE_PP_/D
iter:1003, pass:44, current fixing endpoint: fdct_zigzag.dct_mod.dct_block_1.dct_unit_0.macu.mult_res\[18\]$_DFFE_PP_/D, endpoint slack:-2.395374e-10
     1004 |      10 |     235 |       83 |      4 |   125 |   -0.292 |      -63.4 |    480 | fdct_zigzag.dct_mod.dct_block_6.dct_unit_5.macu.mult_res\[18\]$_DFFE_PP_/D
iter:1004, pass:45, current fixing endpoint: fdct_zigzag.dct_mod.dct_block_1.dct_unit_0.macu.mult_res\[18\]$_DFFE_PP_/D, endpoint slack:-2.2673963e-10
     1004 |      10 |     219 |       82 |      3 |   118 |   -0.290 |      -62.7 |    480 | fdct_zigzag.dct_mod.dct_block_6.dct_unit_5.macu.mult_res\[18\]$_DFFE_PP_/D
--------------------
update violating ends at fixEndpointNum 24
top element of violating ends is: fdct_zigzag.dct_mod.dct_block_6.dct_unit_5.macu.mult_res\[18\]$_DFFE_PP_/D
--------------------
     1005 |      10 |     219 |       82 |      3 |   118 |   -0.290 |      -62.7 |    480 | fdct_zigzag.dct_mod.dct_block_6.dct_unit_5.macu.mult_res\[18\]$_DFFE_PP_/D
iter:1005, pass:1, current fixing endpoint: fdct_zigzag.dct_mod.dct_block_6.dct_unit_5.macu.mult_res\[18\]$_DFFE_PP_/D, endpoint slack:-2.9037361e-10
     1006 |      10 |     220 |       82 |      3 |   118 |   -0.294 |      -63.9 |    480 | fdct_zigzag.dct_mod.dct_block_6.dct_unit_5.macu.mult_res\[18\]$_DFFE_PP_/D
iter:1006, pass:2, current fixing endpoint: fdct_zigzag.dct_mod.dct_block_6.dct_unit_5.macu.mult_res\[18\]$_DFFE_PP_/D, endpoint slack:-2.9420966e-10
     1006 |      10 |     219 |       82 |      3 |   118 |   -0.291 |      -63.0 |    480 | fdct_zigzag.dct_mod.dct_block_6.dct_unit_5.macu.mult_res\[18\]$_DFFE_PP_/D
     1007 |      10 |     219 |       82 |      3 |   118 |   -0.291 |      -63.0 |    480 | fdct_zigzag.dct_mod.dct_block_6.dct_unit_5.macu.mult_res\[18\]$_DFFE_PP_/D
iter:1007, pass:1, current fixing endpoint: fdct_zigzag.dct_mod.dct_block_7.dct_unit_3.macu.mult_res\[18\]$_DFFE_PP_/D, endpoint slack:-2.858932e-10
     1008 |      10 |     220 |       82 |      3 |   118 |   -0.291 |      -63.0 |    480 | fdct_zigzag.dct_mod.dct_block_6.dct_unit_5.macu.mult_res\[18\]$_DFFE_PP_/D
iter:1008, pass:2, current fixing endpoint: fdct_zigzag.dct_mod.dct_block_7.dct_unit_3.macu.mult_res\[18\]$_DFFE_PP_/D, endpoint slack:-2.8452052e-10
     1009 |      10 |     221 |       82 |      3 |   118 |   -0.294 |      -63.9 |    480 | fdct_zigzag.dct_mod.dct_block_6.dct_unit_5.macu.mult_res\[18\]$_DFFE_PP_/D
iter:1009, pass:3, current fixing endpoint: fdct_zigzag.dct_mod.dct_block_7.dct_unit_3.macu.mult_res\[18\]$_DFFE_PP_/D, endpoint slack:-2.8753544e-10
     1009 |      10 |     220 |       82 |      3 |   118 |   -0.291 |      -63.0 |    480 | fdct_zigzag.dct_mod.dct_block_6.dct_unit_5.macu.mult_res\[18\]$_DFFE_PP_/D
     1010 |      10 |     220 |       82 |      3 |   118 |   -0.291 |      -63.0 |    480 | fdct_zigzag.dct_mod.dct_block_6.dct_unit_5.macu.mult_res\[18\]$_DFFE_PP_/D
iter:1010, pass:1, current fixing endpoint: fdct_zigzag.dct_mod.dct_block_7.dct_unit_6.macu.mult_res\[18\]$_DFFE_PP_/D, endpoint slack:-2.72405e-10
     1011 |      10 |     221 |       82 |      3 |   118 |   -0.292 |      -63.0 |    480 | fdct_zigzag.dct_mod.dct_block_6.dct_unit_5.macu.mult_res\[18\]$_DFFE_PP_/D
iter:1011, pass:2, current fixing endpoint: fdct_zigzag.dct_mod.dct_block_7.dct_unit_6.macu.mult_res\[18\]$_DFFE_PP_/D, endpoint slack:-2.6518232e-10
     1012 |      10 |     222 |       82 |      3 |   118 |   -0.292 |      -63.0 |    480 | fdct_zigzag.dct_mod.dct_block_6.dct_unit_5.macu.mult_res\[18\]$_DFFE_PP_/D
iter:1012, pass:3, current fixing endpoint: fdct_zigzag.dct_mod.dct_block_7.dct_unit_6.macu.mult_res\[18\]$_DFFE_PP_/D, endpoint slack:-2.5721758e-10
     1013 |      10 |     223 |       82 |      3 |   118 |   -0.294 |      -63.0 |    480 | fdct_zigzag.dct_mod.dct_block_6.dct_unit_5.macu.mult_res\[18\]$_DFFE_PP_/D
iter:1013, pass:4, current fixing endpoint: fdct_zigzag.dct_mod.dct_block_7.dct_unit_6.macu.mult_res\[18\]$_DFFE_PP_/D, endpoint slack:-2.538736e-10
     1014 |      10 |     224 |       82 |      3 |   118 |   -0.294 |      -63.0 |    480 | fdct_zigzag.dct_mod.dct_block_6.dct_unit_5.macu.mult_res\[18\]$_DFFE_PP_/D
iter:1014, pass:5, current fixing endpoint: fdct_zigzag.dct_mod.dct_block_7.dct_unit_6.macu.mult_res\[18\]$_DFFE_PP_/D, endpoint slack:-2.5202262e-10
     1015 |      10 |     225 |       82 |      3 |   118 |   -0.294 |      -63.0 |    480 | fdct_zigzag.dct_mod.dct_block_6.dct_unit_5.macu.mult_res\[18\]$_DFFE_PP_/D
iter:1015, pass:6, current fixing endpoint: fdct_zigzag.dct_mod.dct_block_7.dct_unit_6.macu.mult_res\[18\]$_DFFE_PP_/D, endpoint slack:-2.5225821e-10
     1016 |      10 |     226 |       82 |      3 |   118 |   -0.294 |      -63.0 |    480 | fdct_zigzag.dct_mod.dct_block_6.dct_unit_5.macu.mult_res\[18\]$_DFFE_PP_/D
iter:1016, pass:7, current fixing endpoint: fdct_zigzag.dct_mod.dct_block_7.dct_unit_6.macu.mult_res\[18\]$_DFFE_PP_/D, endpoint slack:-2.511349e-10
     1017 |      10 |     227 |       82 |      3 |   118 |   -0.294 |      -63.0 |    480 | fdct_zigzag.dct_mod.dct_block_6.dct_unit_5.macu.mult_res\[18\]$_DFFE_PP_/D
iter:1017, pass:8, current fixing endpoint: fdct_zigzag.dct_mod.dct_block_7.dct_unit_6.macu.mult_res\[18\]$_DFFE_PP_/D, endpoint slack:-2.5277935e-10
     1018 |      10 |     228 |       82 |      3 |   118 |   -0.294 |      -63.0 |    480 | fdct_zigzag.dct_mod.dct_block_6.dct_unit_5.macu.mult_res\[18\]$_DFFE_PP_/D
iter:1018, pass:9, current fixing endpoint: fdct_zigzag.dct_mod.dct_block_7.dct_unit_6.macu.mult_res\[18\]$_DFFE_PP_/D, endpoint slack:-2.4734348e-10
     1019 |      10 |     229 |       82 |      3 |   118 |   -0.294 |      -63.0 |    480 | fdct_zigzag.dct_mod.dct_block_6.dct_unit_5.macu.mult_res\[18\]$_DFFE_PP_/D
iter:1019, pass:10, current fixing endpoint: fdct_zigzag.dct_mod.dct_block_7.dct_unit_6.macu.mult_res\[18\]$_DFFE_PP_/D, endpoint slack:-2.4490343e-10
     1020 |      10 |     230 |       82 |      3 |   118 |   -0.294 |      -63.0 |    480 | fdct_zigzag.dct_mod.dct_block_6.dct_unit_5.macu.mult_res\[18\]$_DFFE_PP_/D
iter:1020, pass:11, current fixing endpoint: fdct_zigzag.dct_mod.dct_block_7.dct_unit_6.macu.mult_res\[18\]$_DFFE_PP_/D, endpoint slack:-2.4694646e-10
     1021 |      10 |     231 |       82 |      3 |   118 |   -0.294 |      -63.0 |    480 | fdct_zigzag.dct_mod.dct_block_6.dct_unit_5.macu.mult_res\[18\]$_DFFE_PP_/D
iter:1021, pass:12, current fixing endpoint: fdct_zigzag.dct_mod.dct_block_7.dct_unit_6.macu.mult_res\[18\]$_DFFE_PP_/D, endpoint slack:-2.4463254e-10
     1022 |      10 |     232 |       82 |      3 |   118 |   -0.294 |      -63.0 |    480 | fdct_zigzag.dct_mod.dct_block_6.dct_unit_5.macu.mult_res\[18\]$_DFFE_PP_/D
iter:1022, pass:13, current fixing endpoint: fdct_zigzag.dct_mod.dct_block_7.dct_unit_6.macu.mult_res\[18\]$_DFFE_PP_/D, endpoint slack:-2.4257707e-10
     1023 |      10 |     233 |       82 |      3 |   118 |   -0.294 |      -63.0 |    480 | fdct_zigzag.dct_mod.dct_block_6.dct_unit_5.macu.mult_res\[18\]$_DFFE_PP_/D
iter:1023, pass:14, current fixing endpoint: fdct_zigzag.dct_mod.dct_block_7.dct_unit_6.macu.mult_res\[18\]$_DFFE_PP_/D, endpoint slack:-2.4300073e-10
     1024 |      10 |     234 |       82 |      3 |   118 |   -0.294 |      -63.0 |    480 | fdct_zigzag.dct_mod.dct_block_6.dct_unit_5.macu.mult_res\[18\]$_DFFE_PP_/D
iter:1024, pass:15, current fixing endpoint: fdct_zigzag.dct_mod.dct_block_7.dct_unit_6.macu.mult_res\[18\]$_DFFE_PP_/D, endpoint slack:-2.4158564e-10
     1025 |      10 |     235 |       82 |      3 |   118 |   -0.294 |      -63.0 |    480 | fdct_zigzag.dct_mod.dct_block_6.dct_unit_5.macu.mult_res\[18\]$_DFFE_PP_/D
iter:1025, pass:16, current fixing endpoint: fdct_zigzag.dct_mod.dct_block_7.dct_unit_6.macu.mult_res\[18\]$_DFFE_PP_/D, endpoint slack:-2.3775293e-10
     1026 |      10 |     236 |       82 |      3 |   118 |   -0.294 |      -63.0 |    480 | fdct_zigzag.dct_mod.dct_block_6.dct_unit_5.macu.mult_res\[18\]$_DFFE_PP_/D
iter:1026, pass:17, current fixing endpoint: fdct_zigzag.dct_mod.dct_block_7.dct_unit_6.macu.mult_res\[18\]$_DFFE_PP_/D, endpoint slack:-2.363143e-10
     1027 |      10 |     237 |       82 |      3 |   118 |   -0.294 |      -63.0 |    480 | fdct_zigzag.dct_mod.dct_block_6.dct_unit_5.macu.mult_res\[18\]$_DFFE_PP_/D
iter:1027, pass:18, current fixing endpoint: fdct_zigzag.dct_mod.dct_block_7.dct_unit_6.macu.mult_res\[18\]$_DFFE_PP_/D, endpoint slack:-2.3823876e-10
     1028 |      10 |     238 |       82 |      3 |   118 |   -0.294 |      -63.0 |    480 | fdct_zigzag.dct_mod.dct_block_6.dct_unit_5.macu.mult_res\[18\]$_DFFE_PP_/D
iter:1028, pass:19, current fixing endpoint: fdct_zigzag.dct_mod.dct_block_7.dct_unit_6.macu.mult_res\[18\]$_DFFE_PP_/D, endpoint slack:-2.37093e-10
     1029 |      10 |     239 |       82 |      3 |   118 |   -0.294 |      -63.0 |    480 | fdct_zigzag.dct_mod.dct_block_6.dct_unit_5.macu.mult_res\[18\]$_DFFE_PP_/D
iter:1029, pass:20, current fixing endpoint: fdct_zigzag.dct_mod.dct_block_7.dct_unit_6.macu.mult_res\[18\]$_DFFE_PP_/D, endpoint slack:-2.3850633e-10
     1030 |      10 |     240 |       82 |      3 |   118 |   -0.294 |      -63.0 |    480 | fdct_zigzag.dct_mod.dct_block_6.dct_unit_5.macu.mult_res\[18\]$_DFFE_PP_/D
iter:1030, pass:21, current fixing endpoint: fdct_zigzag.dct_mod.dct_block_7.dct_unit_6.macu.mult_res\[18\]$_DFFE_PP_/D, endpoint slack:-2.3821434e-10
     1031 |      10 |     241 |       82 |      3 |   118 |   -0.294 |      -63.0 |    480 | fdct_zigzag.dct_mod.dct_block_6.dct_unit_5.macu.mult_res\[18\]$_DFFE_PP_/D
iter:1031, pass:22, current fixing endpoint: fdct_zigzag.dct_mod.dct_block_7.dct_unit_6.macu.mult_res\[18\]$_DFFE_PP_/D, endpoint slack:-2.4053604e-10
     1032 |      10 |     242 |       82 |      3 |   118 |   -0.294 |      -63.0 |    480 | fdct_zigzag.dct_mod.dct_block_6.dct_unit_5.macu.mult_res\[18\]$_DFFE_PP_/D
iter:1032, pass:23, current fixing endpoint: fdct_zigzag.dct_mod.dct_block_7.dct_unit_6.macu.mult_res\[18\]$_DFFE_PP_/D, endpoint slack:-2.4166136e-10
     1033 |      10 |     243 |       82 |      3 |   118 |   -0.297 |      -63.9 |    480 | fdct_zigzag.dct_mod.dct_block_6.dct_unit_5.macu.mult_res\[18\]$_DFFE_PP_/D
iter:1033, pass:24, current fixing endpoint: fdct_zigzag.dct_mod.dct_block_7.dct_unit_6.macu.mult_res\[18\]$_DFFE_PP_/D, endpoint slack:-2.4467672e-10
     1034 |      10 |     243 |       82 |      3 |   119 |   -0.297 |      -63.9 |    480 | fdct_zigzag.dct_mod.dct_block_6.dct_unit_5.macu.mult_res\[18\]$_DFFE_PP_/D
iter:1034, pass:25, current fixing endpoint: fdct_zigzag.dct_mod.dct_block_7.dct_unit_6.macu.mult_res\[18\]$_DFFE_PP_/D, endpoint slack:-2.4310842e-10
     1035 |      10 |     244 |       82 |      3 |   119 |   -0.297 |      -63.9 |    480 | fdct_zigzag.dct_mod.dct_block_6.dct_unit_5.macu.mult_res\[18\]$_DFFE_PP_/D
iter:1035, pass:26, current fixing endpoint: fdct_zigzag.dct_mod.dct_block_7.dct_unit_6.macu.mult_res\[18\]$_DFFE_PP_/D, endpoint slack:-2.4299207e-10
     1036 |      10 |     245 |       82 |      3 |   119 |   -0.297 |      -63.9 |    480 | fdct_zigzag.dct_mod.dct_block_6.dct_unit_5.macu.mult_res\[18\]$_DFFE_PP_/D
iter:1036, pass:27, current fixing endpoint: fdct_zigzag.dct_mod.dct_block_7.dct_unit_6.macu.mult_res\[18\]$_DFFE_PP_/D, endpoint slack:-2.4492142e-10
     1037 |      10 |     246 |       82 |      3 |   119 |   -0.297 |      -63.9 |    480 | fdct_zigzag.dct_mod.dct_block_6.dct_unit_5.macu.mult_res\[18\]$_DFFE_PP_/D
iter:1037, pass:28, current fixing endpoint: fdct_zigzag.dct_mod.dct_block_7.dct_unit_6.macu.mult_res\[18\]$_DFFE_PP_/D, endpoint slack:-2.4486058e-10
     1038 |      10 |     247 |       82 |      3 |   119 |   -0.297 |      -63.9 |    480 | fdct_zigzag.dct_mod.dct_block_6.dct_unit_5.macu.mult_res\[18\]$_DFFE_PP_/D
iter:1038, pass:29, current fixing endpoint: fdct_zigzag.dct_mod.dct_block_7.dct_unit_6.macu.mult_res\[18\]$_DFFE_PP_/D, endpoint slack:-2.452345e-10
     1039 |      10 |     248 |       82 |      3 |   119 |   -0.297 |      -63.9 |    480 | fdct_zigzag.dct_mod.dct_block_6.dct_unit_5.macu.mult_res\[18\]$_DFFE_PP_/D
iter:1039, pass:30, current fixing endpoint: fdct_zigzag.dct_mod.dct_block_7.dct_unit_6.macu.mult_res\[18\]$_DFFE_PP_/D, endpoint slack:-2.4543612e-10
     1040 |      10 |     249 |       82 |      3 |   119 |   -0.297 |      -63.9 |    480 | fdct_zigzag.dct_mod.dct_block_6.dct_unit_5.macu.mult_res\[18\]$_DFFE_PP_/D
iter:1040, pass:31, current fixing endpoint: fdct_zigzag.dct_mod.dct_block_7.dct_unit_6.macu.mult_res\[18\]$_DFFE_PP_/D, endpoint slack:-2.4569036e-10
     1041 |      10 |     250 |       82 |      3 |   119 |   -0.297 |      -63.9 |    480 | fdct_zigzag.dct_mod.dct_block_6.dct_unit_5.macu.mult_res\[18\]$_DFFE_PP_/D
iter:1041, pass:32, current fixing endpoint: fdct_zigzag.dct_mod.dct_block_7.dct_unit_6.macu.mult_res\[18\]$_DFFE_PP_/D, endpoint slack:-2.465006e-10
     1042 |      10 |     251 |       82 |      3 |   119 |   -0.297 |      -63.9 |    480 | fdct_zigzag.dct_mod.dct_block_6.dct_unit_5.macu.mult_res\[18\]$_DFFE_PP_/D
iter:1042, pass:33, current fixing endpoint: fdct_zigzag.dct_mod.dct_block_7.dct_unit_6.macu.mult_res\[18\]$_DFFE_PP_/D, endpoint slack:-2.456746e-10
     1043 |      10 |     252 |       82 |      3 |   119 |   -0.297 |      -63.9 |    480 | fdct_zigzag.dct_mod.dct_block_6.dct_unit_5.macu.mult_res\[18\]$_DFFE_PP_/D
iter:1043, pass:34, current fixing endpoint: fdct_zigzag.dct_mod.dct_block_7.dct_unit_6.macu.mult_res\[18\]$_DFFE_PP_/D, endpoint slack:-2.4024938e-10
     1044 |      10 |     253 |       82 |      3 |   119 |   -0.297 |      -63.9 |    480 | fdct_zigzag.dct_mod.dct_block_6.dct_unit_5.macu.mult_res\[18\]$_DFFE_PP_/D
iter:1044, pass:35, current fixing endpoint: fdct_zigzag.dct_mod.dct_block_7.dct_unit_6.macu.mult_res\[18\]$_DFFE_PP_/D, endpoint slack:-2.418017e-10
     1045 |      10 |     254 |       82 |      3 |   119 |   -0.297 |      -63.9 |    480 | fdct_zigzag.dct_mod.dct_block_6.dct_unit_5.macu.mult_res\[18\]$_DFFE_PP_/D
iter:1045, pass:36, current fixing endpoint: fdct_zigzag.dct_mod.dct_block_7.dct_unit_6.macu.mult_res\[18\]$_DFFE_PP_/D, endpoint slack:-2.4564728e-10
     1046 |      10 |     255 |       82 |      3 |   119 |   -0.297 |      -63.9 |    480 | fdct_zigzag.dct_mod.dct_block_6.dct_unit_5.macu.mult_res\[18\]$_DFFE_PP_/D
iter:1046, pass:37, current fixing endpoint: fdct_zigzag.dct_mod.dct_block_7.dct_unit_6.macu.mult_res\[18\]$_DFFE_PP_/D, endpoint slack:-2.4141933e-10
     1046 |      10 |     232 |       82 |      3 |   118 |   -0.290 |      -62.7 |    480 | fdct_zigzag.dct_mod.dct_block_6.dct_unit_5.macu.mult_res\[18\]$_DFFE_PP_/D
     1047 |      10 |     232 |       82 |      3 |   118 |   -0.290 |      -62.7 |    480 | fdct_zigzag.dct_mod.dct_block_6.dct_unit_5.macu.mult_res\[18\]$_DFFE_PP_/D
iter:1047, pass:1, current fixing endpoint: fdct_zigzag.dct_mod.dct_block_1.dct_unit_1.macu.mult_res\[18\]$_DFFE_PP_/D, endpoint slack:-2.7127567e-10
     1048 |      10 |     232 |       82 |      4 |   118 |   -0.297 |      -64.1 |    480 | fdct_zigzag.dct_mod.dct_block_6.dct_unit_5.macu.mult_res\[18\]$_DFFE_PP_/D
iter:1048, pass:2, current fixing endpoint: fdct_zigzag.dct_mod.dct_block_1.dct_unit_1.macu.mult_res\[18\]$_DFFE_PP_/D, endpoint slack:-2.5551294e-10
     1049 |      10 |     233 |       82 |      4 |   118 |   -0.297 |      -64.1 |    480 | fdct_zigzag.dct_mod.dct_block_6.dct_unit_5.macu.mult_res\[18\]$_DFFE_PP_/D
iter:1049, pass:3, current fixing endpoint: fdct_zigzag.dct_mod.dct_block_1.dct_unit_1.macu.mult_res\[18\]$_DFFE_PP_/D, endpoint slack:-2.429943e-10
     1050 |      10 |     233 |       84 |      4 |   118 |   -0.297 |      -64.1 |    480 | fdct_zigzag.dct_mod.dct_block_6.dct_unit_5.macu.mult_res\[18\]$_DFFE_PP_/D
iter:1050, pass:4, current fixing endpoint: fdct_zigzag.dct_mod.dct_block_1.dct_unit_1.macu.mult_res\[18\]$_DFFE_PP_/D, endpoint slack:-2.3980484e-10
     1051 |      10 |     234 |       84 |      4 |   118 |   -0.297 |      -64.0 |    480 | fdct_zigzag.dct_mod.dct_block_6.dct_unit_5.macu.mult_res\[18\]$_DFFE_PP_/D
iter:1051, pass:5, current fixing endpoint: fdct_zigzag.dct_mod.dct_block_1.dct_unit_1.macu.mult_res\[18\]$_DFFE_PP_/D, endpoint slack:-2.3401747e-10
     1052 |      10 |     235 |       84 |      4 |   118 |   -0.297 |      -64.2 |    480 | fdct_zigzag.dct_mod.dct_block_6.dct_unit_5.macu.mult_res\[18\]$_DFFE_PP_/D
iter:1052, pass:6, current fixing endpoint: fdct_zigzag.dct_mod.dct_block_1.dct_unit_1.macu.mult_res\[18\]$_DFFE_PP_/D, endpoint slack:-2.4409208e-10
     1053 |      10 |     236 |       84 |      4 |   118 |   -0.297 |      -64.1 |    480 | fdct_zigzag.dct_mod.dct_block_6.dct_unit_5.macu.mult_res\[18\]$_DFFE_PP_/D
iter:1053, pass:7, current fixing endpoint: fdct_zigzag.dct_mod.dct_block_1.dct_unit_1.macu.mult_res\[18\]$_DFFE_PP_/D, endpoint slack:-2.4509794e-10
     1054 |      10 |     237 |       84 |      4 |   118 |   -0.297 |      -64.1 |    480 | fdct_zigzag.dct_mod.dct_block_6.dct_unit_5.macu.mult_res\[18\]$_DFFE_PP_/D
iter:1054, pass:8, current fixing endpoint: fdct_zigzag.dct_mod.dct_block_1.dct_unit_1.macu.mult_res\[18\]$_DFFE_PP_/D, endpoint slack:-2.445344e-10
     1055 |      10 |     238 |       84 |      4 |   118 |   -0.297 |      -64.1 |    480 | fdct_zigzag.dct_mod.dct_block_6.dct_unit_5.macu.mult_res\[18\]$_DFFE_PP_/D
iter:1055, pass:9, current fixing endpoint: fdct_zigzag.dct_mod.dct_block_1.dct_unit_1.macu.mult_res\[18\]$_DFFE_PP_/D, endpoint slack:-2.4826208e-10
     1056 |      10 |     239 |       84 |      4 |   118 |   -0.297 |      -64.1 |    480 | fdct_zigzag.dct_mod.dct_block_6.dct_unit_5.macu.mult_res\[18\]$_DFFE_PP_/D
iter:1056, pass:10, current fixing endpoint: fdct_zigzag.dct_mod.dct_block_1.dct_unit_1.macu.mult_res\[18\]$_DFFE_PP_/D, endpoint slack:-2.4640734e-10
     1057 |      10 |     240 |       84 |      4 |   118 |   -0.297 |      -64.1 |    480 | fdct_zigzag.dct_mod.dct_block_6.dct_unit_5.macu.mult_res\[18\]$_DFFE_PP_/D
iter:1057, pass:11, current fixing endpoint: fdct_zigzag.dct_mod.dct_block_1.dct_unit_1.macu.mult_res\[18\]$_DFFE_PP_/D, endpoint slack:-2.447731e-10
     1058 |      10 |     241 |       84 |      4 |   118 |   -0.297 |      -64.1 |    480 | fdct_zigzag.dct_mod.dct_block_6.dct_unit_5.macu.mult_res\[18\]$_DFFE_PP_/D
iter:1058, pass:12, current fixing endpoint: fdct_zigzag.dct_mod.dct_block_1.dct_unit_1.macu.mult_res\[18\]$_DFFE_PP_/D, endpoint slack:-2.4187674e-10
     1059 |      10 |     242 |       84 |      4 |   118 |   -0.297 |      -64.1 |    480 | fdct_zigzag.dct_mod.dct_block_6.dct_unit_5.macu.mult_res\[18\]$_DFFE_PP_/D
iter:1059, pass:13, current fixing endpoint: fdct_zigzag.dct_mod.dct_block_1.dct_unit_1.macu.mult_res\[18\]$_DFFE_PP_/D, endpoint slack:-2.4168445e-10
     1060 |      10 |     243 |       84 |      4 |   118 |   -0.297 |      -64.1 |    480 | fdct_zigzag.dct_mod.dct_block_6.dct_unit_5.macu.mult_res\[18\]$_DFFE_PP_/D
iter:1060, pass:14, current fixing endpoint: fdct_zigzag.dct_mod.dct_block_1.dct_unit_1.macu.mult_res\[18\]$_DFFE_PP_/D, endpoint slack:-2.4166202e-10
     1061 |      10 |     244 |       84 |      4 |   118 |   -0.297 |      -64.2 |    480 | fdct_zigzag.dct_mod.dct_block_6.dct_unit_5.macu.mult_res\[18\]$_DFFE_PP_/D
iter:1061, pass:15, current fixing endpoint: fdct_zigzag.dct_mod.dct_block_1.dct_unit_1.macu.mult_res\[18\]$_DFFE_PP_/D, endpoint slack:-2.4172353e-10
     1062 |      10 |     245 |       84 |      4 |   118 |   -0.297 |      -64.1 |    480 | fdct_zigzag.dct_mod.dct_block_6.dct_unit_5.macu.mult_res\[18\]$_DFFE_PP_/D
iter:1062, pass:16, current fixing endpoint: fdct_zigzag.dct_mod.dct_block_1.dct_unit_1.macu.mult_res\[18\]$_DFFE_PP_/D, endpoint slack:-2.3991786e-10
     1063 |      10 |     246 |       84 |      4 |   118 |   -0.297 |      -64.2 |    480 | fdct_zigzag.dct_mod.dct_block_6.dct_unit_5.macu.mult_res\[18\]$_DFFE_PP_/D
iter:1063, pass:17, current fixing endpoint: fdct_zigzag.dct_mod.dct_block_1.dct_unit_1.macu.mult_res\[18\]$_DFFE_PP_/D, endpoint slack:-2.4169378e-10
     1064 |      10 |     247 |       84 |      4 |   118 |   -0.301 |      -65.4 |    480 | fdct_zigzag.dct_mod.dct_block_6.dct_unit_5.macu.mult_res\[18\]$_DFFE_PP_/D
iter:1064, pass:18, current fixing endpoint: fdct_zigzag.dct_mod.dct_block_1.dct_unit_1.macu.mult_res\[18\]$_DFFE_PP_/D, endpoint slack:-2.4562286e-10
     1065 |      10 |     247 |       84 |      4 |   119 |   -0.301 |      -65.4 |    480 | fdct_zigzag.dct_mod.dct_block_6.dct_unit_5.macu.mult_res\[18\]$_DFFE_PP_/D
iter:1065, pass:19, current fixing endpoint: fdct_zigzag.dct_mod.dct_block_1.dct_unit_1.macu.mult_res\[18\]$_DFFE_PP_/D, endpoint slack:-2.4693003e-10
     1066 |      10 |     248 |       84 |      4 |   119 |   -0.301 |      -65.4 |    480 | fdct_zigzag.dct_mod.dct_block_6.dct_unit_5.macu.mult_res\[18\]$_DFFE_PP_/D
iter:1066, pass:20, current fixing endpoint: fdct_zigzag.dct_mod.dct_block_1.dct_unit_1.macu.mult_res\[18\]$_DFFE_PP_/D, endpoint slack:-2.4722557e-10
     1067 |      10 |     249 |       84 |      4 |   119 |   -0.301 |      -65.4 |    480 | fdct_zigzag.dct_mod.dct_block_6.dct_unit_5.macu.mult_res\[18\]$_DFFE_PP_/D
iter:1067, pass:21, current fixing endpoint: fdct_zigzag.dct_mod.dct_block_1.dct_unit_1.macu.mult_res\[18\]$_DFFE_PP_/D, endpoint slack:-2.4186764e-10
     1068 |      10 |     250 |       84 |      4 |   119 |   -0.301 |      -65.4 |    480 | fdct_zigzag.dct_mod.dct_block_6.dct_unit_5.macu.mult_res\[18\]$_DFFE_PP_/D
iter:1068, pass:22, current fixing endpoint: fdct_zigzag.dct_mod.dct_block_1.dct_unit_1.macu.mult_res\[18\]$_DFFE_PP_/D, endpoint slack:-2.41821e-10
     1069 |      10 |     251 |       84 |      4 |   119 |   -0.301 |      -65.4 |    480 | fdct_zigzag.dct_mod.dct_block_6.dct_unit_5.macu.mult_res\[18\]$_DFFE_PP_/D
iter:1069, pass:23, current fixing endpoint: fdct_zigzag.dct_mod.dct_block_1.dct_unit_1.macu.mult_res\[18\]$_DFFE_PP_/D, endpoint slack:-2.4217184e-10
     1070 |      10 |     252 |       84 |      4 |   119 |   -0.301 |      -65.4 |    480 | fdct_zigzag.dct_mod.dct_block_6.dct_unit_5.macu.mult_res\[18\]$_DFFE_PP_/D
iter:1070, pass:24, current fixing endpoint: fdct_zigzag.dct_mod.dct_block_1.dct_unit_1.macu.mult_res\[18\]$_DFFE_PP_/D, endpoint slack:-2.425733e-10
     1071 |      10 |     253 |       84 |      4 |   119 |   -0.301 |      -65.5 |    480 | fdct_zigzag.dct_mod.dct_block_6.dct_unit_5.macu.mult_res\[18\]$_DFFE_PP_/D
iter:1071, pass:25, current fixing endpoint: fdct_zigzag.dct_mod.dct_block_1.dct_unit_1.macu.mult_res\[18\]$_DFFE_PP_/D, endpoint slack:-2.502869e-10
     1072 |      10 |     254 |       84 |      4 |   119 |   -0.301 |      -65.4 |    480 | fdct_zigzag.dct_mod.dct_block_6.dct_unit_5.macu.mult_res\[18\]$_DFFE_PP_/D
iter:1072, pass:26, current fixing endpoint: fdct_zigzag.dct_mod.dct_block_1.dct_unit_1.macu.mult_res\[18\]$_DFFE_PP_/D, endpoint slack:-2.4318725e-10
     1073 |      10 |     255 |       84 |      4 |   119 |   -0.301 |      -65.4 |    480 | fdct_zigzag.dct_mod.dct_block_6.dct_unit_5.macu.mult_res\[18\]$_DFFE_PP_/D
iter:1073, pass:27, current fixing endpoint: fdct_zigzag.dct_mod.dct_block_1.dct_unit_1.macu.mult_res\[18\]$_DFFE_PP_/D, endpoint slack:-2.448275e-10
     1074 |      10 |     255 |       84 |      4 |   120 |   -0.301 |      -65.4 |    480 | fdct_zigzag.dct_mod.dct_block_6.dct_unit_5.macu.mult_res\[18\]$_DFFE_PP_/D
iter:1074, pass:28, current fixing endpoint: fdct_zigzag.dct_mod.dct_block_1.dct_unit_1.macu.mult_res\[18\]$_DFFE_PP_/D, endpoint slack:-2.4714808e-10
     1074 |      10 |     238 |       83 |      3 |   118 |   -0.291 |      -63.0 |    480 | fdct_zigzag.dct_mod.dct_block_6.dct_unit_5.macu.mult_res\[18\]$_DFFE_PP_/D
     1075 |      10 |     238 |       83 |      3 |   118 |   -0.291 |      -63.0 |    480 | fdct_zigzag.dct_mod.dct_block_6.dct_unit_5.macu.mult_res\[18\]$_DFFE_PP_/D
iter:1075, pass:1, current fixing endpoint: fdct_zigzag.dct_mod.dct_block_5.dct_unit_7.macu.mult_res\[18\]$_DFFE_PP_/D, endpoint slack:-2.647278e-10
     1076 |      10 |     239 |       83 |      3 |   118 |   -0.291 |      -63.0 |    480 | fdct_zigzag.dct_mod.dct_block_6.dct_unit_5.macu.mult_res\[18\]$_DFFE_PP_/D
iter:1076, pass:2, current fixing endpoint: fdct_zigzag.dct_mod.dct_block_5.dct_unit_7.macu.mult_res\[18\]$_DFFE_PP_/D, endpoint slack:-2.590519e-10
     1077 |      10 |     240 |       83 |      3 |   118 |   -0.291 |      -63.0 |    480 | fdct_zigzag.dct_mod.dct_block_6.dct_unit_5.macu.mult_res\[18\]$_DFFE_PP_/D
iter:1077, pass:3, current fixing endpoint: fdct_zigzag.dct_mod.dct_block_5.dct_unit_7.macu.mult_res\[18\]$_DFFE_PP_/D, endpoint slack:-2.5735403e-10
     1078 |      10 |     241 |       83 |      3 |   118 |   -0.291 |      -63.0 |    480 | fdct_zigzag.dct_mod.dct_block_6.dct_unit_5.macu.mult_res\[18\]$_DFFE_PP_/D
iter:1078, pass:4, current fixing endpoint: fdct_zigzag.dct_mod.dct_block_5.dct_unit_7.macu.mult_res\[18\]$_DFFE_PP_/D, endpoint slack:-2.5498104e-10
     1079 |      10 |     241 |       83 |      3 |   119 |   -0.291 |      -63.1 |    480 | fdct_zigzag.dct_mod.dct_block_6.dct_unit_5.macu.mult_res\[18\]$_DFFE_PP_/D
iter:1079, pass:5, current fixing endpoint: fdct_zigzag.dct_mod.dct_block_5.dct_unit_7.macu.mult_res\[18\]$_DFFE_PP_/D, endpoint slack:-2.658601e-10
     1080 |      10 |     242 |       83 |      3 |   119 |   -0.291 |      -63.1 |    480 | fdct_zigzag.dct_mod.dct_block_6.dct_unit_5.macu.mult_res\[18\]$_DFFE_PP_/D
iter:1080, pass:6, current fixing endpoint: fdct_zigzag.dct_mod.dct_block_5.dct_unit_7.macu.mult_res\[18\]$_DFFE_PP_/D, endpoint slack:-2.6674452e-10
     1081 |      10 |     243 |       83 |      3 |   119 |   -0.291 |      -63.1 |    480 | fdct_zigzag.dct_mod.dct_block_6.dct_unit_5.macu.mult_res\[18\]$_DFFE_PP_/D
iter:1081, pass:7, current fixing endpoint: fdct_zigzag.dct_mod.dct_block_5.dct_unit_7.macu.mult_res\[18\]$_DFFE_PP_/D, endpoint slack:-2.6626668e-10
     1082 |      11 |     243 |       83 |      3 |   119 |   -0.291 |      -63.1 |    480 | fdct_zigzag.dct_mod.dct_block_6.dct_unit_5.macu.mult_res\[18\]$_DFFE_PP_/D
iter:1082, pass:8, current fixing endpoint: fdct_zigzag.dct_mod.dct_block_5.dct_unit_7.macu.mult_res\[18\]$_DFFE_PP_/D, endpoint slack:-2.8471747e-10
     1083 |      11 |     243 |       83 |      3 |   120 |   -0.291 |      -63.1 |    480 | fdct_zigzag.dct_mod.dct_block_6.dct_unit_5.macu.mult_res\[18\]$_DFFE_PP_/D
iter:1083, pass:9, current fixing endpoint: fdct_zigzag.dct_mod.dct_block_5.dct_unit_7.macu.mult_res\[18\]$_DFFE_PP_/D, endpoint slack:-2.8427227e-10
     1084 |      11 |     243 |       83 |      3 |   121 |   -0.291 |      -63.1 |    480 | fdct_zigzag.dct_mod.dct_block_6.dct_unit_5.macu.mult_res\[18\]$_DFFE_PP_/D
iter:1084, pass:10, current fixing endpoint: fdct_zigzag.dct_mod.dct_block_5.dct_unit_7.macu.mult_res\[18\]$_DFFE_PP_/D, endpoint slack:-2.7728875e-10
     1085 |      11 |     243 |       83 |      3 |   122 |   -0.291 |      -63.1 |    480 | fdct_zigzag.dct_mod.dct_block_6.dct_unit_5.macu.mult_res\[18\]$_DFFE_PP_/D
iter:1085, pass:11, current fixing endpoint: fdct_zigzag.dct_mod.dct_block_5.dct_unit_7.macu.mult_res\[18\]$_DFFE_PP_/D, endpoint slack:-2.8295666e-10
     1086 |      11 |     243 |       83 |      3 |   123 |   -0.292 |      -63.1 |    480 | fdct_zigzag.dct_mod.dct_block_5.dct_unit_7.macu.mult_res\[18\]$_DFFE_PP_/D
iter:1086, pass:12, current fixing endpoint: fdct_zigzag.dct_mod.dct_block_5.dct_unit_7.macu.mult_res\[18\]$_DFFE_PP_/D, endpoint slack:-2.9223457e-10
     1087 |      11 |     244 |       83 |      3 |   123 |   -0.292 |      -63.1 |    480 | fdct_zigzag.dct_mod.dct_block_5.dct_unit_7.macu.mult_res\[18\]$_DFFE_PP_/D
iter:1087, pass:13, current fixing endpoint: fdct_zigzag.dct_mod.dct_block_5.dct_unit_7.macu.mult_res\[18\]$_DFFE_PP_/D, endpoint slack:-2.9159597e-10
     1088 |      11 |     244 |       83 |      3 |   124 |   -0.302 |      -63.1 |    480 | fdct_zigzag.dct_mod.dct_block_5.dct_unit_7.macu.mult_res\[18\]$_DFFE_PP_/D
iter:1088, pass:14, current fixing endpoint: fdct_zigzag.dct_mod.dct_block_5.dct_unit_7.macu.mult_res\[18\]$_DFFE_PP_/D, endpoint slack:-3.0163794e-10
     1089 |      11 |     244 |       83 |      3 |   125 |   -0.313 |      -63.2 |    480 | fdct_zigzag.dct_mod.dct_block_5.dct_unit_7.macu.mult_res\[18\]$_DFFE_PP_/D
iter:1089, pass:15, current fixing endpoint: fdct_zigzag.dct_mod.dct_block_5.dct_unit_7.macu.mult_res\[18\]$_DFFE_PP_/D, endpoint slack:-3.1283565e-10
     1090 |      11 |     245 |       83 |      3 |   125 |   -0.316 |      -63.2 |    480 | fdct_zigzag.dct_mod.dct_block_5.dct_unit_7.macu.mult_res\[18\]$_DFFE_PP_/D
iter:1090, pass:16, current fixing endpoint: fdct_zigzag.dct_mod.dct_block_5.dct_unit_7.macu.mult_res\[18\]$_DFFE_PP_/D, endpoint slack:-3.1566738e-10
     1091 |      11 |     246 |       83 |      3 |   125 |   -0.314 |      -63.2 |    480 | fdct_zigzag.dct_mod.dct_block_5.dct_unit_7.macu.mult_res\[18\]$_DFFE_PP_/D
iter:1091, pass:17, current fixing endpoint: fdct_zigzag.dct_mod.dct_block_5.dct_unit_7.macu.mult_res\[18\]$_DFFE_PP_/D, endpoint slack:-3.143369e-10
     1092 |      11 |     247 |       83 |      3 |   125 |   -0.316 |      -63.2 |    480 | fdct_zigzag.dct_mod.dct_block_5.dct_unit_7.macu.mult_res\[18\]$_DFFE_PP_/D
iter:1092, pass:18, current fixing endpoint: fdct_zigzag.dct_mod.dct_block_5.dct_unit_7.macu.mult_res\[18\]$_DFFE_PP_/D, endpoint slack:-3.1585234e-10
     1093 |      11 |     248 |       83 |      3 |   125 |   -0.315 |      -63.2 |    480 | fdct_zigzag.dct_mod.dct_block_5.dct_unit_7.macu.mult_res\[18\]$_DFFE_PP_/D
iter:1093, pass:19, current fixing endpoint: fdct_zigzag.dct_mod.dct_block_5.dct_unit_7.macu.mult_res\[18\]$_DFFE_PP_/D, endpoint slack:-3.146473e-10
     1094 |      11 |     249 |       83 |      3 |   125 |   -0.317 |      -63.2 |    480 | fdct_zigzag.dct_mod.dct_block_5.dct_unit_7.macu.mult_res\[18\]$_DFFE_PP_/D
iter:1094, pass:20, current fixing endpoint: fdct_zigzag.dct_mod.dct_block_5.dct_unit_7.macu.mult_res\[18\]$_DFFE_PP_/D, endpoint slack:-3.1723324e-10
     1095 |      11 |     250 |       83 |      3 |   125 |   -0.320 |      -64.1 |    480 | fdct_zigzag.dct_mod.dct_block_5.dct_unit_7.macu.mult_res\[18\]$_DFFE_PP_/D
iter:1095, pass:21, current fixing endpoint: fdct_zigzag.dct_mod.dct_block_5.dct_unit_7.macu.mult_res\[18\]$_DFFE_PP_/D, endpoint slack:-3.201549e-10
     1096 |      11 |     251 |       83 |      3 |   125 |   -0.322 |      -64.1 |    480 | fdct_zigzag.dct_mod.dct_block_5.dct_unit_7.macu.mult_res\[18\]$_DFFE_PP_/D
iter:1096, pass:22, current fixing endpoint: fdct_zigzag.dct_mod.dct_block_5.dct_unit_7.macu.mult_res\[18\]$_DFFE_PP_/D, endpoint slack:-3.215651e-10
     1097 |      11 |     252 |       83 |      3 |   125 |   -0.321 |      -64.1 |    480 | fdct_zigzag.dct_mod.dct_block_5.dct_unit_7.macu.mult_res\[18\]$_DFFE_PP_/D
iter:1097, pass:23, current fixing endpoint: fdct_zigzag.dct_mod.dct_block_5.dct_unit_7.macu.mult_res\[18\]$_DFFE_PP_/D, endpoint slack:-3.2144476e-10
     1098 |      11 |     253 |       83 |      3 |   125 |   -0.320 |      -64.1 |    480 | fdct_zigzag.dct_mod.dct_block_5.dct_unit_7.macu.mult_res\[18\]$_DFFE_PP_/D
iter:1098, pass:24, current fixing endpoint: fdct_zigzag.dct_mod.dct_block_5.dct_unit_7.macu.mult_res\[18\]$_DFFE_PP_/D, endpoint slack:-3.203312e-10
     1099 |      11 |     254 |       83 |      3 |   125 |   -0.320 |      -64.1 |    480 | fdct_zigzag.dct_mod.dct_block_5.dct_unit_7.macu.mult_res\[18\]$_DFFE_PP_/D
iter:1099, pass:25, current fixing endpoint: fdct_zigzag.dct_mod.dct_block_5.dct_unit_7.macu.mult_res\[18\]$_DFFE_PP_/D, endpoint slack:-3.1985203e-10
     1100 |      11 |     255 |       83 |      3 |   125 |   -0.319 |      -64.1 |    480 | fdct_zigzag.dct_mod.dct_block_5.dct_unit_7.macu.mult_res\[18\]$_DFFE_PP_/D
iter:1100, pass:26, current fixing endpoint: fdct_zigzag.dct_mod.dct_block_5.dct_unit_7.macu.mult_res\[18\]$_DFFE_PP_/D, endpoint slack:-3.1901626e-10
     1100 |      11 |     255 |       83 |      3 |   125 |   -0.319 |      -64.1 |    480 | fdct_zigzag.dct_mod.dct_block_5.dct_unit_7.macu.mult_res\[18\]$_DFFE_PP_/D
     1101 |      11 |     255 |       83 |      3 |   125 |   -0.319 |      -64.1 |    480 | fdct_zigzag.dct_mod.dct_block_5.dct_unit_7.macu.mult_res\[18\]$_DFFE_PP_/D
iter:1101, pass:1, current fixing endpoint: fdct_zigzag.dct_mod.dct_block_3.dct_unit_5.macu.mult_res\[18\]$_DFFE_PP_/D, endpoint slack:-2.6161617e-10
     1102 |      11 |     255 |       83 |      3 |   126 |   -0.319 |      -64.1 |    480 | fdct_zigzag.dct_mod.dct_block_5.dct_unit_7.macu.mult_res\[18\]$_DFFE_PP_/D
iter:1102, pass:2, current fixing endpoint: fdct_zigzag.dct_mod.dct_block_3.dct_unit_5.macu.mult_res\[18\]$_DFFE_PP_/D, endpoint slack:-2.5937485e-10
     1103 |      11 |     256 |       83 |      3 |   126 |   -0.319 |      -64.1 |    480 | fdct_zigzag.dct_mod.dct_block_5.dct_unit_7.macu.mult_res\[18\]$_DFFE_PP_/D
iter:1103, pass:3, current fixing endpoint: fdct_zigzag.dct_mod.dct_block_3.dct_unit_5.macu.mult_res\[18\]$_DFFE_PP_/D, endpoint slack:-2.570283e-10
     1104 |      11 |     256 |       85 |      3 |   126 |   -0.319 |      -64.1 |    480 | fdct_zigzag.dct_mod.dct_block_5.dct_unit_7.macu.mult_res\[18\]$_DFFE_PP_/D
iter:1104, pass:4, current fixing endpoint: fdct_zigzag.dct_mod.dct_block_3.dct_unit_5.macu.mult_res\[18\]$_DFFE_PP_/D, endpoint slack:-2.442443e-10
     1105 |      11 |     256 |       85 |      4 |   126 |   -0.326 |      -65.5 |    480 | fdct_zigzag.dct_mod.dct_block_5.dct_unit_7.macu.mult_res\[18\]$_DFFE_PP_/D
iter:1105, pass:5, current fixing endpoint: fdct_zigzag.dct_mod.dct_block_3.dct_unit_5.macu.mult_res\[18\]$_DFFE_PP_/D, endpoint slack:-2.4788427e-10
     1106 |      11 |     257 |       85 |      4 |   126 |   -0.326 |      -65.5 |    480 | fdct_zigzag.dct_mod.dct_block_5.dct_unit_7.macu.mult_res\[18\]$_DFFE_PP_/D
iter:1106, pass:6, current fixing endpoint: fdct_zigzag.dct_mod.dct_block_3.dct_unit_5.macu.mult_res\[18\]$_DFFE_PP_/D, endpoint slack:-2.48095e-10
     1107 |      11 |     258 |       85 |      4 |   126 |   -0.326 |      -65.5 |    480 | fdct_zigzag.dct_mod.dct_block_5.dct_unit_7.macu.mult_res\[18\]$_DFFE_PP_/D
iter:1107, pass:7, current fixing endpoint: fdct_zigzag.dct_mod.dct_block_3.dct_unit_5.macu.mult_res\[18\]$_DFFE_PP_/D, endpoint slack:-2.4775015e-10
     1108 |      11 |     259 |       85 |      4 |   126 |   -0.326 |      -65.6 |    480 | fdct_zigzag.dct_mod.dct_block_5.dct_unit_7.macu.mult_res\[18\]$_DFFE_PP_/D
iter:1108, pass:8, current fixing endpoint: fdct_zigzag.dct_mod.dct_block_3.dct_unit_5.macu.mult_res\[18\]$_DFFE_PP_/D, endpoint slack:-2.6776925e-10
     1109 |      11 |     260 |       85 |      4 |   126 |   -0.326 |      -65.6 |    480 | fdct_zigzag.dct_mod.dct_block_5.dct_unit_7.macu.mult_res\[18\]$_DFFE_PP_/D
iter:1109, pass:9, current fixing endpoint: fdct_zigzag.dct_mod.dct_block_3.dct_unit_5.macu.mult_res\[18\]$_DFFE_PP_/D, endpoint slack:-2.5286873e-10
     1110 |      11 |     261 |       85 |      4 |   126 |   -0.326 |      -65.6 |    480 | fdct_zigzag.dct_mod.dct_block_5.dct_unit_7.macu.mult_res\[18\]$_DFFE_PP_/D
iter:1110, pass:10, current fixing endpoint: fdct_zigzag.dct_mod.dct_block_3.dct_unit_5.macu.mult_res\[18\]$_DFFE_PP_/D, endpoint slack:-2.5003855e-10
     1111 |      11 |     262 |       85 |      4 |   126 |   -0.326 |      -65.6 |    480 | fdct_zigzag.dct_mod.dct_block_5.dct_unit_7.macu.mult_res\[18\]$_DFFE_PP_/D
iter:1111, pass:11, current fixing endpoint: fdct_zigzag.dct_mod.dct_block_3.dct_unit_5.macu.mult_res\[18\]$_DFFE_PP_/D, endpoint slack:-2.5007385e-10
     1112 |      11 |     263 |       85 |      4 |   126 |   -0.326 |      -65.6 |    480 | fdct_zigzag.dct_mod.dct_block_5.dct_unit_7.macu.mult_res\[18\]$_DFFE_PP_/D
iter:1112, pass:12, current fixing endpoint: fdct_zigzag.dct_mod.dct_block_3.dct_unit_5.macu.mult_res\[18\]$_DFFE_PP_/D, endpoint slack:-2.4906244e-10
     1113 |      11 |     264 |       85 |      4 |   126 |   -0.326 |      -65.6 |    480 | fdct_zigzag.dct_mod.dct_block_5.dct_unit_7.macu.mult_res\[18\]$_DFFE_PP_/D
iter:1113, pass:13, current fixing endpoint: fdct_zigzag.dct_mod.dct_block_3.dct_unit_5.macu.mult_res\[18\]$_DFFE_PP_/D, endpoint slack:-2.4918412e-10
     1114 |      11 |     265 |       85 |      4 |   126 |   -0.326 |      -65.6 |    480 | fdct_zigzag.dct_mod.dct_block_5.dct_unit_7.macu.mult_res\[18\]$_DFFE_PP_/D
iter:1114, pass:14, current fixing endpoint: fdct_zigzag.dct_mod.dct_block_3.dct_unit_5.macu.mult_res\[18\]$_DFFE_PP_/D, endpoint slack:-2.4757718e-10
     1115 |      11 |     266 |       85 |      4 |   126 |   -0.326 |      -65.6 |    480 | fdct_zigzag.dct_mod.dct_block_5.dct_unit_7.macu.mult_res\[18\]$_DFFE_PP_/D
iter:1115, pass:15, current fixing endpoint: fdct_zigzag.dct_mod.dct_block_3.dct_unit_5.macu.mult_res\[18\]$_DFFE_PP_/D, endpoint slack:-2.4746816e-10
     1116 |      11 |     267 |       85 |      4 |   126 |   -0.326 |      -65.6 |    480 | fdct_zigzag.dct_mod.dct_block_5.dct_unit_7.macu.mult_res\[18\]$_DFFE_PP_/D
iter:1116, pass:16, current fixing endpoint: fdct_zigzag.dct_mod.dct_block_3.dct_unit_5.macu.mult_res\[18\]$_DFFE_PP_/D, endpoint slack:-2.4879776e-10
     1117 |      11 |     268 |       85 |      4 |   126 |   -0.326 |      -65.6 |    480 | fdct_zigzag.dct_mod.dct_block_5.dct_unit_7.macu.mult_res\[18\]$_DFFE_PP_/D
iter:1117, pass:17, current fixing endpoint: fdct_zigzag.dct_mod.dct_block_3.dct_unit_5.macu.mult_res\[18\]$_DFFE_PP_/D, endpoint slack:-2.5065605e-10
     1118 |      11 |     269 |       85 |      4 |   126 |   -0.326 |      -65.6 |    480 | fdct_zigzag.dct_mod.dct_block_5.dct_unit_7.macu.mult_res\[18\]$_DFFE_PP_/D
iter:1118, pass:18, current fixing endpoint: fdct_zigzag.dct_mod.dct_block_3.dct_unit_5.macu.mult_res\[18\]$_DFFE_PP_/D, endpoint slack:-2.5260605e-10
     1119 |      11 |     269 |       85 |      5 |   126 |   -0.326 |      -65.6 |    480 | fdct_zigzag.dct_mod.dct_block_5.dct_unit_7.macu.mult_res\[18\]$_DFFE_PP_/D
iter:1119, pass:19, current fixing endpoint: fdct_zigzag.dct_mod.dct_block_3.dct_unit_5.macu.mult_res\[18\]$_DFFE_PP_/D, endpoint slack:-2.470938e-10
     1120 |      11 |     270 |       85 |      5 |   126 |   -0.326 |      -65.6 |    480 | fdct_zigzag.dct_mod.dct_block_5.dct_unit_7.macu.mult_res\[18\]$_DFFE_PP_/D
iter:1120, pass:20, current fixing endpoint: fdct_zigzag.dct_mod.dct_block_3.dct_unit_5.macu.mult_res\[18\]$_DFFE_PP_/D, endpoint slack:-2.447459e-10
     1121 |      11 |     270 |       87 |      5 |   126 |   -0.326 |      -65.6 |    480 | fdct_zigzag.dct_mod.dct_block_5.dct_unit_7.macu.mult_res\[18\]$_DFFE_PP_/D
iter:1121, pass:21, current fixing endpoint: fdct_zigzag.dct_mod.dct_block_3.dct_unit_5.macu.mult_res\[18\]$_DFFE_PP_/D, endpoint slack:-2.4243663e-10
     1121 |      11 |     256 |       86 |      3 |   126 |   -0.326 |      -65.7 |    480 | fdct_zigzag.dct_mod.dct_block_5.dct_unit_7.macu.mult_res\[18\]$_DFFE_PP_/D
     1122 |      11 |     256 |       86 |      3 |   126 |   -0.326 |      -65.7 |    480 | fdct_zigzag.dct_mod.dct_block_5.dct_unit_7.macu.mult_res\[18\]$_DFFE_PP_/D
iter:1122, pass:1, current fixing endpoint: fdct_zigzag.dct_mod.dct_block_6.dct_unit_1.macu.mult_res\[18\]$_DFFE_PP_/D, endpoint slack:-2.7806457e-10
     1123 |      11 |     256 |       86 |      3 |   127 |   -0.326 |      -65.7 |    480 | fdct_zigzag.dct_mod.dct_block_5.dct_unit_7.macu.mult_res\[18\]$_DFFE_PP_/D
iter:1123, pass:2, current fixing endpoint: fdct_zigzag.dct_mod.dct_block_6.dct_unit_1.macu.mult_res\[18\]$_DFFE_PP_/D, endpoint slack:-2.7558344e-10
     1124 |      11 |     256 |       89 |      3 |   127 |   -0.326 |      -65.6 |    480 | fdct_zigzag.dct_mod.dct_block_5.dct_unit_7.macu.mult_res\[18\]$_DFFE_PP_/D
iter:1124, pass:3, current fixing endpoint: fdct_zigzag.dct_mod.dct_block_6.dct_unit_1.macu.mult_res\[18\]$_DFFE_PP_/D, endpoint slack:-2.5469593e-10
     1125 |      11 |     256 |       89 |      3 |   128 |   -0.326 |      -65.6 |    480 | fdct_zigzag.dct_mod.dct_block_5.dct_unit_7.macu.mult_res\[18\]$_DFFE_PP_/D
iter:1125, pass:4, current fixing endpoint: fdct_zigzag.dct_mod.dct_block_6.dct_unit_1.macu.mult_res\[18\]$_DFFE_PP_/D, endpoint slack:-2.5691105e-10
     1126 |      11 |     256 |       89 |      3 |   129 |   -0.326 |      -65.6 |    480 | fdct_zigzag.dct_mod.dct_block_5.dct_unit_7.macu.mult_res\[18\]$_DFFE_PP_/D
iter:1126, pass:5, current fixing endpoint: fdct_zigzag.dct_mod.dct_block_6.dct_unit_1.macu.mult_res\[18\]$_DFFE_PP_/D, endpoint slack:-2.532209e-10
     1127 |      11 |     257 |       89 |      3 |   129 |   -0.326 |      -65.6 |    480 | fdct_zigzag.dct_mod.dct_block_5.dct_unit_7.macu.mult_res\[18\]$_DFFE_PP_/D
iter:1127, pass:6, current fixing endpoint: fdct_zigzag.dct_mod.dct_block_6.dct_unit_1.macu.mult_res\[18\]$_DFFE_PP_/D, endpoint slack:-2.506192e-10
     1128 |      11 |     258 |       89 |      3 |   129 |   -0.326 |      -65.6 |    480 | fdct_zigzag.dct_mod.dct_block_5.dct_unit_7.macu.mult_res\[18\]$_DFFE_PP_/D
iter:1128, pass:7, current fixing endpoint: fdct_zigzag.dct_mod.dct_block_6.dct_unit_1.macu.mult_res\[18\]$_DFFE_PP_/D, endpoint slack:-2.472701e-10
     1129 |      11 |     259 |       89 |      3 |   129 |   -0.326 |      -65.6 |    480 | fdct_zigzag.dct_mod.dct_block_5.dct_unit_7.macu.mult_res\[18\]$_DFFE_PP_/D
iter:1129, pass:8, current fixing endpoint: fdct_zigzag.dct_mod.dct_block_6.dct_unit_1.macu.mult_res\[18\]$_DFFE_PP_/D, endpoint slack:-2.4171187e-10
     1130 |      11 |     260 |       89 |      3 |   129 |   -0.326 |      -65.6 |    480 | fdct_zigzag.dct_mod.dct_block_5.dct_unit_7.macu.mult_res\[18\]$_DFFE_PP_/D
iter:1130, pass:9, current fixing endpoint: fdct_zigzag.dct_mod.dct_block_6.dct_unit_1.macu.mult_res\[18\]$_DFFE_PP_/D, endpoint slack:-2.408055e-10
     1131 |      11 |     260 |       89 |      3 |   130 |   -0.326 |      -65.6 |    480 | fdct_zigzag.dct_mod.dct_block_5.dct_unit_7.macu.mult_res\[18\]$_DFFE_PP_/D
iter:1131, pass:10, current fixing endpoint: fdct_zigzag.dct_mod.dct_block_6.dct_unit_1.macu.mult_res\[18\]$_DFFE_PP_/D, endpoint slack:-2.4037117e-10
     1132 |      11 |     261 |       89 |      3 |   130 |   -0.326 |      -65.6 |    480 | fdct_zigzag.dct_mod.dct_block_5.dct_unit_7.macu.mult_res\[18\]$_DFFE_PP_/D
iter:1132, pass:11, current fixing endpoint: fdct_zigzag.dct_mod.dct_block_6.dct_unit_1.macu.mult_res\[18\]$_DFFE_PP_/D, endpoint slack:-2.3916125e-10
     1133 |      11 |     262 |       89 |      3 |   130 |   -0.326 |      -65.6 |    480 | fdct_zigzag.dct_mod.dct_block_5.dct_unit_7.macu.mult_res\[18\]$_DFFE_PP_/D
iter:1133, pass:12, current fixing endpoint: fdct_zigzag.dct_mod.dct_block_6.dct_unit_1.macu.mult_res\[18\]$_DFFE_PP_/D, endpoint slack:-2.3205449e-10
     1134 |      11 |     263 |       89 |      3 |   130 |   -0.326 |      -65.6 |    480 | fdct_zigzag.dct_mod.dct_block_5.dct_unit_7.macu.mult_res\[18\]$_DFFE_PP_/D
iter:1134, pass:13, current fixing endpoint: fdct_zigzag.dct_mod.dct_block_6.dct_unit_1.macu.mult_res\[18\]$_DFFE_PP_/D, endpoint slack:-2.2848046e-10
     1135 |      11 |     263 |       89 |      3 |   131 |   -0.326 |      -65.6 |    480 | fdct_zigzag.dct_mod.dct_block_5.dct_unit_7.macu.mult_res\[18\]$_DFFE_PP_/D
iter:1135, pass:14, current fixing endpoint: fdct_zigzag.dct_mod.dct_block_6.dct_unit_1.macu.mult_res\[18\]$_DFFE_PP_/D, endpoint slack:-2.2593671e-10
     1136 |      11 |     263 |       92 |      3 |   131 |   -0.326 |      -65.5 |    480 | fdct_zigzag.dct_mod.dct_block_5.dct_unit_7.macu.mult_res\[18\]$_DFFE_PP_/D
iter:1136, pass:15, current fixing endpoint: fdct_zigzag.dct_mod.dct_block_6.dct_unit_1.macu.mult_res\[18\]$_DFFE_PP_/D, endpoint slack:-2.2507429e-10
     1137 |      11 |     264 |       92 |      3 |   131 |   -0.326 |      -65.5 |    480 | fdct_zigzag.dct_mod.dct_block_5.dct_unit_7.macu.mult_res\[18\]$_DFFE_PP_/D
iter:1137, pass:16, current fixing endpoint: fdct_zigzag.dct_mod.dct_block_6.dct_unit_1.macu.mult_res\[18\]$_DFFE_PP_/D, endpoint slack:-2.2298641e-10
     1138 |      11 |     264 |       92 |      3 |   132 |   -0.326 |      -65.4 |    480 | fdct_zigzag.dct_mod.dct_block_5.dct_unit_7.macu.mult_res\[18\]$_DFFE_PP_/D
iter:1138, pass:17, current fixing endpoint: fdct_zigzag.dct_mod.dct_block_6.dct_unit_1.macu.mult_res\[18\]$_DFFE_PP_/D, endpoint slack:-2.1984248e-10
     1139 |      11 |     265 |       92 |      3 |   132 |   -0.326 |      -65.5 |    480 | fdct_zigzag.dct_mod.dct_block_5.dct_unit_7.macu.mult_res\[18\]$_DFFE_PP_/D
iter:1139, pass:18, current fixing endpoint: fdct_zigzag.dct_mod.dct_block_6.dct_unit_1.macu.mult_res\[18\]$_DFFE_PP_/D, endpoint slack:-2.2160307e-10
     1140 |      11 |     265 |       92 |      3 |   133 |   -0.326 |      -65.5 |    480 | fdct_zigzag.dct_mod.dct_block_5.dct_unit_7.macu.mult_res\[18\]$_DFFE_PP_/D
iter:1140, pass:19, current fixing endpoint: fdct_zigzag.dct_mod.dct_block_6.dct_unit_1.macu.mult_res\[18\]$_DFFE_PP_/D, endpoint slack:-2.2167479e-10
     1141 |      11 |     266 |       92 |      3 |   133 |   -0.326 |      -65.5 |    480 | fdct_zigzag.dct_mod.dct_block_5.dct_unit_7.macu.mult_res\[18\]$_DFFE_PP_/D
iter:1141, pass:20, current fixing endpoint: fdct_zigzag.dct_mod.dct_block_6.dct_unit_1.macu.mult_res\[18\]$_DFFE_PP_/D, endpoint slack:-2.2281754e-10
     1142 |      11 |     267 |       92 |      3 |   133 |   -0.326 |      -65.4 |    480 | fdct_zigzag.dct_mod.dct_block_5.dct_unit_7.macu.mult_res\[18\]$_DFFE_PP_/D
iter:1142, pass:21, current fixing endpoint: fdct_zigzag.dct_mod.dct_block_6.dct_unit_1.macu.mult_res\[18\]$_DFFE_PP_/D, endpoint slack:-2.199475e-10
     1143 |      11 |     268 |       92 |      3 |   133 |   -0.326 |      -65.4 |    480 | fdct_zigzag.dct_mod.dct_block_5.dct_unit_7.macu.mult_res\[18\]$_DFFE_PP_/D
iter:1143, pass:22, current fixing endpoint: fdct_zigzag.dct_mod.dct_block_6.dct_unit_1.macu.mult_res\[18\]$_DFFE_PP_/D, endpoint slack:-2.1668412e-10
     1144 |      11 |     269 |       92 |      3 |   133 |   -0.326 |      -65.5 |    480 | fdct_zigzag.dct_mod.dct_block_5.dct_unit_7.macu.mult_res\[18\]$_DFFE_PP_/D
iter:1144, pass:23, current fixing endpoint: fdct_zigzag.dct_mod.dct_block_6.dct_unit_1.macu.mult_res\[18\]$_DFFE_PP_/D, endpoint slack:-2.2215463e-10
     1145 |      11 |     270 |       92 |      3 |   133 |   -0.326 |      -65.5 |    480 | fdct_zigzag.dct_mod.dct_block_5.dct_unit_7.macu.mult_res\[18\]$_DFFE_PP_/D
iter:1145, pass:24, current fixing endpoint: fdct_zigzag.dct_mod.dct_block_6.dct_unit_1.macu.mult_res\[18\]$_DFFE_PP_/D, endpoint slack:-2.1755786e-10
     1146 |      11 |     271 |       92 |      3 |   133 |   -0.326 |      -65.4 |    480 | fdct_zigzag.dct_mod.dct_block_5.dct_unit_7.macu.mult_res\[18\]$_DFFE_PP_/D
iter:1146, pass:25, current fixing endpoint: fdct_zigzag.dct_mod.dct_block_6.dct_unit_1.macu.mult_res\[18\]$_DFFE_PP_/D, endpoint slack:-2.162156e-10
     1147 |      11 |     272 |       92 |      3 |   133 |   -0.326 |      -65.4 |    480 | fdct_zigzag.dct_mod.dct_block_5.dct_unit_7.macu.mult_res\[18\]$_DFFE_PP_/D
iter:1147, pass:26, current fixing endpoint: fdct_zigzag.dct_mod.dct_block_6.dct_unit_1.macu.mult_res\[18\]$_DFFE_PP_/D, endpoint slack:-2.1398383e-10
     1148 |      11 |     273 |       92 |      3 |   133 |   -0.326 |      -65.5 |    480 | fdct_zigzag.dct_mod.dct_block_5.dct_unit_7.macu.mult_res\[18\]$_DFFE_PP_/D
iter:1148, pass:27, current fixing endpoint: fdct_zigzag.dct_mod.dct_block_6.dct_unit_1.macu.mult_res\[18\]$_DFFE_PP_/D, endpoint slack:-2.1937396e-10
     1149 |      12 |     273 |       92 |      3 |   133 |   -0.326 |      -65.5 |    480 | fdct_zigzag.dct_mod.dct_block_5.dct_unit_7.macu.mult_res\[18\]$_DFFE_PP_/D
iter:1149, pass:28, current fixing endpoint: fdct_zigzag.dct_mod.dct_block_6.dct_unit_1.macu.mult_res\[18\]$_DFFE_PP_/D, endpoint slack:-2.3109215e-10
     1150 |      12 |     273 |       92 |      3 |   134 |   -0.326 |      -65.5 |    480 | fdct_zigzag.dct_mod.dct_block_5.dct_unit_7.macu.mult_res\[18\]$_DFFE_PP_/D
iter:1150, pass:29, current fixing endpoint: fdct_zigzag.dct_mod.dct_block_6.dct_unit_1.macu.mult_res\[18\]$_DFFE_PP_/D, endpoint slack:-2.3053037e-10
     1151 |      12 |     273 |       94 |      3 |   134 |   -0.326 |      -65.4 |    480 | fdct_zigzag.dct_mod.dct_block_5.dct_unit_7.macu.mult_res\[18\]$_DFFE_PP_/D
iter:1151, pass:30, current fixing endpoint: fdct_zigzag.dct_mod.dct_block_6.dct_unit_1.macu.mult_res\[18\]$_DFFE_PP_/D, endpoint slack:-2.0747792e-10
     1152 |      12 |     274 |       94 |      3 |   134 |   -0.326 |      -65.4 |    480 | fdct_zigzag.dct_mod.dct_block_5.dct_unit_7.macu.mult_res\[18\]$_DFFE_PP_/D
iter:1152, pass:31, current fixing endpoint: fdct_zigzag.dct_mod.dct_block_6.dct_unit_1.macu.mult_res\[18\]$_DFFE_PP_/D, endpoint slack:-2.1329083e-10
     1153 |      12 |     275 |       94 |      3 |   134 |   -0.326 |      -65.5 |    480 | fdct_zigzag.dct_mod.dct_block_5.dct_unit_7.macu.mult_res\[18\]$_DFFE_PP_/D
iter:1153, pass:32, current fixing endpoint: fdct_zigzag.dct_mod.dct_block_6.dct_unit_1.macu.mult_res\[18\]$_DFFE_PP_/D, endpoint slack:-2.08778e-10
     1154 |      12 |     276 |       94 |      3 |   134 |   -0.326 |      -65.5 |    480 | fdct_zigzag.dct_mod.dct_block_5.dct_unit_7.macu.mult_res\[18\]$_DFFE_PP_/D
iter:1154, pass:33, current fixing endpoint: fdct_zigzag.dct_mod.dct_block_6.dct_unit_1.macu.mult_res\[18\]$_DFFE_PP_/D, endpoint slack:-2.0978186e-10
     1155 |      12 |     277 |       94 |      3 |   134 |   -0.326 |      -65.5 |    480 | fdct_zigzag.dct_mod.dct_block_5.dct_unit_7.macu.mult_res\[18\]$_DFFE_PP_/D
iter:1155, pass:34, current fixing endpoint: fdct_zigzag.dct_mod.dct_block_6.dct_unit_1.macu.mult_res\[18\]$_DFFE_PP_/D, endpoint slack:-2.0487578e-10
     1156 |      12 |     278 |       94 |      3 |   134 |   -0.326 |      -65.5 |    480 | fdct_zigzag.dct_mod.dct_block_5.dct_unit_7.macu.mult_res\[18\]$_DFFE_PP_/D
iter:1156, pass:35, current fixing endpoint: fdct_zigzag.dct_mod.dct_block_6.dct_unit_1.macu.mult_res\[18\]$_DFFE_PP_/D, endpoint slack:-2.0468305e-10
     1157 |      12 |     278 |       94 |      3 |   135 |   -0.326 |      -65.5 |    480 | fdct_zigzag.dct_mod.dct_block_5.dct_unit_7.macu.mult_res\[18\]$_DFFE_PP_/D
iter:1157, pass:36, current fixing endpoint: fdct_zigzag.dct_mod.dct_block_6.dct_unit_1.macu.mult_res\[18\]$_DFFE_PP_/D, endpoint slack:-2.1020352e-10
     1158 |      12 |     278 |       94 |      3 |   136 |   -0.326 |      -65.5 |    480 | fdct_zigzag.dct_mod.dct_block_5.dct_unit_7.macu.mult_res\[18\]$_DFFE_PP_/D
iter:1158, pass:37, current fixing endpoint: fdct_zigzag.dct_mod.dct_block_6.dct_unit_1.macu.mult_res\[18\]$_DFFE_PP_/D, endpoint slack:-2.0483604e-10
     1159 |      12 |     279 |       94 |      3 |   136 |   -0.326 |      -65.5 |    480 | fdct_zigzag.dct_mod.dct_block_5.dct_unit_7.macu.mult_res\[18\]$_DFFE_PP_/D
iter:1159, pass:38, current fixing endpoint: fdct_zigzag.dct_mod.dct_block_6.dct_unit_1.macu.mult_res\[18\]$_DFFE_PP_/D, endpoint slack:-2.0442503e-10
     1160 |      12 |     280 |       94 |      3 |   136 |   -0.326 |      -65.5 |    480 | fdct_zigzag.dct_mod.dct_block_5.dct_unit_7.macu.mult_res\[18\]$_DFFE_PP_/D
iter:1160, pass:39, current fixing endpoint: fdct_zigzag.dct_mod.dct_block_6.dct_unit_1.macu.mult_res\[18\]$_DFFE_PP_/D, endpoint slack:-2.0555058e-10
     1161 |      12 |     280 |       94 |      3 |   137 |   -0.326 |      -65.5 |    480 | fdct_zigzag.dct_mod.dct_block_5.dct_unit_7.macu.mult_res\[18\]$_DFFE_PP_/D
iter:1161, pass:40, current fixing endpoint: fdct_zigzag.dct_mod.dct_block_6.dct_unit_1.macu.mult_res\[18\]$_DFFE_PP_/D, endpoint slack:-2.0338764e-10
     1162 |      12 |     281 |       94 |      3 |   137 |   -0.326 |      -65.5 |    480 | fdct_zigzag.dct_mod.dct_block_5.dct_unit_7.macu.mult_res\[18\]$_DFFE_PP_/D
iter:1162, pass:41, current fixing endpoint: fdct_zigzag.dct_mod.dct_block_6.dct_unit_1.macu.mult_res\[18\]$_DFFE_PP_/D, endpoint slack:-2.0493529e-10
     1163 |      12 |     282 |       94 |      3 |   137 |   -0.326 |      -65.5 |    480 | fdct_zigzag.dct_mod.dct_block_5.dct_unit_7.macu.mult_res\[18\]$_DFFE_PP_/D
iter:1163, pass:42, current fixing endpoint: fdct_zigzag.dct_mod.dct_block_6.dct_unit_1.macu.mult_res\[18\]$_DFFE_PP_/D, endpoint slack:-2.057915e-10
     1164 |      12 |     283 |       94 |      3 |   137 |   -0.326 |      -65.4 |    480 | fdct_zigzag.dct_mod.dct_block_5.dct_unit_7.macu.mult_res\[18\]$_DFFE_PP_/D
iter:1164, pass:43, current fixing endpoint: fdct_zigzag.dct_mod.dct_block_6.dct_unit_1.macu.mult_res\[18\]$_DFFE_PP_/D, endpoint slack:-2.0368285e-10
     1165 |      12 |     283 |       94 |      3 |   138 |   -0.326 |      -65.5 |    480 | fdct_zigzag.dct_mod.dct_block_5.dct_unit_7.macu.mult_res\[18\]$_DFFE_PP_/D
iter:1165, pass:44, current fixing endpoint: fdct_zigzag.dct_mod.dct_block_6.dct_unit_1.macu.mult_res\[18\]$_DFFE_PP_/D, endpoint slack:-2.0622182e-10
     1166 |      12 |     283 |       94 |      3 |   139 |   -0.326 |      -65.5 |    480 | fdct_zigzag.dct_mod.dct_block_5.dct_unit_7.macu.mult_res\[18\]$_DFFE_PP_/D
iter:1166, pass:45, current fixing endpoint: fdct_zigzag.dct_mod.dct_block_6.dct_unit_1.macu.mult_res\[18\]$_DFFE_PP_/D, endpoint slack:-2.0259527e-10
     1167 |      12 |     284 |       94 |      3 |   139 |   -0.326 |      -65.4 |    480 | fdct_zigzag.dct_mod.dct_block_5.dct_unit_7.macu.mult_res\[18\]$_DFFE_PP_/D
iter:1167, pass:46, current fixing endpoint: fdct_zigzag.dct_mod.dct_block_6.dct_unit_1.macu.mult_res\[18\]$_DFFE_PP_/D, endpoint slack:-2.0219271e-10
     1168 |      12 |     285 |       94 |      3 |   139 |   -0.326 |      -65.5 |    480 | fdct_zigzag.dct_mod.dct_block_5.dct_unit_7.macu.mult_res\[18\]$_DFFE_PP_/D
iter:1168, pass:47, current fixing endpoint: fdct_zigzag.dct_mod.dct_block_6.dct_unit_1.macu.mult_res\[18\]$_DFFE_PP_/D, endpoint slack:-2.0319868e-10
     1169 |      12 |     285 |       94 |      3 |   140 |   -0.326 |      -65.5 |    480 | fdct_zigzag.dct_mod.dct_block_5.dct_unit_7.macu.mult_res\[18\]$_DFFE_PP_/D
iter:1169, pass:48, current fixing endpoint: fdct_zigzag.dct_mod.dct_block_6.dct_unit_1.macu.mult_res\[18\]$_DFFE_PP_/D, endpoint slack:-2.0286273e-10
     1170 |      12 |     285 |       94 |      3 |   141 |   -0.326 |      -65.5 |    480 | fdct_zigzag.dct_mod.dct_block_5.dct_unit_7.macu.mult_res\[18\]$_DFFE_PP_/D
iter:1170, pass:49, current fixing endpoint: fdct_zigzag.dct_mod.dct_block_6.dct_unit_1.macu.mult_res\[18\]$_DFFE_PP_/D, endpoint slack:-2.0171664e-10
     1171 |      12 |     286 |       94 |      3 |   141 |   -0.326 |      -65.5 |    480 | fdct_zigzag.dct_mod.dct_block_5.dct_unit_7.macu.mult_res\[18\]$_DFFE_PP_/D
iter:1171, pass:50, current fixing endpoint: fdct_zigzag.dct_mod.dct_block_6.dct_unit_1.macu.mult_res\[18\]$_DFFE_PP_/D, endpoint slack:-2.00568e-10
     1172 |      12 |     286 |       94 |      3 |   142 |   -0.326 |      -65.5 |    480 | fdct_zigzag.dct_mod.dct_block_5.dct_unit_7.macu.mult_res\[18\]$_DFFE_PP_/D
iter:1172, pass:51, current fixing endpoint: fdct_zigzag.dct_mod.dct_block_6.dct_unit_1.macu.mult_res\[18\]$_DFFE_PP_/D, endpoint slack:-2.1868718e-10
     1173 |      12 |     286 |       94 |      3 |   143 |   -0.326 |      -65.5 |    480 | fdct_zigzag.dct_mod.dct_block_5.dct_unit_7.macu.mult_res\[18\]$_DFFE_PP_/D
iter:1173, pass:52, current fixing endpoint: fdct_zigzag.dct_mod.dct_block_6.dct_unit_1.macu.mult_res\[18\]$_DFFE_PP_/D, endpoint slack:-2.1816049e-10
     1174 |      12 |     287 |       94 |      3 |   143 |   -0.326 |      -65.5 |    480 | fdct_zigzag.dct_mod.dct_block_5.dct_unit_7.macu.mult_res\[18\]$_DFFE_PP_/D
iter:1174, pass:53, current fixing endpoint: fdct_zigzag.dct_mod.dct_block_6.dct_unit_1.macu.mult_res\[18\]$_DFFE_PP_/D, endpoint slack:-2.1850899e-10
     1175 |      12 |     288 |       94 |      3 |   143 |   -0.326 |      -65.5 |    480 | fdct_zigzag.dct_mod.dct_block_5.dct_unit_7.macu.mult_res\[18\]$_DFFE_PP_/D
iter:1175, pass:54, current fixing endpoint: fdct_zigzag.dct_mod.dct_block_6.dct_unit_1.macu.mult_res\[18\]$_DFFE_PP_/D, endpoint slack:-2.1762436e-10
     1176 |      12 |     288 |       94 |      3 |   144 |   -0.326 |      -65.5 |    480 | fdct_zigzag.dct_mod.dct_block_5.dct_unit_7.macu.mult_res\[18\]$_DFFE_PP_/D
iter:1176, pass:55, current fixing endpoint: fdct_zigzag.dct_mod.dct_block_6.dct_unit_1.macu.mult_res\[18\]$_DFFE_PP_/D, endpoint slack:-2.2068047e-10
     1177 |      12 |     289 |       94 |      3 |   144 |   -0.326 |      -65.5 |    480 | fdct_zigzag.dct_mod.dct_block_5.dct_unit_7.macu.mult_res\[18\]$_DFFE_PP_/D
iter:1177, pass:56, current fixing endpoint: fdct_zigzag.dct_mod.dct_block_6.dct_unit_1.macu.mult_res\[18\]$_DFFE_PP_/D, endpoint slack:-2.2266111e-10
     1178 |      12 |     290 |       94 |      3 |   144 |   -0.326 |      -65.5 |    480 | fdct_zigzag.dct_mod.dct_block_5.dct_unit_7.macu.mult_res\[18\]$_DFFE_PP_/D
iter:1178, pass:57, current fixing endpoint: fdct_zigzag.dct_mod.dct_block_6.dct_unit_1.macu.mult_res\[18\]$_DFFE_PP_/D, endpoint slack:-2.2461244e-10
     1179 |      12 |     291 |       94 |      3 |   144 |   -0.326 |      -65.5 |    480 | fdct_zigzag.dct_mod.dct_block_5.dct_unit_7.macu.mult_res\[18\]$_DFFE_PP_/D
iter:1179, pass:58, current fixing endpoint: fdct_zigzag.dct_mod.dct_block_6.dct_unit_1.macu.mult_res\[18\]$_DFFE_PP_/D, endpoint slack:-2.2699609e-10
     1179 |      12 |     286 |       94 |      3 |   141 |   -0.326 |      -65.5 |    480 | fdct_zigzag.dct_mod.dct_block_5.dct_unit_7.macu.mult_res\[18\]$_DFFE_PP_/D
     1180 |      12 |     286 |       94 |      3 |   141 |   -0.326 |      -65.5 |    480 | fdct_zigzag.dct_mod.dct_block_5.dct_unit_7.macu.mult_res\[18\]$_DFFE_PP_/D
iter:1180, pass:1, current fixing endpoint: fdct_zigzag.dct_mod.dct_block_1.dct_unit_1.macu.mult_res\[17\]$_DFFE_PP_/D, endpoint slack:-2.6705393e-10
     1181 |      12 |     286 |       94 |      4 |   141 |   -0.326 |      -65.3 |    480 | fdct_zigzag.dct_mod.dct_block_5.dct_unit_7.macu.mult_res\[18\]$_DFFE_PP_/D
iter:1181, pass:2, current fixing endpoint: fdct_zigzag.dct_mod.dct_block_1.dct_unit_1.macu.mult_res\[17\]$_DFFE_PP_/D, endpoint slack:-2.482623e-10
     1182 |      12 |     287 |       94 |      4 |   141 |   -0.326 |      -65.2 |    480 | fdct_zigzag.dct_mod.dct_block_5.dct_unit_7.macu.mult_res\[18\]$_DFFE_PP_/D
iter:1182, pass:3, current fixing endpoint: fdct_zigzag.dct_mod.dct_block_1.dct_unit_1.macu.mult_res\[17\]$_DFFE_PP_/D, endpoint slack:-2.4100322e-10
     1183 |      12 |     288 |       94 |      4 |   141 |   -0.326 |      -65.2 |    480 | fdct_zigzag.dct_mod.dct_block_5.dct_unit_7.macu.mult_res\[18\]$_DFFE_PP_/D
iter:1183, pass:4, current fixing endpoint: fdct_zigzag.dct_mod.dct_block_1.dct_unit_1.macu.mult_res\[17\]$_DFFE_PP_/D, endpoint slack:-2.361542e-10
     1184 |      12 |     288 |       96 |      4 |   141 |   -0.326 |      -65.1 |    480 | fdct_zigzag.dct_mod.dct_block_5.dct_unit_7.macu.mult_res\[18\]$_DFFE_PP_/D
iter:1184, pass:5, current fixing endpoint: fdct_zigzag.dct_mod.dct_block_1.dct_unit_1.macu.mult_res\[17\]$_DFFE_PP_/D, endpoint slack:-2.3186209e-10
     1185 |      12 |     289 |       96 |      4 |   141 |   -0.334 |      -66.6 |    480 | fdct_zigzag.dct_mod.dct_block_5.dct_unit_7.macu.mult_res\[18\]$_DFFE_PP_/D
iter:1185, pass:6, current fixing endpoint: fdct_zigzag.dct_mod.dct_block_1.dct_unit_1.macu.mult_res\[17\]$_DFFE_PP_/D, endpoint slack:-2.421865e-10
     1186 |      12 |     290 |       96 |      4 |   141 |   -0.334 |      -66.6 |    480 | fdct_zigzag.dct_mod.dct_block_5.dct_unit_7.macu.mult_res\[18\]$_DFFE_PP_/D
iter:1186, pass:7, current fixing endpoint: fdct_zigzag.dct_mod.dct_block_1.dct_unit_1.macu.mult_res\[17\]$_DFFE_PP_/D, endpoint slack:-2.3564262e-10
     1187 |      12 |     291 |       96 |      4 |   141 |   -0.334 |      -66.6 |    480 | fdct_zigzag.dct_mod.dct_block_5.dct_unit_7.macu.mult_res\[18\]$_DFFE_PP_/D
iter:1187, pass:8, current fixing endpoint: fdct_zigzag.dct_mod.dct_block_1.dct_unit_1.macu.mult_res\[17\]$_DFFE_PP_/D, endpoint slack:-2.3420088e-10
     1188 |      12 |     292 |       96 |      4 |   141 |   -0.334 |      -66.6 |    480 | fdct_zigzag.dct_mod.dct_block_5.dct_unit_7.macu.mult_res\[18\]$_DFFE_PP_/D
iter:1188, pass:9, current fixing endpoint: fdct_zigzag.dct_mod.dct_block_1.dct_unit_1.macu.mult_res\[17\]$_DFFE_PP_/D, endpoint slack:-2.3485458e-10
     1189 |      12 |     293 |       96 |      4 |   141 |   -0.334 |      -66.6 |    480 | fdct_zigzag.dct_mod.dct_block_5.dct_unit_7.macu.mult_res\[18\]$_DFFE_PP_/D
iter:1189, pass:10, current fixing endpoint: fdct_zigzag.dct_mod.dct_block_1.dct_unit_1.macu.mult_res\[17\]$_DFFE_PP_/D, endpoint slack:-2.3583513e-10
     1190 |      12 |     294 |       96 |      4 |   141 |   -0.334 |      -66.6 |    480 | fdct_zigzag.dct_mod.dct_block_5.dct_unit_7.macu.mult_res\[18\]$_DFFE_PP_/D
iter:1190, pass:11, current fixing endpoint: fdct_zigzag.dct_mod.dct_block_1.dct_unit_1.macu.mult_res\[17\]$_DFFE_PP_/D, endpoint slack:-2.3274416e-10
     1191 |      12 |     295 |       96 |      4 |   141 |   -0.334 |      -66.6 |    480 | fdct_zigzag.dct_mod.dct_block_5.dct_unit_7.macu.mult_res\[18\]$_DFFE_PP_/D
iter:1191, pass:12, current fixing endpoint: fdct_zigzag.dct_mod.dct_block_1.dct_unit_1.macu.mult_res\[17\]$_DFFE_PP_/D, endpoint slack:-2.3165925e-10
     1192 |      12 |     296 |       96 |      4 |   141 |   -0.334 |      -66.6 |    480 | fdct_zigzag.dct_mod.dct_block_5.dct_unit_7.macu.mult_res\[18\]$_DFFE_PP_/D
iter:1192, pass:13, current fixing endpoint: fdct_zigzag.dct_mod.dct_block_1.dct_unit_1.macu.mult_res\[17\]$_DFFE_PP_/D, endpoint slack:-2.2850333e-10
     1193 |      12 |     297 |       96 |      4 |   141 |   -0.334 |      -66.6 |    480 | fdct_zigzag.dct_mod.dct_block_5.dct_unit_7.macu.mult_res\[18\]$_DFFE_PP_/D
iter:1193, pass:14, current fixing endpoint: fdct_zigzag.dct_mod.dct_block_1.dct_unit_1.macu.mult_res\[17\]$_DFFE_PP_/D, endpoint slack:-2.2900037e-10
     1194 |      12 |     297 |       98 |      4 |   141 |   -0.334 |      -66.6 |    480 | fdct_zigzag.dct_mod.dct_block_5.dct_unit_7.macu.mult_res\[18\]$_DFFE_PP_/D
iter:1194, pass:15, current fixing endpoint: fdct_zigzag.dct_mod.dct_block_1.dct_unit_1.macu.mult_res\[17\]$_DFFE_PP_/D, endpoint slack:-2.2546998e-10
     1195 |      12 |     298 |       98 |      4 |   141 |   -0.334 |      -66.6 |    480 | fdct_zigzag.dct_mod.dct_block_5.dct_unit_7.macu.mult_res\[18\]$_DFFE_PP_/D
iter:1195, pass:16, current fixing endpoint: fdct_zigzag.dct_mod.dct_block_1.dct_unit_1.macu.mult_res\[17\]$_DFFE_PP_/D, endpoint slack:-2.2384339e-10
     1196 |      12 |     299 |       98 |      4 |   141 |   -0.334 |      -66.5 |    480 | fdct_zigzag.dct_mod.dct_block_5.dct_unit_7.macu.mult_res\[18\]$_DFFE_PP_/D
iter:1196, pass:17, current fixing endpoint: fdct_zigzag.dct_mod.dct_block_1.dct_unit_1.macu.mult_res\[17\]$_DFFE_PP_/D, endpoint slack:-2.2293356e-10
     1197 |      12 |     300 |       98 |      4 |   141 |   -0.334 |      -66.5 |    480 | fdct_zigzag.dct_mod.dct_block_5.dct_unit_7.macu.mult_res\[18\]$_DFFE_PP_/D
iter:1197, pass:18, current fixing endpoint: fdct_zigzag.dct_mod.dct_block_1.dct_unit_1.macu.mult_res\[17\]$_DFFE_PP_/D, endpoint slack:-2.2191515e-10
     1198 |      12 |     301 |       98 |      4 |   141 |   -0.334 |      -66.5 |    480 | fdct_zigzag.dct_mod.dct_block_5.dct_unit_7.macu.mult_res\[18\]$_DFFE_PP_/D
iter:1198, pass:19, current fixing endpoint: fdct_zigzag.dct_mod.dct_block_1.dct_unit_1.macu.mult_res\[17\]$_DFFE_PP_/D, endpoint slack:-2.1878954e-10
     1199 |      12 |     302 |       98 |      4 |   141 |   -0.334 |      -66.5 |    480 | fdct_zigzag.dct_mod.dct_block_5.dct_unit_7.macu.mult_res\[18\]$_DFFE_PP_/D
iter:1199, pass:20, current fixing endpoint: fdct_zigzag.dct_mod.dct_block_1.dct_unit_1.macu.mult_res\[17\]$_DFFE_PP_/D, endpoint slack:-2.1884539e-10
     1200 |      12 |     303 |       98 |      4 |   141 |   -0.334 |      -66.5 |    480 | fdct_zigzag.dct_mod.dct_block_5.dct_unit_7.macu.mult_res\[18\]$_DFFE_PP_/D
iter:1200, pass:21, current fixing endpoint: fdct_zigzag.dct_mod.dct_block_1.dct_unit_1.macu.mult_res\[17\]$_DFFE_PP_/D, endpoint slack:-2.1492741e-10
     1200 |      12 |     303 |       98 |      4 |   141 |   -0.334 |      -66.5 |    480 | fdct_zigzag.dct_mod.dct_block_5.dct_unit_7.macu.mult_res\[18\]$_DFFE_PP_/D
    final |      12 |     303 |       98 |      4 |   141 |   -0.334 |      -66.5 |    492 | fdct_zigzag.dct_mod.dct_block_5.dct_unit_7.macu.mult_res\[18\]$_DFFE_PP_/D
---------------------------------------------------------------------------------------------------
[INFO RSZ-0059] Removed 12 buffers.
[INFO RSZ-0040] Inserted 37 buffers.
[INFO RSZ-0041] Resized 303 instances.
[INFO RSZ-0043] Swapped pins on 141 instances.
[INFO RSZ-0049] Cloned 4 instances.
[WARNING RSZ-0062] Unable to repair all setup violations.
[INFO RSZ-0033] No hold violations found.
Placement Analysis
---------------------------------
total displacement        525.6 u
average displacement        0.0 u
max displacement            4.8 u
original HPWL         1016212.5 u
legalized HPWL        1016644.9 u
delta HPWL                    0 %

Repair antennas...
[WARNING GRT-0246] No diode with LEF class CORE ANTENNACELL found.
[INFO ANT-0002] Found 0 net violations.
[INFO ANT-0001] Found 0 pin violations.
Estimate parasitics...
Report metrics stage 5, global route...

==========================================================================
global route report_design_area
--------------------------------------------------------------------------
Design area 114146 u^2 49% utilization.
[INFO FLW-0007] clock clk period 1.400000
[INFO FLW-0008] Clock clk period 1.641
[INFO FLW-0009] Clock clk slack -0.328
[INFO FLW-0011] Path endpoint count 9322
Elapsed time: 4:27.46[h:]min:sec. CPU time: user 338.57 sys 0.53 (126%). Peak memory: 1152040KB.
