OpenROAD bd42475189c7c2c6851df5fd060613f58d7c14b4 
Features included (+) or not (-): +Charts +GPU +GUI +Python
This program is licensed under the BSD-3 license. See the LICENSE file for details.
Components of this program may be licensed under more restrictive licenses which must be honored.
[INFO ORD-0030] Using 16 thread(s).
global_route -congestion_report_file ./reports/nangate45/aes/base/congestion.rpt -congestion_iterations 30 -congestion_report_iter_step 5 -verbose
[INFO GRT-0020] Min routing layer: metal2
[INFO GRT-0021] Max routing layer: metal10
[INFO GRT-0022] Global adjustment: 0%
[INFO GRT-0023] Grid origin: (0, 0)
[INFO GRT-0043] No OR_DEFAULT vias defined.
[INFO GRT-0088] Layer metal1  Track-Pitch = 0.1400  line-2-Via Pitch: 0.1350
[INFO GRT-0088] Layer metal2  Track-Pitch = 0.1900  line-2-Via Pitch: 0.1400
[INFO GRT-0088] Layer metal3  Track-Pitch = 0.1400  line-2-Via Pitch: 0.1400
[INFO GRT-0088] Layer metal4  Track-Pitch = 0.2800  line-2-Via Pitch: 0.2800
[INFO GRT-0088] Layer metal5  Track-Pitch = 0.2800  line-2-Via Pitch: 0.2800
[INFO GRT-0088] Layer metal6  Track-Pitch = 0.2800  line-2-Via Pitch: 0.2800
[INFO GRT-0088] Layer metal7  Track-Pitch = 0.7975  line-2-Via Pitch: 0.8000
[INFO GRT-0088] Layer metal8  Track-Pitch = 0.7975  line-2-Via Pitch: 0.8000
[INFO GRT-0088] Layer metal9  Track-Pitch = 1.5900  line-2-Via Pitch: 1.6000
[INFO GRT-0088] Layer metal10 Track-Pitch = 1.5900  line-2-Via Pitch: 1.6000
[INFO GRT-0019] Found 107 clock nets.
[INFO GRT-0001] Minimum degree: 2
[INFO GRT-0002] Maximum degree: 20
[INFO GRT-0003] Macros: 0
[INFO GRT-0043] No OR_DEFAULT vias defined.
[INFO GRT-0004] Blockages: 0

[INFO GRT-0053] Routing resources analysis:
          Routing      Original      Derated      Resource
Layer     Direction    Resources     Resources    Reduction (%)
---------------------------------------------------------------
metal1     Horizontal          0             0          0.00%
metal2     Vertical       155663         69963          55.05%
metal3     Horizontal     211205         97812          53.69%
metal4     Vertical        99134         67921          31.49%
metal5     Horizontal      98641         69740          29.30%
metal6     Vertical        99134         70094          29.29%
metal7     Horizontal      28200         12724          54.88%
metal8     Vertical        28443         14160          50.22%
metal9     Horizontal      14041         13923          0.84%
metal10    Vertical        14162         13924          1.68%
---------------------------------------------------------------

[INFO GRT-0101] Running extra iterations to remove overflow.
[INFO GRT-0197] Via related to pin nodes: 130836
[INFO GRT-0198] Via related Steiner nodes: 4917
[INFO GRT-0199] Via filling finished.
[INFO GRT-0111] Final number of vias: 181689
[INFO GRT-0112] Final usage 3D: 684812

[INFO GRT-0096] Final congestion report:
Layer         Resource        Demand        Usage (%)    Max H / Max V / Total Overflow
---------------------------------------------------------------------------------------
metal1               0             0            0.00%             0 /  0 /  0
metal2           69963         32917           47.05%             0 /  0 /  0
metal3           97812         43607           44.58%             0 /  0 /  0
metal4           67921         23593           34.74%             0 /  0 /  0
metal5           69740         19403           27.82%             0 /  0 /  0
metal6           70094         13833           19.73%             0 /  0 /  0
metal7           12724          2721           21.38%             0 /  0 /  0
metal8           14160           835            5.90%             0 /  0 /  0
metal9           13923          2591           18.61%             0 /  0 /  0
metal10          13924           245            1.76%             0 /  0 /  0
---------------------------------------------------------------------------------------
Total           430261        139745           32.48%             0 /  0 /  0

[INFO GRT-0018] Total wirelength: 413109 um
[INFO GRT-0014] Routed nets: 16355
Perform buffer insertion...
[INFO RSZ-0058] Using max wire length 640um.
Placement Analysis
---------------------------------
total displacement          0.0 u
average displacement        0.0 u
max displacement            0.0 u
original HPWL          241297.5 u
legalized HPWL         241297.5 u
delta HPWL                    0 %

Repair setup and hold violations...
repair_timing -verbose -repair_tns 100
[INFO RSZ-0094] Found 157 endpoints with setup violations.
[INFO RSZ-0099] Repairing 157 out of 157 (100.00%) violating endpoints...
   Iter   | Removed | Resized | Inserted | Cloned |  Pin  |    WNS   |   TNS      |  Viol  | Worst
          | Buffers |  Gates  | Buffers  |  Gates | Swaps |          |            | Endpts | Endpt
---------------------------------------------------------------------------------------------------
        0 |       0 |       0 |        0 |      0 |     0 |   -0.134 |       -8.3 |    157 | sa11_sr\[1\]$_DFF_P_/D
        1 |       0 |       0 |        0 |      0 |     0 |   -0.134 |       -8.3 |    157 | sa11_sr\[1\]$_DFF_P_/D
iter:1, pass:1, current fixing endpoint: sa11_sr\[1\]$_DFF_P_/D, endpoint slack:-1.3372325e-10
        2 |       0 |       0 |        0 |      0 |     1 |   -0.123 |       -8.3 |    157 | sa11_sr\[1\]$_DFF_P_/D
iter:2, pass:2, current fixing endpoint: sa11_sr\[1\]$_DFF_P_/D, endpoint slack:-1.2322288e-10
        3 |       0 |       0 |        2 |      0 |     1 |   -0.121 |       -8.3 |    157 | sa11_sr\[7\]$_DFF_P_/D
iter:3, pass:3, current fixing endpoint: sa11_sr\[7\]$_DFF_P_/D, endpoint slack:-1.2113033e-10
        4 |       0 |       0 |        2 |      0 |     2 |   -0.127 |       -8.4 |    157 | sa11_sr\[7\]$_DFF_P_/D
iter:4, pass:4, current fixing endpoint: sa11_sr\[7\]$_DFF_P_/D, endpoint slack:-1.268915e-10
        5 |       0 |       1 |        2 |      0 |     2 |   -0.126 |       -8.3 |    157 | sa11_sr\[7\]$_DFF_P_/D
iter:5, pass:5, current fixing endpoint: sa11_sr\[7\]$_DFF_P_/D, endpoint slack:-1.2576229e-10
        6 |       0 |       1 |        2 |      0 |     3 |   -0.139 |       -8.4 |    157 | sa11_sr\[7\]$_DFF_P_/D
iter:6, pass:6, current fixing endpoint: sa11_sr\[7\]$_DFF_P_/D, endpoint slack:-1.3874268e-10
        7 |       0 |       1 |        2 |      0 |     4 |   -0.140 |       -8.4 |    157 | sa11_sr\[7\]$_DFF_P_/D
iter:7, pass:7, current fixing endpoint: sa11_sr\[7\]$_DFF_P_/D, endpoint slack:-1.3959445e-10
        8 |       0 |       1 |        2 |      0 |     5 |   -0.141 |       -8.4 |    157 | sa11_sr\[7\]$_DFF_P_/D
iter:8, pass:8, current fixing endpoint: sa11_sr\[7\]$_DFF_P_/D, endpoint slack:-1.405629e-10
        9 |       0 |       1 |        2 |      0 |     6 |   -0.142 |       -8.4 |    157 | sa11_sr\[7\]$_DFF_P_/D
iter:9, pass:9, current fixing endpoint: sa11_sr\[7\]$_DFF_P_/D, endpoint slack:-1.4182244e-10
       10 |       0 |       1 |        5 |      0 |     6 |   -0.139 |       -8.5 |    157 | sa11_sr\[7\]$_DFF_P_/D
iter:10, pass:10, current fixing endpoint: sa11_sr\[7\]$_DFF_P_/D, endpoint slack:-1.387801e-10
       11 |       0 |       1 |        5 |      0 |     7 |   -0.138 |       -8.5 |    157 | sa11_sr\[7\]$_DFF_P_/D
iter:11, pass:11, current fixing endpoint: sa11_sr\[7\]$_DFF_P_/D, endpoint slack:-1.3753565e-10
       12 |       0 |       1 |        5 |      0 |     8 |   -0.129 |       -8.5 |    157 | sa11_sr\[7\]$_DFF_P_/D
iter:12, pass:12, current fixing endpoint: sa11_sr\[7\]$_DFF_P_/D, endpoint slack:-1.2928614e-10
       13 |       1 |       1 |        5 |      0 |     8 |   -0.126 |       -8.4 |    157 | sa02_sr\[5\]$_DFF_P_/D
iter:13, pass:13, current fixing endpoint: sa02_sr\[5\]$_DFF_P_/D, endpoint slack:-1.2610724e-10
       14 |       1 |       2 |        5 |      0 |     8 |   -0.123 |       -8.3 |    157 | sa11_sr\[1\]$_DFF_P_/D
iter:14, pass:14, current fixing endpoint: sa11_sr\[1\]$_DFF_P_/D, endpoint slack:-1.2277113e-10
       15 |       1 |       3 |        5 |      0 |     8 |   -0.117 |       -8.3 |    157 | sa11_sr\[1\]$_DFF_P_/D
iter:15, pass:15, current fixing endpoint: sa11_sr\[1\]$_DFF_P_/D, endpoint slack:-1.1725532e-10
       16 |       1 |       3 |        5 |      1 |     8 |   -0.120 |       -8.3 |    157 | sa11_sr\[7\]$_DFF_P_/D
iter:16, pass:16, current fixing endpoint: sa11_sr\[7\]$_DFF_P_/D, endpoint slack:-1.1991208e-10
       17 |       1 |       3 |        5 |      2 |     8 |   -0.118 |       -8.3 |    157 | sa11_sr\[7\]$_DFF_P_/D
iter:17, pass:17, current fixing endpoint: sa11_sr\[7\]$_DFF_P_/D, endpoint slack:-1.1786216e-10
       17 |       1 |       3 |        5 |      0 |     8 |   -0.120 |       -8.3 |    157 | sa11_sr\[1\]$_DFF_P_/D
       18 |       1 |       3 |        5 |      0 |     8 |   -0.120 |       -8.3 |    157 | sa11_sr\[1\]$_DFF_P_/D
iter:18, pass:1, current fixing endpoint: sa32_sr\[3\]$_DFF_P_/D, endpoint slack:-1.1378454e-10
       19 |       1 |       3 |        5 |      0 |     9 |   -0.120 |       -8.3 |    157 | sa11_sr\[1\]$_DFF_P_/D
iter:19, pass:2, current fixing endpoint: sa32_sr\[3\]$_DFF_P_/D, endpoint slack:-1.1934576e-10
       20 |       1 |       3 |        5 |      0 |    10 |   -0.121 |       -8.4 |    157 | sa32_sr\[3\]$_DFF_P_/D
iter:20, pass:3, current fixing endpoint: sa32_sr\[3\]$_DFF_P_/D, endpoint slack:-1.2104628e-10
       21 |       1 |       3 |        7 |      0 |    10 |   -0.120 |       -8.3 |    157 | sa11_sr\[1\]$_DFF_P_/D
iter:21, pass:4, current fixing endpoint: sa32_sr\[3\]$_DFF_P_/D, endpoint slack:-1.1768142e-10
       22 |       1 |       3 |        7 |      0 |    11 |   -0.120 |       -8.3 |    157 | sa11_sr\[1\]$_DFF_P_/D
iter:22, pass:5, current fixing endpoint: sa32_sr\[3\]$_DFF_P_/D, endpoint slack:-1.1934598e-10
       23 |       1 |       3 |        7 |      0 |    12 |   -0.121 |       -8.3 |    157 | sa32_sr\[3\]$_DFF_P_/D
iter:23, pass:6, current fixing endpoint: sa32_sr\[3\]$_DFF_P_/D, endpoint slack:-1.2103984e-10
       24 |       1 |       3 |        7 |      0 |    13 |   -0.120 |       -8.3 |    157 | sa32_sr\[3\]$_DFF_P_/D
iter:24, pass:7, current fixing endpoint: sa32_sr\[3\]$_DFF_P_/D, endpoint slack:-1.198297e-10
       25 |       1 |       3 |        7 |      0 |    14 |   -0.127 |       -8.3 |    157 | sa32_sr\[3\]$_DFF_P_/D
iter:25, pass:8, current fixing endpoint: sa32_sr\[3\]$_DFF_P_/D, endpoint slack:-1.2719015e-10
       25 |       1 |       3 |        6 |      0 |     8 |   -0.120 |       -8.3 |    157 | sa11_sr\[1\]$_DFF_P_/D
       26 |       1 |       3 |        6 |      0 |     8 |   -0.120 |       -8.3 |    157 | sa11_sr\[1\]$_DFF_P_/D
iter:26, pass:1, current fixing endpoint: sa11_sr\[7\]$_DFF_P_/D, endpoint slack:-1.1938761e-10
       27 |       1 |       3 |        6 |      1 |     8 |   -0.115 |       -8.3 |    157 | sa11_sr\[1\]$_DFF_P_/D
iter:27, pass:2, current fixing endpoint: sa11_sr\[7\]$_DFF_P_/D, endpoint slack:-1.1432766e-10
       27 |       1 |       3 |        6 |      1 |     8 |   -0.115 |       -8.3 |    157 | sa11_sr\[1\]$_DFF_P_/D
       28 |       1 |       3 |        6 |      1 |     8 |   -0.115 |       -8.3 |    157 | sa11_sr\[1\]$_DFF_P_/D
iter:28, pass:1, current fixing endpoint: sa13_sr\[3\]$_DFF_P_/D, endpoint slack:-1.1069101e-10
       29 |       1 |       3 |        6 |      1 |     9 |   -0.116 |       -8.3 |    157 | sa13_sr\[3\]$_DFF_P_/D
iter:29, pass:2, current fixing endpoint: sa13_sr\[3\]$_DFF_P_/D, endpoint slack:-1.1632961e-10
       30 |       1 |       3 |        6 |      1 |    10 |   -0.115 |       -8.3 |    157 | sa11_sr\[1\]$_DFF_P_/D
iter:30, pass:3, current fixing endpoint: sa13_sr\[3\]$_DFF_P_/D, endpoint slack:-1.0794843e-10
       31 |       1 |       3 |        6 |      1 |    11 |   -0.115 |       -8.3 |    157 | sa11_sr\[1\]$_DFF_P_/D
iter:31, pass:4, current fixing endpoint: sa13_sr\[3\]$_DFF_P_/D, endpoint slack:-1.031385e-10
       32 |       1 |       3 |        6 |      1 |    12 |   -0.115 |       -8.3 |    157 | sa11_sr\[1\]$_DFF_P_/D
iter:32, pass:5, current fixing endpoint: sa13_sr\[3\]$_DFF_P_/D, endpoint slack:-1.0438128e-10
       33 |       1 |       3 |        8 |      1 |    12 |   -0.115 |       -8.5 |    157 | sa11_sr\[1\]$_DFF_P_/D
iter:33, pass:6, current fixing endpoint: sa13_sr\[3\]$_DFF_P_/D, endpoint slack:-1.0042045e-10
       34 |       1 |       3 |        8 |      1 |    13 |   -0.115 |       -8.5 |    157 | sa11_sr\[1\]$_DFF_P_/D
iter:34, pass:7, current fixing endpoint: sa13_sr\[3\]$_DFF_P_/D, endpoint slack:-1.05830456e-10
       35 |       1 |       4 |        8 |      1 |    13 |   -0.115 |       -8.5 |    157 | sa11_sr\[1\]$_DFF_P_/D
iter:35, pass:8, current fixing endpoint: sa13_sr\[3\]$_DFF_P_/D, endpoint slack:-1.0305856e-10
       36 |       1 |       4 |        8 |      1 |    14 |   -0.115 |       -8.5 |    157 | sa11_sr\[1\]$_DFF_P_/D
iter:36, pass:9, current fixing endpoint: sa13_sr\[3\]$_DFF_P_/D, endpoint slack:-1.0189083e-10
       37 |       1 |       4 |        8 |      1 |    15 |   -0.115 |       -8.5 |    157 | sa11_sr\[1\]$_DFF_P_/D
iter:37, pass:10, current fixing endpoint: sa13_sr\[3\]$_DFF_P_/D, endpoint slack:-1.0023504e-10
       38 |       1 |       5 |        8 |      1 |    15 |   -0.115 |       -8.5 |    157 | sa11_sr\[1\]$_DFF_P_/D
iter:38, pass:11, current fixing endpoint: sa13_sr\[3\]$_DFF_P_/D, endpoint slack:-9.980872e-11
       39 |       1 |       6 |        8 |      1 |    15 |   -0.115 |       -8.5 |    157 | sa11_sr\[1\]$_DFF_P_/D
iter:39, pass:12, current fixing endpoint: sa13_sr\[3\]$_DFF_P_/D, endpoint slack:-9.420442e-11
       40 |       1 |       6 |        8 |      1 |    16 |   -0.115 |       -8.5 |    157 | sa11_sr\[1\]$_DFF_P_/D
iter:40, pass:13, current fixing endpoint: sa13_sr\[3\]$_DFF_P_/D, endpoint slack:-9.245593e-11
       41 |       2 |       6 |        8 |      1 |    16 |   -0.115 |       -8.4 |    157 | sa11_sr\[1\]$_DFF_P_/D
iter:41, pass:14, current fixing endpoint: sa13_sr\[3\]$_DFF_P_/D, endpoint slack:-8.002432e-11
       42 |       2 |       7 |        8 |      1 |    16 |   -0.115 |       -8.4 |    157 | sa11_sr\[1\]$_DFF_P_/D
iter:42, pass:15, current fixing endpoint: sa13_sr\[3\]$_DFF_P_/D, endpoint slack:-7.7781004e-11
       43 |       2 |       7 |        8 |      2 |    16 |   -0.115 |       -8.5 |    157 | sa11_sr\[1\]$_DFF_P_/D
iter:43, pass:16, current fixing endpoint: sa13_sr\[3\]$_DFF_P_/D, endpoint slack:-8.257006e-11
       44 |       2 |       7 |       10 |      2 |    16 |   -0.115 |       -8.4 |    157 | sa11_sr\[1\]$_DFF_P_/D
iter:44, pass:17, current fixing endpoint: sa13_sr\[3\]$_DFF_P_/D, endpoint slack:-7.36623e-11
       45 |       2 |       7 |       10 |      3 |    16 |   -0.115 |       -8.4 |    157 | sa11_sr\[1\]$_DFF_P_/D
iter:45, pass:18, current fixing endpoint: sa13_sr\[3\]$_DFF_P_/D, endpoint slack:-7.703138e-11
       45 |       2 |       7 |       10 |      2 |    16 |   -0.115 |       -8.5 |    157 | sa11_sr\[1\]$_DFF_P_/D
       46 |       2 |       7 |       10 |      2 |    16 |   -0.115 |       -8.5 |    157 | sa11_sr\[1\]$_DFF_P_/D
iter:46, pass:1, current fixing endpoint: u0.u2.d\[2\]$_DFF_P_/D, endpoint slack:-1.1029633e-10
       47 |       2 |       7 |       10 |      2 |    17 |   -0.115 |       -8.4 |    157 | sa11_sr\[1\]$_DFF_P_/D
iter:47, pass:2, current fixing endpoint: u0.u2.d\[2\]$_DFF_P_/D, endpoint slack:-1.0430157e-10
       48 |       2 |       7 |       10 |      2 |    18 |   -0.115 |       -8.4 |    157 | sa11_sr\[1\]$_DFF_P_/D
iter:48, pass:3, current fixing endpoint: u0.u2.d\[2\]$_DFF_P_/D, endpoint slack:-9.160084e-11
       49 |       2 |       7 |       10 |      2 |    19 |   -0.115 |       -8.4 |    157 | sa11_sr\[1\]$_DFF_P_/D
iter:49, pass:4, current fixing endpoint: u0.u2.d\[2\]$_DFF_P_/D, endpoint slack:-8.928425e-11
       50 |       3 |       7 |       10 |      2 |    19 |   -0.115 |       -8.4 |    157 | sa11_sr\[1\]$_DFF_P_/D
iter:50, pass:5, current fixing endpoint: u0.u2.d\[2\]$_DFF_P_/D, endpoint slack:-8.914125e-11
       51 |       3 |       7 |       10 |      2 |    20 |   -0.115 |       -8.4 |    157 | sa11_sr\[1\]$_DFF_P_/D
iter:51, pass:6, current fixing endpoint: u0.u2.d\[2\]$_DFF_P_/D, endpoint slack:-8.771861e-11
       52 |       3 |       7 |       10 |      2 |    21 |   -0.115 |       -8.4 |    157 | sa11_sr\[1\]$_DFF_P_/D
iter:52, pass:7, current fixing endpoint: u0.u2.d\[2\]$_DFF_P_/D, endpoint slack:-8.935097e-11
       53 |       3 |       8 |       10 |      2 |    21 |   -0.115 |       -8.4 |    157 | sa11_sr\[1\]$_DFF_P_/D
iter:53, pass:8, current fixing endpoint: u0.u2.d\[2\]$_DFF_P_/D, endpoint slack:-9.036638e-11
       54 |       3 |       9 |       10 |      2 |    21 |   -0.115 |       -8.4 |    157 | sa11_sr\[1\]$_DFF_P_/D
iter:54, pass:9, current fixing endpoint: u0.u2.d\[2\]$_DFF_P_/D, endpoint slack:-9.080248e-11
       55 |       3 |       9 |       10 |      2 |    22 |   -0.115 |       -8.4 |    157 | sa11_sr\[1\]$_DFF_P_/D
iter:55, pass:10, current fixing endpoint: u0.u2.d\[2\]$_DFF_P_/D, endpoint slack:-9.516654e-11
       55 |       3 |       7 |       10 |      2 |    20 |   -0.115 |       -8.4 |    157 | sa11_sr\[1\]$_DFF_P_/D
       56 |       3 |       7 |       10 |      2 |    20 |   -0.115 |       -8.4 |    157 | sa11_sr\[1\]$_DFF_P_/D
iter:56, pass:1, current fixing endpoint: sa02_sr\[5\]$_DFF_P_/D, endpoint slack:-1.0842516e-10
       57 |       3 |       7 |       10 |      2 |    21 |   -0.115 |       -8.4 |    157 | sa11_sr\[1\]$_DFF_P_/D
iter:57, pass:2, current fixing endpoint: sa02_sr\[5\]$_DFF_P_/D, endpoint slack:-1.1419976e-10
       58 |       3 |       8 |       10 |      2 |    21 |   -0.115 |       -8.4 |    157 | sa11_sr\[1\]$_DFF_P_/D
iter:58, pass:3, current fixing endpoint: sa02_sr\[5\]$_DFF_P_/D, endpoint slack:-1.1021739e-10
       59 |       3 |       9 |       10 |      2 |    21 |   -0.115 |       -8.4 |    157 | sa11_sr\[1\]$_DFF_P_/D
iter:59, pass:4, current fixing endpoint: sa02_sr\[5\]$_DFF_P_/D, endpoint slack:-1.0919221e-10
       60 |       3 |      10 |       10 |      2 |    21 |   -0.115 |       -8.3 |    157 | sa11_sr\[1\]$_DFF_P_/D
iter:60, pass:5, current fixing endpoint: sa02_sr\[5\]$_DFF_P_/D, endpoint slack:-1.02994946e-10
       61 |       3 |      10 |       10 |      2 |    22 |   -0.115 |       -8.3 |    157 | sa11_sr\[1\]$_DFF_P_/D
iter:61, pass:6, current fixing endpoint: sa02_sr\[5\]$_DFF_P_/D, endpoint slack:-1.1034795e-10
       62 |       3 |      10 |       10 |      2 |    23 |   -0.115 |       -8.3 |    157 | sa11_sr\[1\]$_DFF_P_/D
iter:62, pass:7, current fixing endpoint: sa02_sr\[5\]$_DFF_P_/D, endpoint slack:-9.843193e-11
       63 |       3 |      10 |       10 |      2 |    24 |   -0.115 |       -8.3 |    157 | sa11_sr\[1\]$_DFF_P_/D
iter:63, pass:8, current fixing endpoint: sa02_sr\[5\]$_DFF_P_/D, endpoint slack:-9.6668895e-11
       64 |       3 |      11 |       10 |      2 |    24 |   -0.115 |       -8.3 |    157 | sa11_sr\[1\]$_DFF_P_/D
iter:64, pass:9, current fixing endpoint: sa02_sr\[5\]$_DFF_P_/D, endpoint slack:-9.8414166e-11
       65 |       3 |      11 |       10 |      2 |    25 |   -0.115 |       -8.3 |    157 | sa11_sr\[1\]$_DFF_P_/D
iter:65, pass:10, current fixing endpoint: sa02_sr\[5\]$_DFF_P_/D, endpoint slack:-1.05845e-10
       66 |       3 |      11 |       10 |      3 |    25 |   -0.115 |       -8.3 |    157 | sa11_sr\[1\]$_DFF_P_/D
iter:66, pass:11, current fixing endpoint: sa02_sr\[5\]$_DFF_P_/D, endpoint slack:-1.0284529e-10
       67 |       3 |      11 |       10 |      3 |    26 |   -0.115 |       -8.3 |    157 | sa11_sr\[1\]$_DFF_P_/D
iter:67, pass:12, current fixing endpoint: sa02_sr\[5\]$_DFF_P_/D, endpoint slack:-1.0083301e-10
       68 |       3 |      11 |       12 |      3 |    26 |   -0.115 |       -8.2 |    157 | sa11_sr\[1\]$_DFF_P_/D
iter:68, pass:13, current fixing endpoint: sa02_sr\[5\]$_DFF_P_/D, endpoint slack:-9.5287445e-11
       69 |       3 |      11 |       12 |      3 |    27 |   -0.115 |       -8.2 |    157 | sa11_sr\[1\]$_DFF_P_/D
iter:69, pass:14, current fixing endpoint: sa02_sr\[5\]$_DFF_P_/D, endpoint slack:-9.4964925e-11
       70 |       3 |      12 |       12 |      3 |    27 |   -0.115 |       -8.2 |    157 | sa11_sr\[1\]$_DFF_P_/D
iter:70, pass:15, current fixing endpoint: sa02_sr\[5\]$_DFF_P_/D, endpoint slack:-9.2772456e-11
       71 |       3 |      12 |       12 |      3 |    28 |   -0.115 |       -8.2 |    157 | sa11_sr\[1\]$_DFF_P_/D
iter:71, pass:16, current fixing endpoint: sa02_sr\[5\]$_DFF_P_/D, endpoint slack:-9.3730024e-11
       72 |       3 |      13 |       12 |      3 |    28 |   -0.115 |       -8.3 |    157 | sa11_sr\[1\]$_DFF_P_/D
iter:72, pass:17, current fixing endpoint: sa02_sr\[5\]$_DFF_P_/D, endpoint slack:-9.033008e-11
       73 |       3 |      14 |       12 |      3 |    28 |   -0.117 |       -8.3 |    157 | sa11_sr\[1\]$_DFF_P_/D
iter:73, pass:18, current fixing endpoint: sa02_sr\[5\]$_DFF_P_/D, endpoint slack:-8.931278e-11
       74 |       3 |      14 |       12 |      3 |    29 |   -0.117 |       -8.3 |    157 | sa11_sr\[1\]$_DFF_P_/D
iter:74, pass:19, current fixing endpoint: sa02_sr\[5\]$_DFF_P_/D, endpoint slack:-9.195089e-11
       75 |       3 |      14 |       12 |      4 |    29 |   -0.117 |       -8.3 |    157 | sa11_sr\[1\]$_DFF_P_/D
iter:75, pass:20, current fixing endpoint: sa02_sr\[5\]$_DFF_P_/D, endpoint slack:-9.926415e-11
       76 |       3 |      14 |       14 |      4 |    29 |   -0.117 |       -8.3 |    157 | sa11_sr\[1\]$_DFF_P_/D
iter:76, pass:21, current fixing endpoint: sa02_sr\[5\]$_DFF_P_/D, endpoint slack:-8.905143e-11
       77 |       3 |      15 |       14 |      4 |    29 |   -0.117 |       -8.3 |    157 | sa11_sr\[1\]$_DFF_P_/D
iter:77, pass:22, current fixing endpoint: sa02_sr\[5\]$_DFF_P_/D, endpoint slack:-8.545298e-11
       78 |       3 |      16 |       14 |      4 |    29 |   -0.117 |       -8.3 |    157 | sa11_sr\[1\]$_DFF_P_/D
iter:78, pass:23, current fixing endpoint: sa02_sr\[5\]$_DFF_P_/D, endpoint slack:-8.8556495e-11
       79 |       3 |      17 |       14 |      4 |    29 |   -0.117 |       -8.3 |    157 | sa11_sr\[1\]$_DFF_P_/D
iter:79, pass:24, current fixing endpoint: sa02_sr\[5\]$_DFF_P_/D, endpoint slack:-8.848833e-11
       80 |       3 |      18 |       14 |      4 |    29 |   -0.117 |       -8.3 |    157 | sa11_sr\[1\]$_DFF_P_/D
iter:80, pass:25, current fixing endpoint: sa02_sr\[5\]$_DFF_P_/D, endpoint slack:-8.461043e-11
       81 |       3 |      19 |       14 |      4 |    29 |   -0.117 |       -8.3 |    157 | sa11_sr\[1\]$_DFF_P_/D
iter:81, pass:26, current fixing endpoint: sa02_sr\[5\]$_DFF_P_/D, endpoint slack:-8.429035e-11
       82 |       3 |      20 |       14 |      4 |    29 |   -0.117 |       -8.3 |    157 | sa11_sr\[1\]$_DFF_P_/D
iter:82, pass:27, current fixing endpoint: sa02_sr\[5\]$_DFF_P_/D, endpoint slack:-8.379708e-11
       83 |       3 |      20 |       14 |      5 |    29 |   -0.117 |       -8.2 |    157 | sa11_sr\[1\]$_DFF_P_/D
iter:83, pass:28, current fixing endpoint: sa02_sr\[5\]$_DFF_P_/D, endpoint slack:-8.300449e-11
       84 |       3 |      21 |       14 |      5 |    29 |   -0.117 |       -8.2 |    157 | sa11_sr\[1\]$_DFF_P_/D
iter:84, pass:29, current fixing endpoint: sa02_sr\[5\]$_DFF_P_/D, endpoint slack:-8.1161855e-11
       85 |       3 |      22 |       14 |      5 |    29 |   -0.117 |       -8.2 |    157 | sa11_sr\[1\]$_DFF_P_/D
iter:85, pass:30, current fixing endpoint: sa02_sr\[5\]$_DFF_P_/D, endpoint slack:-8.101442e-11
       86 |       3 |      23 |       14 |      5 |    29 |   -0.117 |       -8.2 |    157 | sa11_sr\[1\]$_DFF_P_/D
iter:86, pass:31, current fixing endpoint: sa02_sr\[5\]$_DFF_P_/D, endpoint slack:-7.2884365e-11
       87 |       3 |      24 |       14 |      5 |    29 |   -0.117 |       -8.2 |    157 | sa11_sr\[1\]$_DFF_P_/D
iter:87, pass:32, current fixing endpoint: sa02_sr\[5\]$_DFF_P_/D, endpoint slack:-7.073431e-11
       88 |       3 |      25 |       14 |      5 |    29 |   -0.117 |       -8.2 |    157 | sa11_sr\[1\]$_DFF_P_/D
iter:88, pass:33, current fixing endpoint: sa02_sr\[5\]$_DFF_P_/D, endpoint slack:-6.829337e-11
       89 |       3 |      26 |       14 |      5 |    29 |   -0.117 |       -8.2 |    157 | sa11_sr\[1\]$_DFF_P_/D
iter:89, pass:34, current fixing endpoint: sa02_sr\[5\]$_DFF_P_/D, endpoint slack:-6.680678e-11
       90 |       3 |      26 |       14 |      6 |    29 |   -0.117 |       -8.2 |    157 | sa11_sr\[1\]$_DFF_P_/D
iter:90, pass:35, current fixing endpoint: sa02_sr\[5\]$_DFF_P_/D, endpoint slack:-6.922374e-11
       91 |       3 |      26 |       14 |      6 |    30 |   -0.117 |       -8.2 |    157 | sa11_sr\[1\]$_DFF_P_/D
iter:91, pass:36, current fixing endpoint: sa02_sr\[5\]$_DFF_P_/D, endpoint slack:-7.0084605e-11
       91 |       3 |      14 |       13 |      3 |    28 |   -0.115 |       -8.3 |    157 | sa11_sr\[1\]$_DFF_P_/D
       92 |       3 |      14 |       13 |      3 |    28 |   -0.115 |       -8.3 |    157 | sa11_sr\[1\]$_DFF_P_/D
iter:92, pass:1, current fixing endpoint: sa00_sr\[7\]$_DFF_P_/D, endpoint slack:-1.04732e-10
       93 |       3 |      14 |       13 |      3 |    29 |   -0.115 |       -8.3 |    157 | sa11_sr\[1\]$_DFF_P_/D
iter:93, pass:2, current fixing endpoint: sa00_sr\[7\]$_DFF_P_/D, endpoint slack:-1.10680465e-10
       94 |       3 |      14 |       15 |      3 |    29 |   -0.115 |       -8.4 |    157 | sa11_sr\[1\]$_DFF_P_/D
iter:94, pass:3, current fixing endpoint: sa00_sr\[7\]$_DFF_P_/D, endpoint slack:-1.02805986e-10
       95 |       3 |      14 |       17 |      3 |    29 |   -0.115 |       -8.3 |    157 | sa11_sr\[1\]$_DFF_P_/D
iter:95, pass:4, current fixing endpoint: sa00_sr\[7\]$_DFF_P_/D, endpoint slack:-9.610723e-11
       96 |       3 |      14 |       17 |      3 |    30 |   -0.115 |       -8.3 |    157 | sa11_sr\[1\]$_DFF_P_/D
iter:96, pass:5, current fixing endpoint: sa00_sr\[7\]$_DFF_P_/D, endpoint slack:-9.4765085e-11
       97 |       3 |      14 |       17 |      3 |    31 |   -0.115 |       -8.3 |    157 | sa11_sr\[1\]$_DFF_P_/D
iter:97, pass:6, current fixing endpoint: sa00_sr\[7\]$_DFF_P_/D, endpoint slack:-9.68875e-11
       98 |       3 |      14 |       17 |      3 |    32 |   -0.115 |       -8.3 |    157 | sa11_sr\[1\]$_DFF_P_/D
iter:98, pass:7, current fixing endpoint: sa00_sr\[7\]$_DFF_P_/D, endpoint slack:-9.8545616e-11
       99 |       3 |      14 |       17 |      3 |    33 |   -0.115 |       -8.3 |    157 | sa11_sr\[1\]$_DFF_P_/D
iter:99, pass:8, current fixing endpoint: sa00_sr\[7\]$_DFF_P_/D, endpoint slack:-9.736345e-11
      100 |       3 |      14 |       17 |      3 |    34 |   -0.115 |       -8.3 |    157 | sa11_sr\[1\]$_DFF_P_/D
iter:100, pass:9, current fixing endpoint: sa00_sr\[7\]$_DFF_P_/D, endpoint slack:-1.0396384e-10
      101 |       3 |      14 |       19 |      3 |    34 |   -0.115 |       -8.5 |    157 | sa11_sr\[1\]$_DFF_P_/D
iter:101, pass:10, current fixing endpoint: sa00_sr\[7\]$_DFF_P_/D, endpoint slack:-1.0325374e-10
      102 |       3 |      15 |       19 |      3 |    34 |   -0.115 |       -8.5 |    157 | sa11_sr\[1\]$_DFF_P_/D
iter:102, pass:11, current fixing endpoint: sa00_sr\[7\]$_DFF_P_/D, endpoint slack:-1.04774855e-10
      103 |       3 |      16 |       19 |      3 |    34 |   -0.115 |       -8.5 |    157 | sa11_sr\[1\]$_DFF_P_/D
iter:103, pass:12, current fixing endpoint: sa00_sr\[7\]$_DFF_P_/D, endpoint slack:-1.0646195e-10
      104 |       3 |      17 |       19 |      3 |    34 |   -0.115 |       -8.5 |    157 | sa11_sr\[1\]$_DFF_P_/D
iter:104, pass:13, current fixing endpoint: sa00_sr\[7\]$_DFF_P_/D, endpoint slack:-1.0654144e-10
      105 |       3 |      17 |       19 |      4 |    34 |   -0.115 |       -8.5 |    157 | sa11_sr\[1\]$_DFF_P_/D
iter:105, pass:14, current fixing endpoint: sa00_sr\[7\]$_DFF_P_/D, endpoint slack:-1.0657586e-10
      106 |       3 |      17 |       19 |      4 |    35 |   -0.115 |       -8.5 |    157 | sa11_sr\[1\]$_DFF_P_/D
iter:106, pass:15, current fixing endpoint: sa00_sr\[7\]$_DFF_P_/D, endpoint slack:-1.0985768e-10
      106 |       3 |      14 |       18 |      3 |    30 |   -0.115 |       -8.3 |    157 | sa11_sr\[1\]$_DFF_P_/D
      107 |       3 |      14 |       18 |      3 |    30 |   -0.115 |       -8.3 |    157 | sa11_sr\[1\]$_DFF_P_/D
iter:107, pass:1, current fixing endpoint: sa02_sr\[2\]$_DFF_P_/D, endpoint slack:-9.4557806e-11
      108 |       3 |      15 |       18 |      3 |    30 |   -0.115 |       -8.3 |    157 | sa11_sr\[1\]$_DFF_P_/D
iter:108, pass:2, current fixing endpoint: sa02_sr\[2\]$_DFF_P_/D, endpoint slack:-9.342527e-11
      109 |       3 |      16 |       18 |      3 |    30 |   -0.115 |       -8.3 |    157 | sa11_sr\[1\]$_DFF_P_/D
iter:109, pass:3, current fixing endpoint: sa02_sr\[2\]$_DFF_P_/D, endpoint slack:-8.776124e-11
      110 |       3 |      17 |       18 |      3 |    30 |   -0.115 |       -8.3 |    157 | sa11_sr\[1\]$_DFF_P_/D
iter:110, pass:4, current fixing endpoint: sa02_sr\[2\]$_DFF_P_/D, endpoint slack:-8.555001e-11
      111 |       3 |      18 |       18 |      3 |    30 |   -0.117 |       -8.3 |    157 | sa11_sr\[1\]$_DFF_P_/D
iter:111, pass:5, current fixing endpoint: sa02_sr\[2\]$_DFF_P_/D, endpoint slack:-8.45326e-11
      112 |       3 |      19 |       18 |      3 |    30 |   -0.117 |       -8.3 |    157 | sa11_sr\[1\]$_DFF_P_/D
iter:112, pass:6, current fixing endpoint: sa02_sr\[2\]$_DFF_P_/D, endpoint slack:-8.30378e-11
      113 |       3 |      20 |       18 |      3 |    30 |   -0.117 |       -8.3 |    157 | sa11_sr\[1\]$_DFF_P_/D
iter:113, pass:7, current fixing endpoint: sa02_sr\[2\]$_DFF_P_/D, endpoint slack:-8.139622e-11
      114 |       3 |      21 |       18 |      3 |    30 |   -0.117 |       -8.3 |    157 | sa11_sr\[1\]$_DFF_P_/D
iter:114, pass:8, current fixing endpoint: sa02_sr\[2\]$_DFF_P_/D, endpoint slack:-8.035306e-11
      115 |       3 |      22 |       18 |      3 |    30 |   -0.117 |       -8.3 |    157 | sa11_sr\[1\]$_DFF_P_/D
iter:115, pass:9, current fixing endpoint: sa02_sr\[2\]$_DFF_P_/D, endpoint slack:-7.85394e-11
      116 |       3 |      23 |       18 |      3 |    30 |   -0.117 |       -8.3 |    157 | sa11_sr\[1\]$_DFF_P_/D
iter:116, pass:10, current fixing endpoint: sa02_sr\[2\]$_DFF_P_/D, endpoint slack:-7.668455e-11
      117 |       3 |      23 |       18 |      4 |    30 |   -0.117 |       -8.3 |    157 | sa11_sr\[1\]$_DFF_P_/D
iter:117, pass:11, current fixing endpoint: sa02_sr\[2\]$_DFF_P_/D, endpoint slack:-7.470047e-11
      118 |       3 |      24 |       18 |      4 |    30 |   -0.117 |       -8.3 |    157 | sa11_sr\[1\]$_DFF_P_/D
iter:118, pass:12, current fixing endpoint: sa02_sr\[2\]$_DFF_P_/D, endpoint slack:-7.461265e-11
      119 |       3 |      25 |       18 |      4 |    30 |   -0.117 |       -8.3 |    157 | sa11_sr\[1\]$_DFF_P_/D
iter:119, pass:13, current fixing endpoint: sa02_sr\[2\]$_DFF_P_/D, endpoint slack:-7.41357e-11
      120 |       3 |      26 |       18 |      4 |    30 |   -0.117 |       -8.3 |    157 | sa11_sr\[1\]$_DFF_P_/D
iter:120, pass:14, current fixing endpoint: sa02_sr\[2\]$_DFF_P_/D, endpoint slack:-7.769896e-11
      121 |       3 |      27 |       18 |      4 |    30 |   -0.117 |       -8.3 |    157 | sa11_sr\[1\]$_DFF_P_/D
iter:121, pass:15, current fixing endpoint: sa02_sr\[2\]$_DFF_P_/D, endpoint slack:-7.379852e-11
      122 |       3 |      27 |       18 |      4 |    31 |   -0.117 |       -8.3 |    157 | sa11_sr\[1\]$_DFF_P_/D
iter:122, pass:16, current fixing endpoint: sa02_sr\[2\]$_DFF_P_/D, endpoint slack:-7.1562534e-11
      123 |       3 |      28 |       18 |      4 |    31 |   -0.117 |       -8.3 |    157 | sa11_sr\[1\]$_DFF_P_/D
iter:123, pass:17, current fixing endpoint: sa02_sr\[2\]$_DFF_P_/D, endpoint slack:-6.8730466e-11
      124 |       3 |      28 |       18 |      4 |    32 |   -0.117 |       -8.3 |    157 | sa11_sr\[1\]$_DFF_P_/D
iter:124, pass:18, current fixing endpoint: sa02_sr\[2\]$_DFF_P_/D, endpoint slack:-7.1775696e-11
      125 |       3 |      29 |       18 |      4 |    32 |   -0.117 |       -8.3 |    157 | sa11_sr\[1\]$_DFF_P_/D
iter:125, pass:19, current fixing endpoint: sa02_sr\[2\]$_DFF_P_/D, endpoint slack:-6.815193e-11
      126 |       3 |      30 |       18 |      4 |    32 |   -0.117 |       -8.3 |    157 | sa11_sr\[1\]$_DFF_P_/D
iter:126, pass:20, current fixing endpoint: sa02_sr\[2\]$_DFF_P_/D, endpoint slack:-6.791134e-11
      127 |       3 |      30 |       18 |      5 |    32 |   -0.117 |       -8.3 |    157 | sa11_sr\[1\]$_DFF_P_/D
iter:127, pass:21, current fixing endpoint: sa02_sr\[2\]$_DFF_P_/D, endpoint slack:-6.8023365e-11
      128 |       3 |      31 |       18 |      5 |    32 |   -0.117 |       -8.3 |    157 | sa11_sr\[1\]$_DFF_P_/D
iter:128, pass:22, current fixing endpoint: sa02_sr\[2\]$_DFF_P_/D, endpoint slack:-6.722434e-11
      129 |       3 |      31 |       18 |      6 |    32 |   -0.117 |       -8.3 |    157 | sa11_sr\[1\]$_DFF_P_/D
iter:129, pass:23, current fixing endpoint: sa02_sr\[2\]$_DFF_P_/D, endpoint slack:-6.5368266e-11
      130 |       3 |      32 |       18 |      6 |    32 |   -0.117 |       -8.3 |    157 | sa11_sr\[1\]$_DFF_P_/D
iter:130, pass:24, current fixing endpoint: sa02_sr\[2\]$_DFF_P_/D, endpoint slack:-6.6850414e-11
      131 |       3 |      33 |       18 |      6 |    32 |   -0.117 |       -8.3 |    157 | sa11_sr\[1\]$_DFF_P_/D
iter:131, pass:25, current fixing endpoint: sa02_sr\[2\]$_DFF_P_/D, endpoint slack:-7.224177e-11
      132 |       3 |      34 |       18 |      6 |    32 |   -0.117 |       -8.3 |    157 | sa11_sr\[1\]$_DFF_P_/D
iter:132, pass:26, current fixing endpoint: sa02_sr\[2\]$_DFF_P_/D, endpoint slack:-6.588674e-11
      133 |       3 |      35 |       18 |      6 |    32 |   -0.117 |       -8.3 |    157 | sa11_sr\[1\]$_DFF_P_/D
iter:133, pass:27, current fixing endpoint: sa02_sr\[2\]$_DFF_P_/D, endpoint slack:-6.695011e-11
      134 |       3 |      35 |       18 |      6 |    33 |   -0.117 |       -8.3 |    157 | sa11_sr\[1\]$_DFF_P_/D
iter:134, pass:28, current fixing endpoint: sa02_sr\[2\]$_DFF_P_/D, endpoint slack:-6.388723e-11
      135 |       3 |      36 |       18 |      6 |    33 |   -0.117 |       -8.3 |    157 | sa11_sr\[1\]$_DFF_P_/D
iter:135, pass:29, current fixing endpoint: sa02_sr\[2\]$_DFF_P_/D, endpoint slack:-6.323286e-11
      136 |       3 |      36 |       18 |      6 |    34 |   -0.117 |       -8.3 |    157 | sa11_sr\[1\]$_DFF_P_/D
iter:136, pass:30, current fixing endpoint: sa02_sr\[2\]$_DFF_P_/D, endpoint slack:-6.118195e-11
      137 |       3 |      36 |       20 |      6 |    34 |   -0.117 |       -8.2 |    157 | sa11_sr\[1\]$_DFF_P_/D
iter:137, pass:31, current fixing endpoint: sa02_sr\[2\]$_DFF_P_/D, endpoint slack:-5.2400972e-11
      138 |       3 |      37 |       20 |      6 |    34 |   -0.117 |       -8.2 |    157 | sa11_sr\[1\]$_DFF_P_/D
iter:138, pass:32, current fixing endpoint: sa02_sr\[2\]$_DFF_P_/D, endpoint slack:-5.6167182e-11
      139 |       3 |      38 |       20 |      6 |    34 |   -0.117 |       -8.2 |    157 | sa11_sr\[1\]$_DFF_P_/D
iter:139, pass:33, current fixing endpoint: sa02_sr\[2\]$_DFF_P_/D, endpoint slack:-5.587808e-11
      140 |       3 |      39 |       20 |      6 |    34 |   -0.117 |       -8.2 |    157 | sa11_sr\[1\]$_DFF_P_/D
iter:140, pass:34, current fixing endpoint: sa02_sr\[2\]$_DFF_P_/D, endpoint slack:-5.4832583e-11
      141 |       3 |      40 |       20 |      6 |    34 |   -0.117 |       -8.2 |    157 | sa11_sr\[1\]$_DFF_P_/D
iter:141, pass:35, current fixing endpoint: sa02_sr\[2\]$_DFF_P_/D, endpoint slack:-5.314471e-11
      142 |       3 |      41 |       20 |      6 |    34 |   -0.117 |       -8.2 |    157 | sa11_sr\[1\]$_DFF_P_/D
iter:142, pass:36, current fixing endpoint: sa02_sr\[2\]$_DFF_P_/D, endpoint slack:-5.353773e-11
      143 |       3 |      41 |       20 |      7 |    34 |   -0.117 |       -8.2 |    157 | sa11_sr\[1\]$_DFF_P_/D
iter:143, pass:37, current fixing endpoint: sa02_sr\[2\]$_DFF_P_/D, endpoint slack:-5.55761e-11
      144 |       3 |      41 |       20 |      7 |    35 |   -0.117 |       -8.2 |    157 | sa11_sr\[1\]$_DFF_P_/D
iter:144, pass:38, current fixing endpoint: sa02_sr\[2\]$_DFF_P_/D, endpoint slack:-5.4523164e-11
      145 |       3 |      41 |       20 |      7 |    36 |   -0.117 |       -8.2 |    157 | sa11_sr\[1\]$_DFF_P_/D
iter:145, pass:39, current fixing endpoint: sa02_sr\[2\]$_DFF_P_/D, endpoint slack:-5.3992144e-11
      145 |       3 |      20 |       19 |      3 |    30 |   -0.115 |       -8.3 |    157 | sa11_sr\[1\]$_DFF_P_/D
      146 |       3 |      20 |       19 |      3 |    30 |   -0.115 |       -8.3 |    157 | sa11_sr\[1\]$_DFF_P_/D
iter:146, pass:1, current fixing endpoint: u0.u2.d\[1\]$_DFF_P_/D, endpoint slack:-8.105727e-11
      147 |       3 |      21 |       19 |      3 |    30 |   -0.115 |       -8.3 |    157 | sa11_sr\[1\]$_DFF_P_/D
iter:147, pass:2, current fixing endpoint: u0.u2.d\[1\]$_DFF_P_/D, endpoint slack:-8.114753e-11
      148 |       3 |      21 |       19 |      3 |    31 |   -0.115 |       -8.3 |    157 | sa11_sr\[1\]$_DFF_P_/D
iter:148, pass:3, current fixing endpoint: u0.u2.d\[1\]$_DFF_P_/D, endpoint slack:-8.421308e-11
      149 |       3 |      22 |       19 |      3 |    31 |   -0.115 |       -8.3 |    157 | sa11_sr\[1\]$_DFF_P_/D
iter:149, pass:4, current fixing endpoint: u0.u2.d\[1\]$_DFF_P_/D, endpoint slack:-8.523071e-11
      150 |       3 |      23 |       19 |      3 |    31 |   -0.115 |       -8.3 |    157 | sa11_sr\[1\]$_DFF_P_/D
iter:150, pass:5, current fixing endpoint: u0.u2.d\[1\]$_DFF_P_/D, endpoint slack:-8.496004e-11
      151 |       3 |      24 |       19 |      3 |    31 |   -0.115 |       -8.3 |    157 | sa11_sr\[1\]$_DFF_P_/D
iter:151, pass:6, current fixing endpoint: u0.u2.d\[1\]$_DFF_P_/D, endpoint slack:-8.922829e-11
      152 |       3 |      25 |       19 |      3 |    31 |   -0.115 |       -8.3 |    157 | sa11_sr\[1\]$_DFF_P_/D
iter:152, pass:7, current fixing endpoint: u0.u2.d\[1\]$_DFF_P_/D, endpoint slack:-8.639178e-11
      152 |       3 |      21 |       19 |      3 |    30 |   -0.115 |       -8.3 |    157 | sa11_sr\[1\]$_DFF_P_/D
      153 |       3 |      21 |       19 |      3 |    30 |   -0.115 |       -8.3 |    157 | sa11_sr\[1\]$_DFF_P_/D
iter:153, pass:1, current fixing endpoint: sa02_sr\[3\]$_DFF_P_/D, endpoint slack:-8.9821706e-11
      154 |       3 |      22 |       19 |      3 |    30 |   -0.115 |       -8.3 |    157 | sa11_sr\[1\]$_DFF_P_/D
iter:154, pass:2, current fixing endpoint: sa02_sr\[3\]$_DFF_P_/D, endpoint slack:-8.879375e-11
      155 |       3 |      22 |       19 |      3 |    31 |   -0.115 |       -8.3 |    157 | sa11_sr\[1\]$_DFF_P_/D
iter:155, pass:3, current fixing endpoint: sa02_sr\[3\]$_DFF_P_/D, endpoint slack:-8.47864e-11
      156 |       3 |      23 |       19 |      3 |    31 |   -0.115 |       -8.3 |    157 | sa11_sr\[1\]$_DFF_P_/D
iter:156, pass:4, current fixing endpoint: sa02_sr\[3\]$_DFF_P_/D, endpoint slack:-8.442447e-11
      157 |       3 |      24 |       19 |      3 |    31 |   -0.115 |       -8.3 |    157 | sa11_sr\[1\]$_DFF_P_/D
iter:157, pass:5, current fixing endpoint: sa02_sr\[3\]$_DFF_P_/D, endpoint slack:-8.35475e-11
      158 |       3 |      24 |       19 |      3 |    32 |   -0.115 |       -8.3 |    157 | sa11_sr\[1\]$_DFF_P_/D
iter:158, pass:6, current fixing endpoint: sa02_sr\[3\]$_DFF_P_/D, endpoint slack:-8.143919e-11
      159 |       3 |      25 |       19 |      3 |    32 |   -0.115 |       -8.3 |    157 | sa11_sr\[1\]$_DFF_P_/D
iter:159, pass:7, current fixing endpoint: sa02_sr\[3\]$_DFF_P_/D, endpoint slack:-7.868517e-11
      160 |       3 |      26 |       19 |      3 |    32 |   -0.115 |       -8.3 |    157 | sa11_sr\[1\]$_DFF_P_/D
iter:160, pass:8, current fixing endpoint: sa02_sr\[3\]$_DFF_P_/D, endpoint slack:-7.551337e-11
      161 |       3 |      26 |       19 |      4 |    32 |   -0.115 |       -8.3 |    157 | sa11_sr\[1\]$_DFF_P_/D
iter:161, pass:9, current fixing endpoint: sa02_sr\[3\]$_DFF_P_/D, endpoint slack:-8.212997e-11
      162 |       3 |      26 |       21 |      4 |    32 |   -0.115 |       -8.3 |    157 | sa11_sr\[1\]$_DFF_P_/D
iter:162, pass:10, current fixing endpoint: sa02_sr\[3\]$_DFF_P_/D, endpoint slack:-7.4740214e-11
      163 |       3 |      26 |       21 |      4 |    33 |   -0.115 |       -8.3 |    157 | sa11_sr\[1\]$_DFF_P_/D
iter:163, pass:11, current fixing endpoint: sa02_sr\[3\]$_DFF_P_/D, endpoint slack:-6.991818e-11
      164 |       3 |      27 |       21 |      4 |    33 |   -0.117 |       -8.3 |    157 | sa11_sr\[1\]$_DFF_P_/D
iter:164, pass:12, current fixing endpoint: sa02_sr\[3\]$_DFF_P_/D, endpoint slack:-6.890066e-11
      165 |       3 |      28 |       21 |      4 |    33 |   -0.117 |       -8.3 |    157 | sa11_sr\[1\]$_DFF_P_/D
iter:165, pass:13, current fixing endpoint: sa02_sr\[3\]$_DFF_P_/D, endpoint slack:-6.6657346e-11
      166 |       3 |      29 |       21 |      4 |    33 |   -0.117 |       -8.3 |    157 | sa11_sr\[1\]$_DFF_P_/D
iter:166, pass:14, current fixing endpoint: sa02_sr\[3\]$_DFF_P_/D, endpoint slack:-6.509493e-11
      167 |       3 |      29 |       23 |      4 |    33 |   -0.117 |       -8.2 |    157 | sa11_sr\[1\]$_DFF_P_/D
iter:167, pass:15, current fixing endpoint: sa02_sr\[3\]$_DFF_P_/D, endpoint slack:-6.0724425e-11
      168 |       3 |      30 |       23 |      4 |    33 |   -0.117 |       -8.2 |    157 | sa11_sr\[1\]$_DFF_P_/D
iter:168, pass:16, current fixing endpoint: sa02_sr\[3\]$_DFF_P_/D, endpoint slack:-5.6291083e-11
      169 |       3 |      30 |       23 |      4 |    34 |   -0.117 |       -8.2 |    157 | sa11_sr\[1\]$_DFF_P_/D
iter:169, pass:17, current fixing endpoint: sa02_sr\[3\]$_DFF_P_/D, endpoint slack:-6.001499e-11
      170 |       3 |      31 |       23 |      4 |    34 |   -0.117 |       -8.2 |    157 | sa11_sr\[1\]$_DFF_P_/D
iter:170, pass:18, current fixing endpoint: sa02_sr\[3\]$_DFF_P_/D, endpoint slack:-5.852008e-11
      171 |       3 |      32 |       23 |      4 |    34 |   -0.117 |       -8.2 |    157 | sa11_sr\[1\]$_DFF_P_/D
iter:171, pass:19, current fixing endpoint: sa02_sr\[3\]$_DFF_P_/D, endpoint slack:-5.6878502e-11
      172 |       3 |      33 |       23 |      4 |    34 |   -0.117 |       -8.2 |    157 | sa11_sr\[1\]$_DFF_P_/D
iter:172, pass:20, current fixing endpoint: sa02_sr\[3\]$_DFF_P_/D, endpoint slack:-5.5835336e-11
      173 |       3 |      34 |       23 |      4 |    34 |   -0.117 |       -8.2 |    157 | sa11_sr\[1\]$_DFF_P_/D
iter:173, pass:21, current fixing endpoint: sa02_sr\[3\]$_DFF_P_/D, endpoint slack:-5.5128346e-11
      174 |       3 |      34 |       23 |      5 |    34 |   -0.117 |       -8.2 |    157 | sa11_sr\[1\]$_DFF_P_/D
iter:174, pass:22, current fixing endpoint: sa02_sr\[3\]$_DFF_P_/D, endpoint slack:-5.292833e-11
      175 |       3 |      34 |       23 |      5 |    35 |   -0.117 |       -8.2 |    157 | sa11_sr\[1\]$_DFF_P_/D
iter:175, pass:23, current fixing endpoint: sa02_sr\[3\]$_DFF_P_/D, endpoint slack:-5.154166e-11
      176 |       3 |      34 |       23 |      6 |    35 |   -0.117 |       -8.2 |    157 | sa11_sr\[1\]$_DFF_P_/D
iter:176, pass:24, current fixing endpoint: sa02_sr\[3\]$_DFF_P_/D, endpoint slack:-5.433687e-11
      176 |       3 |      26 |       22 |      4 |    33 |   -0.115 |       -8.3 |    157 | sa11_sr\[1\]$_DFF_P_/D
      177 |       3 |      26 |       22 |      4 |    33 |   -0.115 |       -8.3 |    157 | sa11_sr\[1\]$_DFF_P_/D
iter:177, pass:1, current fixing endpoint: u0.u1.d\[6\]$_DFF_P_/D, endpoint slack:-1.0326884e-10
      178 |       3 |      26 |       22 |      4 |    34 |   -0.115 |       -8.3 |    157 | sa11_sr\[1\]$_DFF_P_/D
iter:178, pass:2, current fixing endpoint: u0.u1.d\[6\]$_DFF_P_/D, endpoint slack:-1.0275081e-10
      179 |       3 |      26 |       22 |      4 |    35 |   -0.115 |       -8.3 |    157 | sa11_sr\[1\]$_DFF_P_/D
iter:179, pass:3, current fixing endpoint: u0.u1.d\[6\]$_DFF_P_/D, endpoint slack:-9.75412e-11
      180 |       3 |      26 |       24 |      4 |    35 |   -0.115 |       -8.2 |    157 | sa11_sr\[1\]$_DFF_P_/D
iter:180, pass:4, current fixing endpoint: u0.u1.d\[6\]$_DFF_P_/D, endpoint slack:-9.701584e-11
      181 |       3 |      26 |       24 |      4 |    36 |   -0.115 |       -8.3 |    157 | sa11_sr\[1\]$_DFF_P_/D
iter:181, pass:5, current fixing endpoint: u0.u1.d\[6\]$_DFF_P_/D, endpoint slack:-9.959e-11
      182 |       3 |      26 |       24 |      4 |    37 |   -0.115 |       -8.3 |    157 | sa11_sr\[1\]$_DFF_P_/D
iter:182, pass:6, current fixing endpoint: u0.u1.d\[6\]$_DFF_P_/D, endpoint slack:-9.795831e-11
      183 |       3 |      26 |       24 |      4 |    38 |   -0.115 |       -8.2 |    157 | sa11_sr\[1\]$_DFF_P_/D
iter:183, pass:7, current fixing endpoint: u0.u1.d\[6\]$_DFF_P_/D, endpoint slack:-9.6663344e-11
      184 |       3 |      26 |       24 |      5 |    38 |   -0.115 |       -8.2 |    157 | sa11_sr\[1\]$_DFF_P_/D
iter:184, pass:8, current fixing endpoint: u0.u1.d\[6\]$_DFF_P_/D, endpoint slack:-9.411949e-11
      185 |       3 |      26 |       24 |      6 |    38 |   -0.115 |       -8.2 |    157 | sa11_sr\[1\]$_DFF_P_/D
iter:185, pass:9, current fixing endpoint: u0.u1.d\[6\]$_DFF_P_/D, endpoint slack:-9.316958e-11
      185 |       3 |      26 |       24 |      6 |    38 |   -0.115 |       -8.2 |    157 | sa11_sr\[1\]$_DFF_P_/D
      186 |       3 |      26 |       24 |      6 |    38 |   -0.115 |       -8.2 |    157 | sa11_sr\[1\]$_DFF_P_/D
iter:186, pass:1, current fixing endpoint: sa20_sr\[3\]$_DFF_P_/D, endpoint slack:-9.9400266e-11
      187 |       3 |      26 |       24 |      6 |    39 |   -0.116 |       -8.3 |    157 | sa11_sr\[1\]$_DFF_P_/D
iter:187, pass:2, current fixing endpoint: sa20_sr\[3\]$_DFF_P_/D, endpoint slack:-1.006456e-10
      188 |       3 |      26 |       24 |      6 |    40 |   -0.116 |       -8.3 |    157 | sa11_sr\[1\]$_DFF_P_/D
iter:188, pass:3, current fixing endpoint: sa20_sr\[3\]$_DFF_P_/D, endpoint slack:-9.490253e-11
      189 |       3 |      26 |       26 |      6 |    40 |   -0.116 |       -8.3 |    157 | sa11_sr\[1\]$_DFF_P_/D
iter:189, pass:4, current fixing endpoint: sa20_sr\[3\]$_DFF_P_/D, endpoint slack:-1.150644e-10
      190 |       3 |      26 |       26 |      6 |    41 |   -0.123 |       -8.3 |    157 | sa20_sr\[3\]$_DFF_P_/D
iter:190, pass:5, current fixing endpoint: sa20_sr\[3\]$_DFF_P_/D, endpoint slack:-1.2296308e-10
      191 |       3 |      27 |       26 |      6 |    41 |   -0.120 |       -8.3 |    157 | sa20_sr\[3\]$_DFF_P_/D
iter:191, pass:6, current fixing endpoint: sa20_sr\[3\]$_DFF_P_/D, endpoint slack:-1.1995194e-10
      192 |       3 |      27 |       26 |      6 |    42 |   -0.119 |       -8.3 |    157 | sa20_sr\[3\]$_DFF_P_/D
iter:192, pass:7, current fixing endpoint: sa20_sr\[3\]$_DFF_P_/D, endpoint slack:-1.1891521e-10
      193 |       4 |      27 |       26 |      6 |    42 |   -0.116 |       -8.2 |    157 | sa11_sr\[1\]$_DFF_P_/D
iter:193, pass:8, current fixing endpoint: sa20_sr\[3\]$_DFF_P_/D, endpoint slack:-1.05099374e-10
      194 |       4 |      27 |       26 |      7 |    42 |   -0.116 |       -8.3 |    157 | sa11_sr\[1\]$_DFF_P_/D
iter:194, pass:9, current fixing endpoint: sa20_sr\[3\]$_DFF_P_/D, endpoint slack:-1.1119072e-10
      195 |       4 |      27 |       28 |      7 |    42 |   -0.116 |       -8.2 |    157 | sa11_sr\[1\]$_DFF_P_/D
iter:195, pass:10, current fixing endpoint: sa20_sr\[3\]$_DFF_P_/D, endpoint slack:-9.88557e-11
      196 |       4 |      27 |       28 |      7 |    43 |   -0.116 |       -8.2 |    157 | sa11_sr\[1\]$_DFF_P_/D
iter:196, pass:11, current fixing endpoint: sa20_sr\[3\]$_DFF_P_/D, endpoint slack:-1.0108214e-10
      197 |       4 |      28 |       28 |      7 |    43 |   -0.116 |       -8.2 |    157 | sa11_sr\[1\]$_DFF_P_/D
iter:197, pass:12, current fixing endpoint: sa20_sr\[3\]$_DFF_P_/D, endpoint slack:-1.01103015e-10
      198 |       4 |      29 |       28 |      7 |    43 |   -0.116 |       -8.2 |    157 | sa11_sr\[1\]$_DFF_P_/D
iter:198, pass:13, current fixing endpoint: sa20_sr\[3\]$_DFF_P_/D, endpoint slack:-1.0273982e-10
      199 |       4 |      30 |       28 |      7 |    43 |   -0.116 |       -8.2 |    157 | sa11_sr\[1\]$_DFF_P_/D
iter:199, pass:14, current fixing endpoint: sa20_sr\[3\]$_DFF_P_/D, endpoint slack:-9.88456e-11
      200 |       4 |      30 |       28 |      7 |    44 |   -0.116 |       -8.2 |    157 | sa11_sr\[1\]$_DFF_P_/D
iter:200, pass:15, current fixing endpoint: sa20_sr\[3\]$_DFF_P_/D, endpoint slack:-9.699219e-11
      200 |       3 |      27 |       26 |      6 |    38 |   -0.115 |       -8.2 |    157 | sa11_sr\[1\]$_DFF_P_/D
      201 |       3 |      27 |       26 |      6 |    38 |   -0.115 |       -8.2 |    157 | sa11_sr\[1\]$_DFF_P_/D
iter:201, pass:1, current fixing endpoint: sa02_sr\[6\]$_DFF_P_/D, endpoint slack:-7.610934e-11
      202 |       3 |      27 |       26 |      6 |    39 |   -0.115 |       -8.2 |    157 | sa11_sr\[1\]$_DFF_P_/D
iter:202, pass:2, current fixing endpoint: sa02_sr\[6\]$_DFF_P_/D, endpoint slack:-7.191436e-11
      203 |       3 |      28 |       26 |      6 |    39 |   -0.115 |       -8.2 |    157 | sa11_sr\[1\]$_DFF_P_/D
iter:203, pass:3, current fixing endpoint: sa02_sr\[6\]$_DFF_P_/D, endpoint slack:-6.423362e-11
      204 |       3 |      29 |       26 |      6 |    39 |   -0.117 |       -8.2 |    157 | sa11_sr\[1\]$_DFF_P_/D
iter:204, pass:4, current fixing endpoint: sa02_sr\[6\]$_DFF_P_/D, endpoint slack:-6.321621e-11
      205 |       3 |      30 |       26 |      6 |    39 |   -0.117 |       -8.2 |    157 | sa11_sr\[1\]$_DFF_P_/D
iter:205, pass:5, current fixing endpoint: sa02_sr\[6\]$_DFF_P_/D, endpoint slack:-6.114742e-11
      206 |       3 |      30 |       26 |      6 |    40 |   -0.117 |       -8.2 |    157 | sa11_sr\[1\]$_DFF_P_/D
iter:206, pass:6, current fixing endpoint: sa02_sr\[6\]$_DFF_P_/D, endpoint slack:-5.6594618e-11
      207 |       3 |      31 |       26 |      6 |    40 |   -0.117 |       -8.2 |    157 | sa11_sr\[1\]$_DFF_P_/D
iter:207, pass:7, current fixing endpoint: sa02_sr\[6\]$_DFF_P_/D, endpoint slack:-5.6259775e-11
      208 |       3 |      32 |       26 |      6 |    40 |   -0.117 |       -8.2 |    157 | sa11_sr\[1\]$_DFF_P_/D
iter:208, pass:8, current fixing endpoint: sa02_sr\[6\]$_DFF_P_/D, endpoint slack:-5.2461813e-11
      209 |       3 |      33 |       26 |      6 |    40 |   -0.117 |       -8.2 |    157 | sa11_sr\[1\]$_DFF_P_/D
iter:209, pass:9, current fixing endpoint: sa02_sr\[6\]$_DFF_P_/D, endpoint slack:-5.1983307e-11
      210 |       3 |      33 |       26 |      7 |    40 |   -0.117 |       -8.2 |    157 | sa11_sr\[1\]$_DFF_P_/D
iter:210, pass:10, current fixing endpoint: sa02_sr\[6\]$_DFF_P_/D, endpoint slack:-5.867773e-11
      211 |       3 |      33 |       28 |      7 |    40 |   -0.117 |       -8.2 |    157 | sa11_sr\[1\]$_DFF_P_/D
iter:211, pass:11, current fixing endpoint: sa02_sr\[6\]$_DFF_P_/D, endpoint slack:-5.1948446e-11
      212 |       3 |      34 |       28 |      7 |    40 |   -0.117 |       -8.2 |    157 | sa11_sr\[1\]$_DFF_P_/D
iter:212, pass:12, current fixing endpoint: sa02_sr\[6\]$_DFF_P_/D, endpoint slack:-5.1592508e-11
      213 |       3 |      35 |       28 |      7 |    40 |   -0.117 |       -8.2 |    157 | sa11_sr\[1\]$_DFF_P_/D
iter:213, pass:13, current fixing endpoint: sa02_sr\[6\]$_DFF_P_/D, endpoint slack:-5.865586e-11
      214 |       3 |      36 |       28 |      7 |    40 |   -0.117 |       -8.2 |    157 | sa11_sr\[1\]$_DFF_P_/D
iter:214, pass:14, current fixing endpoint: sa02_sr\[6\]$_DFF_P_/D, endpoint slack:-5.1030402e-11
      215 |       3 |      37 |       28 |      7 |    40 |   -0.117 |       -8.2 |    157 | sa11_sr\[1\]$_DFF_P_/D
iter:215, pass:15, current fixing endpoint: sa02_sr\[6\]$_DFF_P_/D, endpoint slack:-4.897216e-11
      216 |       3 |      38 |       28 |      7 |    40 |   -0.117 |       -8.2 |    157 | sa11_sr\[1\]$_DFF_P_/D
iter:216, pass:16, current fixing endpoint: sa02_sr\[6\]$_DFF_P_/D, endpoint slack:-4.672418e-11
      217 |       3 |      39 |       28 |      7 |    40 |   -0.117 |       -8.2 |    157 | sa11_sr\[1\]$_DFF_P_/D
iter:217, pass:17, current fixing endpoint: sa02_sr\[6\]$_DFF_P_/D, endpoint slack:-4.5769832e-11
      218 |       3 |      39 |       28 |      7 |    41 |   -0.117 |       -8.2 |    157 | sa11_sr\[1\]$_DFF_P_/D
iter:218, pass:18, current fixing endpoint: sa02_sr\[6\]$_DFF_P_/D, endpoint slack:-5.880907e-11
      219 |       3 |      40 |       28 |      7 |    41 |   -0.117 |       -8.2 |    157 | sa11_sr\[1\]$_DFF_P_/D
iter:219, pass:19, current fixing endpoint: sa02_sr\[6\]$_DFF_P_/D, endpoint slack:-5.761558e-11
      220 |       3 |      41 |       28 |      7 |    41 |   -0.117 |       -8.2 |    157 | sa11_sr\[1\]$_DFF_P_/D
iter:220, pass:20, current fixing endpoint: sa02_sr\[6\]$_DFF_P_/D, endpoint slack:-5.9472094e-11
      221 |       3 |      41 |       28 |      7 |    42 |   -0.117 |       -8.2 |    157 | sa11_sr\[1\]$_DFF_P_/D
iter:221, pass:21, current fixing endpoint: sa02_sr\[6\]$_DFF_P_/D, endpoint slack:-6.7436945e-11
      222 |       3 |      42 |       28 |      7 |    42 |   -0.117 |       -8.2 |    157 | sa11_sr\[1\]$_DFF_P_/D
iter:222, pass:22, current fixing endpoint: sa02_sr\[6\]$_DFF_P_/D, endpoint slack:-6.619716e-11
      223 |       3 |      43 |       28 |      7 |    42 |   -0.117 |       -8.3 |    157 | sa11_sr\[1\]$_DFF_P_/D
iter:223, pass:23, current fixing endpoint: sa02_sr\[6\]$_DFF_P_/D, endpoint slack:-7.1400996e-11
      224 |       3 |      43 |       28 |      7 |    43 |   -0.117 |       -8.3 |    157 | sa11_sr\[1\]$_DFF_P_/D
iter:224, pass:24, current fixing endpoint: sa02_sr\[6\]$_DFF_P_/D, endpoint slack:-6.873979e-11
      225 |       3 |      44 |       28 |      7 |    43 |   -0.117 |       -8.2 |    157 | sa11_sr\[1\]$_DFF_P_/D
iter:225, pass:25, current fixing endpoint: sa02_sr\[6\]$_DFF_P_/D, endpoint slack:-6.7244876e-11
      226 |       3 |      45 |       28 |      7 |    43 |   -0.117 |       -8.2 |    157 | sa11_sr\[1\]$_DFF_P_/D
iter:226, pass:26, current fixing endpoint: sa02_sr\[6\]$_DFF_P_/D, endpoint slack:-6.56033e-11
      227 |       3 |      46 |       28 |      7 |    43 |   -0.117 |       -8.2 |    157 | sa11_sr\[1\]$_DFF_P_/D
iter:227, pass:27, current fixing endpoint: sa02_sr\[6\]$_DFF_P_/D, endpoint slack:-6.4560246e-11
      228 |       3 |      47 |       28 |      7 |    43 |   -0.117 |       -8.2 |    157 | sa11_sr\[1\]$_DFF_P_/D
iter:228, pass:28, current fixing endpoint: sa02_sr\[6\]$_DFF_P_/D, endpoint slack:-6.38154e-11
      229 |       3 |      47 |       28 |      8 |    43 |   -0.117 |       -8.2 |    157 | sa11_sr\[1\]$_DFF_P_/D
iter:229, pass:29, current fixing endpoint: sa02_sr\[6\]$_DFF_P_/D, endpoint slack:-6.040246e-11
      230 |       3 |      47 |       28 |      9 |    43 |   -0.117 |       -8.2 |    157 | sa11_sr\[1\]$_DFF_P_/D
iter:230, pass:30, current fixing endpoint: sa02_sr\[6\]$_DFF_P_/D, endpoint slack:-6.169787e-11
      231 |       3 |      47 |       28 |     10 |    43 |   -0.117 |       -8.2 |    157 | sa11_sr\[1\]$_DFF_P_/D
iter:231, pass:31, current fixing endpoint: sa02_sr\[6\]$_DFF_P_/D, endpoint slack:-6.4009464e-11
      231 |       3 |      29 |       27 |      6 |    39 |   -0.115 |       -8.2 |    157 | sa11_sr\[1\]$_DFF_P_/D
      232 |       3 |      29 |       27 |      6 |    39 |   -0.115 |       -8.2 |    157 | sa11_sr\[1\]$_DFF_P_/D
iter:232, pass:1, current fixing endpoint: sa02_sr\[7\]$_DFF_P_/D, endpoint slack:-7.5207174e-11
      233 |       3 |      30 |       27 |      6 |    39 |   -0.117 |       -8.2 |    157 | sa11_sr\[1\]$_DFF_P_/D
iter:233, pass:2, current fixing endpoint: sa02_sr\[7\]$_DFF_P_/D, endpoint slack:-7.4189765e-11
      234 |       3 |      31 |       27 |      6 |    39 |   -0.117 |       -8.2 |    157 | sa11_sr\[1\]$_DFF_P_/D
iter:234, pass:3, current fixing endpoint: sa02_sr\[7\]$_DFF_P_/D, endpoint slack:-7.21706e-11
      235 |       3 |      32 |       27 |      6 |    39 |   -0.117 |       -8.2 |    157 | sa11_sr\[1\]$_DFF_P_/D
iter:235, pass:4, current fixing endpoint: sa02_sr\[7\]$_DFF_P_/D, endpoint slack:-6.8366646e-11
      236 |       3 |      33 |       27 |      6 |    39 |   -0.117 |       -8.2 |    157 | sa11_sr\[1\]$_DFF_P_/D
iter:236, pass:5, current fixing endpoint: sa02_sr\[7\]$_DFF_P_/D, endpoint slack:-6.633161e-11
      237 |       3 |      34 |       27 |      6 |    39 |   -0.117 |       -8.2 |    157 | sa11_sr\[1\]$_DFF_P_/D
iter:237, pass:6, current fixing endpoint: sa02_sr\[7\]$_DFF_P_/D, endpoint slack:-6.483669e-11
      238 |       3 |      35 |       27 |      6 |    39 |   -0.117 |       -8.2 |    157 | sa11_sr\[1\]$_DFF_P_/D
iter:238, pass:7, current fixing endpoint: sa02_sr\[7\]$_DFF_P_/D, endpoint slack:-6.3195116e-11
      239 |       3 |      36 |       27 |      6 |    39 |   -0.117 |       -8.2 |    157 | sa11_sr\[1\]$_DFF_P_/D
iter:239, pass:8, current fixing endpoint: sa02_sr\[7\]$_DFF_P_/D, endpoint slack:-6.215206e-11
      240 |       3 |      37 |       27 |      6 |    39 |   -0.117 |       -8.2 |    157 | sa11_sr\[1\]$_DFF_P_/D
iter:240, pass:9, current fixing endpoint: sa02_sr\[7\]$_DFF_P_/D, endpoint slack:-6.637968e-11
      241 |       3 |      38 |       27 |      6 |    39 |   -0.117 |       -8.2 |    157 | sa11_sr\[1\]$_DFF_P_/D
iter:241, pass:10, current fixing endpoint: sa02_sr\[7\]$_DFF_P_/D, endpoint slack:-5.47149e-11
      242 |       3 |      39 |       27 |      6 |    39 |   -0.117 |       -8.2 |    157 | sa11_sr\[1\]$_DFF_P_/D
iter:242, pass:11, current fixing endpoint: sa02_sr\[7\]$_DFF_P_/D, endpoint slack:-5.351286e-11
      243 |       3 |      40 |       27 |      6 |    39 |   -0.117 |       -8.2 |    157 | sa11_sr\[1\]$_DFF_P_/D
iter:243, pass:12, current fixing endpoint: sa02_sr\[7\]$_DFF_P_/D, endpoint slack:-5.109868e-11
      244 |       3 |      40 |       27 |      7 |    39 |   -0.117 |       -8.2 |    157 | sa11_sr\[1\]$_DFF_P_/D
iter:244, pass:13, current fixing endpoint: sa02_sr\[7\]$_DFF_P_/D, endpoint slack:-5.2685523e-11
      245 |       3 |      41 |       27 |      7 |    39 |   -0.117 |       -8.2 |    157 | sa11_sr\[1\]$_DFF_P_/D
iter:245, pass:14, current fixing endpoint: sa02_sr\[7\]$_DFF_P_/D, endpoint slack:-5.2132965e-11
      246 |       3 |      41 |       27 |      8 |    39 |   -0.117 |       -8.2 |    157 | sa11_sr\[1\]$_DFF_P_/D
iter:246, pass:15, current fixing endpoint: sa02_sr\[7\]$_DFF_P_/D, endpoint slack:-4.9551474e-11
      247 |       3 |      42 |       27 |      8 |    39 |   -0.117 |       -8.2 |    157 | sa11_sr\[1\]$_DFF_P_/D
iter:247, pass:16, current fixing endpoint: sa02_sr\[7\]$_DFF_P_/D, endpoint slack:-4.927858e-11
      248 |       3 |      43 |       27 |      8 |    39 |   -0.117 |       -8.2 |    157 | sa11_sr\[1\]$_DFF_P_/D
iter:248, pass:17, current fixing endpoint: sa02_sr\[7\]$_DFF_P_/D, endpoint slack:-4.8343662e-11
      249 |       3 |      43 |       27 |      8 |    40 |   -0.117 |       -8.2 |    157 | sa11_sr\[1\]$_DFF_P_/D
iter:249, pass:18, current fixing endpoint: sa02_sr\[7\]$_DFF_P_/D, endpoint slack:-4.813061e-11
      250 |       3 |      43 |       27 |      8 |    41 |   -0.117 |       -8.2 |    157 | sa11_sr\[1\]$_DFF_P_/D
iter:250, pass:19, current fixing endpoint: sa02_sr\[7\]$_DFF_P_/D, endpoint slack:-4.5642046e-11
      251 |       3 |      44 |       27 |      8 |    41 |   -0.117 |       -8.1 |    157 | sa11_sr\[1\]$_DFF_P_/D
iter:251, pass:20, current fixing endpoint: sa02_sr\[7\]$_DFF_P_/D, endpoint slack:-4.2889137e-11
      252 |       3 |      45 |       27 |      8 |    41 |   -0.117 |       -8.1 |    157 | sa11_sr\[1\]$_DFF_P_/D
iter:252, pass:21, current fixing endpoint: sa02_sr\[7\]$_DFF_P_/D, endpoint slack:-4.141809e-11
      253 |       3 |      46 |       27 |      8 |    41 |   -0.117 |       -8.1 |    157 | sa11_sr\[1\]$_DFF_P_/D
iter:253, pass:22, current fixing endpoint: sa02_sr\[7\]$_DFF_P_/D, endpoint slack:-4.087375e-11
      254 |       3 |      46 |       27 |      9 |    41 |   -0.117 |       -8.2 |    157 | sa11_sr\[1\]$_DFF_P_/D
iter:254, pass:23, current fixing endpoint: sa02_sr\[7\]$_DFF_P_/D, endpoint slack:-4.337708e-11
      255 |       3 |      46 |       27 |      9 |    42 |   -0.117 |       -8.2 |    157 | sa11_sr\[1\]$_DFF_P_/D
iter:255, pass:24, current fixing endpoint: sa02_sr\[7\]$_DFF_P_/D, endpoint slack:-3.9643955e-11
      256 |       3 |      47 |       27 |      9 |    42 |   -0.117 |       -8.2 |    157 | sa11_sr\[1\]$_DFF_P_/D
iter:256, pass:25, current fixing endpoint: sa02_sr\[7\]$_DFF_P_/D, endpoint slack:-3.990419e-11
      257 |       3 |      47 |       27 |      9 |    43 |   -0.117 |       -8.2 |    157 | sa11_sr\[1\]$_DFF_P_/D
iter:257, pass:26, current fixing endpoint: sa02_sr\[7\]$_DFF_P_/D, endpoint slack:-3.878442e-11
      258 |       3 |      48 |       27 |      9 |    43 |   -0.117 |       -8.2 |    157 | sa11_sr\[1\]$_DFF_P_/D
iter:258, pass:27, current fixing endpoint: sa02_sr\[7\]$_DFF_P_/D, endpoint slack:-4.145384e-11
      259 |       3 |      49 |       27 |      9 |    43 |   -0.117 |       -8.2 |    157 | sa11_sr\[1\]$_DFF_P_/D
iter:259, pass:28, current fixing endpoint: sa02_sr\[7\]$_DFF_P_/D, endpoint slack:-3.6695313e-11
      260 |       3 |      49 |       27 |      9 |    44 |   -0.117 |       -8.2 |    157 | sa11_sr\[1\]$_DFF_P_/D
iter:260, pass:29, current fixing endpoint: sa02_sr\[7\]$_DFF_P_/D, endpoint slack:-3.4468206e-11
      261 |       3 |      49 |       27 |      9 |    45 |   -0.117 |       -8.2 |    157 | sa11_sr\[1\]$_DFF_P_/D
iter:261, pass:30, current fixing endpoint: sa02_sr\[7\]$_DFF_P_/D, endpoint slack:-3.1289304e-11
      262 |       3 |      50 |       27 |      9 |    45 |   -0.117 |       -8.2 |    157 | sa11_sr\[1\]$_DFF_P_/D
iter:262, pass:31, current fixing endpoint: sa02_sr\[7\]$_DFF_P_/D, endpoint slack:-3.5113246e-11
      263 |       3 |      51 |       27 |      9 |    45 |   -0.117 |       -8.2 |    157 | sa11_sr\[1\]$_DFF_P_/D
iter:263, pass:32, current fixing endpoint: sa02_sr\[7\]$_DFF_P_/D, endpoint slack:-3.237277e-11
      264 |       3 |      52 |       27 |      9 |    45 |   -0.117 |       -8.2 |    157 | sa11_sr\[1\]$_DFF_P_/D
iter:264, pass:33, current fixing endpoint: sa02_sr\[7\]$_DFF_P_/D, endpoint slack:-3.1331937e-11
      265 |       3 |      53 |       27 |      9 |    45 |   -0.117 |       -8.2 |    157 | sa11_sr\[1\]$_DFF_P_/D
iter:265, pass:34, current fixing endpoint: sa02_sr\[7\]$_DFF_P_/D, endpoint slack:-3.0315528e-11
      266 |       3 |      54 |       27 |      9 |    45 |   -0.117 |       -8.2 |    157 | sa11_sr\[1\]$_DFF_P_/D
iter:266, pass:35, current fixing endpoint: sa02_sr\[7\]$_DFF_P_/D, endpoint slack:-3.030587e-11
      267 |       3 |      54 |       27 |      9 |    46 |   -0.117 |       -8.2 |    157 | sa11_sr\[1\]$_DFF_P_/D
iter:267, pass:36, current fixing endpoint: sa02_sr\[7\]$_DFF_P_/D, endpoint slack:-3.638545e-11
      268 |       3 |      54 |       27 |     10 |    46 |   -0.117 |       -8.2 |    157 | sa11_sr\[1\]$_DFF_P_/D
iter:268, pass:37, current fixing endpoint: sa02_sr\[7\]$_DFF_P_/D, endpoint slack:-3.9887982e-11
      269 |       3 |      55 |       27 |     10 |    46 |   -0.117 |       -8.2 |    157 | sa11_sr\[1\]$_DFF_P_/D
iter:269, pass:38, current fixing endpoint: sa02_sr\[7\]$_DFF_P_/D, endpoint slack:-3.98096e-11
      269 |       3 |      33 |       27 |      6 |    39 |   -0.115 |       -8.2 |    157 | sa11_sr\[1\]$_DFF_P_/D
      270 |       3 |      33 |       27 |      6 |    39 |   -0.115 |       -8.2 |    157 | sa11_sr\[1\]$_DFF_P_/D
iter:270, pass:1, current fixing endpoint: sa02_sr\[0\]$_DFF_P_/D, endpoint slack:-7.733936e-11
      271 |       3 |      34 |       27 |      6 |    39 |   -0.115 |       -8.2 |    157 | sa11_sr\[1\]$_DFF_P_/D
iter:271, pass:2, current fixing endpoint: sa02_sr\[0\]$_DFF_P_/D, endpoint slack:-7.0714656e-11
      272 |       3 |      34 |       27 |      6 |    40 |   -0.115 |       -8.2 |    157 | sa11_sr\[1\]$_DFF_P_/D
iter:272, pass:3, current fixing endpoint: sa02_sr\[0\]$_DFF_P_/D, endpoint slack:-7.681622e-11
      273 |       3 |      35 |       27 |      6 |    40 |   -0.115 |       -8.2 |    157 | sa11_sr\[1\]$_DFF_P_/D
iter:273, pass:4, current fixing endpoint: sa02_sr\[0\]$_DFF_P_/D, endpoint slack:-7.012013e-11
      274 |       3 |      36 |       27 |      6 |    40 |   -0.115 |       -8.2 |    157 | sa11_sr\[1\]$_DFF_P_/D
iter:274, pass:5, current fixing endpoint: sa02_sr\[0\]$_DFF_P_/D, endpoint slack:-6.92052e-11
      275 |       3 |      36 |       27 |      6 |    41 |   -0.115 |       -8.2 |    157 | sa11_sr\[1\]$_DFF_P_/D
iter:275, pass:6, current fixing endpoint: sa02_sr\[0\]$_DFF_P_/D, endpoint slack:-8.2158835e-11
      276 |       3 |      37 |       27 |      6 |    41 |   -0.115 |       -8.2 |    157 | sa11_sr\[1\]$_DFF_P_/D
iter:276, pass:7, current fixing endpoint: sa02_sr\[0\]$_DFF_P_/D, endpoint slack:-7.2898354e-11
      277 |       3 |      38 |       27 |      6 |    41 |   -0.115 |       -8.2 |    157 | sa11_sr\[1\]$_DFF_P_/D
iter:277, pass:8, current fixing endpoint: sa02_sr\[0\]$_DFF_P_/D, endpoint slack:-6.3455685e-11
      278 |       3 |      39 |       27 |      6 |    41 |   -0.115 |       -8.2 |    157 | sa11_sr\[1\]$_DFF_P_/D
iter:278, pass:9, current fixing endpoint: sa02_sr\[0\]$_DFF_P_/D, endpoint slack:-6.1684546e-11
      279 |       3 |      40 |       27 |      6 |    41 |   -0.117 |       -8.2 |    157 | sa11_sr\[1\]$_DFF_P_/D
iter:279, pass:10, current fixing endpoint: sa02_sr\[0\]$_DFF_P_/D, endpoint slack:-6.066714e-11
      280 |       3 |      40 |       27 |      6 |    42 |   -0.117 |       -8.2 |    157 | sa11_sr\[1\]$_DFF_P_/D
iter:280, pass:11, current fixing endpoint: sa02_sr\[0\]$_DFF_P_/D, endpoint slack:-6.1569416e-11
      281 |       3 |      41 |       27 |      6 |    42 |   -0.117 |       -8.2 |    157 | sa11_sr\[1\]$_DFF_P_/D
iter:281, pass:12, current fixing endpoint: sa02_sr\[0\]$_DFF_P_/D, endpoint slack:-5.7787664e-11
      282 |       3 |      42 |       27 |      6 |    42 |   -0.117 |       -8.2 |    157 | sa11_sr\[1\]$_DFF_P_/D
iter:282, pass:13, current fixing endpoint: sa02_sr\[0\]$_DFF_P_/D, endpoint slack:-5.6293303e-11
      283 |       3 |      43 |       27 |      6 |    42 |   -0.117 |       -8.2 |    157 | sa11_sr\[1\]$_DFF_P_/D
iter:283, pass:14, current fixing endpoint: sa02_sr\[0\]$_DFF_P_/D, endpoint slack:-5.4651728e-11
      284 |       3 |      44 |       27 |      6 |    42 |   -0.117 |       -8.2 |    157 | sa11_sr\[1\]$_DFF_P_/D
iter:284, pass:15, current fixing endpoint: sa02_sr\[0\]$_DFF_P_/D, endpoint slack:-5.3608673e-11
      285 |       3 |      44 |       27 |      6 |    43 |   -0.117 |       -8.2 |    157 | sa11_sr\[1\]$_DFF_P_/D
iter:285, pass:16, current fixing endpoint: sa02_sr\[0\]$_DFF_P_/D, endpoint slack:-5.4999116e-11
      286 |       3 |      45 |       27 |      6 |    43 |   -0.117 |       -8.2 |    157 | sa11_sr\[1\]$_DFF_P_/D
iter:286, pass:17, current fixing endpoint: sa02_sr\[0\]$_DFF_P_/D, endpoint slack:-5.468148e-11
      287 |       3 |      45 |       27 |      7 |    43 |   -0.117 |       -8.1 |    157 | sa11_sr\[1\]$_DFF_P_/D
iter:287, pass:18, current fixing endpoint: sa02_sr\[0\]$_DFF_P_/D, endpoint slack:-5.2119087e-11
      288 |       3 |      45 |       27 |      7 |    44 |   -0.117 |       -8.1 |    157 | sa11_sr\[1\]$_DFF_P_/D
iter:288, pass:19, current fixing endpoint: sa02_sr\[0\]$_DFF_P_/D, endpoint slack:-5.3311466e-11
      289 |       3 |      45 |       27 |      8 |    44 |   -0.117 |       -8.2 |    157 | sa11_sr\[1\]$_DFF_P_/D
iter:289, pass:20, current fixing endpoint: sa02_sr\[0\]$_DFF_P_/D, endpoint slack:-5.587808e-11
      289 |       3 |      39 |       27 |      6 |    41 |   -0.115 |       -8.2 |    157 | sa11_sr\[1\]$_DFF_P_/D
      290 |       3 |      39 |       27 |      6 |    41 |   -0.115 |       -8.2 |    157 | sa11_sr\[1\]$_DFF_P_/D
iter:290, pass:1, current fixing endpoint: sa02_sr\[1\]$_DFF_P_/D, endpoint slack:-8.047385e-11
      291 |       3 |      39 |       27 |      6 |    42 |   -0.115 |       -8.2 |    157 | sa11_sr\[1\]$_DFF_P_/D
iter:291, pass:2, current fixing endpoint: sa02_sr\[1\]$_DFF_P_/D, endpoint slack:-9.2230446e-11
      292 |       3 |      40 |       27 |      6 |    42 |   -0.115 |       -8.2 |    157 | sa11_sr\[1\]$_DFF_P_/D
iter:292, pass:3, current fixing endpoint: sa02_sr\[1\]$_DFF_P_/D, endpoint slack:-8.2162166e-11
      293 |       3 |      40 |       27 |      6 |    43 |   -0.115 |       -8.2 |    157 | sa11_sr\[1\]$_DFF_P_/D
iter:293, pass:4, current fixing endpoint: sa02_sr\[1\]$_DFF_P_/D, endpoint slack:-7.7080786e-11
      294 |       3 |      41 |       27 |      6 |    43 |   -0.115 |       -8.2 |    157 | sa11_sr\[1\]$_DFF_P_/D
iter:294, pass:5, current fixing endpoint: sa02_sr\[1\]$_DFF_P_/D, endpoint slack:-7.568324e-11
      295 |       3 |      42 |       27 |      6 |    43 |   -0.117 |       -8.2 |    157 | sa11_sr\[1\]$_DFF_P_/D
iter:295, pass:6, current fixing endpoint: sa02_sr\[1\]$_DFF_P_/D, endpoint slack:-7.466583e-11
      296 |       3 |      43 |       27 |      6 |    43 |   -0.117 |       -8.2 |    157 | sa11_sr\[1\]$_DFF_P_/D
iter:296, pass:7, current fixing endpoint: sa02_sr\[1\]$_DFF_P_/D, endpoint slack:-7.220646e-11
      297 |       3 |      44 |       27 |      6 |    43 |   -0.117 |       -8.2 |    157 | sa11_sr\[1\]$_DFF_P_/D
iter:297, pass:8, current fixing endpoint: sa02_sr\[1\]$_DFF_P_/D, endpoint slack:-6.846046e-11
      298 |       3 |      45 |       27 |      6 |    43 |   -0.117 |       -8.2 |    157 | sa11_sr\[1\]$_DFF_P_/D
iter:298, pass:9, current fixing endpoint: sa02_sr\[1\]$_DFF_P_/D, endpoint slack:-6.6965544e-11
      299 |       3 |      46 |       27 |      6 |    43 |   -0.117 |       -8.2 |    157 | sa11_sr\[1\]$_DFF_P_/D
iter:299, pass:10, current fixing endpoint: sa02_sr\[1\]$_DFF_P_/D, endpoint slack:-6.532397e-11
      300 |       3 |      47 |       27 |      6 |    43 |   -0.117 |       -8.2 |    157 | sa11_sr\[1\]$_DFF_P_/D
iter:300, pass:11, current fixing endpoint: sa02_sr\[1\]$_DFF_P_/D, endpoint slack:-6.42808e-11
      301 |       3 |      47 |       27 |      7 |    43 |   -0.117 |       -8.2 |    157 | sa11_sr\[1\]$_DFF_P_/D
iter:301, pass:12, current fixing endpoint: sa02_sr\[1\]$_DFF_P_/D, endpoint slack:-6.595635e-11
      302 |       3 |      48 |       27 |      7 |    43 |   -0.117 |       -8.2 |    157 | sa11_sr\[1\]$_DFF_P_/D
iter:302, pass:13, current fixing endpoint: sa02_sr\[1\]$_DFF_P_/D, endpoint slack:-6.540646e-11
      303 |       3 |      48 |       27 |      8 |    43 |   -0.117 |       -8.1 |    157 | sa11_sr\[1\]$_DFF_P_/D
iter:303, pass:14, current fixing endpoint: sa02_sr\[1\]$_DFF_P_/D, endpoint slack:-6.268219e-11
      304 |       3 |      48 |       27 |      8 |    44 |   -0.117 |       -8.1 |    157 | sa11_sr\[1\]$_DFF_P_/D
iter:304, pass:15, current fixing endpoint: sa02_sr\[1\]$_DFF_P_/D, endpoint slack:-6.3378414e-11
      305 |       3 |      48 |       27 |      9 |    44 |   -0.117 |       -8.2 |    157 | sa11_sr\[1\]$_DFF_P_/D
iter:305, pass:16, current fixing endpoint: sa02_sr\[1\]$_DFF_P_/D, endpoint slack:-6.5881856e-11
      305 |       3 |      41 |       27 |      6 |    43 |   -0.115 |       -8.2 |    157 | sa11_sr\[1\]$_DFF_P_/D
      306 |       3 |      41 |       27 |      6 |    43 |   -0.115 |       -8.2 |    157 | sa11_sr\[1\]$_DFF_P_/D
iter:306, pass:1, current fixing endpoint: sa11_sr\[4\]$_DFF_P_/D, endpoint slack:-1.1262802e-10
      307 |       3 |      41 |       27 |      6 |    44 |   -0.115 |       -8.2 |    157 | sa11_sr\[1\]$_DFF_P_/D
iter:307, pass:2, current fixing endpoint: sa11_sr\[4\]$_DFF_P_/D, endpoint slack:-1.0551826e-10
      308 |       3 |      41 |       27 |      6 |    45 |   -0.115 |       -8.2 |    157 | sa11_sr\[1\]$_DFF_P_/D
iter:308, pass:3, current fixing endpoint: sa11_sr\[4\]$_DFF_P_/D, endpoint slack:-1.1305756e-10
      309 |       3 |      41 |       27 |      6 |    46 |   -0.115 |       -8.2 |    157 | sa11_sr\[1\]$_DFF_P_/D
iter:309, pass:4, current fixing endpoint: sa11_sr\[4\]$_DFF_P_/D, endpoint slack:-1.09263265e-10
      310 |       3 |      41 |       27 |      6 |    47 |   -0.115 |       -8.2 |    157 | sa11_sr\[1\]$_DFF_P_/D
iter:310, pass:5, current fixing endpoint: sa11_sr\[4\]$_DFF_P_/D, endpoint slack:-1.11363585e-10
      311 |       3 |      41 |       27 |      6 |    48 |   -0.117 |       -8.2 |    157 | sa11_sr\[4\]$_DFF_P_/D
iter:311, pass:6, current fixing endpoint: sa11_sr\[4\]$_DFF_P_/D, endpoint slack:-1.1707124e-10
      312 |       3 |      42 |       27 |      6 |    48 |   -0.116 |       -8.2 |    157 | sa11_sr\[4\]$_DFF_P_/D
iter:312, pass:7, current fixing endpoint: sa11_sr\[4\]$_DFF_P_/D, endpoint slack:-1.16162635e-10
      313 |       3 |      43 |       27 |      6 |    48 |   -0.115 |       -8.2 |    157 | sa11_sr\[1\]$_DFF_P_/D
iter:313, pass:8, current fixing endpoint: sa11_sr\[4\]$_DFF_P_/D, endpoint slack:-1.12181375e-10
      314 |       3 |      44 |       27 |      6 |    48 |   -0.115 |       -8.2 |    157 | sa11_sr\[4\]$_DFF_P_/D
iter:314, pass:9, current fixing endpoint: sa11_sr\[4\]$_DFF_P_/D, endpoint slack:-1.1473322e-10
      315 |       3 |      44 |       27 |      6 |    49 |   -0.115 |       -8.2 |    157 | sa11_sr\[1\]$_DFF_P_/D
iter:315, pass:10, current fixing endpoint: sa11_sr\[4\]$_DFF_P_/D, endpoint slack:-1.12799436e-10
      315 |       3 |      42 |       27 |      6 |    44 |   -0.115 |       -8.2 |    157 | sa11_sr\[1\]$_DFF_P_/D
      316 |       3 |      42 |       27 |      6 |    44 |   -0.115 |       -8.2 |    157 | sa11_sr\[1\]$_DFF_P_/D
iter:316, pass:1, current fixing endpoint: sa11_sr\[3\]$_DFF_P_/D, endpoint slack:-9.5898955e-11
      317 |       3 |      42 |       27 |      6 |    45 |   -0.115 |       -8.2 |    157 | sa11_sr\[7\]$_DFF_P_/D
iter:317, pass:2, current fixing endpoint: sa11_sr\[3\]$_DFF_P_/D, endpoint slack:-9.619605e-11
      318 |       3 |      42 |       27 |      6 |    46 |   -0.115 |       -8.2 |    157 | sa11_sr\[7\]$_DFF_P_/D
iter:318, pass:3, current fixing endpoint: sa11_sr\[3\]$_DFF_P_/D, endpoint slack:-1.13211995e-10
      319 |       3 |      42 |       27 |      6 |    47 |   -0.120 |       -8.2 |    157 | sa11_sr\[3\]$_DFF_P_/D
iter:319, pass:4, current fixing endpoint: sa11_sr\[3\]$_DFF_P_/D, endpoint slack:-1.2032997e-10
      320 |       3 |      42 |       27 |      6 |    48 |   -0.122 |       -8.2 |    157 | sa11_sr\[3\]$_DFF_P_/D
iter:320, pass:5, current fixing endpoint: sa11_sr\[3\]$_DFF_P_/D, endpoint slack:-1.2232892e-10
      321 |       3 |      43 |       27 |      6 |    48 |   -0.123 |       -8.2 |    157 | sa11_sr\[3\]$_DFF_P_/D
iter:321, pass:6, current fixing endpoint: sa11_sr\[3\]$_DFF_P_/D, endpoint slack:-1.2303158e-10
      321 |       3 |      42 |       27 |      6 |    44 |   -0.115 |       -8.2 |    157 | sa11_sr\[1\]$_DFF_P_/D
      322 |       3 |      42 |       27 |      6 |    44 |   -0.115 |       -8.2 |    157 | sa11_sr\[1\]$_DFF_P_/D
iter:322, pass:1, current fixing endpoint: sa20_sr\[5\]$_DFF_P_/D, endpoint slack:-9.29008e-11
      323 |       3 |      42 |       27 |      6 |    45 |   -0.115 |       -8.2 |    157 | sa11_sr\[1\]$_DFF_P_/D
iter:323, pass:2, current fixing endpoint: sa20_sr\[5\]$_DFF_P_/D, endpoint slack:-8.524503e-11
      324 |       3 |      43 |       27 |      6 |    45 |   -0.115 |       -8.2 |    157 | sa11_sr\[1\]$_DFF_P_/D
iter:324, pass:3, current fixing endpoint: sa20_sr\[5\]$_DFF_P_/D, endpoint slack:-8.377421e-11
      325 |       3 |      43 |       27 |      6 |    46 |   -0.115 |       -8.2 |    157 | sa11_sr\[1\]$_DFF_P_/D
iter:325, pass:4, current fixing endpoint: sa20_sr\[5\]$_DFF_P_/D, endpoint slack:-8.329393e-11
      326 |       3 |      44 |       27 |      6 |    46 |   -0.115 |       -8.2 |    157 | sa11_sr\[1\]$_DFF_P_/D
iter:326, pass:5, current fixing endpoint: sa20_sr\[5\]$_DFF_P_/D, endpoint slack:-8.3016705e-11
      327 |       3 |      44 |       27 |      6 |    47 |   -0.115 |       -8.2 |    157 | sa11_sr\[1\]$_DFF_P_/D
iter:327, pass:6, current fixing endpoint: sa20_sr\[5\]$_DFF_P_/D, endpoint slack:-8.785783e-11
      328 |       3 |      45 |       27 |      6 |    47 |   -0.115 |       -8.2 |    157 | sa11_sr\[1\]$_DFF_P_/D
iter:328, pass:7, current fixing endpoint: sa20_sr\[5\]$_DFF_P_/D, endpoint slack:-7.782319e-11
      329 |       3 |      46 |       27 |      6 |    47 |   -0.115 |       -8.2 |    157 | sa11_sr\[1\]$_DFF_P_/D
iter:329, pass:8, current fixing endpoint: sa20_sr\[5\]$_DFF_P_/D, endpoint slack:-7.7000295e-11
      330 |       3 |      47 |       27 |      6 |    47 |   -0.115 |       -8.2 |    157 | sa11_sr\[1\]$_DFF_P_/D
iter:330, pass:9, current fixing endpoint: sa20_sr\[5\]$_DFF_P_/D, endpoint slack:-8.0121354e-11
      331 |       3 |      47 |       27 |      6 |    48 |   -0.115 |       -8.2 |    157 | sa11_sr\[1\]$_DFF_P_/D
iter:331, pass:10, current fixing endpoint: sa20_sr\[5\]$_DFF_P_/D, endpoint slack:-9.839163e-11
      332 |       3 |      47 |       27 |      6 |    49 |   -0.115 |       -8.2 |    157 | sa11_sr\[1\]$_DFF_P_/D
iter:332, pass:11, current fixing endpoint: sa20_sr\[5\]$_DFF_P_/D, endpoint slack:-9.98468e-11
      332 |       3 |      46 |       27 |      6 |    47 |   -0.115 |       -8.2 |    157 | sa11_sr\[1\]$_DFF_P_/D
      333 |       3 |      46 |       27 |      6 |    47 |   -0.115 |       -8.2 |    157 | sa11_sr\[1\]$_DFF_P_/D
iter:333, pass:1, current fixing endpoint: sa11_sr\[0\]$_DFF_P_/D, endpoint slack:-8.439638e-11
      334 |       3 |      46 |       27 |      6 |    48 |   -0.115 |       -8.2 |    157 | sa11_sr\[1\]$_DFF_P_/D
iter:334, pass:2, current fixing endpoint: sa11_sr\[0\]$_DFF_P_/D, endpoint slack:-9.301249e-11
      335 |       3 |      46 |       27 |      6 |    49 |   -0.115 |       -8.2 |    157 | sa11_sr\[1\]$_DFF_P_/D
iter:335, pass:3, current fixing endpoint: sa11_sr\[0\]$_DFF_P_/D, endpoint slack:-8.721457e-11
      336 |       3 |      46 |       27 |      6 |    50 |   -0.115 |       -8.2 |    157 | sa11_sr\[1\]$_DFF_P_/D
iter:336, pass:4, current fixing endpoint: sa11_sr\[0\]$_DFF_P_/D, endpoint slack:-9.2329144e-11
      337 |       3 |      46 |       27 |      7 |    50 |   -0.118 |       -8.2 |    157 | sa11_sr\[7\]$_DFF_P_/D
iter:337, pass:5, current fixing endpoint: sa11_sr\[0\]$_DFF_P_/D, endpoint slack:-8.9388164e-11
      338 |       3 |      46 |       27 |      7 |    51 |   -0.118 |       -8.2 |    157 | sa11_sr\[7\]$_DFF_P_/D
iter:338, pass:6, current fixing endpoint: sa11_sr\[0\]$_DFF_P_/D, endpoint slack:-8.773082e-11
      338 |       3 |      46 |       27 |      6 |    47 |   -0.118 |       -8.2 |    157 | sa11_sr\[1\]$_DFF_P_/D
      339 |       3 |      46 |       27 |      6 |    47 |   -0.118 |       -8.2 |    157 | sa11_sr\[1\]$_DFF_P_/D
iter:339, pass:1, current fixing endpoint: u0.u1.d\[2\]$_DFF_P_/D, endpoint slack:-8.664769e-11
      340 |       3 |      46 |       27 |      6 |    48 |   -0.118 |       -8.2 |    157 | sa11_sr\[1\]$_DFF_P_/D
iter:340, pass:2, current fixing endpoint: u0.u1.d\[2\]$_DFF_P_/D, endpoint slack:-9.309731e-11
      341 |       3 |      47 |       27 |      6 |    48 |   -0.118 |       -8.2 |    157 | sa11_sr\[1\]$_DFF_P_/D
iter:341, pass:3, current fixing endpoint: u0.u1.d\[2\]$_DFF_P_/D, endpoint slack:-8.4870555e-11
      342 |       3 |      48 |       27 |      6 |    48 |   -0.118 |       -8.2 |    157 | sa11_sr\[1\]$_DFF_P_/D
iter:342, pass:4, current fixing endpoint: u0.u1.d\[2\]$_DFF_P_/D, endpoint slack:-8.294465e-11
      342 |       3 |      48 |       27 |      6 |    48 |   -0.118 |       -8.2 |    157 | sa11_sr\[1\]$_DFF_P_/D
      343 |       3 |      48 |       27 |      6 |    48 |   -0.118 |       -8.2 |    157 | sa11_sr\[1\]$_DFF_P_/D
iter:343, pass:1, current fixing endpoint: sa20_sr\[2\]$_DFF_P_/D, endpoint slack:-8.883749e-11
      344 |       3 |      48 |       27 |      6 |    49 |   -0.118 |       -8.2 |    157 | sa11_sr\[1\]$_DFF_P_/D
iter:344, pass:2, current fixing endpoint: sa20_sr\[2\]$_DFF_P_/D, endpoint slack:-8.3691276e-11
      345 |       3 |      48 |       27 |      6 |    50 |   -0.118 |       -8.2 |    157 | sa11_sr\[1\]$_DFF_P_/D
iter:345, pass:3, current fixing endpoint: sa20_sr\[2\]$_DFF_P_/D, endpoint slack:-8.1655904e-11
      346 |       3 |      48 |       27 |      6 |    51 |   -0.118 |       -8.2 |    157 | sa11_sr\[1\]$_DFF_P_/D
iter:346, pass:4, current fixing endpoint: sa20_sr\[2\]$_DFF_P_/D, endpoint slack:-8.098433e-11
      347 |       3 |      49 |       27 |      6 |    51 |   -0.118 |       -8.2 |    157 | sa11_sr\[1\]$_DFF_P_/D
iter:347, pass:5, current fixing endpoint: sa20_sr\[2\]$_DFF_P_/D, endpoint slack:-8.083478e-11
      348 |       3 |      50 |       27 |      6 |    51 |   -0.118 |       -8.2 |    157 | sa11_sr\[1\]$_DFF_P_/D
iter:348, pass:6, current fixing endpoint: sa20_sr\[2\]$_DFF_P_/D, endpoint slack:-7.753587e-11
      349 |       3 |      50 |       27 |      6 |    52 |   -0.118 |       -8.2 |    157 | sa11_sr\[1\]$_DFF_P_/D
iter:349, pass:7, current fixing endpoint: sa20_sr\[2\]$_DFF_P_/D, endpoint slack:-7.242873e-11
      350 |       3 |      51 |       27 |      6 |    52 |   -0.118 |       -8.2 |    157 | sa11_sr\[1\]$_DFF_P_/D
iter:350, pass:8, current fixing endpoint: sa20_sr\[2\]$_DFF_P_/D, endpoint slack:-8.06788e-11
      351 |       3 |      52 |       27 |      6 |    52 |   -0.118 |       -8.2 |    157 | sa11_sr\[1\]$_DFF_P_/D
iter:351, pass:9, current fixing endpoint: sa20_sr\[2\]$_DFF_P_/D, endpoint slack:-8.130552e-11
      352 |       3 |      52 |       27 |      6 |    53 |   -0.118 |       -8.2 |    157 | sa11_sr\[1\]$_DFF_P_/D
iter:352, pass:10, current fixing endpoint: sa20_sr\[2\]$_DFF_P_/D, endpoint slack:-7.8964946e-11
      352 |       3 |      50 |       27 |      6 |    52 |   -0.118 |       -8.2 |    157 | sa11_sr\[1\]$_DFF_P_/D
      353 |       3 |      50 |       27 |      6 |    52 |   -0.118 |       -8.2 |    157 | sa11_sr\[1\]$_DFF_P_/D
iter:353, pass:1, current fixing endpoint: sa32_sr\[7\]$_DFF_P_/D, endpoint slack:-8.597334e-11
      354 |       3 |      50 |       27 |      6 |    53 |   -0.118 |       -8.2 |    157 | sa11_sr\[1\]$_DFF_P_/D
iter:354, pass:2, current fixing endpoint: sa32_sr\[7\]$_DFF_P_/D, endpoint slack:-9.9343755e-11
      355 |       3 |      50 |       27 |      6 |    54 |   -0.118 |       -8.2 |    157 | sa11_sr\[1\]$_DFF_P_/D
iter:355, pass:3, current fixing endpoint: sa32_sr\[7\]$_DFF_P_/D, endpoint slack:-1.1055523e-10
      356 |       3 |      50 |       29 |      6 |    54 |   -0.118 |       -8.2 |    157 | sa11_sr\[1\]$_DFF_P_/D
iter:356, pass:4, current fixing endpoint: sa32_sr\[7\]$_DFF_P_/D, endpoint slack:-1.07292175e-10
      357 |       3 |      51 |       29 |      6 |    54 |   -0.118 |       -8.2 |    157 | sa11_sr\[1\]$_DFF_P_/D
iter:357, pass:5, current fixing endpoint: sa32_sr\[7\]$_DFF_P_/D, endpoint slack:-1.1028356e-10
      358 |       3 |      52 |       29 |      6 |    54 |   -0.118 |       -8.2 |    157 | sa11_sr\[1\]$_DFF_P_/D
iter:358, pass:6, current fixing endpoint: sa32_sr\[7\]$_DFF_P_/D, endpoint slack:-1.1104828e-10
      359 |       3 |      53 |       29 |      6 |    54 |   -0.118 |       -8.2 |    157 | sa11_sr\[1\]$_DFF_P_/D
iter:359, pass:7, current fixing endpoint: sa32_sr\[7\]$_DFF_P_/D, endpoint slack:-1.05680575e-10
      360 |       3 |      53 |       29 |      6 |    55 |   -0.118 |       -8.2 |    157 | sa11_sr\[1\]$_DFF_P_/D
iter:360, pass:8, current fixing endpoint: sa32_sr\[7\]$_DFF_P_/D, endpoint slack:-1.089302e-10
      361 |       3 |      53 |       29 |      6 |    56 |   -0.118 |       -8.2 |    157 | sa11_sr\[1\]$_DFF_P_/D
iter:361, pass:9, current fixing endpoint: sa32_sr\[7\]$_DFF_P_/D, endpoint slack:-1.0498247e-10
      362 |       3 |      53 |       29 |      6 |    57 |   -0.118 |       -8.2 |    157 | sa11_sr\[1\]$_DFF_P_/D
iter:362, pass:10, current fixing endpoint: sa32_sr\[7\]$_DFF_P_/D, endpoint slack:-1.1654877e-10
      362 |       3 |      50 |       28 |      6 |    52 |   -0.118 |       -8.2 |    157 | sa11_sr\[1\]$_DFF_P_/D
      363 |       3 |      50 |       28 |      6 |    52 |   -0.118 |       -8.2 |    157 | sa11_sr\[1\]$_DFF_P_/D
iter:363, pass:1, current fixing endpoint: sa20_sr\[7\]$_DFF_P_/D, endpoint slack:-8.607137e-11
      364 |       3 |      50 |       28 |      6 |    53 |   -0.118 |       -8.2 |    157 | sa11_sr\[1\]$_DFF_P_/D
iter:364, pass:2, current fixing endpoint: sa20_sr\[7\]$_DFF_P_/D, endpoint slack:-7.8371754e-11
      365 |       3 |      50 |       28 |      6 |    54 |   -0.118 |       -8.2 |    157 | sa11_sr\[1\]$_DFF_P_/D
iter:365, pass:3, current fixing endpoint: sa20_sr\[7\]$_DFF_P_/D, endpoint slack:-9.015011e-11
      366 |       3 |      51 |       28 |      6 |    54 |   -0.118 |       -8.2 |    157 | sa11_sr\[1\]$_DFF_P_/D
iter:366, pass:4, current fixing endpoint: sa20_sr\[7\]$_DFF_P_/D, endpoint slack:-9.0133345e-11
      367 |       3 |      52 |       28 |      6 |    54 |   -0.118 |       -8.2 |    157 | sa11_sr\[1\]$_DFF_P_/D
iter:367, pass:5, current fixing endpoint: sa20_sr\[7\]$_DFF_P_/D, endpoint slack:-9.4153685e-11
      368 |       3 |      52 |       28 |      6 |    55 |   -0.118 |       -8.2 |    157 | sa11_sr\[1\]$_DFF_P_/D
iter:368, pass:6, current fixing endpoint: sa20_sr\[7\]$_DFF_P_/D, endpoint slack:-9.653123e-11
      369 |       3 |      52 |       28 |      6 |    56 |   -0.118 |       -8.2 |    157 | sa11_sr\[1\]$_DFF_P_/D
iter:369, pass:7, current fixing endpoint: sa20_sr\[7\]$_DFF_P_/D, endpoint slack:-1.0021062e-10
      369 |       3 |      50 |       28 |      6 |    53 |   -0.118 |       -8.2 |    157 | sa11_sr\[1\]$_DFF_P_/D
      370 |       3 |      50 |       28 |      6 |    53 |   -0.118 |       -8.2 |    157 | sa11_sr\[1\]$_DFF_P_/D
iter:370, pass:1, current fixing endpoint: sa11_sr\[5\]$_DFF_P_/D, endpoint slack:-7.965539e-11
      371 |       3 |      50 |       28 |      6 |    54 |   -0.118 |       -8.2 |    157 | sa11_sr\[1\]$_DFF_P_/D
iter:371, pass:2, current fixing endpoint: sa11_sr\[5\]$_DFF_P_/D, endpoint slack:-7.526757e-11
      372 |       3 |      50 |       28 |      6 |    55 |   -0.118 |       -8.2 |    157 | sa11_sr\[1\]$_DFF_P_/D
iter:372, pass:3, current fixing endpoint: sa11_sr\[5\]$_DFF_P_/D, endpoint slack:-8.060641e-11
      373 |       3 |      51 |       28 |      6 |    55 |   -0.118 |       -8.2 |    157 | sa11_sr\[1\]$_DFF_P_/D
iter:373, pass:4, current fixing endpoint: sa11_sr\[5\]$_DFF_P_/D, endpoint slack:-8.4373175e-11
      374 |       3 |      52 |       28 |      6 |    55 |   -0.118 |       -8.2 |    157 | sa11_sr\[1\]$_DFF_P_/D
iter:374, pass:5, current fixing endpoint: sa11_sr\[5\]$_DFF_P_/D, endpoint slack:-7.908385e-11
      375 |       3 |      52 |       30 |      6 |    55 |   -0.118 |       -8.2 |    157 | sa11_sr\[1\]$_DFF_P_/D
iter:375, pass:6, current fixing endpoint: sa11_sr\[5\]$_DFF_P_/D, endpoint slack:-7.8438034e-11
      376 |       3 |      53 |       30 |      6 |    55 |   -0.118 |       -8.2 |    157 | sa11_sr\[1\]$_DFF_P_/D
iter:376, pass:7, current fixing endpoint: sa11_sr\[5\]$_DFF_P_/D, endpoint slack:-7.624801e-11
      377 |       3 |      53 |       30 |      6 |    56 |   -0.118 |       -8.2 |    157 | sa11_sr\[1\]$_DFF_P_/D
iter:377, pass:8, current fixing endpoint: sa11_sr\[5\]$_DFF_P_/D, endpoint slack:-7.5487505e-11
      378 |       3 |      53 |       30 |      6 |    57 |   -0.118 |       -8.2 |    157 | sa11_sr\[1\]$_DFF_P_/D
iter:378, pass:9, current fixing endpoint: sa11_sr\[5\]$_DFF_P_/D, endpoint slack:-7.6181395e-11
      379 |       4 |      53 |       30 |      6 |    57 |   -0.118 |       -8.2 |    157 | sa11_sr\[1\]$_DFF_P_/D
iter:379, pass:10, current fixing endpoint: sa11_sr\[5\]$_DFF_P_/D, endpoint slack:-7.227574e-11
      380 |       4 |      53 |       30 |      6 |    58 |   -0.118 |       -8.2 |    157 | sa11_sr\[1\]$_DFF_P_/D
iter:380, pass:11, current fixing endpoint: sa11_sr\[5\]$_DFF_P_/D, endpoint slack:-7.217871e-11
      381 |       4 |      54 |       30 |      6 |    58 |   -0.118 |       -8.2 |    157 | sa11_sr\[1\]$_DFF_P_/D
iter:381, pass:12, current fixing endpoint: sa11_sr\[5\]$_DFF_P_/D, endpoint slack:-7.742462e-11
      382 |       4 |      55 |       30 |      6 |    58 |   -0.118 |       -8.2 |    157 | sa11_sr\[1\]$_DFF_P_/D
iter:382, pass:13, current fixing endpoint: sa11_sr\[5\]$_DFF_P_/D, endpoint slack:-7.536649e-11
      383 |       4 |      55 |       30 |      6 |    59 |   -0.118 |       -8.2 |    157 | sa11_sr\[1\]$_DFF_P_/D
iter:383, pass:14, current fixing endpoint: sa11_sr\[5\]$_DFF_P_/D, endpoint slack:-7.157486e-11
      384 |       4 |      56 |       30 |      6 |    59 |   -0.118 |       -8.2 |    157 | sa11_sr\[1\]$_DFF_P_/D
iter:384, pass:15, current fixing endpoint: sa11_sr\[5\]$_DFF_P_/D, endpoint slack:-7.332046e-11
      385 |       4 |      56 |       30 |      6 |    60 |   -0.118 |       -8.2 |    157 | sa11_sr\[1\]$_DFF_P_/D
iter:385, pass:16, current fixing endpoint: sa11_sr\[5\]$_DFF_P_/D, endpoint slack:-9.169698e-11
      385 |       4 |      55 |       30 |      6 |    59 |   -0.118 |       -8.2 |    157 | sa11_sr\[1\]$_DFF_P_/D
      386 |       4 |      55 |       30 |      6 |    59 |   -0.118 |       -8.2 |    157 | sa11_sr\[1\]$_DFF_P_/D
iter:386, pass:1, current fixing endpoint: sa20_sr\[0\]$_DFF_P_/D, endpoint slack:-8.2674756e-11
      387 |       4 |      55 |       30 |      6 |    60 |   -0.118 |       -8.2 |    157 | sa11_sr\[1\]$_DFF_P_/D
iter:387, pass:2, current fixing endpoint: sa20_sr\[0\]$_DFF_P_/D, endpoint slack:-8.090906e-11
      388 |       4 |      55 |       30 |      6 |    61 |   -0.118 |       -8.2 |    157 | sa11_sr\[1\]$_DFF_P_/D
iter:388, pass:3, current fixing endpoint: sa20_sr\[0\]$_DFF_P_/D, endpoint slack:-8.1217366e-11
      388 |       4 |      55 |       30 |      6 |    60 |   -0.118 |       -8.2 |    157 | sa11_sr\[1\]$_DFF_P_/D
      389 |       4 |      55 |       30 |      6 |    60 |   -0.118 |       -8.2 |    157 | sa11_sr\[1\]$_DFF_P_/D
iter:389, pass:1, current fixing endpoint: sa03_sr\[3\]$_DFF_P_/D, endpoint slack:-8.134193e-11
      390 |       4 |      55 |       30 |      6 |    61 |   -0.118 |       -8.2 |    157 | sa11_sr\[1\]$_DFF_P_/D
iter:390, pass:2, current fixing endpoint: sa03_sr\[3\]$_DFF_P_/D, endpoint slack:-8.713974e-11
      391 |       4 |      55 |       30 |      6 |    62 |   -0.118 |       -8.2 |    157 | sa11_sr\[1\]$_DFF_P_/D
iter:391, pass:3, current fixing endpoint: sa03_sr\[3\]$_DFF_P_/D, endpoint slack:-8.591439e-11
      392 |       4 |      55 |       30 |      6 |    63 |   -0.118 |       -8.2 |    157 | sa11_sr\[1\]$_DFF_P_/D
iter:392, pass:4, current fixing endpoint: sa03_sr\[3\]$_DFF_P_/D, endpoint slack:-8.126677e-11
      393 |       4 |      55 |       30 |      6 |    64 |   -0.118 |       -8.2 |    157 | sa11_sr\[1\]$_DFF_P_/D
iter:393, pass:5, current fixing endpoint: sa03_sr\[3\]$_DFF_P_/D, endpoint slack:-7.883705e-11
      394 |       4 |      55 |       30 |      6 |    65 |   -0.118 |       -8.2 |    157 | sa11_sr\[1\]$_DFF_P_/D
iter:394, pass:6, current fixing endpoint: sa03_sr\[3\]$_DFF_P_/D, endpoint slack:-8.0515816e-11
      395 |       4 |      55 |       30 |      6 |    66 |   -0.118 |       -8.2 |    157 | sa11_sr\[1\]$_DFF_P_/D
iter:395, pass:7, current fixing endpoint: sa03_sr\[3\]$_DFF_P_/D, endpoint slack:-7.971035e-11
      396 |       4 |      55 |       30 |      6 |    67 |   -0.118 |       -8.2 |    157 | sa11_sr\[1\]$_DFF_P_/D
iter:396, pass:8, current fixing endpoint: sa03_sr\[3\]$_DFF_P_/D, endpoint slack:-8.295786e-11
      397 |       4 |      56 |       30 |      6 |    67 |   -0.118 |       -8.2 |    157 | sa11_sr\[1\]$_DFF_P_/D
iter:397, pass:9, current fixing endpoint: sa03_sr\[3\]$_DFF_P_/D, endpoint slack:-8.066536e-11
      398 |       4 |      56 |       30 |      6 |    68 |   -0.118 |       -8.2 |    157 | sa11_sr\[1\]$_DFF_P_/D
iter:398, pass:10, current fixing endpoint: sa03_sr\[3\]$_DFF_P_/D, endpoint slack:-9.6544994e-11
      399 |       4 |      56 |       30 |      6 |    69 |   -0.118 |       -8.2 |    157 | sa11_sr\[1\]$_DFF_P_/D
iter:399, pass:11, current fixing endpoint: sa03_sr\[3\]$_DFF_P_/D, endpoint slack:-9.926937e-11
      400 |       4 |      56 |       33 |      6 |    69 |   -0.118 |       -8.2 |    157 | sa11_sr\[1\]$_DFF_P_/D
iter:400, pass:12, current fixing endpoint: sa03_sr\[3\]$_DFF_P_/D, endpoint slack:-9.524659e-11
      401 |       4 |      56 |       33 |      6 |    70 |   -0.118 |       -8.2 |    157 | sa11_sr\[1\]$_DFF_P_/D
iter:401, pass:13, current fixing endpoint: sa03_sr\[3\]$_DFF_P_/D, endpoint slack:-9.3127284e-11
      402 |       4 |      57 |       33 |      6 |    70 |   -0.118 |       -8.2 |    157 | sa11_sr\[1\]$_DFF_P_/D
iter:402, pass:14, current fixing endpoint: sa03_sr\[3\]$_DFF_P_/D, endpoint slack:-9.553147e-11
      403 |       4 |      58 |       33 |      6 |    70 |   -0.118 |       -8.2 |    157 | sa11_sr\[1\]$_DFF_P_/D
iter:403, pass:15, current fixing endpoint: sa03_sr\[3\]$_DFF_P_/D, endpoint slack:-9.010448e-11
      404 |       4 |      59 |       33 |      6 |    70 |   -0.118 |       -8.2 |    157 | sa11_sr\[1\]$_DFF_P_/D
iter:404, pass:16, current fixing endpoint: sa03_sr\[3\]$_DFF_P_/D, endpoint slack:-9.4349084e-11
      405 |       4 |      60 |       33 |      6 |    70 |   -0.118 |       -8.2 |    157 | sa11_sr\[1\]$_DFF_P_/D
iter:405, pass:17, current fixing endpoint: sa03_sr\[3\]$_DFF_P_/D, endpoint slack:-9.3842045e-11
      406 |       5 |      60 |       33 |      6 |    70 |   -0.118 |       -8.1 |    157 | sa11_sr\[1\]$_DFF_P_/D
iter:406, pass:18, current fixing endpoint: sa03_sr\[3\]$_DFF_P_/D, endpoint slack:-7.789158e-11
      407 |       5 |      61 |       33 |      6 |    70 |   -0.118 |       -8.1 |    157 | sa11_sr\[1\]$_DFF_P_/D
iter:407, pass:19, current fixing endpoint: sa03_sr\[3\]$_DFF_P_/D, endpoint slack:-7.5807916e-11
      408 |       5 |      62 |       33 |      6 |    70 |   -0.118 |       -8.1 |    157 | sa11_sr\[1\]$_DFF_P_/D
iter:408, pass:20, current fixing endpoint: sa03_sr\[3\]$_DFF_P_/D, endpoint slack:-7.531453e-11
      409 |       5 |      63 |       33 |      6 |    70 |   -0.118 |       -8.1 |    157 | sa11_sr\[1\]$_DFF_P_/D
iter:409, pass:21, current fixing endpoint: sa03_sr\[3\]$_DFF_P_/D, endpoint slack:-7.9575124e-11
      410 |       5 |      64 |       33 |      6 |    70 |   -0.118 |       -8.1 |    157 | sa11_sr\[1\]$_DFF_P_/D
iter:410, pass:22, current fixing endpoint: sa03_sr\[3\]$_DFF_P_/D, endpoint slack:-7.5752515e-11
      411 |       5 |      65 |       33 |      6 |    70 |   -0.118 |       -8.1 |    157 | sa11_sr\[1\]$_DFF_P_/D
iter:411, pass:23, current fixing endpoint: sa03_sr\[3\]$_DFF_P_/D, endpoint slack:-7.452927e-11
      412 |       5 |      66 |       33 |      6 |    70 |   -0.118 |       -8.1 |    157 | sa11_sr\[1\]$_DFF_P_/D
iter:412, pass:24, current fixing endpoint: sa03_sr\[3\]$_DFF_P_/D, endpoint slack:-7.4310225e-11
      413 |       5 |      67 |       33 |      6 |    70 |   -0.118 |       -8.1 |    157 | sa11_sr\[1\]$_DFF_P_/D
iter:413, pass:25, current fixing endpoint: sa03_sr\[3\]$_DFF_P_/D, endpoint slack:-7.813139e-11
      414 |       5 |      68 |       33 |      6 |    70 |   -0.118 |       -8.1 |    157 | sa11_sr\[1\]$_DFF_P_/D
iter:414, pass:26, current fixing endpoint: sa03_sr\[3\]$_DFF_P_/D, endpoint slack:-7.336054e-11
      415 |       5 |      68 |       33 |      6 |    71 |   -0.118 |       -8.1 |    157 | sa11_sr\[1\]$_DFF_P_/D
iter:415, pass:27, current fixing endpoint: sa03_sr\[3\]$_DFF_P_/D, endpoint slack:-7.448708e-11
      416 |       5 |      68 |       33 |      7 |    71 |   -0.118 |       -8.1 |    157 | sa11_sr\[1\]$_DFF_P_/D
iter:416, pass:28, current fixing endpoint: sa03_sr\[3\]$_DFF_P_/D, endpoint slack:-7.2388096e-11
      417 |       6 |      68 |       33 |      7 |    71 |   -0.118 |       -8.1 |    157 | sa11_sr\[1\]$_DFF_P_/D
iter:417, pass:29, current fixing endpoint: sa03_sr\[3\]$_DFF_P_/D, endpoint slack:-7.056833e-11
      418 |       6 |      69 |       33 |      7 |    71 |   -0.118 |       -8.1 |    157 | sa11_sr\[1\]$_DFF_P_/D
iter:418, pass:30, current fixing endpoint: sa03_sr\[3\]$_DFF_P_/D, endpoint slack:-6.730139e-11
      419 |       6 |      69 |       33 |      7 |    72 |   -0.118 |       -8.1 |    157 | sa11_sr\[1\]$_DFF_P_/D
iter:419, pass:31, current fixing endpoint: sa03_sr\[3\]$_DFF_P_/D, endpoint slack:-7.318113e-11
      420 |       7 |      69 |       33 |      7 |    72 |   -0.118 |       -8.1 |    157 | sa11_sr\[1\]$_DFF_P_/D
iter:420, pass:32, current fixing endpoint: sa03_sr\[3\]$_DFF_P_/D, endpoint slack:-5.81738e-11
      421 |       7 |      69 |       33 |      8 |    72 |   -0.118 |       -8.1 |    157 | sa11_sr\[1\]$_DFF_P_/D
iter:421, pass:33, current fixing endpoint: sa03_sr\[3\]$_DFF_P_/D, endpoint slack:-5.200973e-11
      422 |       7 |      70 |       33 |      8 |    72 |   -0.118 |       -8.2 |    157 | sa11_sr\[1\]$_DFF_P_/D
iter:422, pass:34, current fixing endpoint: sa03_sr\[3\]$_DFF_P_/D, endpoint slack:-5.4584115e-11
      423 |       7 |      70 |       35 |      8 |    72 |   -0.118 |       -8.1 |    157 | sa11_sr\[1\]$_DFF_P_/D
iter:423, pass:35, current fixing endpoint: sa03_sr\[3\]$_DFF_P_/D, endpoint slack:-6.21968e-11
      424 |       8 |      70 |       35 |      8 |    72 |   -0.118 |       -8.0 |    157 | sa11_sr\[1\]$_DFF_P_/D
iter:424, pass:36, current fixing endpoint: sa03_sr\[3\]$_DFF_P_/D, endpoint slack:-4.5650483e-11
      425 |       8 |      71 |       35 |      8 |    72 |   -0.118 |       -8.0 |    157 | sa11_sr\[1\]$_DFF_P_/D
iter:425, pass:37, current fixing endpoint: sa03_sr\[3\]$_DFF_P_/D, endpoint slack:-4.73932e-11
      426 |       8 |      71 |       35 |      9 |    72 |   -0.118 |       -8.0 |    157 | sa11_sr\[1\]$_DFF_P_/D
iter:426, pass:38, current fixing endpoint: sa03_sr\[3\]$_DFF_P_/D, endpoint slack:-4.523859e-11
      427 |       8 |      71 |       37 |      9 |    72 |   -0.118 |       -8.0 |    157 | sa11_sr\[1\]$_DFF_P_/D
iter:427, pass:39, current fixing endpoint: sa03_sr\[3\]$_DFF_P_/D, endpoint slack:-4.1242565e-11
      428 |       8 |      71 |       37 |      9 |    73 |   -0.118 |       -8.0 |    157 | sa11_sr\[1\]$_DFF_P_/D
iter:428, pass:40, current fixing endpoint: sa03_sr\[3\]$_DFF_P_/D, endpoint slack:-4.6914472e-11
      429 |       8 |      71 |       37 |      9 |    74 |   -0.118 |       -8.1 |    157 | sa11_sr\[1\]$_DFF_P_/D
iter:429, pass:41, current fixing endpoint: sa03_sr\[3\]$_DFF_P_/D, endpoint slack:-4.779732e-11
      430 |       8 |      71 |       39 |      9 |    74 |   -0.118 |       -8.1 |    157 | sa11_sr\[1\]$_DFF_P_/D
iter:430, pass:42, current fixing endpoint: sa03_sr\[3\]$_DFF_P_/D, endpoint slack:-4.616796e-11
      430 |       8 |      71 |       38 |      9 |    72 |   -0.118 |       -8.0 |    157 | sa11_sr\[1\]$_DFF_P_/D
      431 |       8 |      71 |       38 |      9 |    72 |   -0.118 |       -8.0 |    157 | sa11_sr\[1\]$_DFF_P_/D
iter:431, pass:1, current fixing endpoint: sa33_sr\[6\]$_DFF_P_/D, endpoint slack:-7.986789e-11
      432 |       8 |      71 |       38 |      9 |    73 |   -0.118 |       -8.1 |    157 | sa11_sr\[1\]$_DFF_P_/D
iter:432, pass:2, current fixing endpoint: sa33_sr\[6\]$_DFF_P_/D, endpoint slack:-8.571743e-11
      433 |       8 |      71 |       38 |      9 |    74 |   -0.118 |       -8.1 |    157 | sa11_sr\[1\]$_DFF_P_/D
iter:433, pass:3, current fixing endpoint: sa33_sr\[6\]$_DFF_P_/D, endpoint slack:-7.7493345e-11
      434 |       8 |      71 |       38 |      9 |    75 |   -0.118 |       -8.1 |    157 | sa11_sr\[1\]$_DFF_P_/D
iter:434, pass:4, current fixing endpoint: sa33_sr\[6\]$_DFF_P_/D, endpoint slack:-6.740519e-11
      435 |       8 |      71 |       38 |      9 |    76 |   -0.118 |       -8.1 |    157 | sa11_sr\[1\]$_DFF_P_/D
iter:435, pass:5, current fixing endpoint: sa33_sr\[6\]$_DFF_P_/D, endpoint slack:-7.268308e-11
      436 |       8 |      71 |       38 |      9 |    77 |   -0.115 |       -8.1 |    157 | sa11_sr\[1\]$_DFF_P_/D
iter:436, pass:6, current fixing endpoint: sa33_sr\[6\]$_DFF_P_/D, endpoint slack:-7.13144e-11
      437 |       8 |      71 |       40 |      9 |    77 |   -0.115 |       -8.0 |    157 | sa11_sr\[1\]$_DFF_P_/D
iter:437, pass:7, current fixing endpoint: sa33_sr\[6\]$_DFF_P_/D, endpoint slack:-6.633083e-11
      438 |       8 |      72 |       40 |      9 |    77 |   -0.115 |       -8.0 |    157 | sa11_sr\[1\]$_DFF_P_/D
iter:438, pass:8, current fixing endpoint: sa33_sr\[6\]$_DFF_P_/D, endpoint slack:-5.937606e-11
      439 |       8 |      73 |       40 |      9 |    77 |   -0.115 |       -8.0 |    157 | sa11_sr\[1\]$_DFF_P_/D
iter:439, pass:9, current fixing endpoint: sa33_sr\[6\]$_DFF_P_/D, endpoint slack:-5.6029625e-11
      440 |       8 |      74 |       40 |      9 |    77 |   -0.115 |       -8.0 |    157 | sa11_sr\[1\]$_DFF_P_/D
iter:440, pass:10, current fixing endpoint: sa33_sr\[6\]$_DFF_P_/D, endpoint slack:-5.5050076e-11
      441 |       8 |      74 |       40 |      9 |    78 |   -0.115 |       -8.0 |    157 | sa11_sr\[1\]$_DFF_P_/D
iter:441, pass:11, current fixing endpoint: sa33_sr\[6\]$_DFF_P_/D, endpoint slack:-5.5908833e-11
      442 |       8 |      74 |       42 |      9 |    78 |   -0.115 |       -8.0 |    157 | sa11_sr\[1\]$_DFF_P_/D
iter:442, pass:12, current fixing endpoint: sa33_sr\[6\]$_DFF_P_/D, endpoint slack:-5.5708438e-11
      443 |       8 |      74 |       42 |      9 |    79 |   -0.115 |       -8.0 |    157 | sa11_sr\[1\]$_DFF_P_/D
iter:443, pass:13, current fixing endpoint: sa33_sr\[6\]$_DFF_P_/D, endpoint slack:-5.402756e-11
      444 |       8 |      74 |       42 |      9 |    80 |   -0.115 |       -8.0 |    157 | sa11_sr\[1\]$_DFF_P_/D
iter:444, pass:14, current fixing endpoint: sa33_sr\[6\]$_DFF_P_/D, endpoint slack:-5.7781113e-11
      445 |       8 |      75 |       42 |      9 |    80 |   -0.115 |       -8.0 |    157 | sa11_sr\[1\]$_DFF_P_/D
iter:445, pass:15, current fixing endpoint: sa33_sr\[6\]$_DFF_P_/D, endpoint slack:-5.8005933e-11
      446 |       8 |      75 |       42 |      9 |    81 |   -0.115 |       -8.0 |    157 | sa11_sr\[1\]$_DFF_P_/D
iter:446, pass:16, current fixing endpoint: sa33_sr\[6\]$_DFF_P_/D, endpoint slack:-6.035583e-11
      446 |       8 |      74 |       42 |      9 |    79 |   -0.115 |       -8.0 |    157 | sa11_sr\[1\]$_DFF_P_/D
      447 |       8 |      74 |       42 |      9 |    79 |   -0.115 |       -8.0 |    157 | sa11_sr\[1\]$_DFF_P_/D
iter:447, pass:1, current fixing endpoint: sa23_sr\[2\]$_DFF_P_/D, endpoint slack:-7.572143e-11
      448 |       8 |      74 |       42 |      9 |    80 |   -0.115 |       -8.0 |    157 | sa11_sr\[1\]$_DFF_P_/D
iter:448, pass:2, current fixing endpoint: sa23_sr\[2\]$_DFF_P_/D, endpoint slack:-6.4218963e-11
      449 |       8 |      74 |       44 |      9 |    80 |   -0.115 |       -8.0 |    157 | sa11_sr\[1\]$_DFF_P_/D
iter:449, pass:3, current fixing endpoint: sa23_sr\[2\]$_DFF_P_/D, endpoint slack:-5.938183e-11
      450 |       8 |      74 |       44 |      9 |    81 |   -0.115 |       -8.0 |    157 | sa11_sr\[1\]$_DFF_P_/D
iter:450, pass:4, current fixing endpoint: sa23_sr\[2\]$_DFF_P_/D, endpoint slack:-6.584977e-11
      451 |       8 |      75 |       44 |      9 |    81 |   -0.115 |       -8.0 |    157 | sa11_sr\[1\]$_DFF_P_/D
iter:451, pass:5, current fixing endpoint: sa23_sr\[2\]$_DFF_P_/D, endpoint slack:-6.7619466e-11
      452 |       8 |      75 |       44 |     10 |    81 |   -0.115 |       -8.0 |    157 | sa11_sr\[1\]$_DFF_P_/D
iter:452, pass:6, current fixing endpoint: sa23_sr\[2\]$_DFF_P_/D, endpoint slack:-6.7173156e-11
      453 |       8 |      75 |       44 |     10 |    82 |   -0.115 |       -8.0 |    157 | sa11_sr\[1\]$_DFF_P_/D
iter:453, pass:7, current fixing endpoint: sa23_sr\[2\]$_DFF_P_/D, endpoint slack:-6.5999095e-11
      453 |       8 |      74 |       44 |      9 |    80 |   -0.115 |       -8.0 |    157 | sa11_sr\[1\]$_DFF_P_/D
      454 |       8 |      74 |       44 |      9 |    80 |   -0.115 |       -8.0 |    157 | sa11_sr\[1\]$_DFF_P_/D
iter:454, pass:1, current fixing endpoint: u0.u0.d\[6\]$_DFF_P_/D, endpoint slack:-7.5635054e-11
      455 |       8 |      74 |       44 |      9 |    81 |   -0.115 |       -8.0 |    157 | sa11_sr\[1\]$_DFF_P_/D
iter:455, pass:2, current fixing endpoint: u0.u0.d\[6\]$_DFF_P_/D, endpoint slack:-7.19832e-11
      456 |       8 |      74 |       44 |      9 |    82 |   -0.115 |       -7.9 |    157 | sa11_sr\[1\]$_DFF_P_/D
iter:456, pass:3, current fixing endpoint: u0.u0.d\[6\]$_DFF_P_/D, endpoint slack:-6.9741324e-11
      457 |       9 |      74 |       44 |      9 |    82 |   -0.115 |       -7.9 |    157 | sa11_sr\[1\]$_DFF_P_/D
iter:457, pass:4, current fixing endpoint: u0.u0.d\[6\]$_DFF_P_/D, endpoint slack:-6.64776e-11
      458 |       9 |      74 |       47 |      9 |    82 |   -0.115 |       -8.0 |    157 | sa11_sr\[1\]$_DFF_P_/D
iter:458, pass:5, current fixing endpoint: u0.u0.d\[6\]$_DFF_P_/D, endpoint slack:-6.522394e-11
      459 |       9 |      74 |       47 |      9 |    83 |   -0.115 |       -8.0 |    157 | sa11_sr\[1\]$_DFF_P_/D
iter:459, pass:6, current fixing endpoint: u0.u0.d\[6\]$_DFF_P_/D, endpoint slack:-6.875134e-11
      460 |       9 |      74 |       47 |      9 |    84 |   -0.115 |       -8.0 |    157 | sa11_sr\[1\]$_DFF_P_/D
iter:460, pass:7, current fixing endpoint: u0.u0.d\[6\]$_DFF_P_/D, endpoint slack:-7.0438766e-11
      460 |       9 |      74 |       47 |      9 |    82 |   -0.115 |       -8.0 |    157 | sa11_sr\[1\]$_DFF_P_/D
      461 |       9 |      74 |       47 |      9 |    82 |   -0.115 |       -8.0 |    157 | sa11_sr\[1\]$_DFF_P_/D
iter:461, pass:1, current fixing endpoint: sa03_sr\[2\]$_DFF_P_/D, endpoint slack:-6.391965e-11
      462 |       9 |      74 |       47 |      9 |    83 |   -0.115 |       -8.0 |    157 | sa11_sr\[1\]$_DFF_P_/D
iter:462, pass:2, current fixing endpoint: sa03_sr\[2\]$_DFF_P_/D, endpoint slack:-5.625589e-11
      463 |       9 |      74 |       47 |      9 |    84 |   -0.115 |       -8.0 |    157 | sa11_sr\[1\]$_DFF_P_/D
iter:463, pass:3, current fixing endpoint: sa03_sr\[2\]$_DFF_P_/D, endpoint slack:-5.135181e-11
      464 |       9 |      74 |       47 |      9 |    85 |   -0.115 |       -8.0 |    157 | sa11_sr\[1\]$_DFF_P_/D
iter:464, pass:4, current fixing endpoint: sa03_sr\[2\]$_DFF_P_/D, endpoint slack:-5.0751847e-11
      465 |       9 |      75 |       47 |      9 |    85 |   -0.115 |       -8.0 |    157 | sa11_sr\[1\]$_DFF_P_/D
iter:465, pass:5, current fixing endpoint: sa03_sr\[2\]$_DFF_P_/D, endpoint slack:-4.8898996e-11
      466 |       9 |      75 |       47 |      9 |    86 |   -0.115 |       -8.0 |    157 | sa11_sr\[1\]$_DFF_P_/D
iter:466, pass:6, current fixing endpoint: sa03_sr\[2\]$_DFF_P_/D, endpoint slack:-4.733358e-11
      467 |       9 |      76 |       47 |      9 |    86 |   -0.115 |       -8.0 |    157 | sa11_sr\[1\]$_DFF_P_/D
iter:467, pass:7, current fixing endpoint: sa03_sr\[2\]$_DFF_P_/D, endpoint slack:-4.8327453e-11
      468 |       9 |      76 |       47 |     10 |    86 |   -0.115 |       -8.0 |    157 | sa11_sr\[1\]$_DFF_P_/D
iter:468, pass:8, current fixing endpoint: sa03_sr\[2\]$_DFF_P_/D, endpoint slack:-4.8338222e-11
      469 |       9 |      76 |       47 |     10 |    87 |   -0.115 |       -8.0 |    157 | sa11_sr\[1\]$_DFF_P_/D
iter:469, pass:9, current fixing endpoint: sa03_sr\[2\]$_DFF_P_/D, endpoint slack:-4.8984705e-11
      469 |       9 |      75 |       47 |      9 |    86 |   -0.115 |       -8.0 |    157 | sa11_sr\[1\]$_DFF_P_/D
      470 |       9 |      75 |       47 |      9 |    86 |   -0.115 |       -8.0 |    157 | sa11_sr\[1\]$_DFF_P_/D
iter:470, pass:1, current fixing endpoint: sa00_sr\[0\]$_DFF_P_/D, endpoint slack:-8.67737e-11
      471 |       9 |      75 |       47 |      9 |    87 |   -0.115 |       -8.0 |    157 | sa11_sr\[1\]$_DFF_P_/D
iter:471, pass:2, current fixing endpoint: sa00_sr\[0\]$_DFF_P_/D, endpoint slack:-8.066425e-11
      472 |       9 |      75 |       47 |      9 |    88 |   -0.115 |       -8.0 |    157 | sa11_sr\[1\]$_DFF_P_/D
iter:472, pass:3, current fixing endpoint: sa00_sr\[0\]$_DFF_P_/D, endpoint slack:-8.8905217e-11
      473 |      10 |      75 |       47 |      9 |    88 |   -0.115 |       -7.9 |    157 | sa11_sr\[1\]$_DFF_P_/D
iter:473, pass:4, current fixing endpoint: sa00_sr\[0\]$_DFF_P_/D, endpoint slack:-7.193379e-11
      474 |      10 |      76 |       47 |      9 |    88 |   -0.115 |       -7.9 |    157 | sa11_sr\[1\]$_DFF_P_/D
iter:474, pass:5, current fixing endpoint: sa00_sr\[0\]$_DFF_P_/D, endpoint slack:-7.8108076e-11
      475 |      10 |      77 |       47 |      9 |    88 |   -0.115 |       -7.9 |    157 | sa11_sr\[1\]$_DFF_P_/D
iter:475, pass:6, current fixing endpoint: sa00_sr\[0\]$_DFF_P_/D, endpoint slack:-7.140111e-11
      476 |      10 |      78 |       47 |      9 |    88 |   -0.115 |       -7.9 |    157 | sa11_sr\[1\]$_DFF_P_/D
iter:476, pass:7, current fixing endpoint: sa00_sr\[0\]$_DFF_P_/D, endpoint slack:-7.333012e-11
      477 |      10 |      78 |       47 |     10 |    88 |   -0.115 |       -7.9 |    157 | sa11_sr\[1\]$_DFF_P_/D
iter:477, pass:8, current fixing endpoint: sa00_sr\[0\]$_DFF_P_/D, endpoint slack:-7.064094e-11
      478 |      10 |      78 |       47 |     11 |    88 |   -0.115 |       -7.9 |    157 | sa11_sr\[1\]$_DFF_P_/D
iter:478, pass:9, current fixing endpoint: sa00_sr\[0\]$_DFF_P_/D, endpoint slack:-6.441325e-11
      478 |      10 |      78 |       47 |     11 |    88 |   -0.115 |       -7.9 |    157 | sa11_sr\[1\]$_DFF_P_/D
      479 |      10 |      78 |       47 |     11 |    88 |   -0.115 |       -7.9 |    157 | sa11_sr\[1\]$_DFF_P_/D
iter:479, pass:1, current fixing endpoint: sa11_sr\[2\]$_DFF_P_/D, endpoint slack:-7.811318e-11
      480 |      10 |      78 |       47 |     11 |    89 |   -0.115 |       -7.9 |    157 | sa11_sr\[1\]$_DFF_P_/D
iter:480, pass:2, current fixing endpoint: sa11_sr\[2\]$_DFF_P_/D, endpoint slack:-8.516321e-11
      481 |      10 |      78 |       50 |     11 |    89 |   -0.115 |       -7.9 |    157 | sa11_sr\[1\]$_DFF_P_/D
iter:481, pass:3, current fixing endpoint: sa11_sr\[2\]$_DFF_P_/D, endpoint slack:-7.691647e-11
      482 |      10 |      79 |       50 |     11 |    89 |   -0.119 |       -7.9 |    157 | sa11_sr\[1\]$_DFF_P_/D
iter:482, pass:4, current fixing endpoint: sa11_sr\[2\]$_DFF_P_/D, endpoint slack:-7.809242e-11
      483 |      10 |      79 |       50 |     11 |    90 |   -0.119 |       -7.9 |    157 | sa11_sr\[1\]$_DFF_P_/D
iter:483, pass:5, current fixing endpoint: sa11_sr\[2\]$_DFF_P_/D, endpoint slack:-6.964829e-11
      484 |      10 |      80 |       50 |     11 |    90 |   -0.119 |       -7.9 |    157 | sa11_sr\[1\]$_DFF_P_/D
iter:484, pass:6, current fixing endpoint: sa11_sr\[2\]$_DFF_P_/D, endpoint slack:-6.184797e-11
      485 |      10 |      80 |       52 |     11 |    90 |   -0.119 |       -7.9 |    157 | sa11_sr\[1\]$_DFF_P_/D
iter:485, pass:7, current fixing endpoint: sa11_sr\[2\]$_DFF_P_/D, endpoint slack:-8.4166785e-11
      486 |      10 |      81 |       52 |     11 |    90 |   -0.119 |       -7.9 |    157 | sa11_sr\[1\]$_DFF_P_/D
iter:486, pass:8, current fixing endpoint: sa11_sr\[2\]$_DFF_P_/D, endpoint slack:-7.989798e-11
      487 |      10 |      82 |       52 |     11 |    90 |   -0.119 |       -7.9 |    157 | sa11_sr\[1\]$_DFF_P_/D
iter:487, pass:9, current fixing endpoint: sa11_sr\[2\]$_DFF_P_/D, endpoint slack:-8.06476e-11
      488 |      10 |      82 |       52 |     11 |    91 |   -0.119 |       -7.9 |    157 | sa11_sr\[1\]$_DFF_P_/D
iter:488, pass:10, current fixing endpoint: sa11_sr\[2\]$_DFF_P_/D, endpoint slack:-8.458645e-11
      489 |      10 |      82 |       52 |     11 |    92 |   -0.119 |       -7.9 |    157 | sa11_sr\[1\]$_DFF_P_/D
iter:489, pass:11, current fixing endpoint: sa11_sr\[2\]$_DFF_P_/D, endpoint slack:-9.852774e-11
      490 |      10 |      82 |       52 |     11 |    93 |   -0.119 |       -7.9 |    157 | sa11_sr\[1\]$_DFF_P_/D
iter:490, pass:12, current fixing endpoint: sa11_sr\[2\]$_DFF_P_/D, endpoint slack:-9.368584e-11
      490 |      10 |      79 |       51 |     11 |    89 |   -0.115 |       -7.9 |    157 | sa11_sr\[1\]$_DFF_P_/D
      491 |      10 |      79 |       51 |     11 |    89 |   -0.115 |       -7.9 |    157 | sa11_sr\[1\]$_DFF_P_/D
iter:491, pass:1, current fixing endpoint: sa10_sr\[2\]$_DFF_P_/D, endpoint slack:-7.301115e-11
      492 |      10 |      79 |       51 |     11 |    90 |   -0.115 |       -7.8 |    157 | sa11_sr\[1\]$_DFF_P_/D
iter:492, pass:2, current fixing endpoint: sa10_sr\[2\]$_DFF_P_/D, endpoint slack:-6.280765e-11
      493 |      10 |      79 |       51 |     11 |    91 |   -0.115 |       -7.8 |    157 | sa11_sr\[1\]$_DFF_P_/D
iter:493, pass:3, current fixing endpoint: sa10_sr\[2\]$_DFF_P_/D, endpoint slack:-5.5751737e-11
      494 |      10 |      80 |       51 |     11 |    91 |   -0.115 |       -7.8 |    157 | sa11_sr\[1\]$_DFF_P_/D
iter:494, pass:4, current fixing endpoint: sa10_sr\[2\]$_DFF_P_/D, endpoint slack:-5.4259708e-11
      495 |      10 |      81 |       51 |     11 |    91 |   -0.115 |       -7.8 |    157 | sa11_sr\[1\]$_DFF_P_/D
iter:495, pass:5, current fixing endpoint: sa10_sr\[2\]$_DFF_P_/D, endpoint slack:-6.004497e-11
      496 |      10 |      81 |       51 |     11 |    92 |   -0.115 |       -7.8 |    157 | sa11_sr\[1\]$_DFF_P_/D
iter:496, pass:6, current fixing endpoint: sa10_sr\[2\]$_DFF_P_/D, endpoint slack:-6.177647e-11
      497 |      10 |      82 |       51 |     11 |    92 |   -0.115 |       -7.8 |    157 | sa11_sr\[1\]$_DFF_P_/D
iter:497, pass:7, current fixing endpoint: sa10_sr\[2\]$_DFF_P_/D, endpoint slack:-6.0507044e-11
      498 |      11 |      82 |       51 |     11 |    92 |   -0.115 |       -7.8 |    157 | sa11_sr\[1\]$_DFF_P_/D
iter:498, pass:8, current fixing endpoint: sa10_sr\[2\]$_DFF_P_/D, endpoint slack:-5.7478466e-11
      499 |      11 |      82 |       51 |     11 |    93 |   -0.115 |       -7.8 |    157 | sa11_sr\[1\]$_DFF_P_/D
iter:499, pass:9, current fixing endpoint: sa10_sr\[2\]$_DFF_P_/D, endpoint slack:-5.85455e-11
      500 |      11 |      82 |       51 |     11 |    94 |   -0.115 |       -7.8 |    157 | sa11_sr\[1\]$_DFF_P_/D
iter:500, pass:10, current fixing endpoint: sa10_sr\[2\]$_DFF_P_/D, endpoint slack:-6.053791e-11
      501 |      11 |      82 |       51 |     11 |    95 |   -0.115 |       -7.8 |    157 | sa11_sr\[1\]$_DFF_P_/D
iter:501, pass:11, current fixing endpoint: sa10_sr\[2\]$_DFF_P_/D, endpoint slack:-6.2035266e-11
      502 |      11 |      83 |       51 |     11 |    95 |   -0.115 |       -7.8 |    157 | sa11_sr\[1\]$_DFF_P_/D
iter:502, pass:12, current fixing endpoint: sa10_sr\[2\]$_DFF_P_/D, endpoint slack:-6.363332e-11
      503 |      11 |      83 |       51 |     11 |    96 |   -0.115 |       -7.8 |    157 | sa11_sr\[1\]$_DFF_P_/D
iter:503, pass:13, current fixing endpoint: sa10_sr\[2\]$_DFF_P_/D, endpoint slack:-5.845047e-11
      504 |      11 |      83 |       51 |     12 |    96 |   -0.115 |       -7.8 |    157 | sa11_sr\[1\]$_DFF_P_/D
iter:504, pass:14, current fixing endpoint: sa10_sr\[2\]$_DFF_P_/D, endpoint slack:-5.7245986e-11
      505 |      11 |      83 |       51 |     12 |    97 |   -0.115 |       -7.8 |    157 | sa11_sr\[1\]$_DFF_P_/D
iter:505, pass:15, current fixing endpoint: sa10_sr\[2\]$_DFF_P_/D, endpoint slack:-5.923306e-11
      505 |      10 |      80 |       51 |     11 |    91 |   -0.115 |       -7.8 |    157 | sa11_sr\[1\]$_DFF_P_/D
      506 |      10 |      80 |       51 |     11 |    91 |   -0.115 |       -7.8 |    157 | sa11_sr\[1\]$_DFF_P_/D
iter:506, pass:1, current fixing endpoint: sa03_sr\[0\]$_DFF_P_/D, endpoint slack:-4.7761572e-11
      507 |      10 |      81 |       51 |     11 |    91 |   -0.115 |       -7.8 |    157 | sa11_sr\[1\]$_DFF_P_/D
iter:507, pass:2, current fixing endpoint: sa03_sr\[0\]$_DFF_P_/D, endpoint slack:-5.4188987e-11
      508 |      10 |      82 |       51 |     11 |    91 |   -0.115 |       -7.8 |    157 | sa11_sr\[1\]$_DFF_P_/D
iter:508, pass:3, current fixing endpoint: sa03_sr\[0\]$_DFF_P_/D, endpoint slack:-3.9394155e-11
      509 |      10 |      82 |       51 |     11 |    92 |   -0.115 |       -7.8 |    157 | sa11_sr\[1\]$_DFF_P_/D
iter:509, pass:4, current fixing endpoint: sa03_sr\[0\]$_DFF_P_/D, endpoint slack:-3.6725623e-11
      510 |      10 |      82 |       53 |     11 |    92 |   -0.115 |       -7.9 |    157 | sa11_sr\[1\]$_DFF_P_/D
iter:510, pass:5, current fixing endpoint: sa03_sr\[0\]$_DFF_P_/D, endpoint slack:-5.408496e-11
      511 |      10 |      83 |       53 |     11 |    92 |   -0.115 |       -7.9 |    157 | sa11_sr\[1\]$_DFF_P_/D
iter:511, pass:6, current fixing endpoint: sa03_sr\[0\]$_DFF_P_/D, endpoint slack:-4.9680038e-11
      512 |      10 |      83 |       53 |     11 |    93 |   -0.115 |       -7.9 |    157 | sa11_sr\[1\]$_DFF_P_/D
iter:512, pass:7, current fixing endpoint: sa03_sr\[0\]$_DFF_P_/D, endpoint slack:-7.217882e-11
      513 |      10 |      83 |       53 |     11 |    94 |   -0.115 |       -7.9 |    157 | sa11_sr\[1\]$_DFF_P_/D
iter:513, pass:8, current fixing endpoint: sa03_sr\[0\]$_DFF_P_/D, endpoint slack:-7.740275e-11
      514 |      10 |      83 |       53 |     11 |    95 |   -0.115 |       -7.9 |    157 | sa11_sr\[1\]$_DFF_P_/D
iter:514, pass:9, current fixing endpoint: sa03_sr\[0\]$_DFF_P_/D, endpoint slack:-7.615364e-11
      514 |      10 |      82 |       52 |     11 |    92 |   -0.115 |       -7.8 |    157 | sa11_sr\[1\]$_DFF_P_/D
      515 |      10 |      82 |       52 |     11 |    92 |   -0.115 |       -7.8 |    157 | sa11_sr\[1\]$_DFF_P_/D
iter:515, pass:1, current fixing endpoint: u0.u2.d\[6\]$_DFF_P_/D, endpoint slack:-6.3532624e-11
      516 |      10 |      82 |       52 |     11 |    93 |   -0.115 |       -7.8 |    157 | sa11_sr\[1\]$_DFF_P_/D
iter:516, pass:2, current fixing endpoint: u0.u2.d\[6\]$_DFF_P_/D, endpoint slack:-5.5770832e-11
      517 |      10 |      83 |       52 |     11 |    93 |   -0.115 |       -7.8 |    157 | sa11_sr\[1\]$_DFF_P_/D
iter:517, pass:3, current fixing endpoint: u0.u2.d\[6\]$_DFF_P_/D, endpoint slack:-5.4484306e-11
      518 |      10 |      83 |       52 |     11 |    94 |   -0.115 |       -7.8 |    157 | sa11_sr\[1\]$_DFF_P_/D
iter:518, pass:4, current fixing endpoint: u0.u2.d\[6\]$_DFF_P_/D, endpoint slack:-5.130163e-11
      519 |      10 |      84 |       52 |     11 |    94 |   -0.115 |       -7.8 |    157 | sa11_sr\[1\]$_DFF_P_/D
iter:519, pass:5, current fixing endpoint: u0.u2.d\[6\]$_DFF_P_/D, endpoint slack:-5.161127e-11
      520 |      10 |      85 |       52 |     11 |    94 |   -0.115 |       -7.8 |    157 | sa11_sr\[1\]$_DFF_P_/D
iter:520, pass:6, current fixing endpoint: u0.u2.d\[6\]$_DFF_P_/D, endpoint slack:-5.0676574e-11
      521 |      10 |      85 |       52 |     11 |    95 |   -0.115 |       -7.8 |    157 | sa11_sr\[1\]$_DFF_P_/D
iter:521, pass:7, current fixing endpoint: u0.u2.d\[6\]$_DFF_P_/D, endpoint slack:-5.7294725e-11
      522 |      10 |      86 |       52 |     11 |    95 |   -0.115 |       -7.8 |    157 | sa11_sr\[1\]$_DFF_P_/D
iter:522, pass:8, current fixing endpoint: u0.u2.d\[6\]$_DFF_P_/D, endpoint slack:-5.6769367e-11
      523 |      10 |      86 |       52 |     12 |    95 |   -0.115 |       -7.8 |    157 | sa11_sr\[1\]$_DFF_P_/D
iter:523, pass:9, current fixing endpoint: u0.u2.d\[6\]$_DFF_P_/D, endpoint slack:-5.460221e-11
      524 |      10 |      86 |       52 |     13 |    95 |   -0.115 |       -7.8 |    157 | sa11_sr\[1\]$_DFF_P_/D
iter:524, pass:10, current fixing endpoint: u0.u2.d\[6\]$_DFF_P_/D, endpoint slack:-5.4460325e-11
      524 |      10 |      85 |       52 |     11 |    94 |   -0.115 |       -7.8 |    157 | sa11_sr\[1\]$_DFF_P_/D
      525 |      10 |      85 |       52 |     11 |    94 |   -0.115 |       -7.8 |    157 | sa11_sr\[1\]$_DFF_P_/D
iter:525, pass:1, current fixing endpoint: sa23_sr\[7\]$_DFF_P_/D, endpoint slack:-6.9730666e-11
      526 |      10 |      85 |       52 |     11 |    95 |   -0.115 |       -7.8 |    157 | sa11_sr\[1\]$_DFF_P_/D
iter:526, pass:2, current fixing endpoint: sa23_sr\[7\]$_DFF_P_/D, endpoint slack:-7.561585e-11
      527 |      10 |      85 |       52 |     11 |    96 |   -0.115 |       -7.8 |    157 | sa11_sr\[1\]$_DFF_P_/D
iter:527, pass:3, current fixing endpoint: sa23_sr\[7\]$_DFF_P_/D, endpoint slack:-7.445922e-11
      528 |      10 |      85 |       54 |     11 |    96 |   -0.115 |       -7.8 |    157 | sa11_sr\[1\]$_DFF_P_/D
iter:528, pass:4, current fixing endpoint: sa23_sr\[7\]$_DFF_P_/D, endpoint slack:-7.308887e-11
      529 |      10 |      85 |       54 |     11 |    97 |   -0.115 |       -7.8 |    157 | sa11_sr\[1\]$_DFF_P_/D
iter:529, pass:5, current fixing endpoint: sa23_sr\[7\]$_DFF_P_/D, endpoint slack:-7.38577e-11
      530 |      10 |      86 |       54 |     11 |    97 |   -0.115 |       -7.8 |    157 | sa11_sr\[1\]$_DFF_P_/D
iter:530, pass:6, current fixing endpoint: sa23_sr\[7\]$_DFF_P_/D, endpoint slack:-7.139167e-11
      531 |      10 |      86 |       54 |     11 |    98 |   -0.115 |       -7.8 |    157 | sa11_sr\[1\]$_DFF_P_/D
iter:531, pass:7, current fixing endpoint: sa23_sr\[7\]$_DFF_P_/D, endpoint slack:-7.94822e-11
      532 |      10 |      86 |       54 |     11 |    99 |   -0.115 |       -7.8 |    157 | sa11_sr\[1\]$_DFF_P_/D
iter:532, pass:8, current fixing endpoint: sa23_sr\[7\]$_DFF_P_/D, endpoint slack:-8.162604e-11
      533 |      10 |      86 |       54 |     11 |   100 |   -0.115 |       -7.8 |    157 | sa11_sr\[1\]$_DFF_P_/D
iter:533, pass:9, current fixing endpoint: sa23_sr\[7\]$_DFF_P_/D, endpoint slack:-7.911749e-11
      534 |      10 |      87 |       54 |     11 |   100 |   -0.115 |       -7.8 |    157 | sa11_sr\[1\]$_DFF_P_/D
iter:534, pass:10, current fixing endpoint: sa23_sr\[7\]$_DFF_P_/D, endpoint slack:-7.693246e-11
      535 |      10 |      87 |       54 |     12 |   100 |   -0.115 |       -7.8 |    157 | sa11_sr\[1\]$_DFF_P_/D
iter:535, pass:11, current fixing endpoint: sa23_sr\[7\]$_DFF_P_/D, endpoint slack:-7.467982e-11
      536 |      10 |      88 |       54 |     12 |   100 |   -0.115 |       -7.8 |    157 | sa11_sr\[1\]$_DFF_P_/D
iter:536, pass:12, current fixing endpoint: sa23_sr\[7\]$_DFF_P_/D, endpoint slack:-7.2712614e-11
      537 |      10 |      88 |       54 |     12 |   101 |   -0.115 |       -7.8 |    157 | sa11_sr\[1\]$_DFF_P_/D
iter:537, pass:13, current fixing endpoint: sa23_sr\[7\]$_DFF_P_/D, endpoint slack:-7.4464324e-11
      537 |      10 |      85 |       53 |     11 |    94 |   -0.115 |       -7.8 |    157 | sa11_sr\[1\]$_DFF_P_/D
      538 |      10 |      85 |       53 |     11 |    94 |   -0.115 |       -7.8 |    157 | sa11_sr\[1\]$_DFF_P_/D
iter:538, pass:1, current fixing endpoint: sa31_sr\[1\]$_DFF_P_/D, endpoint slack:-6.869316e-11
      539 |      10 |      85 |       53 |     11 |    95 |   -0.115 |       -7.8 |    157 | sa11_sr\[1\]$_DFF_P_/D
iter:539, pass:2, current fixing endpoint: sa31_sr\[1\]$_DFF_P_/D, endpoint slack:-5.732992e-11
      540 |      10 |      85 |       53 |     11 |    96 |   -0.115 |       -7.8 |    157 | sa11_sr\[1\]$_DFF_P_/D
iter:540, pass:3, current fixing endpoint: sa31_sr\[1\]$_DFF_P_/D, endpoint slack:-5.7883143e-11
      541 |      10 |      85 |       55 |     11 |    96 |   -0.115 |       -7.8 |    157 | sa11_sr\[1\]$_DFF_P_/D
iter:541, pass:4, current fixing endpoint: sa31_sr\[1\]$_DFF_P_/D, endpoint slack:-5.663736e-11
      542 |      10 |      85 |       55 |     11 |    97 |   -0.115 |       -7.8 |    157 | sa11_sr\[1\]$_DFF_P_/D
iter:542, pass:5, current fixing endpoint: sa31_sr\[1\]$_DFF_P_/D, endpoint slack:-6.241707e-11
      543 |      10 |      85 |       55 |     11 |    98 |   -0.115 |       -7.8 |    157 | sa11_sr\[1\]$_DFF_P_/D
iter:543, pass:6, current fixing endpoint: sa31_sr\[1\]$_DFF_P_/D, endpoint slack:-6.4102834e-11
      544 |      10 |      85 |       55 |     11 |    99 |   -0.115 |       -7.8 |    157 | sa11_sr\[1\]$_DFF_P_/D
iter:544, pass:7, current fixing endpoint: sa31_sr\[1\]$_DFF_P_/D, endpoint slack:-6.5210504e-11
      545 |      10 |      85 |       55 |     11 |   100 |   -0.115 |       -7.9 |    157 | sa11_sr\[1\]$_DFF_P_/D
iter:545, pass:8, current fixing endpoint: sa31_sr\[1\]$_DFF_P_/D, endpoint slack:-6.622913e-11
      546 |      10 |      86 |       55 |     11 |   100 |   -0.115 |       -7.9 |    157 | sa11_sr\[1\]$_DFF_P_/D
iter:546, pass:9, current fixing endpoint: sa31_sr\[1\]$_DFF_P_/D, endpoint slack:-6.777312e-11
      547 |      10 |      86 |       55 |     11 |   101 |   -0.115 |       -7.9 |    157 | sa11_sr\[1\]$_DFF_P_/D
iter:547, pass:10, current fixing endpoint: sa31_sr\[1\]$_DFF_P_/D, endpoint slack:-7.4286355e-11
      548 |      10 |      87 |       55 |     11 |   101 |   -0.115 |       -7.9 |    157 | sa11_sr\[1\]$_DFF_P_/D
iter:548, pass:11, current fixing endpoint: sa31_sr\[1\]$_DFF_P_/D, endpoint slack:-7.0810025e-11
      549 |      10 |      87 |       55 |     11 |   102 |   -0.115 |       -7.9 |    157 | sa11_sr\[1\]$_DFF_P_/D
iter:549, pass:12, current fixing endpoint: sa31_sr\[1\]$_DFF_P_/D, endpoint slack:-7.346124e-11
      550 |      10 |      88 |       55 |     11 |   102 |   -0.115 |       -7.9 |    157 | sa11_sr\[1\]$_DFF_P_/D
iter:550, pass:13, current fixing endpoint: sa31_sr\[1\]$_DFF_P_/D, endpoint slack:-7.190293e-11
      551 |      10 |      89 |       55 |     11 |   102 |   -0.115 |       -7.9 |    157 | sa11_sr\[1\]$_DFF_P_/D
iter:551, pass:14, current fixing endpoint: sa31_sr\[1\]$_DFF_P_/D, endpoint slack:-7.3011264e-11
      552 |      10 |      90 |       55 |     11 |   102 |   -0.115 |       -7.9 |    157 | sa11_sr\[1\]$_DFF_P_/D
iter:552, pass:15, current fixing endpoint: sa31_sr\[1\]$_DFF_P_/D, endpoint slack:-6.969103e-11
      553 |      10 |      90 |       55 |     11 |   103 |   -0.115 |       -7.9 |    157 | sa11_sr\[1\]$_DFF_P_/D
iter:553, pass:16, current fixing endpoint: sa31_sr\[1\]$_DFF_P_/D, endpoint slack:-7.480638e-11
      554 |      10 |      91 |       55 |     11 |   103 |   -0.115 |       -7.9 |    157 | sa11_sr\[1\]$_DFF_P_/D
iter:554, pass:17, current fixing endpoint: sa31_sr\[1\]$_DFF_P_/D, endpoint slack:-7.568279e-11
      554 |      10 |      86 |       55 |     11 |    96 |   -0.115 |       -7.8 |    157 | sa11_sr\[1\]$_DFF_P_/D
      555 |      10 |      86 |       55 |     11 |    96 |   -0.115 |       -7.8 |    157 | sa11_sr\[1\]$_DFF_P_/D
iter:555, pass:1, current fixing endpoint: sa30_sr\[1\]$_DFF_P_/D, endpoint slack:-6.833378e-11
      556 |      10 |      86 |       55 |     11 |    97 |   -0.115 |       -7.8 |    157 | sa11_sr\[1\]$_DFF_P_/D
iter:556, pass:2, current fixing endpoint: sa30_sr\[1\]$_DFF_P_/D, endpoint slack:-6.1554095e-11
      557 |      10 |      86 |       55 |     11 |    98 |   -0.115 |       -7.8 |    157 | sa11_sr\[1\]$_DFF_P_/D
iter:557, pass:3, current fixing endpoint: sa30_sr\[1\]$_DFF_P_/D, endpoint slack:-6.6749384e-11
      558 |      10 |      86 |       55 |     11 |    99 |   -0.115 |       -7.8 |    157 | sa11_sr\[1\]$_DFF_P_/D
iter:558, pass:4, current fixing endpoint: sa30_sr\[1\]$_DFF_P_/D, endpoint slack:-6.721124e-11
      559 |      10 |      86 |       55 |     11 |   100 |   -0.115 |       -7.8 |    157 | sa11_sr\[1\]$_DFF_P_/D
iter:559, pass:5, current fixing endpoint: sa30_sr\[1\]$_DFF_P_/D, endpoint slack:-6.873102e-11
      560 |      10 |      86 |       55 |     11 |   101 |   -0.115 |       -7.8 |    157 | sa11_sr\[1\]$_DFF_P_/D
iter:560, pass:6, current fixing endpoint: sa30_sr\[1\]$_DFF_P_/D, endpoint slack:-6.7765016e-11
      561 |      10 |      86 |       55 |     11 |   102 |   -0.115 |       -7.8 |    157 | sa11_sr\[1\]$_DFF_P_/D
iter:561, pass:7, current fixing endpoint: sa30_sr\[1\]$_DFF_P_/D, endpoint slack:-6.613887e-11
      562 |      11 |      86 |       55 |     11 |   102 |   -0.115 |       -7.7 |    157 | sa11_sr\[1\]$_DFF_P_/D
iter:562, pass:8, current fixing endpoint: sa30_sr\[1\]$_DFF_P_/D, endpoint slack:-5.565859e-11
      563 |      11 |      87 |       55 |     11 |   102 |   -0.115 |       -7.7 |    157 | sa11_sr\[1\]$_DFF_P_/D
iter:563, pass:9, current fixing endpoint: sa30_sr\[1\]$_DFF_P_/D, endpoint slack:-4.9926174e-11
      564 |      11 |      88 |       55 |     11 |   102 |   -0.115 |       -7.7 |    157 | sa11_sr\[1\]$_DFF_P_/D
iter:564, pass:10, current fixing endpoint: sa30_sr\[1\]$_DFF_P_/D, endpoint slack:-5.910472e-11
      565 |      11 |      88 |       55 |     12 |   102 |   -0.115 |       -7.8 |    157 | sa11_sr\[1\]$_DFF_P_/D
iter:565, pass:11, current fixing endpoint: sa30_sr\[1\]$_DFF_P_/D, endpoint slack:-5.6715965e-11
      566 |      11 |      89 |       55 |     12 |   102 |   -0.115 |       -7.8 |    157 | sa11_sr\[1\]$_DFF_P_/D
iter:566, pass:12, current fixing endpoint: sa30_sr\[1\]$_DFF_P_/D, endpoint slack:-5.5382143e-11
      567 |      11 |      90 |       55 |     12 |   102 |   -0.115 |       -7.8 |    157 | sa11_sr\[1\]$_DFF_P_/D
iter:567, pass:13, current fixing endpoint: sa30_sr\[1\]$_DFF_P_/D, endpoint slack:-5.3155702e-11
      568 |      11 |      91 |       55 |     12 |   102 |   -0.115 |       -7.8 |    157 | sa11_sr\[1\]$_DFF_P_/D
iter:568, pass:14, current fixing endpoint: sa30_sr\[1\]$_DFF_P_/D, endpoint slack:-5.560208e-11
      569 |      11 |      91 |       55 |     12 |   103 |   -0.115 |       -7.8 |    157 | sa11_sr\[1\]$_DFF_P_/D
iter:569, pass:15, current fixing endpoint: sa30_sr\[1\]$_DFF_P_/D, endpoint slack:-6.649892e-11
      570 |      11 |      91 |       57 |     12 |   103 |   -0.115 |       -7.8 |    157 | sa11_sr\[1\]$_DFF_P_/D
iter:570, pass:16, current fixing endpoint: sa30_sr\[1\]$_DFF_P_/D, endpoint slack:-5.2481797e-11
      571 |      11 |      91 |       57 |     12 |   104 |   -0.115 |       -7.8 |    157 | sa11_sr\[1\]$_DFF_P_/D
iter:571, pass:17, current fixing endpoint: sa30_sr\[1\]$_DFF_P_/D, endpoint slack:-5.5514815e-11
      572 |      11 |      92 |       57 |     12 |   104 |   -0.115 |       -7.8 |    157 | sa11_sr\[1\]$_DFF_P_/D
iter:572, pass:18, current fixing endpoint: sa30_sr\[1\]$_DFF_P_/D, endpoint slack:-5.4329652e-11
      573 |      11 |      93 |       57 |     12 |   104 |   -0.115 |       -7.8 |    157 | sa11_sr\[1\]$_DFF_P_/D
iter:573, pass:19, current fixing endpoint: sa30_sr\[1\]$_DFF_P_/D, endpoint slack:-5.388634e-11
      573 |      11 |      88 |       56 |     11 |   102 |   -0.115 |       -7.8 |    157 | sa11_sr\[1\]$_DFF_P_/D
      574 |      11 |      88 |       56 |     11 |   102 |   -0.115 |       -7.8 |    157 | sa11_sr\[1\]$_DFF_P_/D
iter:574, pass:1, current fixing endpoint: u0.u3.d\[1\]$_DFF_P_/D, endpoint slack:-6.8041905e-11
      575 |      11 |      88 |       56 |     11 |   103 |   -0.115 |       -7.8 |    157 | sa11_sr\[1\]$_DFF_P_/D
iter:575, pass:2, current fixing endpoint: u0.u3.d\[1\]$_DFF_P_/D, endpoint slack:-6.261747e-11
      576 |      11 |      88 |       56 |     11 |   104 |   -0.115 |       -7.8 |    157 | sa11_sr\[1\]$_DFF_P_/D
iter:576, pass:3, current fixing endpoint: u0.u3.d\[1\]$_DFF_P_/D, endpoint slack:-6.3536176e-11
      577 |      11 |      88 |       56 |     11 |   105 |   -0.115 |       -7.8 |    157 | sa11_sr\[1\]$_DFF_P_/D
iter:577, pass:4, current fixing endpoint: u0.u3.d\[1\]$_DFF_P_/D, endpoint slack:-6.4379724e-11
      578 |      12 |      88 |       56 |     11 |   105 |   -0.115 |       -7.8 |    157 | sa11_sr\[1\]$_DFF_P_/D
iter:578, pass:5, current fixing endpoint: u0.u3.d\[1\]$_DFF_P_/D, endpoint slack:-6.433809e-11
      579 |      12 |      88 |       58 |     11 |   105 |   -0.115 |       -7.7 |    157 | sa11_sr\[1\]$_DFF_P_/D
iter:579, pass:6, current fixing endpoint: u0.u3.d\[1\]$_DFF_P_/D, endpoint slack:-6.143075e-11
      580 |      13 |      88 |       58 |     11 |   105 |   -0.115 |       -7.7 |    157 | sa11_sr\[1\]$_DFF_P_/D
iter:580, pass:7, current fixing endpoint: u0.u3.d\[1\]$_DFF_P_/D, endpoint slack:-6.094014e-11
      581 |      13 |      88 |       58 |     11 |   106 |   -0.115 |       -7.7 |    157 | sa11_sr\[1\]$_DFF_P_/D
iter:581, pass:8, current fixing endpoint: u0.u3.d\[1\]$_DFF_P_/D, endpoint slack:-6.037648e-11
      582 |      13 |      89 |       58 |     11 |   106 |   -0.115 |       -7.7 |    157 | sa11_sr\[1\]$_DFF_P_/D
iter:582, pass:9, current fixing endpoint: u0.u3.d\[1\]$_DFF_P_/D, endpoint slack:-5.9144356e-11
      582 |      13 |      89 |       58 |     11 |   106 |   -0.115 |       -7.7 |    157 | sa11_sr\[1\]$_DFF_P_/D
      583 |      13 |      89 |       58 |     11 |   106 |   -0.115 |       -7.7 |    157 | sa11_sr\[1\]$_DFF_P_/D
iter:583, pass:1, current fixing endpoint: sa20_sr\[6\]$_DFF_P_/D, endpoint slack:-6.820733e-11
      584 |      13 |      89 |       58 |     11 |   107 |   -0.115 |       -7.8 |    157 | sa11_sr\[1\]$_DFF_P_/D
iter:584, pass:2, current fixing endpoint: sa20_sr\[6\]$_DFF_P_/D, endpoint slack:-7.737211e-11
      585 |      13 |      89 |       58 |     11 |   108 |   -0.115 |       -7.8 |    157 | sa11_sr\[1\]$_DFF_P_/D
iter:585, pass:3, current fixing endpoint: sa20_sr\[6\]$_DFF_P_/D, endpoint slack:-8.2437834e-11
      586 |      13 |      89 |       60 |     11 |   108 |   -0.115 |       -7.8 |    157 | sa11_sr\[1\]$_DFF_P_/D
iter:586, pass:4, current fixing endpoint: sa20_sr\[6\]$_DFF_P_/D, endpoint slack:-7.367451e-11
      587 |      13 |      90 |       60 |     11 |   108 |   -0.115 |       -7.8 |    157 | sa11_sr\[1\]$_DFF_P_/D
iter:587, pass:5, current fixing endpoint: sa20_sr\[6\]$_DFF_P_/D, endpoint slack:-7.394341e-11
      588 |      13 |      90 |       60 |     11 |   109 |   -0.115 |       -7.8 |    157 | sa11_sr\[1\]$_DFF_P_/D
iter:588, pass:6, current fixing endpoint: sa20_sr\[6\]$_DFF_P_/D, endpoint slack:-6.889456e-11
      588 |      13 |      89 |       59 |     11 |   106 |   -0.115 |       -7.7 |    157 | sa11_sr\[1\]$_DFF_P_/D
      589 |      13 |      89 |       59 |     11 |   106 |   -0.115 |       -7.7 |    157 | sa11_sr\[1\]$_DFF_P_/D
iter:589, pass:1, current fixing endpoint: sa32_sr\[5\]$_DFF_P_/D, endpoint slack:-6.5537686e-11
      590 |      13 |      89 |       61 |     11 |   106 |   -0.115 |       -7.7 |    157 | sa11_sr\[1\]$_DFF_P_/D
iter:590, pass:2, current fixing endpoint: sa32_sr\[5\]$_DFF_P_/D, endpoint slack:-6.5196404e-11
      591 |      13 |      89 |       63 |     11 |   106 |   -0.115 |       -7.7 |    157 | sa11_sr\[1\]$_DFF_P_/D
iter:591, pass:3, current fixing endpoint: sa32_sr\[5\]$_DFF_P_/D, endpoint slack:-6.37187e-11
      592 |      13 |      89 |       63 |     11 |   107 |   -0.115 |       -7.7 |    157 | sa11_sr\[1\]$_DFF_P_/D
iter:592, pass:4, current fixing endpoint: sa32_sr\[5\]$_DFF_P_/D, endpoint slack:-6.193346e-11
      593 |      13 |      90 |       63 |     11 |   107 |   -0.115 |       -7.7 |    157 | sa11_sr\[1\]$_DFF_P_/D
iter:593, pass:5, current fixing endpoint: sa32_sr\[5\]$_DFF_P_/D, endpoint slack:-7.415413e-11
      594 |      13 |      91 |       63 |     11 |   107 |   -0.115 |       -7.7 |    157 | sa11_sr\[1\]$_DFF_P_/D
iter:594, pass:6, current fixing endpoint: sa32_sr\[5\]$_DFF_P_/D, endpoint slack:-6.4123595e-11
      595 |      13 |      91 |       63 |     11 |   108 |   -0.115 |       -7.7 |    157 | sa11_sr\[1\]$_DFF_P_/D
iter:595, pass:7, current fixing endpoint: sa32_sr\[5\]$_DFF_P_/D, endpoint slack:-7.148471e-11
      596 |      13 |      91 |       63 |     11 |   109 |   -0.115 |       -7.7 |    157 | sa11_sr\[1\]$_DFF_P_/D
iter:596, pass:8, current fixing endpoint: sa32_sr\[5\]$_DFF_P_/D, endpoint slack:-7.496803e-11
      596 |      13 |      89 |       63 |     11 |   107 |   -0.115 |       -7.7 |    157 | sa11_sr\[1\]$_DFF_P_/D
      597 |      13 |      89 |       63 |     11 |   107 |   -0.115 |       -7.7 |    157 | sa11_sr\[1\]$_DFF_P_/D
iter:597, pass:1, current fixing endpoint: sa01_sr\[6\]$_DFF_P_/D, endpoint slack:-6.540024e-11
      598 |      13 |      89 |       63 |     11 |   108 |   -0.115 |       -7.8 |    157 | sa11_sr\[1\]$_DFF_P_/D
iter:598, pass:2, current fixing endpoint: sa01_sr\[6\]$_DFF_P_/D, endpoint slack:-7.106016e-11
      599 |      13 |      89 |       65 |     11 |   108 |   -0.115 |       -7.7 |    157 | sa11_sr\[1\]$_DFF_P_/D
iter:599, pass:3, current fixing endpoint: sa01_sr\[6\]$_DFF_P_/D, endpoint slack:-6.4403816e-11
      600 |      13 |      89 |       65 |     11 |   109 |   -0.115 |       -7.7 |    157 | sa11_sr\[1\]$_DFF_P_/D
iter:600, pass:4, current fixing endpoint: sa01_sr\[6\]$_DFF_P_/D, endpoint slack:-6.28384e-11
      601 |      13 |      90 |       65 |     11 |   109 |   -0.115 |       -7.7 |    157 | sa11_sr\[1\]$_DFF_P_/D
iter:601, pass:5, current fixing endpoint: sa01_sr\[6\]$_DFF_P_/D, endpoint slack:-6.884826e-11
      602 |      13 |      90 |       65 |     11 |   110 |   -0.115 |       -7.7 |    157 | sa11_sr\[1\]$_DFF_P_/D
iter:602, pass:6, current fixing endpoint: sa01_sr\[6\]$_DFF_P_/D, endpoint slack:-7.7041484e-11
      603 |      13 |      90 |       67 |     11 |   110 |   -0.115 |       -7.7 |    157 | sa11_sr\[1\]$_DFF_P_/D
iter:603, pass:7, current fixing endpoint: sa01_sr\[6\]$_DFF_P_/D, endpoint slack:-6.857248e-11
      604 |      13 |      90 |       67 |     11 |   111 |   -0.115 |       -7.8 |    157 | sa11_sr\[1\]$_DFF_P_/D
iter:604, pass:8, current fixing endpoint: sa01_sr\[6\]$_DFF_P_/D, endpoint slack:-7.086065e-11
      605 |      13 |      91 |       67 |     11 |   111 |   -0.115 |       -7.7 |    157 | sa11_sr\[1\]$_DFF_P_/D
iter:605, pass:9, current fixing endpoint: sa01_sr\[6\]$_DFF_P_/D, endpoint slack:-6.583123e-11
      606 |      13 |      91 |       67 |     11 |   112 |   -0.115 |       -7.7 |    157 | sa11_sr\[1\]$_DFF_P_/D
iter:606, pass:10, current fixing endpoint: sa01_sr\[6\]$_DFF_P_/D, endpoint slack:-6.138867e-11
      607 |      13 |      92 |       67 |     11 |   112 |   -0.115 |       -7.7 |    157 | sa11_sr\[1\]$_DFF_P_/D
iter:607, pass:11, current fixing endpoint: sa01_sr\[6\]$_DFF_P_/D, endpoint slack:-5.9197536e-11
      608 |      13 |      93 |       67 |     11 |   112 |   -0.115 |       -7.7 |    157 | sa11_sr\[1\]$_DFF_P_/D
iter:608, pass:12, current fixing endpoint: sa01_sr\[6\]$_DFF_P_/D, endpoint slack:-5.694567e-11
      609 |      13 |      94 |       67 |     11 |   112 |   -0.115 |       -7.7 |    157 | sa11_sr\[1\]$_DFF_P_/D
iter:609, pass:13, current fixing endpoint: sa01_sr\[6\]$_DFF_P_/D, endpoint slack:-5.522849e-11
      610 |      13 |      94 |       67 |     11 |   113 |   -0.115 |       -7.7 |    157 | sa11_sr\[1\]$_DFF_P_/D
iter:610, pass:14, current fixing endpoint: sa01_sr\[6\]$_DFF_P_/D, endpoint slack:-5.2354343e-11
      611 |      13 |      94 |       67 |     11 |   114 |   -0.115 |       -7.7 |    157 | sa11_sr\[1\]$_DFF_P_/D
iter:611, pass:15, current fixing endpoint: sa01_sr\[6\]$_DFF_P_/D, endpoint slack:-4.7403415e-11
      611 |      13 |      94 |       67 |     11 |   114 |   -0.115 |       -7.7 |    157 | sa11_sr\[1\]$_DFF_P_/D
      612 |      13 |      94 |       67 |     11 |   114 |   -0.115 |       -7.7 |    157 | sa11_sr\[1\]$_DFF_P_/D
iter:612, pass:1, current fixing endpoint: sa32_sr\[6\]$_DFF_P_/D, endpoint slack:-6.176781e-11
      613 |      13 |      94 |       67 |     11 |   115 |   -0.115 |       -7.7 |    157 | sa11_sr\[1\]$_DFF_P_/D
iter:613, pass:2, current fixing endpoint: sa32_sr\[6\]$_DFF_P_/D, endpoint slack:-8.01188e-11
      614 |      13 |      94 |       67 |     11 |   116 |   -0.115 |       -7.7 |    157 | sa11_sr\[1\]$_DFF_P_/D
iter:614, pass:3, current fixing endpoint: sa32_sr\[6\]$_DFF_P_/D, endpoint slack:-7.875445e-11
      615 |      13 |      95 |       67 |     11 |   116 |   -0.115 |       -7.7 |    157 | sa11_sr\[1\]$_DFF_P_/D
iter:615, pass:4, current fixing endpoint: sa32_sr\[6\]$_DFF_P_/D, endpoint slack:-7.631262e-11
      616 |      13 |      95 |       67 |     11 |   117 |   -0.115 |       -7.7 |    157 | sa11_sr\[1\]$_DFF_P_/D
iter:616, pass:5, current fixing endpoint: sa32_sr\[6\]$_DFF_P_/D, endpoint slack:-7.1144535e-11
      617 |      13 |      96 |       67 |     11 |   117 |   -0.115 |       -7.7 |    157 | sa11_sr\[1\]$_DFF_P_/D
iter:617, pass:6, current fixing endpoint: sa32_sr\[6\]$_DFF_P_/D, endpoint slack:-6.754386e-11
      618 |      13 |      96 |       69 |     11 |   117 |   -0.115 |       -7.8 |    157 | sa11_sr\[1\]$_DFF_P_/D
iter:618, pass:7, current fixing endpoint: sa32_sr\[6\]$_DFF_P_/D, endpoint slack:-9.561041e-11
      619 |      13 |      97 |       69 |     11 |   117 |   -0.115 |       -7.7 |    157 | sa11_sr\[1\]$_DFF_P_/D
iter:619, pass:8, current fixing endpoint: sa32_sr\[6\]$_DFF_P_/D, endpoint slack:-8.568157e-11
      620 |      13 |      98 |       69 |     11 |   117 |   -0.115 |       -7.7 |    157 | sa11_sr\[1\]$_DFF_P_/D
iter:620, pass:9, current fixing endpoint: sa32_sr\[6\]$_DFF_P_/D, endpoint slack:-8.337875e-11
      621 |      13 |      99 |       69 |     11 |   117 |   -0.115 |       -7.7 |    157 | sa11_sr\[1\]$_DFF_P_/D
iter:621, pass:10, current fixing endpoint: sa32_sr\[6\]$_DFF_P_/D, endpoint slack:-8.218759e-11
      622 |      13 |     100 |       69 |     11 |   117 |   -0.115 |       -7.7 |    157 | sa11_sr\[1\]$_DFF_P_/D
iter:622, pass:11, current fixing endpoint: sa32_sr\[6\]$_DFF_P_/D, endpoint slack:-8.2589935e-11
      623 |      13 |     101 |       69 |     11 |   117 |   -0.115 |       -7.7 |    157 | sa11_sr\[1\]$_DFF_P_/D
iter:623, pass:12, current fixing endpoint: sa32_sr\[6\]$_DFF_P_/D, endpoint slack:-8.7056806e-11
      624 |      13 |     101 |       69 |     11 |   118 |   -0.115 |       -7.7 |    157 | sa11_sr\[1\]$_DFF_P_/D
iter:624, pass:13, current fixing endpoint: sa32_sr\[6\]$_DFF_P_/D, endpoint slack:-8.5981444e-11
      625 |      13 |     102 |       69 |     11 |   118 |   -0.115 |       -7.7 |    157 | sa11_sr\[1\]$_DFF_P_/D
iter:625, pass:14, current fixing endpoint: sa32_sr\[6\]$_DFF_P_/D, endpoint slack:-8.391743e-11
      626 |      13 |     102 |       69 |     12 |   118 |   -0.115 |       -7.7 |    157 | sa11_sr\[1\]$_DFF_P_/D
iter:626, pass:15, current fixing endpoint: sa32_sr\[6\]$_DFF_P_/D, endpoint slack:-8.370438e-11
      627 |      13 |     103 |       69 |     12 |   118 |   -0.115 |       -7.7 |    157 | sa11_sr\[1\]$_DFF_P_/D
iter:627, pass:16, current fixing endpoint: sa32_sr\[6\]$_DFF_P_/D, endpoint slack:-8.5355056e-11
      628 |      13 |     104 |       69 |     12 |   118 |   -0.115 |       -7.7 |    157 | sa11_sr\[1\]$_DFF_P_/D
iter:628, pass:17, current fixing endpoint: sa32_sr\[6\]$_DFF_P_/D, endpoint slack:-8.0697116e-11
      629 |      13 |     105 |       69 |     12 |   118 |   -0.115 |       -7.7 |    157 | sa11_sr\[1\]$_DFF_P_/D
iter:629, pass:18, current fixing endpoint: sa32_sr\[6\]$_DFF_P_/D, endpoint slack:-7.901624e-11
      630 |      13 |     105 |       69 |     12 |   119 |   -0.115 |       -7.7 |    157 | sa11_sr\[1\]$_DFF_P_/D
iter:630, pass:19, current fixing endpoint: sa32_sr\[6\]$_DFF_P_/D, endpoint slack:-7.743184e-11
      630 |      13 |      98 |       68 |     11 |   114 |   -0.115 |       -7.7 |    157 | sa11_sr\[1\]$_DFF_P_/D
      631 |      13 |      98 |       68 |     11 |   114 |   -0.115 |       -7.7 |    157 | sa11_sr\[1\]$_DFF_P_/D
iter:631, pass:1, current fixing endpoint: sa12_sr\[0\]$_DFF_P_/D, endpoint slack:-6.63577e-11
      632 |      13 |      98 |       68 |     11 |   115 |   -0.115 |       -7.7 |    157 | sa11_sr\[1\]$_DFF_P_/D
iter:632, pass:2, current fixing endpoint: sa12_sr\[0\]$_DFF_P_/D, endpoint slack:-7.231593e-11
      633 |      13 |      98 |       68 |     11 |   116 |   -0.115 |       -7.7 |    157 | sa11_sr\[1\]$_DFF_P_/D
iter:633, pass:3, current fixing endpoint: sa12_sr\[0\]$_DFF_P_/D, endpoint slack:-6.321832e-11
      634 |      13 |      98 |       68 |     11 |   117 |   -0.115 |       -7.7 |    157 | sa11_sr\[1\]$_DFF_P_/D
iter:634, pass:4, current fixing endpoint: sa12_sr\[0\]$_DFF_P_/D, endpoint slack:-6.038203e-11
      635 |      13 |      98 |       68 |     11 |   118 |   -0.115 |       -7.7 |    157 | sa11_sr\[1\]$_DFF_P_/D
iter:635, pass:5, current fixing endpoint: sa12_sr\[0\]$_DFF_P_/D, endpoint slack:-5.906142e-11
      636 |      13 |      98 |       68 |     11 |   119 |   -0.115 |       -7.6 |    157 | sa11_sr\[1\]$_DFF_P_/D
iter:636, pass:6, current fixing endpoint: sa12_sr\[0\]$_DFF_P_/D, endpoint slack:-5.874534e-11
      637 |      13 |      98 |       68 |     11 |   120 |   -0.115 |       -7.6 |    157 | sa11_sr\[1\]$_DFF_P_/D
iter:637, pass:7, current fixing endpoint: sa12_sr\[0\]$_DFF_P_/D, endpoint slack:-6.2870265e-11
      638 |      13 |      99 |       68 |     11 |   120 |   -0.115 |       -7.6 |    157 | sa11_sr\[1\]$_DFF_P_/D
iter:638, pass:8, current fixing endpoint: sa12_sr\[0\]$_DFF_P_/D, endpoint slack:-6.796097e-11
      639 |      13 |      99 |       68 |     11 |   121 |   -0.115 |       -7.6 |    157 | sa11_sr\[1\]$_DFF_P_/D
iter:639, pass:9, current fixing endpoint: sa12_sr\[0\]$_DFF_P_/D, endpoint slack:-7.018297e-11
      640 |      13 |      99 |       68 |     11 |   122 |   -0.115 |       -7.6 |    157 | sa11_sr\[1\]$_DFF_P_/D
iter:640, pass:10, current fixing endpoint: sa12_sr\[0\]$_DFF_P_/D, endpoint slack:-6.451484e-11
      641 |      13 |      99 |       68 |     11 |   123 |   -0.115 |       -7.6 |    157 | sa11_sr\[1\]$_DFF_P_/D
iter:641, pass:11, current fixing endpoint: sa12_sr\[0\]$_DFF_P_/D, endpoint slack:-6.306189e-11
      642 |      13 |      99 |       68 |     11 |   124 |   -0.115 |       -7.6 |    157 | sa11_sr\[1\]$_DFF_P_/D
iter:642, pass:12, current fixing endpoint: sa12_sr\[0\]$_DFF_P_/D, endpoint slack:-6.466716e-11
      642 |      13 |      98 |       68 |     11 |   119 |   -0.115 |       -7.6 |    157 | sa11_sr\[1\]$_DFF_P_/D
      643 |      13 |      98 |       68 |     11 |   119 |   -0.115 |       -7.6 |    157 | sa11_sr\[1\]$_DFF_P_/D
iter:643, pass:1, current fixing endpoint: u0.u0.d\[5\]$_DFF_P_/D, endpoint slack:-5.4796834e-11
      644 |      13 |      98 |       70 |     11 |   119 |   -0.115 |       -7.6 |    157 | sa11_sr\[1\]$_DFF_P_/D
iter:644, pass:2, current fixing endpoint: u0.u0.d\[5\]$_DFF_P_/D, endpoint slack:-4.537626e-11
      645 |      13 |      98 |       70 |     11 |   120 |   -0.115 |       -7.6 |    157 | sa11_sr\[1\]$_DFF_P_/D
iter:645, pass:3, current fixing endpoint: u0.u0.d\[5\]$_DFF_P_/D, endpoint slack:-5.0726423e-11
      645 |      13 |      98 |       70 |     11 |   119 |   -0.115 |       -7.6 |    157 | sa11_sr\[1\]$_DFF_P_/D
      646 |      13 |      98 |       70 |     11 |   119 |   -0.115 |       -7.6 |    157 | sa11_sr\[1\]$_DFF_P_/D
iter:646, pass:1, current fixing endpoint: sa01_sr\[0\]$_DFF_P_/D, endpoint slack:-5.6683436e-11
      647 |      13 |      98 |       70 |     11 |   120 |   -0.115 |       -7.6 |    157 | sa11_sr\[1\]$_DFF_P_/D
iter:647, pass:2, current fixing endpoint: sa01_sr\[0\]$_DFF_P_/D, endpoint slack:-5.4807936e-11
      648 |      13 |      98 |       70 |     11 |   121 |   -0.115 |       -7.6 |    157 | sa11_sr\[1\]$_DFF_P_/D
iter:648, pass:3, current fixing endpoint: sa01_sr\[0\]$_DFF_P_/D, endpoint slack:-5.2581273e-11
      649 |      13 |      98 |       70 |     11 |   122 |   -0.115 |       -7.6 |    157 | sa11_sr\[1\]$_DFF_P_/D
iter:649, pass:4, current fixing endpoint: sa01_sr\[0\]$_DFF_P_/D, endpoint slack:-7.0574324e-11
      650 |      13 |      98 |       72 |     11 |   122 |   -0.115 |       -7.6 |    157 | sa11_sr\[1\]$_DFF_P_/D
iter:650, pass:5, current fixing endpoint: sa01_sr\[0\]$_DFF_P_/D, endpoint slack:-5.295142e-11
      651 |      13 |      98 |       72 |     11 |   123 |   -0.115 |       -7.6 |    157 | sa11_sr\[1\]$_DFF_P_/D
iter:651, pass:6, current fixing endpoint: sa01_sr\[0\]$_DFF_P_/D, endpoint slack:-5.248213e-11
      652 |      13 |      99 |       72 |     11 |   123 |   -0.115 |       -7.6 |    157 | sa11_sr\[1\]$_DFF_P_/D
iter:652, pass:7, current fixing endpoint: sa01_sr\[0\]$_DFF_P_/D, endpoint slack:-5.155598e-11
      653 |      13 |     100 |       72 |     11 |   123 |   -0.115 |       -7.6 |    157 | sa11_sr\[1\]$_DFF_P_/D
iter:653, pass:8, current fixing endpoint: sa01_sr\[0\]$_DFF_P_/D, endpoint slack:-5.583556e-11
      654 |      13 |     101 |       72 |     11 |   123 |   -0.115 |       -7.6 |    157 | sa11_sr\[1\]$_DFF_P_/D
iter:654, pass:9, current fixing endpoint: sa01_sr\[0\]$_DFF_P_/D, endpoint slack:-5.6405547e-11
      655 |      13 |     102 |       72 |     11 |   123 |   -0.115 |       -7.6 |    157 | sa11_sr\[1\]$_DFF_P_/D
iter:655, pass:10, current fixing endpoint: sa01_sr\[0\]$_DFF_P_/D, endpoint slack:-5.019185e-11
      656 |      13 |     102 |       72 |     11 |   124 |   -0.115 |       -7.6 |    157 | sa11_sr\[1\]$_DFF_P_/D
iter:656, pass:11, current fixing endpoint: sa01_sr\[0\]$_DFF_P_/D, endpoint slack:-7.33249e-11
      657 |      13 |     103 |       72 |     11 |   124 |   -0.115 |       -7.6 |    157 | sa11_sr\[1\]$_DFF_P_/D
iter:657, pass:12, current fixing endpoint: sa01_sr\[0\]$_DFF_P_/D, endpoint slack:-7.737355e-11
      658 |      13 |     104 |       72 |     11 |   124 |   -0.115 |       -7.6 |    157 | sa11_sr\[1\]$_DFF_P_/D
iter:658, pass:13, current fixing endpoint: sa01_sr\[0\]$_DFF_P_/D, endpoint slack:-7.799261e-11
      659 |      13 |     105 |       72 |     11 |   124 |   -0.115 |       -7.6 |    157 | sa11_sr\[1\]$_DFF_P_/D
iter:659, pass:14, current fixing endpoint: sa01_sr\[0\]$_DFF_P_/D, endpoint slack:-7.7647e-11
      660 |      13 |     105 |       72 |     11 |   125 |   -0.115 |       -7.6 |    157 | sa11_sr\[1\]$_DFF_P_/D
iter:660, pass:15, current fixing endpoint: sa01_sr\[0\]$_DFF_P_/D, endpoint slack:-8.145273e-11
      661 |      13 |     106 |       72 |     11 |   125 |   -0.115 |       -7.7 |    157 | sa11_sr\[1\]$_DFF_P_/D
iter:661, pass:16, current fixing endpoint: sa01_sr\[0\]$_DFF_P_/D, endpoint slack:-8.452172e-11
      662 |      13 |     107 |       72 |     11 |   125 |   -0.115 |       -7.6 |    157 | sa11_sr\[1\]$_DFF_P_/D
iter:662, pass:17, current fixing endpoint: sa01_sr\[0\]$_DFF_P_/D, endpoint slack:-7.5608964e-11
      662 |      13 |     103 |       72 |     11 |   123 |   -0.115 |       -7.6 |    157 | sa11_sr\[1\]$_DFF_P_/D
      663 |      13 |     103 |       72 |     11 |   123 |   -0.115 |       -7.6 |    157 | sa11_sr\[1\]$_DFF_P_/D
iter:663, pass:1, current fixing endpoint: sa02_sr\[4\]$_DFF_P_/D, endpoint slack:-5.2380544e-11
      664 |      13 |     103 |       72 |     11 |   124 |   -0.115 |       -7.6 |    157 | sa11_sr\[1\]$_DFF_P_/D
iter:664, pass:2, current fixing endpoint: sa02_sr\[4\]$_DFF_P_/D, endpoint slack:-5.7807314e-11
      665 |      13 |     104 |       72 |     11 |   124 |   -0.117 |       -7.7 |    157 | sa11_sr\[1\]$_DFF_P_/D
iter:665, pass:3, current fixing endpoint: sa02_sr\[4\]$_DFF_P_/D, endpoint slack:-5.6775584e-11
      666 |      13 |     105 |       72 |     11 |   124 |   -0.117 |       -7.7 |    157 | sa11_sr\[1\]$_DFF_P_/D
iter:666, pass:4, current fixing endpoint: sa02_sr\[4\]$_DFF_P_/D, endpoint slack:-5.54079e-11
      667 |      13 |     106 |       72 |     11 |   124 |   -0.117 |       -7.7 |    157 | sa11_sr\[1\]$_DFF_P_/D
iter:667, pass:5, current fixing endpoint: sa02_sr\[4\]$_DFF_P_/D, endpoint slack:-5.362577e-11
      668 |      13 |     107 |       72 |     11 |   124 |   -0.117 |       -7.6 |    157 | sa11_sr\[1\]$_DFF_P_/D
iter:668, pass:6, current fixing endpoint: sa02_sr\[4\]$_DFF_P_/D, endpoint slack:-4.9879767e-11
      669 |      13 |     108 |       72 |     11 |   124 |   -0.117 |       -7.6 |    157 | sa11_sr\[1\]$_DFF_P_/D
iter:669, pass:7, current fixing endpoint: sa02_sr\[4\]$_DFF_P_/D, endpoint slack:-4.8399174e-11
      670 |      13 |     109 |       72 |     11 |   124 |   -0.117 |       -7.6 |    157 | sa11_sr\[1\]$_DFF_P_/D
iter:670, pass:8, current fixing endpoint: sa02_sr\[4\]$_DFF_P_/D, endpoint slack:-4.6757598e-11
      671 |      13 |     110 |       72 |     11 |   124 |   -0.117 |       -7.6 |    157 | sa11_sr\[1\]$_DFF_P_/D
iter:671, pass:9, current fixing endpoint: sa02_sr\[4\]$_DFF_P_/D, endpoint slack:-4.570011e-11
      672 |      13 |     111 |       72 |     11 |   124 |   -0.117 |       -7.6 |    157 | sa11_sr\[1\]$_DFF_P_/D
iter:672, pass:10, current fixing endpoint: sa02_sr\[4\]$_DFF_P_/D, endpoint slack:-4.5150217e-11
      673 |      13 |     111 |       72 |     12 |   124 |   -0.117 |       -7.6 |    157 | sa11_sr\[1\]$_DFF_P_/D
iter:673, pass:11, current fixing endpoint: sa02_sr\[4\]$_DFF_P_/D, endpoint slack:-4.2426174e-11
      674 |      13 |     111 |       72 |     13 |   124 |   -0.117 |       -7.6 |    157 | sa11_sr\[1\]$_DFF_P_/D
iter:674, pass:12, current fixing endpoint: sa02_sr\[4\]$_DFF_P_/D, endpoint slack:-4.2776005e-11
      675 |      13 |     111 |       74 |     13 |   124 |   -0.117 |       -7.6 |    157 | sa11_sr\[1\]$_DFF_P_/D
iter:675, pass:13, current fixing endpoint: sa02_sr\[4\]$_DFF_P_/D, endpoint slack:-5.6805005e-11
      676 |      13 |     112 |       74 |     13 |   124 |   -0.117 |       -7.6 |    157 | sa11_sr\[1\]$_DFF_P_/D
iter:676, pass:14, current fixing endpoint: sa02_sr\[4\]$_DFF_P_/D, endpoint slack:-5.989842e-11
      677 |      13 |     113 |       74 |     13 |   124 |   -0.117 |       -7.6 |    157 | sa11_sr\[1\]$_DFF_P_/D
iter:677, pass:15, current fixing endpoint: sa02_sr\[4\]$_DFF_P_/D, endpoint slack:-4.7296833e-11
      678 |      13 |     113 |       74 |     13 |   125 |   -0.117 |       -7.6 |    157 | sa11_sr\[1\]$_DFF_P_/D
iter:678, pass:16, current fixing endpoint: sa02_sr\[4\]$_DFF_P_/D, endpoint slack:-4.177869e-11
      679 |      13 |     113 |       74 |     13 |   126 |   -0.117 |       -7.6 |    157 | sa11_sr\[1\]$_DFF_P_/D
iter:679, pass:17, current fixing endpoint: sa02_sr\[4\]$_DFF_P_/D, endpoint slack:-4.0462078e-11
      680 |      13 |     113 |       74 |     14 |   126 |   -0.117 |       -7.6 |    157 | sa11_sr\[1\]$_DFF_P_/D
iter:680, pass:18, current fixing endpoint: sa02_sr\[4\]$_DFF_P_/D, endpoint slack:-4.296541e-11
      681 |      13 |     114 |       74 |     14 |   126 |   -0.117 |       -7.6 |    157 | sa11_sr\[1\]$_DFF_P_/D
iter:681, pass:19, current fixing endpoint: sa02_sr\[4\]$_DFF_P_/D, endpoint slack:-4.683476e-11
      682 |      13 |     115 |       74 |     14 |   126 |   -0.117 |       -7.6 |    157 | sa11_sr\[1\]$_DFF_P_/D
iter:682, pass:20, current fixing endpoint: sa02_sr\[4\]$_DFF_P_/D, endpoint slack:-4.5252246e-11
      682 |      13 |     104 |       73 |     11 |   123 |   -0.115 |       -7.6 |    157 | sa11_sr\[1\]$_DFF_P_/D
      683 |      13 |     104 |       73 |     11 |   123 |   -0.115 |       -7.6 |    157 | sa11_sr\[1\]$_DFF_P_/D
iter:683, pass:1, current fixing endpoint: sa23_sr\[1\]$_DFF_P_/D, endpoint slack:-5.138112e-11
      684 |      13 |     104 |       75 |     11 |   123 |   -0.115 |       -7.6 |    157 | sa11_sr\[1\]$_DFF_P_/D
iter:684, pass:2, current fixing endpoint: sa23_sr\[1\]$_DFF_P_/D, endpoint slack:-4.8854032e-11
      685 |      13 |     104 |       75 |     11 |   124 |   -0.115 |       -7.6 |    157 | sa11_sr\[1\]$_DFF_P_/D
iter:685, pass:3, current fixing endpoint: sa23_sr\[1\]$_DFF_P_/D, endpoint slack:-5.6474936e-11
      686 |      13 |     104 |       75 |     11 |   125 |   -0.115 |       -7.6 |    157 | sa11_sr\[1\]$_DFF_P_/D
iter:686, pass:4, current fixing endpoint: sa23_sr\[1\]$_DFF_P_/D, endpoint slack:-5.1430304e-11
      687 |      13 |     104 |       75 |     11 |   126 |   -0.115 |       -7.6 |    157 | sa11_sr\[1\]$_DFF_P_/D
iter:687, pass:5, current fixing endpoint: sa23_sr\[1\]$_DFF_P_/D, endpoint slack:-5.5139893e-11
      688 |      13 |     104 |       75 |     11 |   127 |   -0.115 |       -7.6 |    157 | sa11_sr\[1\]$_DFF_P_/D
iter:688, pass:6, current fixing endpoint: sa23_sr\[1\]$_DFF_P_/D, endpoint slack:-6.2599925e-11
      689 |      13 |     104 |       77 |     11 |   127 |   -0.115 |       -7.6 |    157 | sa11_sr\[1\]$_DFF_P_/D
iter:689, pass:7, current fixing endpoint: sa23_sr\[1\]$_DFF_P_/D, endpoint slack:-5.4309113e-11
      690 |      13 |     105 |       77 |     11 |   127 |   -0.115 |       -7.6 |    157 | sa11_sr\[1\]$_DFF_P_/D
iter:690, pass:8, current fixing endpoint: sa23_sr\[1\]$_DFF_P_/D, endpoint slack:-5.761469e-11
      691 |      13 |     105 |       77 |     11 |   128 |   -0.115 |       -7.6 |    157 | sa11_sr\[1\]$_DFF_P_/D
iter:691, pass:9, current fixing endpoint: sa23_sr\[1\]$_DFF_P_/D, endpoint slack:-5.599532e-11
      691 |      13 |     104 |       76 |     11 |   123 |   -0.115 |       -7.6 |    157 | sa11_sr\[1\]$_DFF_P_/D
      692 |      13 |     104 |       76 |     11 |   123 |   -0.115 |       -7.6 |    157 | sa11_sr\[1\]$_DFF_P_/D
iter:692, pass:1, current fixing endpoint: sa13_sr\[4\]$_DFF_P_/D, endpoint slack:-4.7335913e-11
      693 |      13 |     104 |       78 |     11 |   123 |   -0.115 |       -7.6 |    157 | sa11_sr\[1\]$_DFF_P_/D
iter:693, pass:2, current fixing endpoint: sa13_sr\[4\]$_DFF_P_/D, endpoint slack:-3.443512e-11
      694 |      13 |     105 |       78 |     11 |   123 |   -0.115 |       -7.6 |    157 | sa11_sr\[1\]$_DFF_P_/D
iter:694, pass:3, current fixing endpoint: sa13_sr\[4\]$_DFF_P_/D, endpoint slack:-3.387668e-11
      695 |      13 |     106 |       78 |     11 |   123 |   -0.115 |       -7.6 |    157 | sa11_sr\[1\]$_DFF_P_/D
iter:695, pass:4, current fixing endpoint: sa13_sr\[4\]$_DFF_P_/D, endpoint slack:-3.562861e-11
      696 |      13 |     106 |       78 |     11 |   124 |   -0.115 |       -7.6 |    157 | sa11_sr\[1\]$_DFF_P_/D
iter:696, pass:5, current fixing endpoint: sa13_sr\[4\]$_DFF_P_/D, endpoint slack:-7.0697226e-11
      697 |      13 |     107 |       78 |     11 |   124 |   -0.115 |       -7.6 |    157 | sa11_sr\[1\]$_DFF_P_/D
iter:697, pass:6, current fixing endpoint: sa13_sr\[4\]$_DFF_P_/D, endpoint slack:-7.520229e-11
      698 |      13 |     108 |       78 |     11 |   124 |   -0.115 |       -7.6 |    157 | sa11_sr\[1\]$_DFF_P_/D
iter:698, pass:7, current fixing endpoint: sa13_sr\[4\]$_DFF_P_/D, endpoint slack:-7.173118e-11
      699 |      13 |     109 |       78 |     11 |   124 |   -0.115 |       -7.6 |    157 | sa11_sr\[1\]$_DFF_P_/D
iter:699, pass:8, current fixing endpoint: sa13_sr\[4\]$_DFF_P_/D, endpoint slack:-6.517842e-11
      700 |      13 |     110 |       78 |     11 |   124 |   -0.115 |       -7.6 |    157 | sa11_sr\[1\]$_DFF_P_/D
iter:700, pass:9, current fixing endpoint: sa13_sr\[4\]$_DFF_P_/D, endpoint slack:-8.4418805e-11
      701 |      13 |     111 |       78 |     11 |   124 |   -0.115 |       -7.6 |    157 | sa11_sr\[1\]$_DFF_P_/D
iter:701, pass:10, current fixing endpoint: sa13_sr\[4\]$_DFF_P_/D, endpoint slack:-6.97874e-11
      702 |      13 |     112 |       78 |     11 |   124 |   -0.115 |       -7.6 |    157 | sa11_sr\[1\]$_DFF_P_/D
iter:702, pass:11, current fixing endpoint: sa13_sr\[4\]$_DFF_P_/D, endpoint slack:-6.686918e-11
      703 |      13 |     112 |       78 |     11 |   125 |   -0.115 |       -7.6 |    157 | sa11_sr\[1\]$_DFF_P_/D
iter:703, pass:12, current fixing endpoint: sa13_sr\[4\]$_DFF_P_/D, endpoint slack:-7.2363004e-11
      704 |      14 |     112 |       78 |     11 |   125 |   -0.115 |       -7.6 |    157 | sa11_sr\[1\]$_DFF_P_/D
iter:704, pass:13, current fixing endpoint: sa13_sr\[4\]$_DFF_P_/D, endpoint slack:-6.145595e-11
      705 |      14 |     113 |       78 |     11 |   125 |   -0.115 |       -7.6 |    157 | sa11_sr\[1\]$_DFF_P_/D
iter:705, pass:14, current fixing endpoint: sa13_sr\[4\]$_DFF_P_/D, endpoint slack:-6.139689e-11
      706 |      14 |     113 |       78 |     12 |   125 |   -0.115 |       -7.6 |    157 | sa11_sr\[1\]$_DFF_P_/D
iter:706, pass:15, current fixing endpoint: sa13_sr\[4\]$_DFF_P_/D, endpoint slack:-6.382672e-11
      707 |      14 |     113 |       78 |     12 |   126 |   -0.115 |       -7.6 |    157 | sa11_sr\[1\]$_DFF_P_/D
iter:707, pass:16, current fixing endpoint: sa13_sr\[4\]$_DFF_P_/D, endpoint slack:-6.4666605e-11
      708 |      14 |     113 |       78 |     12 |   127 |   -0.115 |       -7.6 |    157 | sa11_sr\[1\]$_DFF_P_/D
iter:708, pass:17, current fixing endpoint: sa13_sr\[4\]$_DFF_P_/D, endpoint slack:-6.013723e-11
      709 |      14 |     113 |       78 |     13 |   127 |   -0.115 |       -7.6 |    157 | sa11_sr\[1\]$_DFF_P_/D
iter:709, pass:18, current fixing endpoint: sa13_sr\[4\]$_DFF_P_/D, endpoint slack:-6.299006e-11
      710 |      14 |     114 |       78 |     13 |   127 |   -0.115 |       -7.6 |    157 | sa11_sr\[1\]$_DFF_P_/D
iter:710, pass:19, current fixing endpoint: sa13_sr\[4\]$_DFF_P_/D, endpoint slack:-6.006218e-11
      711 |      14 |     115 |       78 |     13 |   127 |   -0.115 |       -7.6 |    157 | sa11_sr\[1\]$_DFF_P_/D
iter:711, pass:20, current fixing endpoint: sa13_sr\[4\]$_DFF_P_/D, endpoint slack:-6.281886e-11
      712 |      14 |     116 |       78 |     13 |   127 |   -0.115 |       -7.6 |    157 | sa11_sr\[1\]$_DFF_P_/D
iter:712, pass:21, current fixing endpoint: sa13_sr\[4\]$_DFF_P_/D, endpoint slack:-6.307699e-11
      713 |      14 |     116 |       78 |     14 |   127 |   -0.115 |       -7.6 |    157 | sa11_sr\[1\]$_DFF_P_/D
iter:713, pass:22, current fixing endpoint: sa13_sr\[4\]$_DFF_P_/D, endpoint slack:-6.1954664e-11
      714 |      14 |     116 |       78 |     15 |   127 |   -0.115 |       -7.6 |    157 | sa11_sr\[1\]$_DFF_P_/D
iter:714, pass:23, current fixing endpoint: sa13_sr\[4\]$_DFF_P_/D, endpoint slack:-5.7689742e-11
      714 |      13 |     107 |       78 |     11 |   123 |   -0.115 |       -7.6 |    157 | sa11_sr\[1\]$_DFF_P_/D
      715 |      13 |     107 |       78 |     11 |   123 |   -0.115 |       -7.6 |    157 | sa11_sr\[1\]$_DFF_P_/D
iter:715, pass:1, current fixing endpoint: sa00_sr\[6\]$_DFF_P_/D, endpoint slack:-5.4136584e-11
      716 |      13 |     107 |       78 |     11 |   124 |   -0.115 |       -7.6 |    157 | sa11_sr\[1\]$_DFF_P_/D
iter:716, pass:2, current fixing endpoint: sa00_sr\[6\]$_DFF_P_/D, endpoint slack:-5.1471827e-11
      717 |      13 |     107 |       78 |     11 |   125 |   -0.115 |       -7.6 |    157 | sa11_sr\[1\]$_DFF_P_/D
iter:717, pass:3, current fixing endpoint: sa00_sr\[6\]$_DFF_P_/D, endpoint slack:-5.901846e-11
      718 |      13 |     108 |       78 |     11 |   125 |   -0.115 |       -7.6 |    157 | sa11_sr\[1\]$_DFF_P_/D
iter:718, pass:4, current fixing endpoint: sa00_sr\[6\]$_DFF_P_/D, endpoint slack:-6.1279204e-11
      719 |      13 |     109 |       78 |     11 |   125 |   -0.115 |       -7.6 |    157 | sa11_sr\[1\]$_DFF_P_/D
iter:719, pass:5, current fixing endpoint: sa00_sr\[6\]$_DFF_P_/D, endpoint slack:-5.7415517e-11
      720 |      13 |     109 |       78 |     11 |   126 |   -0.115 |       -7.6 |    157 | sa11_sr\[1\]$_DFF_P_/D
iter:720, pass:6, current fixing endpoint: sa00_sr\[6\]$_DFF_P_/D, endpoint slack:-6.1125105e-11
      721 |      13 |     109 |       78 |     12 |   126 |   -0.115 |       -7.6 |    157 | sa11_sr\[1\]$_DFF_P_/D
iter:721, pass:7, current fixing endpoint: sa00_sr\[6\]$_DFF_P_/D, endpoint slack:-5.983669e-11
      722 |      13 |     110 |       78 |     12 |   126 |   -0.115 |       -7.6 |    157 | sa11_sr\[1\]$_DFF_P_/D
iter:722, pass:8, current fixing endpoint: sa00_sr\[6\]$_DFF_P_/D, endpoint slack:-5.890677e-11
      722 |      13 |     108 |       78 |     11 |   124 |   -0.115 |       -7.6 |    157 | sa11_sr\[1\]$_DFF_P_/D
      723 |      13 |     108 |       78 |     11 |   124 |   -0.115 |       -7.6 |    157 | sa11_sr\[1\]$_DFF_P_/D
iter:723, pass:1, current fixing endpoint: sa03_sr\[4\]$_DFF_P_/D, endpoint slack:-3.5289438e-11
      724 |      13 |     108 |       80 |     11 |   124 |   -0.115 |       -7.6 |    157 | sa11_sr\[1\]$_DFF_P_/D
iter:724, pass:2, current fixing endpoint: sa03_sr\[4\]$_DFF_P_/D, endpoint slack:-3.0549008e-11
      725 |      13 |     109 |       80 |     11 |   124 |   -0.115 |       -7.6 |    157 | sa11_sr\[1\]$_DFF_P_/D
iter:725, pass:3, current fixing endpoint: sa03_sr\[4\]$_DFF_P_/D, endpoint slack:-2.237377e-11
      726 |      13 |     109 |       80 |     11 |   125 |   -0.115 |       -7.6 |    157 | sa11_sr\[1\]$_DFF_P_/D
iter:726, pass:4, current fixing endpoint: sa03_sr\[4\]$_DFF_P_/D, endpoint slack:-2.2775448e-11
      727 |      13 |     110 |       80 |     11 |   125 |   -0.115 |       -7.6 |    157 | sa11_sr\[1\]$_DFF_P_/D
iter:727, pass:5, current fixing endpoint: sa03_sr\[4\]$_DFF_P_/D, endpoint slack:-2.1431856e-11
      728 |      13 |     110 |       80 |     12 |   125 |   -0.115 |       -7.6 |    157 | sa11_sr\[1\]$_DFF_P_/D
iter:728, pass:6, current fixing endpoint: sa03_sr\[4\]$_DFF_P_/D, endpoint slack:-2.8636427e-11
      729 |      13 |     110 |       82 |     12 |   125 |   -0.115 |       -7.6 |    157 | sa11_sr\[1\]$_DFF_P_/D
iter:729, pass:7, current fixing endpoint: sa03_sr\[4\]$_DFF_P_/D, endpoint slack:-2.0282553e-11
      730 |      13 |     110 |       82 |     12 |   126 |   -0.115 |       -7.6 |    157 | sa11_sr\[1\]$_DFF_P_/D
iter:730, pass:8, current fixing endpoint: sa03_sr\[4\]$_DFF_P_/D, endpoint slack:-2.0028312e-11
      731 |      13 |     110 |       82 |     13 |   126 |   -0.115 |       -7.6 |    157 | sa11_sr\[1\]$_DFF_P_/D
iter:731, pass:9, current fixing endpoint: sa03_sr\[4\]$_DFF_P_/D, endpoint slack:-2.4661717e-11
      732 |      13 |     111 |       82 |     13 |   126 |   -0.115 |       -7.6 |    157 | sa11_sr\[1\]$_DFF_P_/D
iter:732, pass:10, current fixing endpoint: sa03_sr\[4\]$_DFF_P_/D, endpoint slack:-1.5949908e-11
      733 |      13 |     111 |       82 |     13 |   127 |   -0.115 |       -7.6 |    157 | sa11_sr\[1\]$_DFF_P_/D
iter:733, pass:11, current fixing endpoint: sa03_sr\[4\]$_DFF_P_/D, endpoint slack:-1.644962e-11
      734 |      13 |     111 |       82 |     13 |   128 |   -0.115 |       -7.6 |    157 | sa11_sr\[1\]$_DFF_P_/D
iter:734, pass:12, current fixing endpoint: sa03_sr\[4\]$_DFF_P_/D, endpoint slack:-3.5127456e-11
      735 |      13 |     111 |       82 |     13 |   129 |   -0.115 |       -7.6 |    157 | sa11_sr\[1\]$_DFF_P_/D
iter:735, pass:13, current fixing endpoint: sa03_sr\[4\]$_DFF_P_/D, endpoint slack:-4.2385984e-11
      736 |      13 |     111 |       82 |     13 |   130 |   -0.115 |       -7.6 |    157 | sa11_sr\[1\]$_DFF_P_/D
iter:736, pass:14, current fixing endpoint: sa03_sr\[4\]$_DFF_P_/D, endpoint slack:-5.5427996e-11
      737 |      13 |     111 |       82 |     13 |   131 |   -0.115 |       -7.6 |    157 | sa11_sr\[1\]$_DFF_P_/D
iter:737, pass:15, current fixing endpoint: sa03_sr\[4\]$_DFF_P_/D, endpoint slack:-5.2741256e-11
      738 |      13 |     111 |       82 |     13 |   132 |   -0.115 |       -7.6 |    157 | sa11_sr\[1\]$_DFF_P_/D
iter:738, pass:16, current fixing endpoint: sa03_sr\[4\]$_DFF_P_/D, endpoint slack:-5.586498e-11
      739 |      14 |     111 |       82 |     13 |   132 |   -0.115 |       -7.6 |    157 | sa11_sr\[1\]$_DFF_P_/D
iter:739, pass:17, current fixing endpoint: sa03_sr\[4\]$_DFF_P_/D, endpoint slack:-3.6124992e-11
      740 |      14 |     112 |       82 |     13 |   132 |   -0.115 |       -7.6 |    157 | sa11_sr\[1\]$_DFF_P_/D
iter:740, pass:18, current fixing endpoint: sa03_sr\[4\]$_DFF_P_/D, endpoint slack:-3.4084624e-11
      740 |      13 |     111 |       82 |     13 |   126 |   -0.115 |       -7.6 |    157 | sa11_sr\[1\]$_DFF_P_/D
      741 |      13 |     111 |       82 |     13 |   126 |   -0.115 |       -7.6 |    157 | sa11_sr\[1\]$_DFF_P_/D
iter:741, pass:1, current fixing endpoint: sa32_sr\[1\]$_DFF_P_/D, endpoint slack:-5.981016e-11
      742 |      13 |     111 |       84 |     13 |   126 |   -0.115 |       -7.6 |    157 | sa11_sr\[1\]$_DFF_P_/D
iter:742, pass:2, current fixing endpoint: sa32_sr\[1\]$_DFF_P_/D, endpoint slack:-5.182721e-11
      743 |      13 |     111 |       84 |     13 |   127 |   -0.115 |       -7.6 |    157 | sa11_sr\[1\]$_DFF_P_/D
iter:743, pass:3, current fixing endpoint: sa32_sr\[1\]$_DFF_P_/D, endpoint slack:-7.6735396e-11
      744 |      13 |     111 |       84 |     13 |   128 |   -0.115 |       -7.6 |    157 | sa11_sr\[1\]$_DFF_P_/D
iter:744, pass:4, current fixing endpoint: sa32_sr\[1\]$_DFF_P_/D, endpoint slack:-8.830059e-11
      745 |      13 |     112 |       84 |     13 |   128 |   -0.115 |       -7.6 |    157 | sa11_sr\[1\]$_DFF_P_/D
iter:745, pass:5, current fixing endpoint: sa32_sr\[1\]$_DFF_P_/D, endpoint slack:-9.442014e-11
      746 |      13 |     112 |       84 |     13 |   129 |   -0.115 |       -7.6 |    157 | sa11_sr\[1\]$_DFF_P_/D
iter:746, pass:6, current fixing endpoint: sa32_sr\[1\]$_DFF_P_/D, endpoint slack:-9.8843045e-11
      747 |      13 |     113 |       84 |     13 |   129 |   -0.115 |       -7.6 |    157 | sa11_sr\[1\]$_DFF_P_/D
iter:747, pass:7, current fixing endpoint: sa32_sr\[1\]$_DFF_P_/D, endpoint slack:-1.0174939e-10
      747 |      13 |     111 |       84 |     13 |   126 |   -0.115 |       -7.6 |    157 | sa11_sr\[1\]$_DFF_P_/D
      748 |      13 |     111 |       84 |     13 |   126 |   -0.115 |       -7.6 |    157 | sa11_sr\[1\]$_DFF_P_/D
iter:748, pass:1, current fixing endpoint: sa33_sr\[3\]$_DFF_P_/D, endpoint slack:-6.420986e-11
      749 |      13 |     111 |       84 |     13 |   127 |   -0.115 |       -7.6 |    157 | sa11_sr\[1\]$_DFF_P_/D
iter:749, pass:2, current fixing endpoint: sa33_sr\[3\]$_DFF_P_/D, endpoint slack:-7.7202245e-11
      750 |      13 |     111 |       84 |     13 |   128 |   -0.115 |       -7.6 |    157 | sa11_sr\[1\]$_DFF_P_/D
iter:750, pass:3, current fixing endpoint: sa33_sr\[3\]$_DFF_P_/D, endpoint slack:-8.269485e-11
      751 |      13 |     111 |       86 |     13 |   128 |   -0.115 |       -7.6 |    157 | sa11_sr\[1\]$_DFF_P_/D
iter:751, pass:4, current fixing endpoint: sa33_sr\[3\]$_DFF_P_/D, endpoint slack:-6.672152e-11
      752 |      13 |     112 |       86 |     13 |   128 |   -0.115 |       -7.6 |    157 | sa11_sr\[1\]$_DFF_P_/D
iter:752, pass:5, current fixing endpoint: sa33_sr\[3\]$_DFF_P_/D, endpoint slack:-5.551226e-11
      753 |      13 |     112 |       86 |     13 |   129 |   -0.115 |       -7.6 |    157 | sa11_sr\[1\]$_DFF_P_/D
iter:753, pass:6, current fixing endpoint: sa33_sr\[3\]$_DFF_P_/D, endpoint slack:-5.7773564e-11
      754 |      13 |     112 |       86 |     14 |   129 |   -0.115 |       -7.6 |    157 | sa11_sr\[1\]$_DFF_P_/D
iter:754, pass:7, current fixing endpoint: sa33_sr\[3\]$_DFF_P_/D, endpoint slack:-5.9398264e-11
      755 |      13 |     113 |       86 |     14 |   129 |   -0.115 |       -7.6 |    157 | sa11_sr\[1\]$_DFF_P_/D
iter:755, pass:8, current fixing endpoint: sa33_sr\[3\]$_DFF_P_/D, endpoint slack:-5.935241e-11
      756 |      13 |     114 |       86 |     14 |   129 |   -0.115 |       -7.6 |    157 | sa11_sr\[1\]$_DFF_P_/D
iter:756, pass:9, current fixing endpoint: sa33_sr\[3\]$_DFF_P_/D, endpoint slack:-5.7633787e-11
      757 |      13 |     114 |       86 |     14 |   130 |   -0.115 |       -7.6 |    157 | sa11_sr\[1\]$_DFF_P_/D
iter:757, pass:10, current fixing endpoint: sa33_sr\[3\]$_DFF_P_/D, endpoint slack:-8.637424e-11
      758 |      13 |     114 |       88 |     14 |   130 |   -0.115 |       -7.6 |    157 | sa11_sr\[1\]$_DFF_P_/D
iter:758, pass:11, current fixing endpoint: sa33_sr\[3\]$_DFF_P_/D, endpoint slack:-8.363654e-11
      759 |      13 |     114 |       88 |     14 |   131 |   -0.115 |       -7.6 |    157 | sa11_sr\[1\]$_DFF_P_/D
iter:759, pass:12, current fixing endpoint: sa33_sr\[3\]$_DFF_P_/D, endpoint slack:-8.7024055e-11
      760 |      13 |     115 |       88 |     14 |   131 |   -0.115 |       -7.6 |    157 | sa11_sr\[1\]$_DFF_P_/D
iter:760, pass:13, current fixing endpoint: sa33_sr\[3\]$_DFF_P_/D, endpoint slack:-8.977763e-11
      761 |      13 |     115 |       90 |     14 |   131 |   -0.115 |       -7.6 |    157 | sa11_sr\[1\]$_DFF_P_/D
iter:761, pass:14, current fixing endpoint: sa33_sr\[3\]$_DFF_P_/D, endpoint slack:-8.9485974e-11
      762 |      13 |     115 |       90 |     14 |   132 |   -0.115 |       -7.6 |    157 | sa11_sr\[1\]$_DFF_P_/D
iter:762, pass:15, current fixing endpoint: sa33_sr\[3\]$_DFF_P_/D, endpoint slack:-8.902745e-11
      763 |      13 |     115 |       90 |     14 |   133 |   -0.115 |       -7.6 |    157 | sa11_sr\[1\]$_DFF_P_/D
iter:763, pass:16, current fixing endpoint: sa33_sr\[3\]$_DFF_P_/D, endpoint slack:-8.974377e-11
      764 |      13 |     115 |       90 |     14 |   134 |   -0.115 |       -7.6 |    157 | sa11_sr\[1\]$_DFF_P_/D
iter:764, pass:17, current fixing endpoint: sa33_sr\[3\]$_DFF_P_/D, endpoint slack:-8.929102e-11
      765 |      13 |     116 |       90 |     14 |   134 |   -0.115 |       -7.6 |    157 | sa11_sr\[1\]$_DFF_P_/D
iter:765, pass:18, current fixing endpoint: sa33_sr\[3\]$_DFF_P_/D, endpoint slack:-8.8923535e-11
      766 |      13 |     116 |       92 |     14 |   134 |   -0.115 |       -7.7 |    157 | sa11_sr\[1\]$_DFF_P_/D
iter:766, pass:19, current fixing endpoint: sa33_sr\[3\]$_DFF_P_/D, endpoint slack:-8.791767e-11
      767 |      13 |     116 |       94 |     14 |   134 |   -0.115 |       -7.7 |    157 | sa11_sr\[1\]$_DFF_P_/D
iter:767, pass:20, current fixing endpoint: sa33_sr\[3\]$_DFF_P_/D, endpoint slack:-8.6604945e-11
      768 |      13 |     116 |       94 |     14 |   135 |   -0.115 |       -7.7 |    157 | sa11_sr\[1\]$_DFF_P_/D
iter:768, pass:21, current fixing endpoint: sa33_sr\[3\]$_DFF_P_/D, endpoint slack:-8.813539e-11
      769 |      13 |     117 |       94 |     14 |   135 |   -0.115 |       -7.7 |    157 | sa11_sr\[1\]$_DFF_P_/D
iter:769, pass:22, current fixing endpoint: sa33_sr\[3\]$_DFF_P_/D, endpoint slack:-9.366863e-11
      770 |      13 |     118 |       94 |     14 |   135 |   -0.115 |       -7.7 |    157 | sa11_sr\[1\]$_DFF_P_/D
iter:770, pass:23, current fixing endpoint: sa33_sr\[3\]$_DFF_P_/D, endpoint slack:-9.187806e-11
      771 |      13 |     118 |       96 |     14 |   135 |   -0.115 |       -7.7 |    157 | sa11_sr\[1\]$_DFF_P_/D
iter:771, pass:24, current fixing endpoint: sa33_sr\[3\]$_DFF_P_/D, endpoint slack:-8.731016e-11
      771 |      13 |     113 |       91 |     13 |   128 |   -0.115 |       -7.6 |    157 | sa11_sr\[1\]$_DFF_P_/D
      772 |      13 |     113 |       91 |     13 |   128 |   -0.115 |       -7.6 |    157 | sa11_sr\[1\]$_DFF_P_/D
iter:772, pass:1, current fixing endpoint: u0.u1.d\[5\]$_DFF_P_/D, endpoint slack:-5.062517e-11
      773 |      13 |     114 |       91 |     13 |   128 |   -0.115 |       -7.6 |    157 | sa11_sr\[1\]$_DFF_P_/D
iter:773, pass:2, current fixing endpoint: u0.u1.d\[5\]$_DFF_P_/D, endpoint slack:-4.4973913e-11
      774 |      13 |     114 |       93 |     13 |   128 |   -0.115 |       -7.6 |    157 | sa11_sr\[1\]$_DFF_P_/D
iter:774, pass:3, current fixing endpoint: u0.u1.d\[5\]$_DFF_P_/D, endpoint slack:-7.6487705e-11
      775 |      13 |     115 |       93 |     13 |   128 |   -0.115 |       -7.6 |    157 | sa11_sr\[1\]$_DFF_P_/D
iter:775, pass:4, current fixing endpoint: u0.u1.d\[5\]$_DFF_P_/D, endpoint slack:-6.641654e-11
      776 |      13 |     116 |       93 |     13 |   128 |   -0.115 |       -7.6 |    157 | sa11_sr\[1\]$_DFF_P_/D
iter:776, pass:5, current fixing endpoint: u0.u1.d\[5\]$_DFF_P_/D, endpoint slack:-6.1943894e-11
      777 |      13 |     117 |       93 |     13 |   128 |   -0.115 |       -7.6 |    157 | sa11_sr\[1\]$_DFF_P_/D
iter:777, pass:6, current fixing endpoint: u0.u1.d\[5\]$_DFF_P_/D, endpoint slack:-5.9828476e-11
      778 |      13 |     117 |       93 |     13 |   129 |   -0.115 |       -7.6 |    157 | sa11_sr\[1\]$_DFF_P_/D
iter:778, pass:7, current fixing endpoint: u0.u1.d\[5\]$_DFF_P_/D, endpoint slack:-6.5322525e-11
      778 |      13 |     115 |       92 |     13 |   128 |   -0.115 |       -7.6 |    157 | sa11_sr\[1\]$_DFF_P_/D
      779 |      13 |     115 |       92 |     13 |   128 |   -0.115 |       -7.6 |    157 | sa11_sr\[1\]$_DFF_P_/D
iter:779, pass:1, current fixing endpoint: sa13_sr\[7\]$_DFF_P_/D, endpoint slack:-4.567957e-11
      780 |      13 |     115 |       92 |     13 |   129 |   -0.115 |       -7.6 |    157 | sa11_sr\[1\]$_DFF_P_/D
iter:780, pass:2, current fixing endpoint: sa13_sr\[7\]$_DFF_P_/D, endpoint slack:-5.115619e-11
      781 |      13 |     115 |       92 |     13 |   130 |   -0.115 |       -7.6 |    157 | sa11_sr\[1\]$_DFF_P_/D
iter:781, pass:3, current fixing endpoint: sa13_sr\[7\]$_DFF_P_/D, endpoint slack:-4.8489657e-11
      782 |      13 |     116 |       92 |     13 |   130 |   -0.115 |       -7.6 |    157 | sa11_sr\[1\]$_DFF_P_/D
iter:782, pass:4, current fixing endpoint: sa13_sr\[7\]$_DFF_P_/D, endpoint slack:-5.001477e-11
      783 |      13 |     116 |       92 |     13 |   131 |   -0.115 |       -7.6 |    157 | sa11_sr\[1\]$_DFF_P_/D
iter:783, pass:5, current fixing endpoint: sa13_sr\[7\]$_DFF_P_/D, endpoint slack:-4.7750137e-11
      784 |      13 |     116 |       92 |     14 |   131 |   -0.115 |       -7.6 |    157 | sa11_sr\[1\]$_DFF_P_/D
iter:784, pass:6, current fixing endpoint: sa13_sr\[7\]$_DFF_P_/D, endpoint slack:-4.7571502e-11
      785 |      13 |     116 |       92 |     14 |   132 |   -0.115 |       -7.6 |    157 | sa11_sr\[1\]$_DFF_P_/D
iter:785, pass:7, current fixing endpoint: sa13_sr\[7\]$_DFF_P_/D, endpoint slack:-6.997347e-11
      786 |      13 |     117 |       92 |     14 |   132 |   -0.115 |       -7.6 |    157 | sa11_sr\[1\]$_DFF_P_/D
iter:786, pass:8, current fixing endpoint: sa13_sr\[7\]$_DFF_P_/D, endpoint slack:-7.2924555e-11
      787 |      13 |     118 |       92 |     14 |   132 |   -0.115 |       -7.6 |    157 | sa11_sr\[1\]$_DFF_P_/D
iter:787, pass:9, current fixing endpoint: sa13_sr\[7\]$_DFF_P_/D, endpoint slack:-6.747336e-11
      788 |      13 |     118 |       92 |     14 |   133 |   -0.115 |       -7.6 |    157 | sa11_sr\[1\]$_DFF_P_/D
iter:788, pass:10, current fixing endpoint: sa13_sr\[7\]$_DFF_P_/D, endpoint slack:-6.655543e-11
      789 |      13 |     118 |       92 |     14 |   134 |   -0.115 |       -7.6 |    157 | sa11_sr\[1\]$_DFF_P_/D
iter:789, pass:11, current fixing endpoint: sa13_sr\[7\]$_DFF_P_/D, endpoint slack:-6.200551e-11
      790 |      13 |     118 |       92 |     15 |   134 |   -0.115 |       -7.6 |    157 | sa11_sr\[1\]$_DFF_P_/D
iter:790, pass:12, current fixing endpoint: sa13_sr\[7\]$_DFF_P_/D, endpoint slack:-6.494749e-11
      791 |      13 |     119 |       92 |     15 |   134 |   -0.115 |       -7.6 |    157 | sa11_sr\[1\]$_DFF_P_/D
iter:791, pass:13, current fixing endpoint: sa13_sr\[7\]$_DFF_P_/D, endpoint slack:-6.20195e-11
      792 |      13 |     120 |       92 |     15 |   134 |   -0.115 |       -7.6 |    157 | sa11_sr\[1\]$_DFF_P_/D
iter:792, pass:14, current fixing endpoint: sa13_sr\[7\]$_DFF_P_/D, endpoint slack:-6.477607e-11
      793 |      13 |     121 |       92 |     15 |   134 |   -0.115 |       -7.6 |    157 | sa11_sr\[1\]$_DFF_P_/D
iter:793, pass:15, current fixing endpoint: sa13_sr\[7\]$_DFF_P_/D, endpoint slack:-6.45044e-11
      794 |      13 |     121 |       92 |     16 |   134 |   -0.115 |       -7.6 |    157 | sa11_sr\[1\]$_DFF_P_/D
iter:794, pass:16, current fixing endpoint: sa13_sr\[7\]$_DFF_P_/D, endpoint slack:-6.330314e-11
      795 |      13 |     121 |       92 |     17 |   134 |   -0.115 |       -7.6 |    157 | sa11_sr\[1\]$_DFF_P_/D
iter:795, pass:17, current fixing endpoint: sa13_sr\[7\]$_DFF_P_/D, endpoint slack:-5.9057315e-11
      795 |      13 |     115 |       92 |     13 |   128 |   -0.115 |       -7.6 |    157 | sa11_sr\[1\]$_DFF_P_/D
      796 |      13 |     115 |       92 |     13 |   128 |   -0.115 |       -7.6 |    157 | sa11_sr\[1\]$_DFF_P_/D
iter:796, pass:1, current fixing endpoint: sa03_sr\[6\]$_DFF_P_/D, endpoint slack:-5.9403704e-11
      797 |      13 |     115 |       94 |     13 |   128 |   -0.115 |       -7.6 |    157 | sa11_sr\[1\]$_DFF_P_/D
iter:797, pass:2, current fixing endpoint: sa03_sr\[6\]$_DFF_P_/D, endpoint slack:-5.918677e-11
      798 |      13 |     116 |       94 |     13 |   128 |   -0.115 |       -7.6 |    157 | sa11_sr\[1\]$_DFF_P_/D
iter:798, pass:3, current fixing endpoint: sa03_sr\[6\]$_DFF_P_/D, endpoint slack:-5.6002647e-11
      799 |      13 |     117 |       94 |     13 |   128 |   -0.115 |       -7.6 |    157 | sa11_sr\[1\]$_DFF_P_/D
iter:799, pass:4, current fixing endpoint: sa03_sr\[6\]$_DFF_P_/D, endpoint slack:-5.4671268e-11
      800 |      13 |     117 |       94 |     13 |   129 |   -0.115 |       -7.6 |    157 | sa11_sr\[1\]$_DFF_P_/D
iter:800, pass:5, current fixing endpoint: sa03_sr\[6\]$_DFF_P_/D, endpoint slack:-6.182799e-11
      801 |      13 |     117 |       94 |     13 |   130 |   -0.115 |       -7.6 |    157 | sa11_sr\[1\]$_DFF_P_/D
iter:801, pass:6, current fixing endpoint: sa03_sr\[6\]$_DFF_P_/D, endpoint slack:-6.689449e-11
      802 |      13 |     118 |       94 |     13 |   130 |   -0.115 |       -7.6 |    157 | sa11_sr\[1\]$_DFF_P_/D
iter:802, pass:7, current fixing endpoint: sa03_sr\[6\]$_DFF_P_/D, endpoint slack:-6.755618e-11
      803 |      13 |     118 |       94 |     13 |   131 |   -0.115 |       -7.6 |    157 | sa11_sr\[1\]$_DFF_P_/D
iter:803, pass:8, current fixing endpoint: sa03_sr\[6\]$_DFF_P_/D, endpoint slack:-7.254508e-11
      803 |      13 |     117 |       94 |     13 |   128 |   -0.115 |       -7.6 |    157 | sa11_sr\[1\]$_DFF_P_/D
      804 |      13 |     117 |       94 |     13 |   128 |   -0.115 |       -7.6 |    157 | sa11_sr\[1\]$_DFF_P_/D
iter:804, pass:1, current fixing endpoint: sa13_sr\[0\]$_DFF_P_/D, endpoint slack:-6.431056e-11
      805 |      13 |     117 |       94 |     13 |   129 |   -0.115 |       -7.6 |    157 | sa11_sr\[1\]$_DFF_P_/D
iter:805, pass:2, current fixing endpoint: sa13_sr\[0\]$_DFF_P_/D, endpoint slack:-6.944867e-11
      806 |      13 |     118 |       94 |     13 |   129 |   -0.115 |       -7.6 |    157 | sa11_sr\[1\]$_DFF_P_/D
iter:806, pass:3, current fixing endpoint: sa13_sr\[0\]$_DFF_P_/D, endpoint slack:-6.103951e-11
      807 |      13 |     118 |       94 |     13 |   130 |   -0.115 |       -7.6 |    157 | sa11_sr\[1\]$_DFF_P_/D
iter:807, pass:4, current fixing endpoint: sa13_sr\[0\]$_DFF_P_/D, endpoint slack:-6.072676e-11
      808 |      13 |     119 |       94 |     13 |   130 |   -0.115 |       -7.6 |    157 | sa11_sr\[1\]$_DFF_P_/D
iter:808, pass:5, current fixing endpoint: sa13_sr\[0\]$_DFF_P_/D, endpoint slack:-5.884482e-11
      809 |      13 |     120 |       94 |     13 |   130 |   -0.115 |       -7.6 |    157 | sa11_sr\[1\]$_DFF_P_/D
iter:809, pass:6, current fixing endpoint: sa13_sr\[0\]$_DFF_P_/D, endpoint slack:-5.36996e-11
      810 |      13 |     120 |       94 |     13 |   131 |   -0.115 |       -7.6 |    157 | sa11_sr\[1\]$_DFF_P_/D
iter:810, pass:7, current fixing endpoint: sa13_sr\[0\]$_DFF_P_/D, endpoint slack:-5.405021e-11
      811 |      13 |     120 |       94 |     14 |   131 |   -0.115 |       -7.6 |    157 | sa11_sr\[1\]$_DFF_P_/D
iter:811, pass:8, current fixing endpoint: sa13_sr\[0\]$_DFF_P_/D, endpoint slack:-5.699219e-11
      812 |      13 |     121 |       94 |     14 |   131 |   -0.115 |       -7.6 |    157 | sa11_sr\[1\]$_DFF_P_/D
iter:812, pass:9, current fixing endpoint: sa13_sr\[0\]$_DFF_P_/D, endpoint slack:-5.7772898e-11
      813 |      13 |     122 |       94 |     14 |   131 |   -0.115 |       -7.6 |    157 | sa11_sr\[1\]$_DFF_P_/D
iter:813, pass:10, current fixing endpoint: sa13_sr\[0\]$_DFF_P_/D, endpoint slack:-6.148548e-11
      814 |      13 |     122 |       94 |     14 |   132 |   -0.115 |       -7.6 |    157 | sa11_sr\[1\]$_DFF_P_/D
iter:814, pass:11, current fixing endpoint: sa13_sr\[0\]$_DFF_P_/D, endpoint slack:-5.6670335e-11
      815 |      13 |     123 |       94 |     14 |   132 |   -0.115 |       -7.6 |    157 | sa11_sr\[1\]$_DFF_P_/D
iter:815, pass:12, current fixing endpoint: sa13_sr\[0\]$_DFF_P_/D, endpoint slack:-5.406431e-11
      816 |      13 |     124 |       94 |     14 |   132 |   -0.115 |       -7.6 |    157 | sa11_sr\[1\]$_DFF_P_/D
iter:816, pass:13, current fixing endpoint: sa13_sr\[0\]$_DFF_P_/D, endpoint slack:-5.635159e-11
      817 |      13 |     124 |       94 |     15 |   132 |   -0.115 |       -7.6 |    157 | sa11_sr\[1\]$_DFF_P_/D
iter:817, pass:14, current fixing endpoint: sa13_sr\[0\]$_DFF_P_/D, endpoint slack:-5.4294902e-11
      818 |      13 |     125 |       94 |     15 |   132 |   -0.115 |       -7.6 |    157 | sa11_sr\[1\]$_DFF_P_/D
iter:818, pass:15, current fixing endpoint: sa13_sr\[0\]$_DFF_P_/D, endpoint slack:-5.5485616e-11
      819 |      13 |     126 |       94 |     15 |   132 |   -0.115 |       -7.6 |    157 | sa11_sr\[1\]$_DFF_P_/D
iter:819, pass:16, current fixing endpoint: sa13_sr\[0\]$_DFF_P_/D, endpoint slack:-5.8998584e-11
      820 |      13 |     126 |       94 |     15 |   133 |   -0.115 |       -7.6 |    157 | sa11_sr\[1\]$_DFF_P_/D
iter:820, pass:17, current fixing endpoint: sa13_sr\[0\]$_DFF_P_/D, endpoint slack:-5.703371e-11
      821 |      13 |     126 |       94 |     16 |   133 |   -0.115 |       -7.6 |    157 | sa11_sr\[1\]$_DFF_P_/D
iter:821, pass:18, current fixing endpoint: sa13_sr\[0\]$_DFF_P_/D, endpoint slack:-5.6574634e-11
      821 |      13 |     120 |       94 |     13 |   130 |   -0.115 |       -7.6 |    157 | sa11_sr\[1\]$_DFF_P_/D
      822 |      13 |     120 |       94 |     13 |   130 |   -0.115 |       -7.6 |    157 | sa11_sr\[1\]$_DFF_P_/D
iter:822, pass:1, current fixing endpoint: sa03_sr\[1\]$_DFF_P_/D, endpoint slack:-6.256018e-11
      823 |      13 |     120 |       94 |     13 |   131 |   -0.115 |       -7.6 |    157 | sa11_sr\[1\]$_DFF_P_/D
iter:823, pass:2, current fixing endpoint: sa03_sr\[1\]$_DFF_P_/D, endpoint slack:-5.5262572e-11
      824 |      13 |     120 |       94 |     13 |   132 |   -0.115 |       -7.6 |    157 | sa11_sr\[1\]$_DFF_P_/D
iter:824, pass:3, current fixing endpoint: sa03_sr\[1\]$_DFF_P_/D, endpoint slack:-5.761125e-11
      825 |      13 |     121 |       94 |     13 |   132 |   -0.115 |       -7.6 |    157 | sa11_sr\[1\]$_DFF_P_/D
iter:825, pass:4, current fixing endpoint: sa03_sr\[1\]$_DFF_P_/D, endpoint slack:-5.836942e-11
      826 |      13 |     121 |       94 |     13 |   133 |   -0.115 |       -7.6 |    157 | sa11_sr\[1\]$_DFF_P_/D
iter:826, pass:5, current fixing endpoint: sa03_sr\[1\]$_DFF_P_/D, endpoint slack:-5.2208238e-11
      827 |      13 |     122 |       94 |     13 |   133 |   -0.115 |       -7.6 |    157 | sa11_sr\[1\]$_DFF_P_/D
iter:827, pass:6, current fixing endpoint: sa03_sr\[1\]$_DFF_P_/D, endpoint slack:-5.1928573e-11
      828 |      13 |     123 |       94 |     13 |   133 |   -0.115 |       -7.6 |    157 | sa11_sr\[1\]$_DFF_P_/D
iter:828, pass:7, current fixing endpoint: sa03_sr\[1\]$_DFF_P_/D, endpoint slack:-5.4285798e-11
      829 |      13 |     124 |       94 |     13 |   133 |   -0.115 |       -7.6 |    157 | sa11_sr\[1\]$_DFF_P_/D
iter:829, pass:8, current fixing endpoint: sa03_sr\[1\]$_DFF_P_/D, endpoint slack:-5.391776e-11
      829 |      13 |     122 |       94 |     13 |   133 |   -0.115 |       -7.6 |    157 | sa11_sr\[1\]$_DFF_P_/D
      830 |      13 |     122 |       94 |     13 |   133 |   -0.115 |       -7.6 |    157 | sa11_sr\[1\]$_DFF_P_/D
iter:830, pass:1, current fixing endpoint: sa20_sr\[1\]$_DFF_P_/D, endpoint slack:-5.858303e-11
      831 |      13 |     122 |       94 |     13 |   134 |   -0.115 |       -7.6 |    157 | sa11_sr\[1\]$_DFF_P_/D
iter:831, pass:2, current fixing endpoint: sa20_sr\[1\]$_DFF_P_/D, endpoint slack:-6.371381e-11
      832 |      13 |     122 |       94 |     13 |   135 |   -0.115 |       -7.6 |    157 | sa11_sr\[1\]$_DFF_P_/D
iter:832, pass:3, current fixing endpoint: sa20_sr\[1\]$_DFF_P_/D, endpoint slack:-5.6224136e-11
      833 |      13 |     122 |       94 |     13 |   136 |   -0.115 |       -7.6 |    157 | sa11_sr\[1\]$_DFF_P_/D
iter:833, pass:4, current fixing endpoint: sa20_sr\[1\]$_DFF_P_/D, endpoint slack:-5.7616356e-11
      834 |      13 |     122 |       94 |     13 |   137 |   -0.115 |       -7.6 |    157 | sa11_sr\[1\]$_DFF_P_/D
iter:834, pass:5, current fixing endpoint: sa20_sr\[1\]$_DFF_P_/D, endpoint slack:-6.3533956e-11
      835 |      14 |     122 |       94 |     13 |   137 |   -0.115 |       -7.6 |    157 | sa11_sr\[1\]$_DFF_P_/D
iter:835, pass:6, current fixing endpoint: sa20_sr\[1\]$_DFF_P_/D, endpoint slack:-5.478462e-11
      836 |      14 |     123 |       94 |     13 |   137 |   -0.115 |       -7.6 |    157 | sa11_sr\[1\]$_DFF_P_/D
iter:836, pass:7, current fixing endpoint: sa20_sr\[1\]$_DFF_P_/D, endpoint slack:-5.1780025e-11
      837 |      14 |     124 |       94 |     13 |   137 |   -0.115 |       -7.6 |    157 | sa11_sr\[1\]$_DFF_P_/D
iter:837, pass:8, current fixing endpoint: sa20_sr\[1\]$_DFF_P_/D, endpoint slack:-4.460665e-11
      838 |      14 |     124 |       96 |     13 |   137 |   -0.115 |       -7.6 |    157 | sa11_sr\[1\]$_DFF_P_/D
iter:838, pass:9, current fixing endpoint: sa20_sr\[1\]$_DFF_P_/D, endpoint slack:-6.582879e-11
      839 |      14 |     125 |       96 |     13 |   137 |   -0.115 |       -7.6 |    157 | sa11_sr\[1\]$_DFF_P_/D
iter:839, pass:10, current fixing endpoint: sa20_sr\[1\]$_DFF_P_/D, endpoint slack:-6.1116334e-11
      840 |      14 |     126 |       96 |     13 |   137 |   -0.115 |       -7.6 |    157 | sa11_sr\[1\]$_DFF_P_/D
iter:840, pass:11, current fixing endpoint: sa20_sr\[1\]$_DFF_P_/D, endpoint slack:-6.656886e-11
      841 |      14 |     127 |       96 |     13 |   137 |   -0.115 |       -7.6 |    157 | sa11_sr\[1\]$_DFF_P_/D
iter:841, pass:12, current fixing endpoint: sa20_sr\[1\]$_DFF_P_/D, endpoint slack:-6.162992e-11
      842 |      14 |     127 |       96 |     14 |   137 |   -0.115 |       -7.6 |    157 | sa11_sr\[1\]$_DFF_P_/D
iter:842, pass:13, current fixing endpoint: sa20_sr\[1\]$_DFF_P_/D, endpoint slack:-6.112966e-11
      843 |      14 |     127 |       96 |     15 |   137 |   -0.115 |       -7.6 |    157 | sa11_sr\[1\]$_DFF_P_/D
iter:843, pass:14, current fixing endpoint: sa20_sr\[1\]$_DFF_P_/D, endpoint slack:-6.1243566e-11
      844 |      14 |     127 |       96 |     16 |   137 |   -0.115 |       -7.6 |    157 | sa11_sr\[1\]$_DFF_P_/D
iter:844, pass:15, current fixing endpoint: sa20_sr\[1\]$_DFF_P_/D, endpoint slack:-6.1628924e-11
      844 |      14 |     124 |       95 |     13 |   137 |   -0.115 |       -7.6 |    157 | sa11_sr\[1\]$_DFF_P_/D
      845 |      14 |     124 |       95 |     13 |   137 |   -0.115 |       -7.6 |    157 | sa11_sr\[1\]$_DFF_P_/D
iter:845, pass:1, current fixing endpoint: sa13_sr\[2\]$_DFF_P_/D, endpoint slack:-6.761347e-11
      846 |      14 |     124 |       95 |     13 |   138 |   -0.115 |       -7.6 |    157 | sa11_sr\[1\]$_DFF_P_/D
iter:846, pass:2, current fixing endpoint: sa13_sr\[2\]$_DFF_P_/D, endpoint slack:-7.467316e-11
      847 |      14 |     124 |       95 |     13 |   139 |   -0.115 |       -7.6 |    157 | sa11_sr\[1\]$_DFF_P_/D
iter:847, pass:3, current fixing endpoint: sa13_sr\[2\]$_DFF_P_/D, endpoint slack:-7.441614e-11
      848 |      14 |     125 |       95 |     13 |   139 |   -0.115 |       -7.6 |    157 | sa11_sr\[1\]$_DFF_P_/D
iter:848, pass:4, current fixing endpoint: sa13_sr\[2\]$_DFF_P_/D, endpoint slack:-7.223233e-11
      849 |      14 |     126 |       95 |     13 |   139 |   -0.115 |       -7.6 |    157 | sa11_sr\[1\]$_DFF_P_/D
iter:849, pass:5, current fixing endpoint: sa13_sr\[2\]$_DFF_P_/D, endpoint slack:-7.01188e-11
      850 |      14 |     127 |       95 |     13 |   139 |   -0.115 |       -7.6 |    157 | sa11_sr\[1\]$_DFF_P_/D
iter:850, pass:6, current fixing endpoint: sa13_sr\[2\]$_DFF_P_/D, endpoint slack:-6.583778e-11
      851 |      14 |     127 |       95 |     14 |   139 |   -0.115 |       -7.6 |    157 | sa11_sr\[1\]$_DFF_P_/D
iter:851, pass:7, current fixing endpoint: sa13_sr\[2\]$_DFF_P_/D, endpoint slack:-6.877976e-11
      852 |      14 |     128 |       95 |     14 |   139 |   -0.115 |       -7.6 |    157 | sa11_sr\[1\]$_DFF_P_/D
iter:852, pass:8, current fixing endpoint: sa13_sr\[2\]$_DFF_P_/D, endpoint slack:-6.585177e-11
      853 |      14 |     129 |       95 |     14 |   139 |   -0.115 |       -7.6 |    157 | sa11_sr\[1\]$_DFF_P_/D
iter:853, pass:9, current fixing endpoint: sa13_sr\[2\]$_DFF_P_/D, endpoint slack:-6.860856e-11
      854 |      14 |     130 |       95 |     14 |   139 |   -0.115 |       -7.6 |    157 | sa11_sr\[1\]$_DFF_P_/D
iter:854, pass:10, current fixing endpoint: sa13_sr\[2\]$_DFF_P_/D, endpoint slack:-6.833678e-11
      855 |      14 |     131 |       95 |     14 |   139 |   -0.115 |       -7.6 |    157 | sa11_sr\[1\]$_DFF_P_/D
iter:855, pass:11, current fixing endpoint: sa13_sr\[2\]$_DFF_P_/D, endpoint slack:-6.874146e-11
      856 |      14 |     131 |       95 |     15 |   139 |   -0.115 |       -7.6 |    157 | sa11_sr\[1\]$_DFF_P_/D
iter:856, pass:12, current fixing endpoint: sa13_sr\[2\]$_DFF_P_/D, endpoint slack:-6.7619466e-11
      857 |      14 |     131 |       95 |     16 |   139 |   -0.115 |       -7.6 |    157 | sa11_sr\[1\]$_DFF_P_/D
iter:857, pass:13, current fixing endpoint: sa13_sr\[2\]$_DFF_P_/D, endpoint slack:-6.3368644e-11
      858 |      14 |     131 |       95 |     16 |   140 |   -0.115 |       -7.6 |    157 | sa11_sr\[1\]$_DFF_P_/D
iter:858, pass:14, current fixing endpoint: sa13_sr\[2\]$_DFF_P_/D, endpoint slack:-6.6621375e-11
      858 |      14 |     131 |       95 |     16 |   139 |   -0.115 |       -7.6 |    157 | sa11_sr\[1\]$_DFF_P_/D
      859 |      14 |     131 |       95 |     16 |   139 |   -0.115 |       -7.6 |    157 | sa11_sr\[1\]$_DFF_P_/D
iter:859, pass:1, current fixing endpoint: sa21_sr\[1\]$_DFF_P_/D, endpoint slack:-5.81567e-11
      860 |      14 |     131 |       95 |     16 |   140 |   -0.115 |       -7.6 |    157 | sa11_sr\[1\]$_DFF_P_/D
iter:860, pass:2, current fixing endpoint: sa21_sr\[1\]$_DFF_P_/D, endpoint slack:-6.555079e-11
      861 |      14 |     131 |       95 |     16 |   141 |   -0.115 |       -7.6 |    157 | sa11_sr\[1\]$_DFF_P_/D
iter:861, pass:3, current fixing endpoint: sa21_sr\[1\]$_DFF_P_/D, endpoint slack:-5.880807e-11
      862 |      14 |     132 |       95 |     16 |   141 |   -0.115 |       -7.6 |    157 | sa11_sr\[1\]$_DFF_P_/D
iter:862, pass:4, current fixing endpoint: sa21_sr\[1\]$_DFF_P_/D, endpoint slack:-5.6325167e-11
      863 |      14 |     132 |       95 |     16 |   142 |   -0.115 |       -7.6 |    157 | sa11_sr\[1\]$_DFF_P_/D
iter:863, pass:5, current fixing endpoint: sa21_sr\[1\]$_DFF_P_/D, endpoint slack:-5.7409855e-11
      864 |      14 |     133 |       95 |     16 |   142 |   -0.115 |       -7.6 |    157 | sa11_sr\[1\]$_DFF_P_/D
iter:864, pass:6, current fixing endpoint: sa21_sr\[1\]$_DFF_P_/D, endpoint slack:-6.155332e-11
      865 |      14 |     133 |       95 |     16 |   143 |   -0.115 |       -7.6 |    157 | sa11_sr\[1\]$_DFF_P_/D
iter:865, pass:7, current fixing endpoint: sa21_sr\[1\]$_DFF_P_/D, endpoint slack:-5.946588e-11
      866 |      14 |     133 |       95 |     16 |   144 |   -0.115 |       -7.6 |    157 | sa11_sr\[1\]$_DFF_P_/D
iter:866, pass:8, current fixing endpoint: sa21_sr\[1\]$_DFF_P_/D, endpoint slack:-5.358447e-11
      867 |      14 |     133 |       95 |     16 |   145 |   -0.115 |       -7.6 |    157 | sa11_sr\[1\]$_DFF_P_/D
iter:867, pass:9, current fixing endpoint: sa21_sr\[1\]$_DFF_P_/D, endpoint slack:-5.7324034e-11
      868 |      14 |     133 |       95 |     16 |   146 |   -0.115 |       -7.6 |    157 | sa11_sr\[1\]$_DFF_P_/D
iter:868, pass:10, current fixing endpoint: sa21_sr\[1\]$_DFF_P_/D, endpoint slack:-5.6516458e-11
      869 |      15 |     133 |       95 |     16 |   146 |   -0.115 |       -7.6 |    157 | sa11_sr\[1\]$_DFF_P_/D
iter:869, pass:11, current fixing endpoint: sa21_sr\[1\]$_DFF_P_/D, endpoint slack:-5.298495e-11
      870 |      15 |     133 |       95 |     16 |   147 |   -0.115 |       -7.6 |    157 | sa11_sr\[1\]$_DFF_P_/D
iter:870, pass:12, current fixing endpoint: sa21_sr\[1\]$_DFF_P_/D, endpoint slack:-5.0136117e-11
      871 |      15 |     133 |       97 |     16 |   147 |   -0.115 |       -7.6 |    157 | sa11_sr\[1\]$_DFF_P_/D
iter:871, pass:13, current fixing endpoint: sa21_sr\[1\]$_DFF_P_/D, endpoint slack:-4.5581094e-11
      872 |      15 |     133 |       97 |     16 |   148 |   -0.115 |       -7.6 |    157 | sa11_sr\[1\]$_DFF_P_/D
iter:872, pass:14, current fixing endpoint: sa21_sr\[1\]$_DFF_P_/D, endpoint slack:-4.0326853e-11
      873 |      15 |     134 |       97 |     16 |   148 |   -0.115 |       -7.6 |    157 | sa11_sr\[1\]$_DFF_P_/D
iter:873, pass:15, current fixing endpoint: sa21_sr\[1\]$_DFF_P_/D, endpoint slack:-4.268641e-11
      874 |      15 |     135 |       97 |     16 |   148 |   -0.115 |       -7.5 |    157 | sa11_sr\[1\]$_DFF_P_/D
iter:874, pass:16, current fixing endpoint: sa21_sr\[1\]$_DFF_P_/D, endpoint slack:-3.8276382e-11
      875 |      15 |     135 |       97 |     17 |   148 |   -0.115 |       -7.6 |    157 | sa11_sr\[1\]$_DFF_P_/D
iter:875, pass:17, current fixing endpoint: sa21_sr\[1\]$_DFF_P_/D, endpoint slack:-4.0908277e-11
      876 |      15 |     135 |       97 |     18 |   148 |   -0.115 |       -7.6 |    157 | sa11_sr\[1\]$_DFF_P_/D
iter:876, pass:18, current fixing endpoint: sa21_sr\[1\]$_DFF_P_/D, endpoint slack:-4.2030823e-11
      877 |      15 |     136 |       97 |     18 |   148 |   -0.115 |       -7.6 |    157 | sa11_sr\[1\]$_DFF_P_/D
iter:877, pass:19, current fixing endpoint: sa21_sr\[1\]$_DFF_P_/D, endpoint slack:-3.929934e-11
      878 |      15 |     137 |       97 |     18 |   148 |   -0.115 |       -7.6 |    157 | sa11_sr\[1\]$_DFF_P_/D
iter:878, pass:20, current fixing endpoint: sa21_sr\[1\]$_DFF_P_/D, endpoint slack:-4.402012e-11
      879 |      15 |     138 |       97 |     18 |   148 |   -0.115 |       -7.6 |    157 | sa11_sr\[1\]$_DFF_P_/D
iter:879, pass:21, current fixing endpoint: sa21_sr\[1\]$_DFF_P_/D, endpoint slack:-3.5151326e-11
      880 |      15 |     139 |       97 |     18 |   148 |   -0.115 |       -7.6 |    157 | sa11_sr\[1\]$_DFF_P_/D
iter:880, pass:22, current fixing endpoint: sa21_sr\[1\]$_DFF_P_/D, endpoint slack:-3.7105208e-11
      881 |      15 |     139 |       97 |     18 |   149 |   -0.115 |       -7.6 |    157 | sa11_sr\[1\]$_DFF_P_/D
iter:881, pass:23, current fixing endpoint: sa21_sr\[1\]$_DFF_P_/D, endpoint slack:-3.5197845e-11
      882 |      15 |     139 |       99 |     18 |   149 |   -0.115 |       -7.6 |    157 | sa11_sr\[1\]$_DFF_P_/D
iter:882, pass:24, current fixing endpoint: sa21_sr\[1\]$_DFF_P_/D, endpoint slack:-3.363365e-11
      883 |      15 |     140 |       99 |     18 |   149 |   -0.115 |       -7.6 |    157 | sa11_sr\[1\]$_DFF_P_/D
iter:883, pass:25, current fixing endpoint: sa21_sr\[1\]$_DFF_P_/D, endpoint slack:-3.8632764e-11
      884 |      15 |     141 |       99 |     18 |   149 |   -0.115 |       -7.6 |    157 | sa11_sr\[1\]$_DFF_P_/D
iter:884, pass:26, current fixing endpoint: sa21_sr\[1\]$_DFF_P_/D, endpoint slack:-3.034173e-11
      885 |      15 |     142 |       99 |     18 |   149 |   -0.115 |       -7.6 |    157 | sa11_sr\[1\]$_DFF_P_/D
iter:885, pass:27, current fixing endpoint: sa21_sr\[1\]$_DFF_P_/D, endpoint slack:-2.677969e-11
      886 |      15 |     143 |       99 |     18 |   149 |   -0.115 |       -7.5 |    157 | sa11_sr\[1\]$_DFF_P_/D
iter:886, pass:28, current fixing endpoint: sa21_sr\[1\]$_DFF_P_/D, endpoint slack:-2.666889e-11
      887 |      15 |     143 |       99 |     19 |   149 |   -0.115 |       -7.5 |    157 | sa11_sr\[1\]$_DFF_P_/D
iter:887, pass:29, current fixing endpoint: sa21_sr\[1\]$_DFF_P_/D, endpoint slack:-2.6809666e-11
      888 |      15 |     144 |       99 |     19 |   149 |   -0.115 |       -7.5 |    157 | sa11_sr\[1\]$_DFF_P_/D
iter:888, pass:30, current fixing endpoint: sa21_sr\[1\]$_DFF_P_/D, endpoint slack:-2.8295699e-11
      889 |      15 |     145 |       99 |     19 |   149 |   -0.115 |       -7.5 |    157 | sa11_sr\[1\]$_DFF_P_/D
iter:889, pass:31, current fixing endpoint: sa21_sr\[1\]$_DFF_P_/D, endpoint slack:-2.8816394e-11
      890 |      16 |     145 |       99 |     19 |   149 |   -0.115 |       -7.5 |    157 | sa11_sr\[1\]$_DFF_P_/D
iter:890, pass:32, current fixing endpoint: sa21_sr\[1\]$_DFF_P_/D, endpoint slack:-2.4210522e-11
      891 |      16 |     146 |       99 |     19 |   149 |   -0.115 |       -7.5 |    157 | sa11_sr\[1\]$_DFF_P_/D
iter:891, pass:33, current fixing endpoint: sa21_sr\[1\]$_DFF_P_/D, endpoint slack:-2.3014701e-11
      892 |      16 |     147 |       99 |     19 |   149 |   -0.115 |       -7.5 |    157 | sa11_sr\[1\]$_DFF_P_/D
iter:892, pass:34, current fixing endpoint: sa21_sr\[1\]$_DFF_P_/D, endpoint slack:-2.2939095e-11
      893 |      16 |     147 |       99 |     19 |   150 |   -0.115 |       -7.5 |    157 | sa11_sr\[1\]$_DFF_P_/D
iter:893, pass:35, current fixing endpoint: sa21_sr\[1\]$_DFF_P_/D, endpoint slack:-3.5070502e-11
      894 |      16 |     147 |       99 |     19 |   151 |   -0.115 |       -7.5 |    157 | sa11_sr\[1\]$_DFF_P_/D
iter:894, pass:36, current fixing endpoint: sa21_sr\[1\]$_DFF_P_/D, endpoint slack:-3.1587066e-11
      895 |      16 |     148 |       99 |     19 |   151 |   -0.115 |       -7.5 |    157 | sa11_sr\[1\]$_DFF_P_/D
iter:895, pass:37, current fixing endpoint: sa21_sr\[1\]$_DFF_P_/D, endpoint slack:-2.7361557e-11
      896 |      16 |     149 |       99 |     19 |   151 |   -0.115 |       -7.5 |    157 | sa11_sr\[1\]$_DFF_P_/D
iter:896, pass:38, current fixing endpoint: sa21_sr\[1\]$_DFF_P_/D, endpoint slack:-2.8414049e-11
      897 |      16 |     150 |       99 |     19 |   151 |   -0.115 |       -7.5 |    157 | sa11_sr\[1\]$_DFF_P_/D
iter:897, pass:39, current fixing endpoint: sa21_sr\[1\]$_DFF_P_/D, endpoint slack:-2.3573477e-11
      898 |      16 |     151 |       99 |     19 |   151 |   -0.115 |       -7.5 |    157 | sa11_sr\[1\]$_DFF_P_/D
iter:898, pass:40, current fixing endpoint: sa21_sr\[1\]$_DFF_P_/D, endpoint slack:-2.2503222e-11
      899 |      16 |     151 |       99 |     20 |   151 |   -0.115 |       -7.5 |    157 | sa11_sr\[1\]$_DFF_P_/D
iter:899, pass:41, current fixing endpoint: sa21_sr\[1\]$_DFF_P_/D, endpoint slack:-2.3455016e-11
      900 |      16 |     152 |       99 |     20 |   151 |   -0.115 |       -7.6 |    157 | sa11_sr\[1\]$_DFF_P_/D
iter:900, pass:42, current fixing endpoint: sa21_sr\[1\]$_DFF_P_/D, endpoint slack:-2.5466518e-11
      901 |      16 |     152 |       99 |     20 |   152 |   -0.115 |       -7.6 |    157 | sa11_sr\[1\]$_DFF_P_/D
iter:901, pass:43, current fixing endpoint: sa21_sr\[1\]$_DFF_P_/D, endpoint slack:-3.0702663e-11
      902 |      16 |     153 |       99 |     20 |   152 |   -0.115 |       -7.6 |    157 | sa11_sr\[1\]$_DFF_P_/D
iter:902, pass:44, current fixing endpoint: sa21_sr\[1\]$_DFF_P_/D, endpoint slack:-3.382339e-11
      903 |      16 |     153 |       99 |     20 |   153 |   -0.115 |       -7.6 |    157 | sa11_sr\[1\]$_DFF_P_/D
iter:903, pass:45, current fixing endpoint: sa21_sr\[1\]$_DFF_P_/D, endpoint slack:-2.9051428e-11
      904 |      16 |     153 |       99 |     21 |   153 |   -0.115 |       -7.6 |    157 | sa11_sr\[1\]$_DFF_P_/D
iter:904, pass:46, current fixing endpoint: sa21_sr\[1\]$_DFF_P_/D, endpoint slack:-2.6010971e-11
      905 |      16 |     154 |       99 |     21 |   153 |   -0.115 |       -7.6 |    157 | sa11_sr\[1\]$_DFF_P_/D
iter:905, pass:47, current fixing endpoint: sa21_sr\[1\]$_DFF_P_/D, endpoint slack:-2.6550873e-11
      906 |      16 |     154 |       99 |     22 |   153 |   -0.115 |       -7.6 |    157 | sa11_sr\[1\]$_DFF_P_/D
iter:906, pass:48, current fixing endpoint: sa21_sr\[1\]$_DFF_P_/D, endpoint slack:-2.7715497e-11
      907 |      16 |     155 |       99 |     22 |   153 |   -0.115 |       -7.6 |    157 | sa11_sr\[1\]$_DFF_P_/D
iter:907, pass:49, current fixing endpoint: sa21_sr\[1\]$_DFF_P_/D, endpoint slack:-2.4811597e-11
      908 |      16 |     156 |       99 |     22 |   153 |   -0.115 |       -7.6 |    157 | sa11_sr\[1\]$_DFF_P_/D
iter:908, pass:50, current fixing endpoint: sa21_sr\[1\]$_DFF_P_/D, endpoint slack:-2.3491431e-11
      909 |      16 |     157 |       99 |     22 |   153 |   -0.115 |       -7.6 |    157 | sa11_sr\[1\]$_DFF_P_/D
iter:909, pass:51, current fixing endpoint: sa21_sr\[1\]$_DFF_P_/D, endpoint slack:-2.4614755e-11
      910 |      16 |     158 |       99 |     22 |   153 |   -0.115 |       -7.6 |    157 | sa11_sr\[1\]$_DFF_P_/D
iter:910, pass:52, current fixing endpoint: sa21_sr\[1\]$_DFF_P_/D, endpoint slack:-2.3456903e-11
      911 |      16 |     159 |       99 |     22 |   153 |   -0.115 |       -7.6 |    157 | sa11_sr\[1\]$_DFF_P_/D
iter:911, pass:53, current fixing endpoint: sa21_sr\[1\]$_DFF_P_/D, endpoint slack:-2.3427593e-11
      912 |      16 |     159 |       99 |     22 |   154 |   -0.115 |       -7.6 |    157 | sa11_sr\[1\]$_DFF_P_/D
iter:912, pass:54, current fixing endpoint: sa21_sr\[1\]$_DFF_P_/D, endpoint slack:-2.467937e-11
      913 |      16 |     160 |       99 |     22 |   154 |   -0.115 |       -7.6 |    157 | sa11_sr\[1\]$_DFF_P_/D
iter:913, pass:55, current fixing endpoint: sa21_sr\[1\]$_DFF_P_/D, endpoint slack:-2.210443e-11
      914 |      16 |     161 |       99 |     22 |   154 |   -0.115 |       -7.7 |    157 | sa11_sr\[1\]$_DFF_P_/D
iter:914, pass:56, current fixing endpoint: sa21_sr\[1\]$_DFF_P_/D, endpoint slack:-2.4971136e-11
      915 |      16 |     162 |       99 |     22 |   154 |   -0.115 |       -7.7 |    157 | sa11_sr\[1\]$_DFF_P_/D
iter:915, pass:57, current fixing endpoint: sa21_sr\[1\]$_DFF_P_/D, endpoint slack:-2.686662e-11
      916 |      16 |     162 |       99 |     23 |   154 |   -0.115 |       -7.6 |    157 | sa11_sr\[1\]$_DFF_P_/D
iter:916, pass:58, current fixing endpoint: sa21_sr\[1\]$_DFF_P_/D, endpoint slack:-2.1419644e-11
      917 |      16 |     163 |       99 |     23 |   154 |   -0.115 |       -7.6 |    157 | sa11_sr\[1\]$_DFF_P_/D
iter:917, pass:59, current fixing endpoint: sa21_sr\[1\]$_DFF_P_/D, endpoint slack:-2.1620816e-11
      918 |      16 |     164 |       99 |     23 |   154 |   -0.115 |       -7.8 |    157 | sa11_sr\[1\]$_DFF_P_/D
iter:918, pass:60, current fixing endpoint: sa21_sr\[1\]$_DFF_P_/D, endpoint slack:-2.6318947e-11
      919 |      16 |     165 |       99 |     23 |   154 |   -0.115 |       -7.8 |    157 | sa11_sr\[1\]$_DFF_P_/D
iter:919, pass:61, current fixing endpoint: sa21_sr\[1\]$_DFF_P_/D, endpoint slack:-2.5957014e-11
      920 |      16 |     165 |       99 |     24 |   154 |   -0.115 |       -7.8 |    157 | sa11_sr\[1\]$_DFF_P_/D
iter:920, pass:62, current fixing endpoint: sa21_sr\[1\]$_DFF_P_/D, endpoint slack:-2.6163072e-11
      921 |      16 |     166 |       99 |     24 |   154 |   -0.115 |       -7.8 |    157 | sa11_sr\[1\]$_DFF_P_/D
iter:921, pass:63, current fixing endpoint: sa21_sr\[1\]$_DFF_P_/D, endpoint slack:-2.2944424e-11
      922 |      16 |     167 |       99 |     24 |   154 |   -0.115 |       -7.8 |    157 | sa11_sr\[1\]$_DFF_P_/D
iter:922, pass:64, current fixing endpoint: sa21_sr\[1\]$_DFF_P_/D, endpoint slack:-2.204592e-11
      923 |      16 |     167 |       99 |     25 |   154 |   -0.115 |       -7.8 |    157 | sa11_sr\[1\]$_DFF_P_/D
iter:923, pass:65, current fixing endpoint: sa21_sr\[1\]$_DFF_P_/D, endpoint slack:-2.2537083e-11
      923 |      16 |     162 |       99 |     23 |   154 |   -0.115 |       -7.7 |    157 | sa11_sr\[1\]$_DFF_P_/D
      924 |      16 |     162 |       99 |     23 |   154 |   -0.115 |       -7.7 |    157 | sa11_sr\[1\]$_DFF_P_/D
iter:924, pass:1, current fixing endpoint: sa03_sr\[5\]$_DFF_P_/D, endpoint slack:-2.205569e-11
      925 |      16 |     162 |       99 |     23 |   155 |   -0.115 |       -7.7 |    157 | sa11_sr\[1\]$_DFF_P_/D
iter:925, pass:2, current fixing endpoint: sa03_sr\[5\]$_DFF_P_/D, endpoint slack:-2.2625013e-11
      926 |      16 |     162 |       99 |     23 |   156 |   -0.115 |       -7.7 |    157 | sa11_sr\[1\]$_DFF_P_/D
iter:926, pass:3, current fixing endpoint: sa03_sr\[5\]$_DFF_P_/D, endpoint slack:-2.0192181e-11
      927 |      16 |     163 |       99 |     23 |   156 |   -0.115 |       -7.7 |    157 | sa11_sr\[1\]$_DFF_P_/D
iter:927, pass:4, current fixing endpoint: sa03_sr\[5\]$_DFF_P_/D, endpoint slack:-2.593692e-11
      928 |      16 |     163 |       99 |     23 |   157 |   -0.115 |       -7.7 |    157 | sa11_sr\[1\]$_DFF_P_/D
iter:928, pass:5, current fixing endpoint: sa03_sr\[5\]$_DFF_P_/D, endpoint slack:-2.0067614e-11
      929 |      16 |     164 |       99 |     23 |   157 |   -0.115 |       -7.7 |    157 | sa11_sr\[1\]$_DFF_P_/D
iter:929, pass:6, current fixing endpoint: sa03_sr\[5\]$_DFF_P_/D, endpoint slack:-1.8573698e-11
      930 |      16 |     164 |      101 |     23 |   157 |   -0.115 |       -7.7 |    157 | sa11_sr\[1\]$_DFF_P_/D
iter:930, pass:7, current fixing endpoint: sa03_sr\[5\]$_DFF_P_/D, endpoint slack:-1.808731e-11
      931 |      16 |     165 |      101 |     23 |   157 |   -0.115 |       -7.7 |    157 | sa11_sr\[1\]$_DFF_P_/D
iter:931, pass:8, current fixing endpoint: sa03_sr\[5\]$_DFF_P_/D, endpoint slack:-2.081002e-11
      932 |      16 |     165 |      101 |     23 |   158 |   -0.115 |       -7.7 |    157 | sa11_sr\[1\]$_DFF_P_/D
iter:932, pass:9, current fixing endpoint: sa03_sr\[5\]$_DFF_P_/D, endpoint slack:-2.1100788e-11
      933 |      16 |     166 |      101 |     23 |   158 |   -0.115 |       -7.7 |    157 | sa11_sr\[1\]$_DFF_P_/D
iter:933, pass:10, current fixing endpoint: sa03_sr\[5\]$_DFF_P_/D, endpoint slack:-1.5206059e-11
      934 |      16 |     167 |      101 |     23 |   158 |   -0.115 |       -7.7 |    157 | sa11_sr\[1\]$_DFF_P_/D
iter:934, pass:11, current fixing endpoint: sa03_sr\[5\]$_DFF_P_/D, endpoint slack:-1.3613333e-11
      935 |      16 |     167 |      101 |     23 |   159 |   -0.115 |       -7.7 |    157 | sa11_sr\[1\]$_DFF_P_/D
iter:935, pass:12, current fixing endpoint: sa03_sr\[5\]$_DFF_P_/D, endpoint slack:-1.3311685e-11
      936 |      16 |     167 |      101 |     23 |   160 |   -0.115 |       -7.7 |    157 | sa11_sr\[1\]$_DFF_P_/D
iter:936, pass:13, current fixing endpoint: sa03_sr\[5\]$_DFF_P_/D, endpoint slack:-1.0427215e-11
      937 |      16 |     167 |      101 |     23 |   161 |   -0.115 |       -7.7 |    157 | sa11_sr\[1\]$_DFF_P_/D
iter:937, pass:14, current fixing endpoint: sa03_sr\[5\]$_DFF_P_/D, endpoint slack:-9.799717e-12
      937 |      16 |     167 |      101 |     23 |   161 |   -0.115 |       -7.7 |    157 | sa11_sr\[1\]$_DFF_P_/D
      938 |      16 |     167 |      101 |     23 |   161 |   -0.115 |       -7.7 |    157 | sa11_sr\[1\]$_DFF_P_/D
iter:938, pass:1, current fixing endpoint: sa32_sr\[0\]$_DFF_P_/D, endpoint slack:-5.508316e-11
      939 |      16 |     167 |      101 |     23 |   162 |   -0.115 |       -7.7 |    157 | sa11_sr\[1\]$_DFF_P_/D
iter:939, pass:2, current fixing endpoint: sa32_sr\[0\]$_DFF_P_/D, endpoint slack:-6.084544e-11
      940 |      16 |     168 |      101 |     23 |   162 |   -0.115 |       -7.7 |    157 | sa11_sr\[1\]$_DFF_P_/D
iter:940, pass:3, current fixing endpoint: sa32_sr\[0\]$_DFF_P_/D, endpoint slack:-6.277223e-11
      941 |      16 |     168 |      101 |     23 |   163 |   -0.115 |       -7.7 |    157 | sa11_sr\[1\]$_DFF_P_/D
iter:941, pass:4, current fixing endpoint: sa32_sr\[0\]$_DFF_P_/D, endpoint slack:-7.044043e-11
      942 |      16 |     168 |      101 |     23 |   164 |   -0.115 |       -7.7 |    157 | sa11_sr\[1\]$_DFF_P_/D
iter:942, pass:5, current fixing endpoint: sa32_sr\[0\]$_DFF_P_/D, endpoint slack:-6.27719e-11
      943 |      16 |     169 |      101 |     23 |   164 |   -0.119 |       -7.7 |    157 | sa32_sr\[3\]$_DFF_P_/D
iter:943, pass:6, current fixing endpoint: sa32_sr\[0\]$_DFF_P_/D, endpoint slack:-6.372469e-11
      944 |      16 |     169 |      101 |     23 |   165 |   -0.119 |       -7.7 |    157 | sa32_sr\[3\]$_DFF_P_/D
iter:944, pass:7, current fixing endpoint: sa32_sr\[0\]$_DFF_P_/D, endpoint slack:-6.5953354e-11
      945 |      16 |     170 |      101 |     23 |   165 |   -0.119 |       -7.7 |    157 | sa32_sr\[3\]$_DFF_P_/D
iter:945, pass:8, current fixing endpoint: sa32_sr\[0\]$_DFF_P_/D, endpoint slack:-6.543899e-11
      946 |      16 |     170 |      103 |     23 |   165 |   -0.119 |       -7.7 |    157 | sa32_sr\[3\]$_DFF_P_/D
iter:946, pass:9, current fixing endpoint: sa32_sr\[0\]$_DFF_P_/D, endpoint slack:-6.460954e-11
      947 |      16 |     170 |      103 |     23 |   166 |   -0.119 |       -7.7 |    157 | sa32_sr\[3\]$_DFF_P_/D
iter:947, pass:10, current fixing endpoint: sa32_sr\[0\]$_DFF_P_/D, endpoint slack:-6.992795e-11
      948 |      16 |     171 |      103 |     23 |   166 |   -0.121 |       -7.7 |    157 | sa32_sr\[3\]$_DFF_P_/D
iter:948, pass:11, current fixing endpoint: sa32_sr\[0\]$_DFF_P_/D, endpoint slack:-6.748779e-11
      949 |      16 |     172 |      103 |     23 |   166 |   -0.121 |       -7.7 |    157 | sa32_sr\[3\]$_DFF_P_/D
iter:949, pass:12, current fixing endpoint: sa32_sr\[0\]$_DFF_P_/D, endpoint slack:-6.374257e-11
      950 |      16 |     172 |      105 |     23 |   166 |   -0.115 |       -7.9 |    157 | sa11_sr\[1\]$_DFF_P_/D
iter:950, pass:13, current fixing endpoint: sa32_sr\[0\]$_DFF_P_/D, endpoint slack:-9.1809005e-11
      951 |      16 |     173 |      105 |     23 |   166 |   -0.115 |       -7.8 |    157 | sa11_sr\[1\]$_DFF_P_/D
iter:951, pass:14, current fixing endpoint: sa32_sr\[0\]$_DFF_P_/D, endpoint slack:-8.188017e-11
      952 |      16 |     174 |      105 |     23 |   166 |   -0.116 |       -7.8 |    157 | sa32_sr\[3\]$_DFF_P_/D
iter:952, pass:15, current fixing endpoint: sa32_sr\[0\]$_DFF_P_/D, endpoint slack:-7.9577345e-11
      953 |      16 |     174 |      105 |     23 |   167 |   -0.116 |       -7.8 |    157 | sa32_sr\[3\]$_DFF_P_/D
iter:953, pass:16, current fixing endpoint: sa32_sr\[0\]$_DFF_P_/D, endpoint slack:-7.853074e-11
      954 |      16 |     175 |      105 |     23 |   167 |   -0.116 |       -7.8 |    157 | sa32_sr\[3\]$_DFF_P_/D
iter:954, pass:17, current fixing endpoint: sa32_sr\[0\]$_DFF_P_/D, endpoint slack:-7.4275586e-11
      955 |      16 |     176 |      105 |     23 |   167 |   -0.116 |       -7.8 |    157 | sa32_sr\[3\]$_DFF_P_/D
iter:955, pass:18, current fixing endpoint: sa32_sr\[0\]$_DFF_P_/D, endpoint slack:-7.308609e-11
      956 |      16 |     177 |      105 |     23 |   167 |   -0.116 |       -7.8 |    157 | sa32_sr\[3\]$_DFF_P_/D
iter:956, pass:19, current fixing endpoint: sa32_sr\[0\]$_DFF_P_/D, endpoint slack:-7.498413e-11
      957 |      16 |     178 |      105 |     23 |   167 |   -0.116 |       -7.8 |    157 | sa32_sr\[3\]$_DFF_P_/D
iter:957, pass:20, current fixing endpoint: sa32_sr\[0\]$_DFF_P_/D, endpoint slack:-7.393264e-11
      958 |      16 |     179 |      105 |     23 |   167 |   -0.116 |       -7.8 |    157 | sa32_sr\[3\]$_DFF_P_/D
iter:958, pass:21, current fixing endpoint: sa32_sr\[0\]$_DFF_P_/D, endpoint slack:-6.739853e-11
      959 |      16 |     180 |      105 |     23 |   167 |   -0.116 |       -7.8 |    157 | sa32_sr\[3\]$_DFF_P_/D
iter:959, pass:22, current fixing endpoint: sa32_sr\[0\]$_DFF_P_/D, endpoint slack:-7.1117556e-11
      960 |      16 |     180 |      105 |     23 |   168 |   -0.116 |       -7.8 |    157 | sa32_sr\[3\]$_DFF_P_/D
iter:960, pass:23, current fixing endpoint: sa32_sr\[0\]$_DFF_P_/D, endpoint slack:-7.240719e-11
      961 |      16 |     180 |      105 |     24 |   168 |   -0.116 |       -7.8 |    157 | sa32_sr\[3\]$_DFF_P_/D
iter:961, pass:24, current fixing endpoint: sa32_sr\[0\]$_DFF_P_/D, endpoint slack:-7.0268125e-11
      961 |      16 |     171 |      103 |     23 |   161 |   -0.115 |       -7.7 |    157 | sa11_sr\[1\]$_DFF_P_/D
      962 |      16 |     171 |      103 |     23 |   161 |   -0.115 |       -7.7 |    157 | sa11_sr\[1\]$_DFF_P_/D
iter:962, pass:1, current fixing endpoint: sa12_sr\[3\]$_DFF_P_/D, endpoint slack:-5.758727e-11
      963 |      16 |     171 |      103 |     23 |   162 |   -0.115 |       -7.7 |    157 | sa11_sr\[1\]$_DFF_P_/D
iter:963, pass:2, current fixing endpoint: sa12_sr\[3\]$_DFF_P_/D, endpoint slack:-7.029988e-11
      964 |      16 |     171 |      103 |     23 |   163 |   -0.115 |       -7.7 |    157 | sa11_sr\[1\]$_DFF_P_/D
iter:964, pass:3, current fixing endpoint: sa12_sr\[3\]$_DFF_P_/D, endpoint slack:-6.52397e-11
      965 |      16 |     171 |      103 |     23 |   164 |   -0.115 |       -7.7 |    157 | sa11_sr\[1\]$_DFF_P_/D
iter:965, pass:4, current fixing endpoint: sa12_sr\[3\]$_DFF_P_/D, endpoint slack:-7.39393e-11
      966 |      16 |     172 |      103 |     23 |   164 |   -0.115 |       -7.7 |    157 | sa11_sr\[1\]$_DFF_P_/D
iter:966, pass:5, current fixing endpoint: sa12_sr\[3\]$_DFF_P_/D, endpoint slack:-7.490775e-11
      967 |      17 |     172 |      103 |     23 |   164 |   -0.115 |       -7.7 |    157 | sa11_sr\[1\]$_DFF_P_/D
iter:967, pass:6, current fixing endpoint: sa12_sr\[3\]$_DFF_P_/D, endpoint slack:-5.894496e-11
      968 |      17 |     173 |      103 |     23 |   164 |   -0.115 |       -7.7 |    157 | sa11_sr\[1\]$_DFF_P_/D
iter:968, pass:7, current fixing endpoint: sa12_sr\[3\]$_DFF_P_/D, endpoint slack:-5.933565e-11
      969 |      17 |     173 |      103 |     23 |   165 |   -0.115 |       -7.7 |    157 | sa11_sr\[1\]$_DFF_P_/D
iter:969, pass:8, current fixing endpoint: sa12_sr\[3\]$_DFF_P_/D, endpoint slack:-6.453538e-11
      970 |      17 |     173 |      103 |     23 |   166 |   -0.115 |       -7.7 |    157 | sa11_sr\[1\]$_DFF_P_/D
iter:970, pass:9, current fixing endpoint: sa12_sr\[3\]$_DFF_P_/D, endpoint slack:-6.7936434e-11
      971 |      17 |     173 |      103 |     23 |   167 |   -0.115 |       -7.7 |    157 | sa11_sr\[1\]$_DFF_P_/D
iter:971, pass:10, current fixing endpoint: sa12_sr\[3\]$_DFF_P_/D, endpoint slack:-6.832557e-11
      971 |      16 |     171 |      103 |     23 |   161 |   -0.115 |       -7.7 |    157 | sa11_sr\[1\]$_DFF_P_/D
      972 |      16 |     171 |      103 |     23 |   161 |   -0.115 |       -7.7 |    157 | sa11_sr\[1\]$_DFF_P_/D
iter:972, pass:1, current fixing endpoint: sa12_sr\[7\]$_DFF_P_/D, endpoint slack:-6.398193e-11
      973 |      16 |     171 |      103 |     23 |   162 |   -0.115 |       -7.7 |    157 | sa11_sr\[1\]$_DFF_P_/D
iter:973, pass:2, current fixing endpoint: sa12_sr\[7\]$_DFF_P_/D, endpoint slack:-6.8317796e-11
      974 |      16 |     172 |      103 |     23 |   162 |   -0.115 |       -7.7 |    157 | sa11_sr\[1\]$_DFF_P_/D
iter:974, pass:3, current fixing endpoint: sa12_sr\[7\]$_DFF_P_/D, endpoint slack:-6.423173e-11
      975 |      16 |     172 |      103 |     23 |   163 |   -0.115 |       -7.7 |    157 | sa11_sr\[1\]$_DFF_P_/D
iter:975, pass:4, current fixing endpoint: sa12_sr\[7\]$_DFF_P_/D, endpoint slack:-6.577039e-11
      976 |      16 |     172 |      103 |     23 |   164 |   -0.115 |       -7.7 |    157 | sa11_sr\[1\]$_DFF_P_/D
iter:976, pass:5, current fixing endpoint: sa12_sr\[7\]$_DFF_P_/D, endpoint slack:-7.076495e-11
      976 |      16 |     171 |      103 |     23 |   161 |   -0.115 |       -7.7 |    157 | sa11_sr\[1\]$_DFF_P_/D
      977 |      16 |     171 |      103 |     23 |   161 |   -0.115 |       -7.7 |    157 | sa11_sr\[1\]$_DFF_P_/D
iter:977, pass:1, current fixing endpoint: sa00_sr\[5\]$_DFF_P_/D, endpoint slack:-5.173706e-11
      978 |      16 |     171 |      103 |     23 |   162 |   -0.115 |       -7.7 |    157 | sa11_sr\[1\]$_DFF_P_/D
iter:978, pass:2, current fixing endpoint: sa00_sr\[5\]$_DFF_P_/D, endpoint slack:-3.8852588e-11
      979 |      16 |     171 |      103 |     23 |   163 |   -0.115 |       -7.7 |    157 | sa11_sr\[1\]$_DFF_P_/D
iter:979, pass:3, current fixing endpoint: sa00_sr\[5\]$_DFF_P_/D, endpoint slack:-5.4879767e-11
      980 |      16 |     171 |      103 |     23 |   164 |   -0.115 |       -7.7 |    157 | sa11_sr\[1\]$_DFF_P_/D
iter:980, pass:4, current fixing endpoint: sa00_sr\[5\]$_DFF_P_/D, endpoint slack:-5.7362226e-11
      981 |      16 |     172 |      103 |     23 |   164 |   -0.115 |       -7.7 |    157 | sa11_sr\[1\]$_DFF_P_/D
iter:981, pass:5, current fixing endpoint: sa00_sr\[5\]$_DFF_P_/D, endpoint slack:-5.823575e-11
      982 |      16 |     172 |      103 |     23 |   165 |   -0.115 |       -7.7 |    157 | sa11_sr\[1\]$_DFF_P_/D
iter:982, pass:6, current fixing endpoint: sa00_sr\[5\]$_DFF_P_/D, endpoint slack:-5.8563265e-11
      983 |      16 |     172 |      103 |     23 |   166 |   -0.115 |       -7.7 |    157 | sa11_sr\[1\]$_DFF_P_/D
iter:983, pass:7, current fixing endpoint: sa00_sr\[5\]$_DFF_P_/D, endpoint slack:-5.465728e-11
      984 |      16 |     173 |      103 |     23 |   166 |   -0.115 |       -7.7 |    157 | sa11_sr\[1\]$_DFF_P_/D
iter:984, pass:8, current fixing endpoint: sa00_sr\[5\]$_DFF_P_/D, endpoint slack:-5.4940608e-11
      985 |      16 |     173 |      103 |     24 |   166 |   -0.115 |       -7.7 |    157 | sa11_sr\[1\]$_DFF_P_/D
iter:985, pass:9, current fixing endpoint: sa00_sr\[5\]$_DFF_P_/D, endpoint slack:-5.525258e-11
      985 |      16 |     171 |      103 |     23 |   162 |   -0.115 |       -7.7 |    157 | sa11_sr\[1\]$_DFF_P_/D
      986 |      16 |     171 |      103 |     23 |   162 |   -0.115 |       -7.7 |    157 | sa11_sr\[1\]$_DFF_P_/D
iter:986, pass:1, current fixing endpoint: sa33_sr\[5\]$_DFF_P_/D, endpoint slack:-6.784795e-11
      987 |      16 |     172 |      103 |     23 |   162 |   -0.115 |       -7.7 |    157 | sa11_sr\[1\]$_DFF_P_/D
iter:987, pass:2, current fixing endpoint: sa33_sr\[5\]$_DFF_P_/D, endpoint slack:-6.759715e-11
      988 |      16 |     172 |      103 |     23 |   163 |   -0.115 |       -7.7 |    157 | sa11_sr\[1\]$_DFF_P_/D
iter:988, pass:3, current fixing endpoint: sa33_sr\[5\]$_DFF_P_/D, endpoint slack:-6.6855965e-11
      989 |      16 |     173 |      103 |     23 |   163 |   -0.115 |       -7.7 |    157 | sa11_sr\[1\]$_DFF_P_/D
iter:989, pass:4, current fixing endpoint: sa33_sr\[5\]$_DFF_P_/D, endpoint slack:-7.17727e-11
      990 |      16 |     174 |      103 |     23 |   163 |   -0.115 |       -7.7 |    157 | sa11_sr\[1\]$_DFF_P_/D
iter:990, pass:5, current fixing endpoint: sa33_sr\[5\]$_DFF_P_/D, endpoint slack:-6.855727e-11
      991 |      16 |     175 |      103 |     23 |   163 |   -0.115 |       -7.7 |    157 | sa11_sr\[1\]$_DFF_P_/D
iter:991, pass:6, current fixing endpoint: sa33_sr\[5\]$_DFF_P_/D, endpoint slack:-7.08692e-11
      992 |      16 |     176 |      103 |     23 |   163 |   -0.115 |       -7.7 |    157 | sa11_sr\[1\]$_DFF_P_/D
iter:992, pass:7, current fixing endpoint: sa33_sr\[5\]$_DFF_P_/D, endpoint slack:-7.159451e-11
      993 |      16 |     176 |      103 |     23 |   164 |   -0.115 |       -7.7 |    157 | sa11_sr\[1\]$_DFF_P_/D
iter:993, pass:8, current fixing endpoint: sa33_sr\[5\]$_DFF_P_/D, endpoint slack:-6.64111e-11
      994 |      16 |     177 |      103 |     23 |   164 |   -0.115 |       -7.7 |    157 | sa11_sr\[1\]$_DFF_P_/D
iter:994, pass:9, current fixing endpoint: sa33_sr\[5\]$_DFF_P_/D, endpoint slack:-6.818701e-11
      995 |      16 |     177 |      103 |     23 |   165 |   -0.115 |       -7.7 |    157 | sa11_sr\[1\]$_DFF_P_/D
iter:995, pass:10, current fixing endpoint: sa33_sr\[5\]$_DFF_P_/D, endpoint slack:-7.361578e-11
      996 |      16 |     177 |      103 |     23 |   166 |   -0.115 |       -7.7 |    157 | sa11_sr\[1\]$_DFF_P_/D
iter:996, pass:11, current fixing endpoint: sa33_sr\[5\]$_DFF_P_/D, endpoint slack:-7.514178e-11
      997 |      16 |     177 |      103 |     23 |   167 |   -0.115 |       -7.7 |    157 | sa11_sr\[1\]$_DFF_P_/D
iter:997, pass:12, current fixing endpoint: sa33_sr\[5\]$_DFF_P_/D, endpoint slack:-7.3352546e-11
      998 |      16 |     177 |      106 |     23 |   167 |   -0.115 |       -7.7 |    157 | sa11_sr\[1\]$_DFF_P_/D
iter:998, pass:13, current fixing endpoint: sa33_sr\[5\]$_DFF_P_/D, endpoint slack:-6.41972e-11
      999 |      16 |     178 |      106 |     23 |   167 |   -0.115 |       -7.7 |    157 | sa11_sr\[1\]$_DFF_P_/D
iter:999, pass:14, current fixing endpoint: sa33_sr\[5\]$_DFF_P_/D, endpoint slack:-6.3600014e-11
     1000 |      16 |     178 |      106 |     23 |   168 |   -0.115 |       -7.7 |    157 | sa11_sr\[1\]$_DFF_P_/D
iter:1000, pass:15, current fixing endpoint: sa33_sr\[5\]$_DFF_P_/D, endpoint slack:-6.634371e-11
     1001 |      16 |     178 |      106 |     23 |   169 |   -0.115 |       -7.7 |    157 | sa11_sr\[1\]$_DFF_P_/D
iter:1001, pass:16, current fixing endpoint: sa33_sr\[5\]$_DFF_P_/D, endpoint slack:-6.881051e-11
     1001 |      16 |     178 |      106 |     23 |   167 |   -0.115 |       -7.7 |    157 | sa11_sr\[1\]$_DFF_P_/D
     1002 |      16 |     178 |      106 |     23 |   167 |   -0.115 |       -7.7 |    157 | sa11_sr\[1\]$_DFF_P_/D
iter:1002, pass:1, current fixing endpoint: sa12_sr\[2\]$_DFF_P_/D, endpoint slack:-6.0087824e-11
     1003 |      16 |     179 |      106 |     23 |   167 |   -0.115 |       -7.7 |    157 | sa11_sr\[1\]$_DFF_P_/D
iter:1003, pass:2, current fixing endpoint: sa12_sr\[2\]$_DFF_P_/D, endpoint slack:-5.1821547e-11
     1004 |      16 |     179 |      106 |     23 |   168 |   -0.115 |       -7.7 |    157 | sa11_sr\[1\]$_DFF_P_/D
iter:1004, pass:3, current fixing endpoint: sa12_sr\[2\]$_DFF_P_/D, endpoint slack:-5.930989e-11
     1005 |      16 |     179 |      106 |     23 |   169 |   -0.115 |       -7.7 |    157 | sa11_sr\[1\]$_DFF_P_/D
iter:1005, pass:4, current fixing endpoint: sa12_sr\[2\]$_DFF_P_/D, endpoint slack:-7.539003e-11
     1006 |      16 |     180 |      106 |     23 |   169 |   -0.115 |       -7.7 |    157 | sa11_sr\[1\]$_DFF_P_/D
iter:1006, pass:5, current fixing endpoint: sa12_sr\[2\]$_DFF_P_/D, endpoint slack:-7.9081186e-11
     1007 |      16 |     180 |      108 |     23 |   169 |   -0.115 |       -7.7 |    157 | sa11_sr\[1\]$_DFF_P_/D
iter:1007, pass:6, current fixing endpoint: sa12_sr\[2\]$_DFF_P_/D, endpoint slack:-7.484968e-11
     1008 |      16 |     181 |      108 |     23 |   169 |   -0.115 |       -7.7 |    157 | sa11_sr\[1\]$_DFF_P_/D
iter:1008, pass:7, current fixing endpoint: sa12_sr\[2\]$_DFF_P_/D, endpoint slack:-7.361589e-11
     1009 |      16 |     181 |      108 |     23 |   170 |   -0.115 |       -7.7 |    157 | sa11_sr\[1\]$_DFF_P_/D
iter:1009, pass:8, current fixing endpoint: sa12_sr\[2\]$_DFF_P_/D, endpoint slack:-6.93271e-11
     1010 |      16 |     182 |      108 |     23 |   170 |   -0.115 |       -7.7 |    157 | sa11_sr\[1\]$_DFF_P_/D
iter:1010, pass:9, current fixing endpoint: sa12_sr\[2\]$_DFF_P_/D, endpoint slack:-6.617473e-11
     1011 |      16 |     182 |      108 |     23 |   171 |   -0.115 |       -7.7 |    157 | sa11_sr\[1\]$_DFF_P_/D
iter:1011, pass:10, current fixing endpoint: sa12_sr\[2\]$_DFF_P_/D, endpoint slack:-6.460266e-11
     1011 |      16 |     179 |      107 |     23 |   167 |   -0.115 |       -7.7 |    157 | sa11_sr\[1\]$_DFF_P_/D
     1012 |      16 |     179 |      107 |     23 |   167 |   -0.115 |       -7.7 |    157 | sa11_sr\[1\]$_DFF_P_/D
iter:1012, pass:1, current fixing endpoint: u0.u2.d\[0\]$_DFF_P_/D, endpoint slack:-4.897527e-11
     1013 |      16 |     179 |      107 |     23 |   168 |   -0.115 |       -7.7 |    157 | sa11_sr\[1\]$_DFF_P_/D
iter:1013, pass:2, current fixing endpoint: u0.u2.d\[0\]$_DFF_P_/D, endpoint slack:-4.6103676e-11
     1014 |      16 |     180 |      107 |     23 |   168 |   -0.115 |       -7.7 |    157 | sa11_sr\[1\]$_DFF_P_/D
iter:1014, pass:3, current fixing endpoint: u0.u2.d\[0\]$_DFF_P_/D, endpoint slack:-4.619849e-11
     1015 |      16 |     180 |      107 |     23 |   169 |   -0.115 |       -7.7 |    157 | sa11_sr\[1\]$_DFF_P_/D
iter:1015, pass:4, current fixing endpoint: u0.u2.d\[0\]$_DFF_P_/D, endpoint slack:-5.9198424e-11
     1016 |      16 |     180 |      107 |     23 |   170 |   -0.115 |       -7.7 |    157 | sa11_sr\[1\]$_DFF_P_/D
iter:1016, pass:5, current fixing endpoint: u0.u2.d\[0\]$_DFF_P_/D, endpoint slack:-5.5560112e-11
     1017 |      16 |     181 |      107 |     23 |   170 |   -0.115 |       -7.7 |    157 | sa11_sr\[1\]$_DFF_P_/D
iter:1017, pass:6, current fixing endpoint: u0.u2.d\[0\]$_DFF_P_/D, endpoint slack:-5.484757e-11
     1018 |      16 |     181 |      107 |     23 |   171 |   -0.115 |       -7.7 |    157 | sa11_sr\[1\]$_DFF_P_/D
iter:1018, pass:7, current fixing endpoint: u0.u2.d\[0\]$_DFF_P_/D, endpoint slack:-5.716705e-11
     1019 |      16 |     182 |      107 |     23 |   171 |   -0.115 |       -7.7 |    157 | sa11_sr\[1\]$_DFF_P_/D
iter:1019, pass:8, current fixing endpoint: u0.u2.d\[0\]$_DFF_P_/D, endpoint slack:-5.6745497e-11
     1020 |      16 |     182 |      107 |     24 |   171 |   -0.115 |       -7.7 |    157 | sa11_sr\[1\]$_DFF_P_/D
iter:1020, pass:9, current fixing endpoint: u0.u2.d\[0\]$_DFF_P_/D, endpoint slack:-5.2860716e-11
     1021 |      16 |     182 |      107 |     25 |   171 |   -0.115 |       -7.7 |    157 | sa11_sr\[1\]$_DFF_P_/D
iter:1021, pass:10, current fixing endpoint: u0.u2.d\[0\]$_DFF_P_/D, endpoint slack:-5.2736482e-11
     1021 |      16 |     179 |      107 |     23 |   168 |   -0.115 |       -7.7 |    157 | sa11_sr\[1\]$_DFF_P_/D
     1022 |      16 |     179 |      107 |     23 |   168 |   -0.115 |       -7.7 |    157 | sa11_sr\[1\]$_DFF_P_/D
iter:1022, pass:1, current fixing endpoint: sa21_sr\[2\]$_DFF_P_/D, endpoint slack:-5.1269766e-11
     1023 |      16 |     179 |      107 |     23 |   169 |   -0.115 |       -7.7 |    157 | sa11_sr\[1\]$_DFF_P_/D
iter:1023, pass:2, current fixing endpoint: sa21_sr\[2\]$_DFF_P_/D, endpoint slack:-6.426337e-11
     1024 |      16 |     179 |      109 |     23 |   169 |   -0.115 |       -7.7 |    157 | sa11_sr\[1\]$_DFF_P_/D
iter:1024, pass:3, current fixing endpoint: sa21_sr\[2\]$_DFF_P_/D, endpoint slack:-5.638745e-11
     1025 |      16 |     179 |      109 |     23 |   170 |   -0.115 |       -7.7 |    157 | sa11_sr\[1\]$_DFF_P_/D
iter:1025, pass:4, current fixing endpoint: sa21_sr\[2\]$_DFF_P_/D, endpoint slack:-6.0694894e-11
     1026 |      16 |     180 |      109 |     23 |   170 |   -0.115 |       -7.7 |    157 | sa11_sr\[1\]$_DFF_P_/D
iter:1026, pass:5, current fixing endpoint: sa21_sr\[2\]$_DFF_P_/D, endpoint slack:-6.1877614e-11
     1027 |      16 |     180 |      109 |     23 |   171 |   -0.115 |       -7.7 |    157 | sa11_sr\[1\]$_DFF_P_/D
iter:1027, pass:6, current fixing endpoint: sa21_sr\[2\]$_DFF_P_/D, endpoint slack:-6.734302e-11
     1028 |      16 |     181 |      109 |     23 |   171 |   -0.115 |       -7.7 |    157 | sa11_sr\[1\]$_DFF_P_/D
iter:1028, pass:7, current fixing endpoint: sa21_sr\[2\]$_DFF_P_/D, endpoint slack:-6.198997e-11
     1029 |      16 |     182 |      109 |     23 |   171 |   -0.115 |       -7.7 |    157 | sa11_sr\[1\]$_DFF_P_/D
iter:1029, pass:8, current fixing endpoint: sa21_sr\[2\]$_DFF_P_/D, endpoint slack:-6.180956e-11
     1030 |      16 |     183 |      109 |     23 |   171 |   -0.115 |       -7.7 |    157 | sa11_sr\[1\]$_DFF_P_/D
iter:1030, pass:9, current fixing endpoint: sa21_sr\[2\]$_DFF_P_/D, endpoint slack:-6.242307e-11
     1031 |      16 |     184 |      109 |     23 |   171 |   -0.115 |       -7.8 |    157 | sa11_sr\[1\]$_DFF_P_/D
iter:1031, pass:10, current fixing endpoint: sa21_sr\[2\]$_DFF_P_/D, endpoint slack:-6.503453e-11
     1032 |      16 |     184 |      109 |     23 |   172 |   -0.115 |       -7.8 |    157 | sa11_sr\[1\]$_DFF_P_/D
iter:1032, pass:11, current fixing endpoint: sa21_sr\[2\]$_DFF_P_/D, endpoint slack:-6.321332e-11
     1033 |      16 |     185 |      109 |     23 |   172 |   -0.115 |       -7.8 |    157 | sa11_sr\[1\]$_DFF_P_/D
iter:1033, pass:12, current fixing endpoint: sa21_sr\[2\]$_DFF_P_/D, endpoint slack:-6.318046e-11
     1034 |      16 |     185 |      109 |     23 |   173 |   -0.115 |       -7.8 |    157 | sa11_sr\[1\]$_DFF_P_/D
iter:1034, pass:13, current fixing endpoint: sa21_sr\[2\]$_DFF_P_/D, endpoint slack:-5.161893e-11
     1035 |      16 |     185 |      109 |     23 |   174 |   -0.115 |       -7.8 |    157 | sa11_sr\[1\]$_DFF_P_/D
iter:1035, pass:14, current fixing endpoint: sa21_sr\[2\]$_DFF_P_/D, endpoint slack:-5.3282267e-11
     1036 |      16 |     186 |      109 |     23 |   174 |   -0.115 |       -7.8 |    157 | sa11_sr\[1\]$_DFF_P_/D
iter:1036, pass:15, current fixing endpoint: sa21_sr\[2\]$_DFF_P_/D, endpoint slack:-5.3379856e-11
     1037 |      16 |     186 |      109 |     24 |   174 |   -0.115 |       -7.8 |    157 | sa11_sr\[1\]$_DFF_P_/D
iter:1037, pass:16, current fixing endpoint: sa21_sr\[2\]$_DFF_P_/D, endpoint slack:-5.112588e-11
     1038 |      16 |     187 |      109 |     24 |   174 |   -0.115 |       -7.8 |    157 | sa11_sr\[1\]$_DFF_P_/D
iter:1038, pass:17, current fixing endpoint: sa21_sr\[2\]$_DFF_P_/D, endpoint slack:-5.0726534e-11
     1039 |      17 |     187 |      109 |     24 |   174 |   -0.115 |       -7.8 |    157 | sa11_sr\[1\]$_DFF_P_/D
iter:1039, pass:18, current fixing endpoint: sa21_sr\[2\]$_DFF_P_/D, endpoint slack:-4.7641335e-11
     1040 |      17 |     187 |      109 |     25 |   174 |   -0.115 |       -7.8 |    157 | sa11_sr\[1\]$_DFF_P_/D
iter:1040, pass:19, current fixing endpoint: sa21_sr\[2\]$_DFF_P_/D, endpoint slack:-4.3756e-11
     1040 |      17 |     187 |      109 |     25 |   174 |   -0.115 |       -7.8 |    157 | sa11_sr\[1\]$_DFF_P_/D
     1041 |      17 |     187 |      109 |     25 |   174 |   -0.115 |       -7.8 |    157 | sa11_sr\[1\]$_DFF_P_/D
iter:1041, pass:1, current fixing endpoint: sa20_sr\[4\]$_DFF_P_/D, endpoint slack:-6.351841e-11
     1042 |      17 |     187 |      111 |     25 |   174 |   -0.115 |       -7.8 |    157 | sa11_sr\[1\]$_DFF_P_/D
iter:1042, pass:2, current fixing endpoint: sa20_sr\[4\]$_DFF_P_/D, endpoint slack:-5.616063e-11
     1043 |      17 |     187 |      111 |     25 |   175 |   -0.115 |       -7.8 |    157 | sa11_sr\[1\]$_DFF_P_/D
iter:1043, pass:3, current fixing endpoint: sa20_sr\[4\]$_DFF_P_/D, endpoint slack:-4.789924e-11
     1044 |      17 |     187 |      111 |     25 |   176 |   -0.115 |       -7.8 |    157 | sa11_sr\[1\]$_DFF_P_/D
iter:1044, pass:4, current fixing endpoint: sa20_sr\[4\]$_DFF_P_/D, endpoint slack:-5.183265e-11
     1044 |      17 |     187 |      111 |     25 |   175 |   -0.115 |       -7.8 |    157 | sa11_sr\[1\]$_DFF_P_/D
     1045 |      17 |     187 |      111 |     25 |   175 |   -0.115 |       -7.8 |    157 | sa11_sr\[1\]$_DFF_P_/D
iter:1045, pass:1, current fixing endpoint: sa03_sr\[7\]$_DFF_P_/D, endpoint slack:-5.255374e-11
     1046 |      17 |     187 |      111 |     25 |   176 |   -0.115 |       -7.8 |    157 | sa11_sr\[1\]$_DFF_P_/D
iter:1046, pass:2, current fixing endpoint: sa03_sr\[7\]$_DFF_P_/D, endpoint slack:-5.4732996e-11
     1047 |      17 |     187 |      111 |     25 |   177 |   -0.115 |       -7.8 |    157 | sa11_sr\[1\]$_DFF_P_/D
iter:1047, pass:3, current fixing endpoint: sa03_sr\[7\]$_DFF_P_/D, endpoint slack:-4.991718e-11
     1048 |      17 |     188 |      111 |     25 |   177 |   -0.115 |       -7.8 |    157 | sa11_sr\[1\]$_DFF_P_/D
iter:1048, pass:4, current fixing endpoint: sa03_sr\[7\]$_DFF_P_/D, endpoint slack:-5.2878257e-11
     1049 |      17 |     188 |      111 |     25 |   178 |   -0.115 |       -7.8 |    157 | sa11_sr\[1\]$_DFF_P_/D
iter:1049, pass:5, current fixing endpoint: sa03_sr\[7\]$_DFF_P_/D, endpoint slack:-5.0743965e-11
     1050 |      17 |     189 |      111 |     25 |   178 |   -0.115 |       -7.8 |    157 | sa11_sr\[1\]$_DFF_P_/D
iter:1050, pass:6, current fixing endpoint: sa03_sr\[7\]$_DFF_P_/D, endpoint slack:-5.3361093e-11
     1051 |      17 |     190 |      111 |     25 |   178 |   -0.115 |       -7.8 |    157 | sa11_sr\[1\]$_DFF_P_/D
iter:1051, pass:7, current fixing endpoint: sa03_sr\[7\]$_DFF_P_/D, endpoint slack:-5.3029137e-11
     1051 |      17 |     187 |      111 |     25 |   177 |   -0.115 |       -7.8 |    157 | sa11_sr\[1\]$_DFF_P_/D
     1052 |      17 |     187 |      111 |     25 |   177 |   -0.115 |       -7.8 |    157 | sa11_sr\[1\]$_DFF_P_/D
iter:1052, pass:1, current fixing endpoint: sa22_sr\[3\]$_DFF_P_/D, endpoint slack:-8.885592e-11
     1053 |      17 |     188 |      111 |     25 |   177 |   -0.115 |       -7.8 |    157 | sa11_sr\[1\]$_DFF_P_/D
iter:1053, pass:2, current fixing endpoint: sa22_sr\[3\]$_DFF_P_/D, endpoint slack:-8.247891e-11
     1054 |      17 |     189 |      111 |     25 |   177 |   -0.115 |       -7.7 |    157 | sa11_sr\[1\]$_DFF_P_/D
iter:1054, pass:3, current fixing endpoint: sa22_sr\[3\]$_DFF_P_/D, endpoint slack:-7.2420514e-11
     1055 |      17 |     190 |      111 |     25 |   177 |   -0.115 |       -7.7 |    157 | sa11_sr\[1\]$_DFF_P_/D
iter:1055, pass:4, current fixing endpoint: sa22_sr\[3\]$_DFF_P_/D, endpoint slack:-7.544931e-11
     1056 |      17 |     190 |      111 |     25 |   178 |   -0.115 |       -7.7 |    157 | sa11_sr\[1\]$_DFF_P_/D
iter:1056, pass:5, current fixing endpoint: sa22_sr\[3\]$_DFF_P_/D, endpoint slack:-7.897649e-11
     1057 |      17 |     191 |      111 |     25 |   178 |   -0.115 |       -7.7 |    157 | sa11_sr\[1\]$_DFF_P_/D
iter:1057, pass:6, current fixing endpoint: sa22_sr\[3\]$_DFF_P_/D, endpoint slack:-7.7231777e-11
     1058 |      17 |     192 |      111 |     25 |   178 |   -0.115 |       -7.7 |    157 | sa11_sr\[1\]$_DFF_P_/D
iter:1058, pass:7, current fixing endpoint: sa22_sr\[3\]$_DFF_P_/D, endpoint slack:-6.998879e-11
     1059 |      17 |     193 |      111 |     25 |   178 |   -0.115 |       -7.7 |    157 | sa11_sr\[1\]$_DFF_P_/D
iter:1059, pass:8, current fixing endpoint: sa22_sr\[3\]$_DFF_P_/D, endpoint slack:-7.241063e-11
     1060 |      17 |     194 |      111 |     25 |   178 |   -0.115 |       -7.7 |    157 | sa11_sr\[1\]$_DFF_P_/D
iter:1060, pass:9, current fixing endpoint: sa22_sr\[3\]$_DFF_P_/D, endpoint slack:-7.0167205e-11
     1061 |      17 |     195 |      111 |     25 |   178 |   -0.115 |       -7.7 |    157 | sa11_sr\[1\]$_DFF_P_/D
iter:1061, pass:10, current fixing endpoint: sa22_sr\[3\]$_DFF_P_/D, endpoint slack:-6.630807e-11
     1062 |      17 |     196 |      111 |     25 |   178 |   -0.115 |       -7.7 |    157 | sa11_sr\[1\]$_DFF_P_/D
iter:1062, pass:11, current fixing endpoint: sa22_sr\[3\]$_DFF_P_/D, endpoint slack:-6.2232e-11
     1063 |      17 |     196 |      111 |     25 |   179 |   -0.115 |       -7.7 |    157 | sa11_sr\[1\]$_DFF_P_/D
iter:1063, pass:12, current fixing endpoint: sa22_sr\[3\]$_DFF_P_/D, endpoint slack:-8.0170315e-11
     1064 |      17 |     196 |      113 |     25 |   179 |   -0.115 |       -7.7 |    157 | sa11_sr\[1\]$_DFF_P_/D
iter:1064, pass:13, current fixing endpoint: sa22_sr\[3\]$_DFF_P_/D, endpoint slack:-7.025491e-11
     1065 |      17 |     196 |      113 |     25 |   180 |   -0.115 |       -7.7 |    157 | sa11_sr\[1\]$_DFF_P_/D
iter:1065, pass:14, current fixing endpoint: sa22_sr\[3\]$_DFF_P_/D, endpoint slack:-6.479628e-11
     1066 |      17 |     196 |      113 |     25 |   181 |   -0.115 |       -7.7 |    157 | sa11_sr\[1\]$_DFF_P_/D
iter:1066, pass:15, current fixing endpoint: sa22_sr\[3\]$_DFF_P_/D, endpoint slack:-6.102441e-11
     1067 |      17 |     196 |      113 |     25 |   182 |   -0.115 |       -7.7 |    157 | sa11_sr\[1\]$_DFF_P_/D
iter:1067, pass:16, current fixing endpoint: sa22_sr\[3\]$_DFF_P_/D, endpoint slack:-6.1044725e-11
     1068 |      17 |     196 |      113 |     25 |   183 |   -0.115 |       -7.8 |    157 | sa11_sr\[1\]$_DFF_P_/D
iter:1068, pass:17, current fixing endpoint: sa22_sr\[3\]$_DFF_P_/D, endpoint slack:-6.388967e-11
     1069 |      17 |     197 |      113 |     25 |   183 |   -0.115 |       -7.8 |    157 | sa11_sr\[1\]$_DFF_P_/D
iter:1069, pass:18, current fixing endpoint: sa22_sr\[3\]$_DFF_P_/D, endpoint slack:-7.120515e-11
     1070 |      17 |     197 |      113 |     25 |   184 |   -0.115 |       -7.7 |    157 | sa11_sr\[1\]$_DFF_P_/D
iter:1070, pass:19, current fixing endpoint: sa22_sr\[3\]$_DFF_P_/D, endpoint slack:-6.0801364e-11
     1071 |      17 |     198 |      113 |     25 |   184 |   -0.115 |       -7.7 |    157 | sa11_sr\[1\]$_DFF_P_/D
iter:1071, pass:20, current fixing endpoint: sa22_sr\[3\]$_DFF_P_/D, endpoint slack:-5.913192e-11
     1072 |      17 |     199 |      113 |     25 |   184 |   -0.115 |       -7.7 |    157 | sa11_sr\[1\]$_DFF_P_/D
iter:1072, pass:21, current fixing endpoint: sa22_sr\[3\]$_DFF_P_/D, endpoint slack:-5.5629723e-11
     1073 |      17 |     199 |      113 |     25 |   185 |   -0.115 |       -7.7 |    157 | sa11_sr\[1\]$_DFF_P_/D
iter:1073, pass:22, current fixing endpoint: sa22_sr\[3\]$_DFF_P_/D, endpoint slack:-5.206624e-11
     1074 |      17 |     200 |      113 |     25 |   185 |   -0.115 |       -7.7 |    157 | sa11_sr\[1\]$_DFF_P_/D
iter:1074, pass:23, current fixing endpoint: sa22_sr\[3\]$_DFF_P_/D, endpoint slack:-5.379941e-11
     1075 |      17 |     201 |      113 |     25 |   185 |   -0.115 |       -7.7 |    157 | sa11_sr\[1\]$_DFF_P_/D
iter:1075, pass:24, current fixing endpoint: sa22_sr\[3\]$_DFF_P_/D, endpoint slack:-5.2571947e-11
     1076 |      17 |     202 |      113 |     25 |   185 |   -0.115 |       -7.7 |    157 | sa11_sr\[1\]$_DFF_P_/D
iter:1076, pass:25, current fixing endpoint: sa22_sr\[3\]$_DFF_P_/D, endpoint slack:-5.4233285e-11
     1077 |      17 |     202 |      113 |     25 |   186 |   -0.115 |       -7.7 |    157 | sa11_sr\[1\]$_DFF_P_/D
iter:1077, pass:26, current fixing endpoint: sa22_sr\[3\]$_DFF_P_/D, endpoint slack:-5.6647798e-11
     1078 |      17 |     203 |      113 |     25 |   186 |   -0.115 |       -7.7 |    157 | sa11_sr\[1\]$_DFF_P_/D
iter:1078, pass:27, current fixing endpoint: sa22_sr\[3\]$_DFF_P_/D, endpoint slack:-5.2153837e-11
     1079 |      17 |     204 |      113 |     25 |   186 |   -0.115 |       -7.7 |    157 | sa11_sr\[1\]$_DFF_P_/D
iter:1079, pass:28, current fixing endpoint: sa22_sr\[3\]$_DFF_P_/D, endpoint slack:-5.1744387e-11
     1080 |      17 |     205 |      113 |     25 |   186 |   -0.115 |       -7.7 |    157 | sa11_sr\[1\]$_DFF_P_/D
iter:1080, pass:29, current fixing endpoint: sa22_sr\[3\]$_DFF_P_/D, endpoint slack:-5.0873084e-11
     1081 |      17 |     205 |      113 |     25 |   187 |   -0.115 |       -7.7 |    157 | sa11_sr\[1\]$_DFF_P_/D
iter:1081, pass:30, current fixing endpoint: sa22_sr\[3\]$_DFF_P_/D, endpoint slack:-6.1534444e-11
     1082 |      17 |     205 |      113 |     25 |   188 |   -0.115 |       -7.7 |    157 | sa11_sr\[1\]$_DFF_P_/D
iter:1082, pass:31, current fixing endpoint: sa22_sr\[3\]$_DFF_P_/D, endpoint slack:-6.286094e-11
     1083 |      17 |     206 |      113 |     25 |   188 |   -0.115 |       -7.7 |    157 | sa11_sr\[1\]$_DFF_P_/D
iter:1083, pass:32, current fixing endpoint: sa22_sr\[3\]$_DFF_P_/D, endpoint slack:-6.067813e-11
     1084 |      17 |     207 |      113 |     25 |   188 |   -0.115 |       -7.7 |    157 | sa11_sr\[1\]$_DFF_P_/D
iter:1084, pass:33, current fixing endpoint: sa22_sr\[3\]$_DFF_P_/D, endpoint slack:-6.3468786e-11
     1085 |      17 |     207 |      113 |     26 |   188 |   -0.115 |       -7.7 |    157 | sa11_sr\[1\]$_DFF_P_/D
iter:1085, pass:34, current fixing endpoint: sa22_sr\[3\]$_DFF_P_/D, endpoint slack:-6.183676e-11
     1085 |      17 |     205 |      113 |     25 |   186 |   -0.115 |       -7.7 |    157 | sa11_sr\[1\]$_DFF_P_/D
     1086 |      17 |     205 |      113 |     25 |   186 |   -0.115 |       -7.7 |    157 | sa11_sr\[1\]$_DFF_P_/D
iter:1086, pass:1, current fixing endpoint: sa00_sr\[1\]$_DFF_P_/D, endpoint slack:-4.873202e-11
     1087 |      17 |     205 |      113 |     25 |   187 |   -0.115 |       -7.7 |    157 | sa11_sr\[1\]$_DFF_P_/D
iter:1087, pass:2, current fixing endpoint: sa00_sr\[1\]$_DFF_P_/D, endpoint slack:-5.1433413e-11
     1088 |      17 |     205 |      113 |     25 |   188 |   -0.115 |       -7.7 |    157 | sa11_sr\[1\]$_DFF_P_/D
iter:1088, pass:3, current fixing endpoint: sa00_sr\[1\]$_DFF_P_/D, endpoint slack:-5.6648797e-11
     1089 |      17 |     205 |      113 |     25 |   189 |   -0.115 |       -7.7 |    157 | sa11_sr\[1\]$_DFF_P_/D
iter:1089, pass:4, current fixing endpoint: sa00_sr\[1\]$_DFF_P_/D, endpoint slack:-6.2154726e-11
     1090 |      17 |     206 |      113 |     25 |   189 |   -0.115 |       -7.7 |    157 | sa11_sr\[1\]$_DFF_P_/D
iter:1090, pass:5, current fixing endpoint: sa00_sr\[1\]$_DFF_P_/D, endpoint slack:-5.9414695e-11
     1091 |      17 |     207 |      113 |     25 |   189 |   -0.115 |       -7.7 |    157 | sa11_sr\[1\]$_DFF_P_/D
iter:1091, pass:6, current fixing endpoint: sa00_sr\[1\]$_DFF_P_/D, endpoint slack:-5.853473e-11
     1092 |      17 |     208 |      113 |     25 |   189 |   -0.115 |       -7.7 |    157 | sa11_sr\[1\]$_DFF_P_/D
iter:1092, pass:7, current fixing endpoint: sa00_sr\[1\]$_DFF_P_/D, endpoint slack:-5.8079652e-11
     1093 |      17 |     208 |      113 |     26 |   189 |   -0.115 |       -7.7 |    157 | sa11_sr\[1\]$_DFF_P_/D
iter:1093, pass:8, current fixing endpoint: sa00_sr\[1\]$_DFF_P_/D, endpoint slack:-5.7693406e-11
     1093 |      17 |     205 |      113 |     25 |   186 |   -0.115 |       -7.7 |    157 | sa11_sr\[1\]$_DFF_P_/D
     1094 |      17 |     205 |      113 |     25 |   186 |   -0.115 |       -7.7 |    157 | sa11_sr\[1\]$_DFF_P_/D
iter:1094, pass:1, current fixing endpoint: sa01_sr\[5\]$_DFF_P_/D, endpoint slack:-5.1438853e-11
     1095 |      17 |     205 |      113 |     25 |   187 |   -0.115 |       -7.7 |    157 | sa11_sr\[1\]$_DFF_P_/D
iter:1095, pass:2, current fixing endpoint: sa01_sr\[5\]$_DFF_P_/D, endpoint slack:-5.0283555e-11
     1096 |      17 |     206 |      113 |     25 |   187 |   -0.115 |       -7.7 |    157 | sa11_sr\[1\]$_DFF_P_/D
iter:1096, pass:3, current fixing endpoint: sa01_sr\[5\]$_DFF_P_/D, endpoint slack:-4.6267545e-11
     1097 |      17 |     206 |      113 |     25 |   188 |   -0.115 |       -7.7 |    157 | sa11_sr\[1\]$_DFF_P_/D
iter:1097, pass:4, current fixing endpoint: sa01_sr\[5\]$_DFF_P_/D, endpoint slack:-4.201095e-11
     1098 |      17 |     207 |      113 |     25 |   188 |   -0.115 |       -7.7 |    157 | sa11_sr\[1\]$_DFF_P_/D
iter:1098, pass:5, current fixing endpoint: sa01_sr\[5\]$_DFF_P_/D, endpoint slack:-3.786982e-11
     1099 |      17 |     208 |      113 |     25 |   188 |   -0.115 |       -7.7 |    157 | sa11_sr\[1\]$_DFF_P_/D
iter:1099, pass:6, current fixing endpoint: sa01_sr\[5\]$_DFF_P_/D, endpoint slack:-3.9931503e-11
     1100 |      17 |     209 |      113 |     25 |   188 |   -0.115 |       -7.7 |    157 | sa11_sr\[1\]$_DFF_P_/D
iter:1100, pass:7, current fixing endpoint: sa01_sr\[5\]$_DFF_P_/D, endpoint slack:-3.7501335e-11
     1101 |      17 |     210 |      113 |     25 |   188 |   -0.115 |       -7.7 |    157 | sa11_sr\[1\]$_DFF_P_/D
iter:1101, pass:8, current fixing endpoint: sa01_sr\[5\]$_DFF_P_/D, endpoint slack:-3.983347e-11
     1102 |      17 |     210 |      113 |     25 |   189 |   -0.115 |       -7.7 |    157 | sa11_sr\[1\]$_DFF_P_/D
iter:1102, pass:9, current fixing endpoint: sa01_sr\[5\]$_DFF_P_/D, endpoint slack:-4.8042348e-11
     1103 |      17 |     210 |      113 |     25 |   190 |   -0.115 |       -7.7 |    157 | sa11_sr\[1\]$_DFF_P_/D
iter:1103, pass:10, current fixing endpoint: sa01_sr\[5\]$_DFF_P_/D, endpoint slack:-5.5637828e-11
     1104 |      17 |     211 |      113 |     25 |   190 |   -0.115 |       -7.7 |    157 | sa11_sr\[1\]$_DFF_P_/D
iter:1104, pass:11, current fixing endpoint: sa01_sr\[5\]$_DFF_P_/D, endpoint slack:-5.2452154e-11
     1105 |      17 |     211 |      113 |     25 |   191 |   -0.115 |       -7.7 |    157 | sa11_sr\[1\]$_DFF_P_/D
iter:1105, pass:12, current fixing endpoint: sa01_sr\[5\]$_DFF_P_/D, endpoint slack:-4.9486748e-11
     1106 |      17 |     212 |      113 |     25 |   191 |   -0.115 |       -7.7 |    157 | sa11_sr\[1\]$_DFF_P_/D
iter:1106, pass:13, current fixing endpoint: sa01_sr\[5\]$_DFF_P_/D, endpoint slack:-4.9774296e-11
     1107 |      18 |     212 |      113 |     25 |   191 |   -0.115 |       -7.6 |    157 | sa11_sr\[1\]$_DFF_P_/D
iter:1107, pass:14, current fixing endpoint: sa01_sr\[5\]$_DFF_P_/D, endpoint slack:-3.586187e-11
     1108 |      18 |     213 |      113 |     25 |   191 |   -0.115 |       -7.7 |    157 | sa11_sr\[1\]$_DFF_P_/D
iter:1108, pass:15, current fixing endpoint: sa01_sr\[5\]$_DFF_P_/D, endpoint slack:-3.1480707e-11
     1109 |      18 |     214 |      113 |     25 |   191 |   -0.115 |       -7.7 |    157 | sa11_sr\[1\]$_DFF_P_/D
iter:1109, pass:16, current fixing endpoint: sa01_sr\[5\]$_DFF_P_/D, endpoint slack:-2.929601e-11
     1110 |      18 |     214 |      115 |     25 |   191 |   -0.115 |       -7.7 |    157 | sa11_sr\[1\]$_DFF_P_/D
iter:1110, pass:17, current fixing endpoint: sa01_sr\[5\]$_DFF_P_/D, endpoint slack:-2.8744562e-11
     1111 |      18 |     214 |      117 |     25 |   191 |   -0.115 |       -7.7 |    157 | sa11_sr\[1\]$_DFF_P_/D
iter:1111, pass:18, current fixing endpoint: sa01_sr\[5\]$_DFF_P_/D, endpoint slack:-2.7871594e-11
     1112 |      18 |     215 |      117 |     25 |   191 |   -0.115 |       -7.6 |    157 | sa11_sr\[1\]$_DFF_P_/D
iter:1112, pass:19, current fixing endpoint: sa01_sr\[5\]$_DFF_P_/D, endpoint slack:-2.7556735e-11
     1113 |      18 |     216 |      117 |     25 |   191 |   -0.115 |       -7.6 |    157 | sa11_sr\[1\]$_DFF_P_/D
iter:1113, pass:20, current fixing endpoint: sa01_sr\[5\]$_DFF_P_/D, endpoint slack:-2.603695e-11
     1114 |      18 |     216 |      117 |     26 |   191 |   -0.115 |       -7.6 |    157 | sa11_sr\[1\]$_DFF_P_/D
iter:1114, pass:21, current fixing endpoint: sa01_sr\[5\]$_DFF_P_/D, endpoint slack:-2.5741409e-11
     1115 |      18 |     217 |      117 |     26 |   191 |   -0.115 |       -7.7 |    157 | sa11_sr\[1\]$_DFF_P_/D
iter:1115, pass:22, current fixing endpoint: sa01_sr\[5\]$_DFF_P_/D, endpoint slack:-2.764744e-11
     1116 |      18 |     218 |      117 |     26 |   191 |   -0.115 |       -7.7 |    157 | sa11_sr\[1\]$_DFF_P_/D
iter:1116, pass:23, current fixing endpoint: sa01_sr\[5\]$_DFF_P_/D, endpoint slack:-2.7436164e-11
     1117 |      18 |     219 |      117 |     26 |   191 |   -0.115 |       -7.7 |    157 | sa11_sr\[1\]$_DFF_P_/D
iter:1117, pass:24, current fixing endpoint: sa01_sr\[5\]$_DFF_P_/D, endpoint slack:-2.6087688e-11
     1118 |      18 |     220 |      117 |     26 |   191 |   -0.115 |       -7.7 |    157 | sa11_sr\[1\]$_DFF_P_/D
iter:1118, pass:25, current fixing endpoint: sa01_sr\[5\]$_DFF_P_/D, endpoint slack:-2.5540015e-11
     1119 |      18 |     221 |      117 |     26 |   191 |   -0.115 |       -7.7 |    157 | sa11_sr\[1\]$_DFF_P_/D
iter:1119, pass:26, current fixing endpoint: sa01_sr\[5\]$_DFF_P_/D, endpoint slack:-2.4638847e-11
     1120 |      18 |     221 |      117 |     26 |   192 |   -0.115 |       -7.7 |    157 | sa11_sr\[1\]$_DFF_P_/D
iter:1120, pass:27, current fixing endpoint: sa01_sr\[5\]$_DFF_P_/D, endpoint slack:-3.0006664e-11
     1121 |      18 |     222 |      117 |     26 |   192 |   -0.115 |       -7.7 |    157 | sa11_sr\[1\]$_DFF_P_/D
iter:1121, pass:28, current fixing endpoint: sa01_sr\[5\]$_DFF_P_/D, endpoint slack:-2.8774094e-11
     1122 |      18 |     223 |      117 |     26 |   192 |   -0.115 |       -7.7 |    157 | sa11_sr\[1\]$_DFF_P_/D
iter:1122, pass:29, current fixing endpoint: sa01_sr\[5\]$_DFF_P_/D, endpoint slack:-3.1999736e-11
     1123 |      18 |     224 |      117 |     26 |   192 |   -0.115 |       -7.7 |    157 | sa11_sr\[1\]$_DFF_P_/D
iter:1123, pass:30, current fixing endpoint: sa01_sr\[5\]$_DFF_P_/D, endpoint slack:-3.0568437e-11
     1123 |      18 |     221 |      117 |     26 |   191 |   -0.115 |       -7.7 |    157 | sa11_sr\[1\]$_DFF_P_/D
     1124 |      18 |     221 |      117 |     26 |   191 |   -0.115 |       -7.7 |    157 | sa11_sr\[1\]$_DFF_P_/D
iter:1124, pass:1, current fixing endpoint: sa21_sr\[6\]$_DFF_P_/D, endpoint slack:-5.235501e-11
     1125 |      18 |     221 |      117 |     26 |   192 |   -0.115 |       -7.7 |    157 | sa11_sr\[1\]$_DFF_P_/D
iter:1125, pass:2, current fixing endpoint: sa21_sr\[6\]$_DFF_P_/D, endpoint slack:-5.1339044e-11
     1126 |      18 |     221 |      117 |     26 |   193 |   -0.115 |       -7.7 |    157 | sa11_sr\[1\]$_DFF_P_/D
iter:1126, pass:3, current fixing endpoint: sa21_sr\[6\]$_DFF_P_/D, endpoint slack:-7.7050144e-11
     1127 |      18 |     221 |      119 |     26 |   193 |   -0.115 |       -7.7 |    157 | sa11_sr\[1\]$_DFF_P_/D
iter:1127, pass:4, current fixing endpoint: sa21_sr\[6\]$_DFF_P_/D, endpoint slack:-7.456824e-11
     1128 |      18 |     221 |      119 |     26 |   194 |   -0.115 |       -7.7 |    157 | sa11_sr\[1\]$_DFF_P_/D
iter:1128, pass:5, current fixing endpoint: sa21_sr\[6\]$_DFF_P_/D, endpoint slack:-7.415901e-11
     1129 |      18 |     222 |      119 |     26 |   194 |   -0.115 |       -7.7 |    157 | sa11_sr\[1\]$_DFF_P_/D
iter:1129, pass:6, current fixing endpoint: sa21_sr\[6\]$_DFF_P_/D, endpoint slack:-7.1324835e-11
     1130 |      18 |     223 |      119 |     26 |   194 |   -0.115 |       -7.7 |    157 | sa11_sr\[1\]$_DFF_P_/D
iter:1130, pass:7, current fixing endpoint: sa21_sr\[6\]$_DFF_P_/D, endpoint slack:-7.2068795e-11
     1131 |      18 |     224 |      119 |     26 |   194 |   -0.115 |       -7.7 |    157 | sa11_sr\[1\]$_DFF_P_/D
iter:1131, pass:8, current fixing endpoint: sa21_sr\[6\]$_DFF_P_/D, endpoint slack:-6.2419514e-11
     1132 |      18 |     225 |      119 |     26 |   194 |   -0.115 |       -7.7 |    157 | sa11_sr\[1\]$_DFF_P_/D
iter:1132, pass:9, current fixing endpoint: sa21_sr\[6\]$_DFF_P_/D, endpoint slack:-5.911016e-11
     1133 |      18 |     226 |      119 |     26 |   194 |   -0.115 |       -7.7 |    157 | sa11_sr\[1\]$_DFF_P_/D
iter:1133, pass:10, current fixing endpoint: sa21_sr\[6\]$_DFF_P_/D, endpoint slack:-6.089662e-11
     1134 |      18 |     227 |      119 |     26 |   194 |   -0.115 |       -7.7 |    157 | sa11_sr\[1\]$_DFF_P_/D
iter:1134, pass:11, current fixing endpoint: sa21_sr\[6\]$_DFF_P_/D, endpoint slack:-6.042189e-11
     1135 |      18 |     228 |      119 |     26 |   194 |   -0.115 |       -7.7 |    157 | sa11_sr\[1\]$_DFF_P_/D
iter:1135, pass:12, current fixing endpoint: sa21_sr\[6\]$_DFF_P_/D, endpoint slack:-5.7053473e-11
     1136 |      18 |     229 |      119 |     26 |   194 |   -0.115 |       -7.7 |    157 | sa11_sr\[1\]$_DFF_P_/D
iter:1136, pass:13, current fixing endpoint: sa21_sr\[6\]$_DFF_P_/D, endpoint slack:-5.2728155e-11
     1137 |      18 |     230 |      119 |     26 |   194 |   -0.115 |       -7.7 |    157 | sa11_sr\[1\]$_DFF_P_/D
iter:1137, pass:14, current fixing endpoint: sa21_sr\[6\]$_DFF_P_/D, endpoint slack:-5.1867288e-11
     1138 |      18 |     231 |      119 |     26 |   194 |   -0.115 |       -7.7 |    157 | sa11_sr\[1\]$_DFF_P_/D
iter:1138, pass:15, current fixing endpoint: sa21_sr\[6\]$_DFF_P_/D, endpoint slack:-5.1782467e-11
     1139 |      18 |     231 |      119 |     26 |   195 |   -0.115 |       -7.7 |    157 | sa11_sr\[1\]$_DFF_P_/D
iter:1139, pass:16, current fixing endpoint: sa21_sr\[6\]$_DFF_P_/D, endpoint slack:-4.937284e-11
     1140 |      18 |     231 |      119 |     26 |   196 |   -0.115 |       -7.7 |    157 | sa11_sr\[1\]$_DFF_P_/D
iter:1140, pass:17, current fixing endpoint: sa21_sr\[6\]$_DFF_P_/D, endpoint slack:-5.1512905e-11
     1141 |      18 |     231 |      119 |     26 |   197 |   -0.115 |       -7.7 |    157 | sa11_sr\[1\]$_DFF_P_/D
iter:1141, pass:18, current fixing endpoint: sa21_sr\[6\]$_DFF_P_/D, endpoint slack:-4.9306892e-11
     1142 |      18 |     232 |      119 |     26 |   197 |   -0.115 |       -7.6 |    157 | sa11_sr\[1\]$_DFF_P_/D
iter:1142, pass:19, current fixing endpoint: sa21_sr\[6\]$_DFF_P_/D, endpoint slack:-4.3767656e-11
     1143 |      18 |     233 |      119 |     26 |   197 |   -0.115 |       -7.6 |    157 | sa11_sr\[1\]$_DFF_P_/D
iter:1143, pass:20, current fixing endpoint: sa21_sr\[6\]$_DFF_P_/D, endpoint slack:-4.320644e-11
     1144 |      18 |     233 |      119 |     26 |   198 |   -0.115 |       -7.6 |    157 | sa11_sr\[1\]$_DFF_P_/D
iter:1144, pass:21, current fixing endpoint: sa21_sr\[6\]$_DFF_P_/D, endpoint slack:-4.239087e-11
     1145 |      18 |     234 |      119 |     26 |   198 |   -0.115 |       -7.7 |    157 | sa11_sr\[1\]$_DFF_P_/D
iter:1145, pass:22, current fixing endpoint: sa21_sr\[6\]$_DFF_P_/D, endpoint slack:-4.755596e-11
     1146 |      18 |     234 |      119 |     26 |   199 |   -0.115 |       -7.7 |    157 | sa11_sr\[1\]$_DFF_P_/D
iter:1146, pass:23, current fixing endpoint: sa21_sr\[6\]$_DFF_P_/D, endpoint slack:-4.6235127e-11
     1146 |      18 |     233 |      119 |     26 |   198 |   -0.115 |       -7.6 |    157 | sa11_sr\[1\]$_DFF_P_/D
     1147 |      18 |     233 |      119 |     26 |   198 |   -0.115 |       -7.6 |    157 | sa11_sr\[1\]$_DFF_P_/D
iter:1147, pass:1, current fixing endpoint: sa13_sr\[6\]$_DFF_P_/D, endpoint slack:-6.26843e-11
     1148 |      18 |     233 |      119 |     26 |   199 |   -0.115 |       -7.6 |    157 | sa11_sr\[1\]$_DFF_P_/D
iter:1148, pass:2, current fixing endpoint: sa13_sr\[6\]$_DFF_P_/D, endpoint slack:-5.759071e-11
     1149 |      18 |     233 |      119 |     26 |   200 |   -0.115 |       -7.6 |    157 | sa11_sr\[1\]$_DFF_P_/D
iter:1149, pass:3, current fixing endpoint: sa13_sr\[6\]$_DFF_P_/D, endpoint slack:-5.612677e-11
     1150 |      18 |     234 |      119 |     26 |   200 |   -0.115 |       -7.6 |    157 | sa11_sr\[1\]$_DFF_P_/D
iter:1150, pass:4, current fixing endpoint: sa13_sr\[6\]$_DFF_P_/D, endpoint slack:-5.41599e-11
     1151 |      18 |     234 |      119 |     26 |   201 |   -0.115 |       -7.6 |    157 | sa11_sr\[1\]$_DFF_P_/D
iter:1151, pass:5, current fixing endpoint: sa13_sr\[6\]$_DFF_P_/D, endpoint slack:-5.8982486e-11
     1152 |      18 |     234 |      119 |     26 |   202 |   -0.115 |       -7.6 |    157 | sa11_sr\[1\]$_DFF_P_/D
iter:1152, pass:6, current fixing endpoint: sa13_sr\[6\]$_DFF_P_/D, endpoint slack:-6.661427e-11
     1153 |      18 |     234 |      119 |     26 |   203 |   -0.115 |       -7.7 |    157 | sa11_sr\[1\]$_DFF_P_/D
iter:1153, pass:7, current fixing endpoint: sa13_sr\[6\]$_DFF_P_/D, endpoint slack:-8.3010376e-11
     1154 |      18 |     234 |      119 |     26 |   204 |   -0.115 |       -7.7 |    157 | sa11_sr\[1\]$_DFF_P_/D
iter:1154, pass:8, current fixing endpoint: sa13_sr\[6\]$_DFF_P_/D, endpoint slack:-8.139711e-11
     1154 |      18 |     234 |      119 |     26 |   200 |   -0.115 |       -7.6 |    157 | sa11_sr\[1\]$_DFF_P_/D
     1155 |      18 |     234 |      119 |     26 |   200 |   -0.115 |       -7.6 |    157 | sa11_sr\[1\]$_DFF_P_/D
iter:1155, pass:1, current fixing endpoint: sa12_sr\[6\]$_DFF_P_/D, endpoint slack:-5.3253513e-11
     1156 |      18 |     235 |      119 |     26 |   200 |   -0.115 |       -7.6 |    157 | sa11_sr\[1\]$_DFF_P_/D
iter:1156, pass:2, current fixing endpoint: sa12_sr\[6\]$_DFF_P_/D, endpoint slack:-5.558809e-11
     1157 |      18 |     235 |      119 |     26 |   201 |   -0.115 |       -7.6 |    157 | sa11_sr\[1\]$_DFF_P_/D
iter:1157, pass:3, current fixing endpoint: sa12_sr\[6\]$_DFF_P_/D, endpoint slack:-6.1264105e-11
     1158 |      18 |     235 |      119 |     26 |   202 |   -0.115 |       -7.6 |    157 | sa11_sr\[1\]$_DFF_P_/D
iter:1158, pass:4, current fixing endpoint: sa12_sr\[6\]$_DFF_P_/D, endpoint slack:-5.425016e-11
     1159 |      18 |     236 |      119 |     26 |   202 |   -0.115 |       -7.6 |    157 | sa11_sr\[1\]$_DFF_P_/D
iter:1159, pass:5, current fixing endpoint: sa12_sr\[6\]$_DFF_P_/D, endpoint slack:-5.199996e-11
     1160 |      18 |     236 |      119 |     26 |   203 |   -0.115 |       -7.6 |    157 | sa11_sr\[1\]$_DFF_P_/D
iter:1160, pass:6, current fixing endpoint: sa12_sr\[6\]$_DFF_P_/D, endpoint slack:-5.6311622e-11
     1161 |      18 |     237 |      119 |     26 |   203 |   -0.115 |       -7.6 |    157 | sa11_sr\[1\]$_DFF_P_/D
iter:1161, pass:7, current fixing endpoint: sa12_sr\[6\]$_DFF_P_/D, endpoint slack:-5.5946137e-11
     1162 |      18 |     237 |      119 |     26 |   204 |   -0.115 |       -7.6 |    157 | sa11_sr\[1\]$_DFF_P_/D
iter:1162, pass:8, current fixing endpoint: sa12_sr\[6\]$_DFF_P_/D, endpoint slack:-5.4756533e-11
     1163 |      18 |     237 |      119 |     26 |   205 |   -0.115 |       -7.6 |    157 | sa11_sr\[1\]$_DFF_P_/D
iter:1163, pass:9, current fixing endpoint: sa12_sr\[6\]$_DFF_P_/D, endpoint slack:-5.739398e-11
     1164 |      18 |     238 |      119 |     26 |   205 |   -0.115 |       -7.7 |    157 | sa11_sr\[1\]$_DFF_P_/D
iter:1164, pass:10, current fixing endpoint: sa12_sr\[6\]$_DFF_P_/D, endpoint slack:-6.533041e-11
     1165 |      18 |     239 |      119 |     26 |   205 |   -0.115 |       -7.6 |    157 | sa11_sr\[1\]$_DFF_P_/D
iter:1165, pass:11, current fixing endpoint: sa12_sr\[6\]$_DFF_P_/D, endpoint slack:-5.0854765e-11
     1166 |      18 |     240 |      119 |     26 |   205 |   -0.115 |       -7.6 |    157 | sa11_sr\[1\]$_DFF_P_/D
iter:1166, pass:12, current fixing endpoint: sa12_sr\[6\]$_DFF_P_/D, endpoint slack:-5.0160986e-11
     1167 |      18 |     241 |      119 |     26 |   205 |   -0.115 |       -7.6 |    157 | sa11_sr\[1\]$_DFF_P_/D
iter:1167, pass:13, current fixing endpoint: sa12_sr\[6\]$_DFF_P_/D, endpoint slack:-4.9357296e-11
     1168 |      18 |     242 |      119 |     26 |   205 |   -0.115 |       -7.7 |    157 | sa11_sr\[1\]$_DFF_P_/D
iter:1168, pass:14, current fixing endpoint: sa12_sr\[6\]$_DFF_P_/D, endpoint slack:-5.134393e-11
     1169 |      19 |     242 |      119 |     26 |   205 |   -0.115 |       -7.6 |    157 | sa11_sr\[1\]$_DFF_P_/D
iter:1169, pass:15, current fixing endpoint: sa12_sr\[6\]$_DFF_P_/D, endpoint slack:-4.901124e-11
     1170 |      19 |     243 |      119 |     26 |   205 |   -0.115 |       -7.6 |    157 | sa11_sr\[1\]$_DFF_P_/D
iter:1170, pass:16, current fixing endpoint: sa12_sr\[6\]$_DFF_P_/D, endpoint slack:-4.8632876e-11
     1171 |      19 |     244 |      119 |     26 |   205 |   -0.115 |       -7.6 |    157 | sa11_sr\[1\]$_DFF_P_/D
iter:1171, pass:17, current fixing endpoint: sa12_sr\[6\]$_DFF_P_/D, endpoint slack:-4.868772e-11
     1172 |      19 |     244 |      119 |     26 |   206 |   -0.115 |       -7.6 |    157 | sa11_sr\[1\]$_DFF_P_/D
iter:1172, pass:18, current fixing endpoint: sa12_sr\[6\]$_DFF_P_/D, endpoint slack:-4.993206e-11
     1172 |      19 |     243 |      119 |     26 |   205 |   -0.115 |       -7.6 |    157 | sa11_sr\[1\]$_DFF_P_/D
     1173 |      19 |     243 |      119 |     26 |   205 |   -0.115 |       -7.6 |    157 | sa11_sr\[1\]$_DFF_P_/D
iter:1173, pass:1, current fixing endpoint: sa30_sr\[5\]$_DFF_P_/D, endpoint slack:-3.6396663e-11
     1174 |      19 |     243 |      121 |     26 |   205 |   -0.115 |       -7.6 |    157 | sa11_sr\[1\]$_DFF_P_/D
iter:1174, pass:2, current fixing endpoint: sa30_sr\[5\]$_DFF_P_/D, endpoint slack:-3.6503578e-11
     1175 |      19 |     243 |      121 |     26 |   206 |   -0.115 |       -7.6 |    157 | sa11_sr\[1\]$_DFF_P_/D
iter:1175, pass:3, current fixing endpoint: sa30_sr\[5\]$_DFF_P_/D, endpoint slack:-3.4706016e-11
     1176 |      19 |     244 |      121 |     26 |   206 |   -0.115 |       -7.6 |    157 | sa11_sr\[1\]$_DFF_P_/D
iter:1176, pass:4, current fixing endpoint: sa30_sr\[5\]$_DFF_P_/D, endpoint slack:-3.4575454e-11
     1177 |      19 |     244 |      121 |     27 |   206 |   -0.115 |       -7.7 |    157 | sa11_sr\[1\]$_DFF_P_/D
iter:1177, pass:5, current fixing endpoint: sa30_sr\[5\]$_DFF_P_/D, endpoint slack:-3.3490655e-11
     1178 |      19 |     244 |      121 |     27 |   207 |   -0.115 |       -7.7 |    157 | sa11_sr\[1\]$_DFF_P_/D
iter:1178, pass:6, current fixing endpoint: sa30_sr\[5\]$_DFF_P_/D, endpoint slack:-3.7480796e-11
     1179 |      19 |     245 |      121 |     27 |   207 |   -0.115 |       -7.7 |    157 | sa11_sr\[1\]$_DFF_P_/D
iter:1179, pass:7, current fixing endpoint: sa30_sr\[5\]$_DFF_P_/D, endpoint slack:-3.7410297e-11
     1180 |      19 |     245 |      121 |     27 |   208 |   -0.115 |       -7.7 |    157 | sa11_sr\[1\]$_DFF_P_/D
iter:1180, pass:8, current fixing endpoint: sa30_sr\[5\]$_DFF_P_/D, endpoint slack:-4.3265502e-11
     1181 |      19 |     245 |      121 |     27 |   209 |   -0.115 |       -7.7 |    157 | sa11_sr\[1\]$_DFF_P_/D
iter:1181, pass:9, current fixing endpoint: sa30_sr\[5\]$_DFF_P_/D, endpoint slack:-4.8929416e-11
     1182 |      19 |     246 |      121 |     27 |   209 |   -0.115 |       -7.7 |    157 | sa11_sr\[1\]$_DFF_P_/D
iter:1182, pass:10, current fixing endpoint: sa30_sr\[5\]$_DFF_P_/D, endpoint slack:-4.448719e-11
     1183 |      19 |     246 |      121 |     27 |   210 |   -0.115 |       -7.7 |    157 | sa11_sr\[1\]$_DFF_P_/D
iter:1183, pass:11, current fixing endpoint: sa30_sr\[5\]$_DFF_P_/D, endpoint slack:-6.7292394e-11
     1184 |      19 |     246 |      121 |     28 |   210 |   -0.115 |       -7.7 |    157 | sa11_sr\[1\]$_DFF_P_/D
iter:1184, pass:12, current fixing endpoint: sa30_sr\[5\]$_DFF_P_/D, endpoint slack:-6.810741e-11
     1185 |      19 |     247 |      121 |     28 |   210 |   -0.115 |       -7.7 |    157 | sa11_sr\[1\]$_DFF_P_/D
iter:1185, pass:13, current fixing endpoint: sa30_sr\[5\]$_DFF_P_/D, endpoint slack:-7.071577e-11
     1186 |      19 |     248 |      121 |     28 |   210 |   -0.115 |       -7.7 |    157 | sa11_sr\[1\]$_DFF_P_/D
iter:1186, pass:14, current fixing endpoint: sa30_sr\[5\]$_DFF_P_/D, endpoint slack:-6.554024e-11
     1187 |      19 |     249 |      121 |     28 |   210 |   -0.115 |       -7.7 |    157 | sa11_sr\[1\]$_DFF_P_/D
iter:1187, pass:15, current fixing endpoint: sa30_sr\[5\]$_DFF_P_/D, endpoint slack:-6.462764e-11
     1188 |      19 |     249 |      121 |     28 |   211 |   -0.115 |       -7.7 |    157 | sa11_sr\[1\]$_DFF_P_/D
iter:1188, pass:16, current fixing endpoint: sa30_sr\[5\]$_DFF_P_/D, endpoint slack:-6.332568e-11
     1189 |      19 |     250 |      121 |     28 |   211 |   -0.115 |       -7.7 |    157 | sa11_sr\[1\]$_DFF_P_/D
iter:1189, pass:17, current fixing endpoint: sa30_sr\[5\]$_DFF_P_/D, endpoint slack:-6.120293e-11
     1190 |      19 |     251 |      121 |     28 |   211 |   -0.115 |       -7.7 |    157 | sa11_sr\[1\]$_DFF_P_/D
iter:1190, pass:18, current fixing endpoint: sa30_sr\[5\]$_DFF_P_/D, endpoint slack:-6.294398e-11
     1191 |      19 |     252 |      121 |     28 |   211 |   -0.115 |       -7.7 |    157 | sa11_sr\[1\]$_DFF_P_/D
iter:1191, pass:19, current fixing endpoint: sa30_sr\[5\]$_DFF_P_/D, endpoint slack:-6.374512e-11
     1192 |      19 |     252 |      121 |     29 |   211 |   -0.115 |       -7.7 |    157 | sa11_sr\[1\]$_DFF_P_/D
iter:1192, pass:20, current fixing endpoint: sa30_sr\[5\]$_DFF_P_/D, endpoint slack:-5.9900085e-11
     1192 |      19 |     248 |      121 |     27 |   206 |   -0.115 |       -7.7 |    157 | sa11_sr\[1\]$_DFF_P_/D
     1193 |      19 |     248 |      121 |     27 |   206 |   -0.115 |       -7.7 |    157 | sa11_sr\[1\]$_DFF_P_/D
iter:1193, pass:1, current fixing endpoint: sa21_sr\[0\]$_DFF_P_/D, endpoint slack:-5.12691e-11
     1194 |      19 |     248 |      121 |     27 |   207 |   -0.115 |       -7.7 |    157 | sa11_sr\[1\]$_DFF_P_/D
iter:1194, pass:2, current fixing endpoint: sa21_sr\[0\]$_DFF_P_/D, endpoint slack:-5.6424976e-11
     1195 |      19 |     248 |      123 |     27 |   207 |   -0.115 |       -7.7 |    157 | sa11_sr\[1\]$_DFF_P_/D
iter:1195, pass:3, current fixing endpoint: sa21_sr\[0\]$_DFF_P_/D, endpoint slack:-5.0605964e-11
     1196 |      19 |     248 |      123 |     27 |   208 |   -0.115 |       -7.7 |    157 | sa11_sr\[1\]$_DFF_P_/D
iter:1196, pass:4, current fixing endpoint: sa21_sr\[0\]$_DFF_P_/D, endpoint slack:-4.634193e-11
     1197 |      19 |     249 |      123 |     27 |   208 |   -0.115 |       -7.7 |    157 | sa11_sr\[1\]$_DFF_P_/D
iter:1197, pass:5, current fixing endpoint: sa21_sr\[0\]$_DFF_P_/D, endpoint slack:-4.348466e-11
     1198 |      19 |     250 |      123 |     27 |   208 |   -0.115 |       -7.7 |    157 | sa11_sr\[1\]$_DFF_P_/D
iter:1198, pass:6, current fixing endpoint: sa21_sr\[0\]$_DFF_P_/D, endpoint slack:-4.187961e-11
     1199 |      19 |     251 |      123 |     27 |   208 |   -0.115 |       -7.7 |    157 | sa11_sr\[1\]$_DFF_P_/D
iter:1199, pass:7, current fixing endpoint: sa21_sr\[0\]$_DFF_P_/D, endpoint slack:-4.5550674e-11
     1200 |      19 |     252 |      123 |     27 |   208 |   -0.115 |       -7.7 |    157 | sa11_sr\[1\]$_DFF_P_/D
iter:1200, pass:8, current fixing endpoint: sa21_sr\[0\]$_DFF_P_/D, endpoint slack:-4.0684234e-11
     1201 |      19 |     253 |      123 |     27 |   208 |   -0.115 |       -7.7 |    157 | sa11_sr\[1\]$_DFF_P_/D
iter:1201, pass:9, current fixing endpoint: sa21_sr\[0\]$_DFF_P_/D, endpoint slack:-4.2480797e-11
     1202 |      19 |     254 |      123 |     27 |   208 |   -0.115 |       -7.7 |    157 | sa11_sr\[1\]$_DFF_P_/D
iter:1202, pass:10, current fixing endpoint: sa21_sr\[0\]$_DFF_P_/D, endpoint slack:-3.689915e-11
     1203 |      19 |     255 |      123 |     27 |   208 |   -0.115 |       -7.7 |    157 | sa11_sr\[1\]$_DFF_P_/D
iter:1203, pass:11, current fixing endpoint: sa21_sr\[0\]$_DFF_P_/D, endpoint slack:-3.7061132e-11
     1204 |      19 |     255 |      123 |     27 |   209 |   -0.115 |       -7.7 |    157 | sa11_sr\[1\]$_DFF_P_/D
iter:1204, pass:12, current fixing endpoint: sa21_sr\[0\]$_DFF_P_/D, endpoint slack:-3.3116954e-11
     1205 |      19 |     255 |      123 |     27 |   210 |   -0.115 |       -7.7 |    157 | sa11_sr\[1\]$_DFF_P_/D
iter:1205, pass:13, current fixing endpoint: sa21_sr\[0\]$_DFF_P_/D, endpoint slack:-4.1458503e-11
     1206 |      19 |     256 |      123 |     27 |   210 |   -0.115 |       -7.7 |    157 | sa11_sr\[1\]$_DFF_P_/D
iter:1206, pass:14, current fixing endpoint: sa21_sr\[0\]$_DFF_P_/D, endpoint slack:-3.8929526e-11
     1207 |      19 |     257 |      123 |     27 |   210 |   -0.115 |       -7.7 |    157 | sa11_sr\[1\]$_DFF_P_/D
iter:1207, pass:15, current fixing endpoint: sa21_sr\[0\]$_DFF_P_/D, endpoint slack:-3.407874e-11
     1208 |      19 |     257 |      123 |     27 |   211 |   -0.115 |       -7.7 |    157 | sa11_sr\[1\]$_DFF_P_/D
iter:1208, pass:16, current fixing endpoint: sa21_sr\[0\]$_DFF_P_/D, endpoint slack:-3.696521e-11
     1209 |      19 |     257 |      123 |     27 |   212 |   -0.115 |       -7.7 |    157 | sa11_sr\[1\]$_DFF_P_/D
iter:1209, pass:17, current fixing endpoint: sa21_sr\[0\]$_DFF_P_/D, endpoint slack:-3.4214853e-11
     1210 |      19 |     258 |      123 |     27 |   212 |   -0.115 |       -7.7 |    157 | sa11_sr\[1\]$_DFF_P_/D
iter:1210, pass:18, current fixing endpoint: sa21_sr\[0\]$_DFF_P_/D, endpoint slack:-3.302958e-11
     1211 |      19 |     259 |      123 |     27 |   212 |   -0.115 |       -7.7 |    157 | sa11_sr\[1\]$_DFF_P_/D
iter:1211, pass:19, current fixing endpoint: sa21_sr\[0\]$_DFF_P_/D, endpoint slack:-3.8719028e-11
     1212 |      19 |     260 |      123 |     27 |   212 |   -0.115 |       -7.7 |    157 | sa11_sr\[1\]$_DFF_P_/D
iter:1212, pass:20, current fixing endpoint: sa21_sr\[0\]$_DFF_P_/D, endpoint slack:-4.213485e-11
     1213 |      19 |     261 |      123 |     27 |   212 |   -0.115 |       -7.7 |    157 | sa11_sr\[1\]$_DFF_P_/D
iter:1213, pass:21, current fixing endpoint: sa21_sr\[0\]$_DFF_P_/D, endpoint slack:-3.4465097e-11
     1214 |      19 |     261 |      123 |     27 |   213 |   -0.115 |       -7.7 |    157 | sa11_sr\[1\]$_DFF_P_/D
iter:1214, pass:22, current fixing endpoint: sa21_sr\[0\]$_DFF_P_/D, endpoint slack:-3.0211167e-11
     1215 |      19 |     262 |      123 |     27 |   213 |   -0.115 |       -7.7 |    157 | sa11_sr\[1\]$_DFF_P_/D
iter:1215, pass:23, current fixing endpoint: sa21_sr\[0\]$_DFF_P_/D, endpoint slack:-3.0233926e-11
     1216 |      19 |     263 |      123 |     27 |   213 |   -0.115 |       -7.7 |    157 | sa11_sr\[1\]$_DFF_P_/D
iter:1216, pass:24, current fixing endpoint: sa21_sr\[0\]$_DFF_P_/D, endpoint slack:-2.8908764e-11
     1217 |      19 |     263 |      123 |     27 |   214 |   -0.115 |       -7.7 |    157 | sa11_sr\[1\]$_DFF_P_/D
iter:1217, pass:25, current fixing endpoint: sa21_sr\[0\]$_DFF_P_/D, endpoint slack:-2.721523e-11
     1218 |      19 |     263 |      123 |     27 |   215 |   -0.115 |       -7.7 |    157 | sa11_sr\[1\]$_DFF_P_/D
iter:1218, pass:26, current fixing endpoint: sa21_sr\[0\]$_DFF_P_/D, endpoint slack:-2.3653635e-11
     1219 |      19 |     263 |      123 |     27 |   216 |   -0.115 |       -7.7 |    157 | sa11_sr\[1\]$_DFF_P_/D
iter:1219, pass:27, current fixing endpoint: sa21_sr\[0\]$_DFF_P_/D, endpoint slack:-2.7543967e-11
     1220 |      19 |     264 |      123 |     27 |   216 |   -0.115 |       -7.7 |    157 | sa11_sr\[1\]$_DFF_P_/D
iter:1220, pass:28, current fixing endpoint: sa21_sr\[0\]$_DFF_P_/D, endpoint slack:-2.4949487e-11
     1221 |      19 |     265 |      123 |     27 |   216 |   -0.115 |       -7.7 |    157 | sa11_sr\[1\]$_DFF_P_/D
iter:1221, pass:29, current fixing endpoint: sa21_sr\[0\]$_DFF_P_/D, endpoint slack:-2.1566304e-11
     1221 |      19 |     265 |      123 |     27 |   216 |   -0.115 |       -7.7 |    157 | sa11_sr\[1\]$_DFF_P_/D
     1222 |      19 |     265 |      123 |     27 |   216 |   -0.115 |       -7.7 |    157 | sa11_sr\[1\]$_DFF_P_/D
iter:1222, pass:1, current fixing endpoint: sa30_sr\[0\]$_DFF_P_/D, endpoint slack:-4.460665e-11
     1223 |      19 |     265 |      123 |     27 |   217 |   -0.115 |       -7.7 |    157 | sa11_sr\[1\]$_DFF_P_/D
iter:1223, pass:2, current fixing endpoint: sa30_sr\[0\]$_DFF_P_/D, endpoint slack:-4.9689586e-11
     1224 |      19 |     266 |      123 |     27 |   217 |   -0.115 |       -7.7 |    157 | sa11_sr\[1\]$_DFF_P_/D
iter:1224, pass:3, current fixing endpoint: sa30_sr\[0\]$_DFF_P_/D, endpoint slack:-4.9636295e-11
     1225 |      19 |     267 |      123 |     27 |   217 |   -0.115 |       -7.7 |    157 | sa11_sr\[1\]$_DFF_P_/D
iter:1225, pass:4, current fixing endpoint: sa30_sr\[0\]$_DFF_P_/D, endpoint slack:-4.490408e-11
     1226 |      19 |     268 |      123 |     27 |   217 |   -0.115 |       -7.7 |    157 | sa11_sr\[1\]$_DFF_P_/D
iter:1226, pass:5, current fixing endpoint: sa30_sr\[0\]$_DFF_P_/D, endpoint slack:-3.944023e-11
     1227 |      19 |     268 |      123 |     28 |   217 |   -0.115 |       -7.7 |    157 | sa11_sr\[1\]$_DFF_P_/D
iter:1227, pass:6, current fixing endpoint: sa30_sr\[0\]$_DFF_P_/D, endpoint slack:-4.03374e-11
     1228 |      19 |     269 |      123 |     28 |   217 |   -0.115 |       -7.7 |    157 | sa11_sr\[1\]$_DFF_P_/D
iter:1228, pass:7, current fixing endpoint: sa30_sr\[0\]$_DFF_P_/D, endpoint slack:-3.971201e-11
     1229 |      19 |     270 |      123 |     28 |   217 |   -0.115 |       -7.7 |    157 | sa11_sr\[1\]$_DFF_P_/D
iter:1229, pass:8, current fixing endpoint: sa30_sr\[0\]$_DFF_P_/D, endpoint slack:-3.7792436e-11
     1230 |      19 |     271 |      123 |     28 |   217 |   -0.115 |       -7.7 |    157 | sa11_sr\[1\]$_DFF_P_/D
iter:1230, pass:9, current fixing endpoint: sa30_sr\[0\]$_DFF_P_/D, endpoint slack:-3.909384e-11
     1231 |      19 |     272 |      123 |     28 |   217 |   -0.115 |       -7.7 |    157 | sa11_sr\[1\]$_DFF_P_/D
iter:1231, pass:10, current fixing endpoint: sa30_sr\[0\]$_DFF_P_/D, endpoint slack:-3.736156e-11
     1232 |      19 |     272 |      123 |     28 |   218 |   -0.115 |       -7.7 |    157 | sa11_sr\[1\]$_DFF_P_/D
iter:1232, pass:11, current fixing endpoint: sa30_sr\[0\]$_DFF_P_/D, endpoint slack:-4.2642e-11
     1233 |      20 |     272 |      123 |     28 |   218 |   -0.115 |       -7.7 |    157 | sa11_sr\[1\]$_DFF_P_/D
iter:1233, pass:12, current fixing endpoint: sa30_sr\[0\]$_DFF_P_/D, endpoint slack:-3.481715e-11
     1234 |      20 |     272 |      123 |     28 |   219 |   -0.115 |       -7.6 |    157 | sa11_sr\[1\]$_DFF_P_/D
iter:1234, pass:13, current fixing endpoint: sa30_sr\[0\]$_DFF_P_/D, endpoint slack:-3.1812664e-11
     1235 |      20 |     272 |      123 |     28 |   220 |   -0.115 |       -7.6 |    157 | sa11_sr\[1\]$_DFF_P_/D
iter:1235, pass:14, current fixing endpoint: sa30_sr\[0\]$_DFF_P_/D, endpoint slack:-3.0883185e-11
     1236 |      20 |     272 |      125 |     28 |   220 |   -0.115 |       -7.6 |    157 | sa11_sr\[1\]$_DFF_P_/D
iter:1236, pass:15, current fixing endpoint: sa30_sr\[0\]$_DFF_P_/D, endpoint slack:-3.0140224e-11
     1237 |      20 |     273 |      125 |     28 |   220 |   -0.115 |       -7.6 |    157 | sa11_sr\[1\]$_DFF_P_/D
iter:1237, pass:16, current fixing endpoint: sa30_sr\[0\]$_DFF_P_/D, endpoint slack:-3.0032532e-11
     1238 |      20 |     274 |      125 |     28 |   220 |   -0.115 |       -7.6 |    157 | sa11_sr\[1\]$_DFF_P_/D
iter:1238, pass:17, current fixing endpoint: sa30_sr\[0\]$_DFF_P_/D, endpoint slack:-2.8902547e-11
     1239 |      20 |     274 |      125 |     28 |   221 |   -0.115 |       -7.6 |    157 | sa11_sr\[1\]$_DFF_P_/D
iter:1239, pass:18, current fixing endpoint: sa30_sr\[0\]$_DFF_P_/D, endpoint slack:-3.018341e-11
     1240 |      20 |     275 |      125 |     28 |   221 |   -0.115 |       -7.6 |    157 | sa11_sr\[1\]$_DFF_P_/D
iter:1240, pass:19, current fixing endpoint: sa30_sr\[0\]$_DFF_P_/D, endpoint slack:-2.8202773e-11
     1241 |      21 |     275 |      125 |     28 |   221 |   -0.115 |       -7.6 |    157 | sa11_sr\[1\]$_DFF_P_/D
iter:1241, pass:20, current fixing endpoint: sa30_sr\[0\]$_DFF_P_/D, endpoint slack:-2.6547986e-11
     1242 |      21 |     275 |      125 |     28 |   222 |   -0.115 |       -7.6 |    157 | sa11_sr\[1\]$_DFF_P_/D
iter:1242, pass:21, current fixing endpoint: sa30_sr\[0\]$_DFF_P_/D, endpoint slack:-2.7733926e-11
     1242 |      21 |     275 |      125 |     28 |   221 |   -0.115 |       -7.6 |    157 | sa11_sr\[1\]$_DFF_P_/D
     1243 |      21 |     275 |      125 |     28 |   221 |   -0.115 |       -7.6 |    157 | sa11_sr\[1\]$_DFF_P_/D
iter:1243, pass:1, current fixing endpoint: u0.u2.d\[3\]$_DFF_P_/D, endpoint slack:-4.0153658e-11
     1244 |      21 |     275 |      125 |     28 |   222 |   -0.115 |       -7.7 |    157 | sa11_sr\[1\]$_DFF_P_/D
iter:1244, pass:2, current fixing endpoint: u0.u2.d\[3\]$_DFF_P_/D, endpoint slack:-4.6069815e-11
     1245 |      21 |     276 |      125 |     28 |   222 |   -0.115 |       -7.6 |    157 | sa11_sr\[1\]$_DFF_P_/D
iter:1245, pass:3, current fixing endpoint: u0.u2.d\[3\]$_DFF_P_/D, endpoint slack:-4.1904036e-11
     1246 |      21 |     276 |      125 |     28 |   223 |   -0.115 |       -7.6 |    157 | sa11_sr\[1\]$_DFF_P_/D
iter:1246, pass:4, current fixing endpoint: u0.u2.d\[3\]$_DFF_P_/D, endpoint slack:-4.481826e-11
     1247 |      21 |     276 |      125 |     28 |   224 |   -0.115 |       -7.6 |    157 | sa11_sr\[1\]$_DFF_P_/D
iter:1247, pass:5, current fixing endpoint: u0.u2.d\[3\]$_DFF_P_/D, endpoint slack:-4.356482e-11
     1248 |      21 |     276 |      127 |     28 |   224 |   -0.115 |       -7.6 |    157 | sa11_sr\[1\]$_DFF_P_/D
iter:1248, pass:6, current fixing endpoint: u0.u2.d\[3\]$_DFF_P_/D, endpoint slack:-3.905587e-11
     1249 |      21 |     276 |      130 |     28 |   224 |   -0.115 |       -7.6 |    157 | sa11_sr\[1\]$_DFF_P_/D
iter:1249, pass:7, current fixing endpoint: u0.u2.d\[3\]$_DFF_P_/D, endpoint slack:-3.8864578e-11
     1250 |      21 |     277 |      130 |     28 |   224 |   -0.115 |       -7.6 |    157 | sa11_sr\[1\]$_DFF_P_/D
iter:1250, pass:8, current fixing endpoint: u0.u2.d\[3\]$_DFF_P_/D, endpoint slack:-4.191547e-11
     1251 |      21 |     278 |      130 |     28 |   224 |   -0.115 |       -7.6 |    157 | sa11_sr\[1\]$_DFF_P_/D
iter:1251, pass:9, current fixing endpoint: u0.u2.d\[3\]$_DFF_P_/D, endpoint slack:-3.620626e-11
     1252 |      21 |     279 |      130 |     28 |   224 |   -0.115 |       -7.6 |    157 | sa11_sr\[1\]$_DFF_P_/D
iter:1252, pass:10, current fixing endpoint: u0.u2.d\[3\]$_DFF_P_/D, endpoint slack:-3.171885e-11
     1253 |      21 |     280 |      130 |     28 |   224 |   -0.115 |       -7.6 |    157 | sa11_sr\[1\]$_DFF_P_/D
iter:1253, pass:11, current fixing endpoint: u0.u2.d\[3\]$_DFF_P_/D, endpoint slack:-3.049394e-11
     1254 |      21 |     280 |      130 |     28 |   225 |   -0.115 |       -7.6 |    157 | sa11_sr\[1\]$_DFF_P_/D
iter:1254, pass:12, current fixing endpoint: u0.u2.d\[3\]$_DFF_P_/D, endpoint slack:-3.622669e-11
     1255 |      21 |     281 |      130 |     28 |   225 |   -0.115 |       -7.6 |    157 | sa11_sr\[1\]$_DFF_P_/D
iter:1255, pass:13, current fixing endpoint: u0.u2.d\[3\]$_DFF_P_/D, endpoint slack:-3.442746e-11
     1256 |      21 |     281 |      130 |     28 |   226 |   -0.115 |       -7.6 |    157 | sa11_sr\[1\]$_DFF_P_/D
iter:1256, pass:14, current fixing endpoint: u0.u2.d\[3\]$_DFF_P_/D, endpoint slack:-3.0495717e-11
     1257 |      21 |     281 |      130 |     28 |   227 |   -0.115 |       -7.6 |    157 | sa11_sr\[1\]$_DFF_P_/D
iter:1257, pass:15, current fixing endpoint: u0.u2.d\[3\]$_DFF_P_/D, endpoint slack:-3.024303e-11
     1258 |      21 |     282 |      130 |     28 |   227 |   -0.115 |       -7.6 |    157 | sa11_sr\[1\]$_DFF_P_/D
iter:1258, pass:16, current fixing endpoint: u0.u2.d\[3\]$_DFF_P_/D, endpoint slack:-2.8178682e-11
     1259 |      22 |     282 |      130 |     28 |   227 |   -0.115 |       -7.6 |    157 | sa11_sr\[1\]$_DFF_P_/D
iter:1259, pass:17, current fixing endpoint: u0.u2.d\[3\]$_DFF_P_/D, endpoint slack:-2.6962321e-11
     1260 |      22 |     283 |      130 |     28 |   227 |   -0.115 |       -7.6 |    157 | sa11_sr\[1\]$_DFF_P_/D
iter:1260, pass:18, current fixing endpoint: u0.u2.d\[3\]$_DFF_P_/D, endpoint slack:-2.6907698e-11
     1261 |      22 |     284 |      130 |     28 |   227 |   -0.115 |       -7.6 |    157 | sa11_sr\[1\]$_DFF_P_/D
iter:1261, pass:19, current fixing endpoint: u0.u2.d\[3\]$_DFF_P_/D, endpoint slack:-2.6687097e-11
     1262 |      22 |     284 |      130 |     28 |   228 |   -0.115 |       -7.6 |    157 | sa11_sr\[1\]$_DFF_P_/D
iter:1262, pass:20, current fixing endpoint: u0.u2.d\[3\]$_DFF_P_/D, endpoint slack:-2.5027425e-11
     1263 |      22 |     284 |      130 |     28 |   229 |   -0.115 |       -7.6 |    157 | sa11_sr\[1\]$_DFF_P_/D
iter:1263, pass:21, current fixing endpoint: u0.u2.d\[3\]$_DFF_P_/D, endpoint slack:-2.4495406e-11
     1263 |      22 |     284 |      130 |     28 |   229 |   -0.115 |       -7.6 |    157 | sa11_sr\[1\]$_DFF_P_/D
     1264 |      22 |     284 |      130 |     28 |   229 |   -0.115 |       -7.6 |    157 | sa11_sr\[1\]$_DFF_P_/D
iter:1264, pass:1, current fixing endpoint: sa23_sr\[0\]$_DFF_P_/D, endpoint slack:-4.5618287e-11
     1265 |      22 |     284 |      130 |     28 |   230 |   -0.115 |       -7.6 |    157 | sa11_sr\[1\]$_DFF_P_/D
iter:1265, pass:2, current fixing endpoint: sa23_sr\[0\]$_DFF_P_/D, endpoint slack:-4.885925e-11
     1266 |      22 |     284 |      130 |     28 |   231 |   -0.115 |       -7.7 |    157 | sa11_sr\[1\]$_DFF_P_/D
iter:1266, pass:3, current fixing endpoint: sa23_sr\[0\]$_DFF_P_/D, endpoint slack:-5.415468e-11
     1266 |      22 |     284 |      130 |     28 |   229 |   -0.115 |       -7.6 |    157 | sa11_sr\[1\]$_DFF_P_/D
     1267 |      22 |     284 |      130 |     28 |   229 |   -0.115 |       -7.6 |    157 | sa11_sr\[1\]$_DFF_P_/D
iter:1267, pass:1, current fixing endpoint: sa23_sr\[4\]$_DFF_P_/D, endpoint slack:-4.5560666e-11
     1268 |      22 |     284 |      130 |     28 |   230 |   -0.115 |       -7.6 |    157 | sa11_sr\[1\]$_DFF_P_/D
iter:1268, pass:2, current fixing endpoint: sa23_sr\[4\]$_DFF_P_/D, endpoint slack:-5.0085713e-11
     1269 |      22 |     284 |      130 |     28 |   231 |   -0.115 |       -7.7 |    157 | sa11_sr\[1\]$_DFF_P_/D
iter:1269, pass:3, current fixing endpoint: sa23_sr\[4\]$_DFF_P_/D, endpoint slack:-5.4095173e-11
     1270 |      22 |     285 |      130 |     28 |   231 |   -0.115 |       -7.6 |    157 | sa11_sr\[1\]$_DFF_P_/D
iter:1270, pass:4, current fixing endpoint: sa23_sr\[4\]$_DFF_P_/D, endpoint slack:-5.333267e-11
     1271 |      22 |     285 |      130 |     28 |   232 |   -0.115 |       -7.6 |    157 | sa11_sr\[1\]$_DFF_P_/D
iter:1271, pass:5, current fixing endpoint: sa23_sr\[4\]$_DFF_P_/D, endpoint slack:-4.8635762e-11
     1272 |      22 |     286 |      130 |     28 |   232 |   -0.115 |       -7.6 |    157 | sa11_sr\[1\]$_DFF_P_/D
iter:1272, pass:6, current fixing endpoint: sa23_sr\[4\]$_DFF_P_/D, endpoint slack:-4.9517945e-11
     1273 |      22 |     287 |      130 |     28 |   232 |   -0.115 |       -7.6 |    157 | sa11_sr\[1\]$_DFF_P_/D
iter:1273, pass:7, current fixing endpoint: sa23_sr\[4\]$_DFF_P_/D, endpoint slack:-4.721845e-11
     1274 |      22 |     288 |      130 |     28 |   232 |   -0.115 |       -7.6 |    157 | sa11_sr\[1\]$_DFF_P_/D
iter:1274, pass:8, current fixing endpoint: sa23_sr\[4\]$_DFF_P_/D, endpoint slack:-4.8367976e-11
     1275 |      22 |     288 |      130 |     29 |   232 |   -0.115 |       -7.6 |    157 | sa11_sr\[1\]$_DFF_P_/D
iter:1275, pass:9, current fixing endpoint: sa23_sr\[4\]$_DFF_P_/D, endpoint slack:-4.586942e-11
     1276 |      22 |     289 |      130 |     29 |   232 |   -0.115 |       -7.6 |    157 | sa11_sr\[1\]$_DFF_P_/D
iter:1276, pass:10, current fixing endpoint: sa23_sr\[4\]$_DFF_P_/D, endpoint slack:-4.749845e-11
     1277 |      22 |     289 |      132 |     29 |   232 |   -0.115 |       -7.6 |    157 | sa11_sr\[1\]$_DFF_P_/D
iter:1277, pass:11, current fixing endpoint: sa23_sr\[4\]$_DFF_P_/D, endpoint slack:-4.0019987e-11
     1278 |      22 |     290 |      132 |     29 |   232 |   -0.115 |       -7.6 |    157 | sa11_sr\[1\]$_DFF_P_/D
iter:1278, pass:12, current fixing endpoint: sa23_sr\[4\]$_DFF_P_/D, endpoint slack:-4.1571413e-11
     1279 |      22 |     290 |      132 |     29 |   233 |   -0.115 |       -7.6 |    157 | sa11_sr\[1\]$_DFF_P_/D
iter:1279, pass:13, current fixing endpoint: sa23_sr\[4\]$_DFF_P_/D, endpoint slack:-4.0432435e-11
     1280 |      22 |     290 |      132 |     30 |   233 |   -0.115 |       -7.6 |    157 | sa11_sr\[1\]$_DFF_P_/D
iter:1280, pass:14, current fixing endpoint: sa23_sr\[4\]$_DFF_P_/D, endpoint slack:-3.901346e-11
     1281 |      22 |     290 |      132 |     31 |   233 |   -0.115 |       -7.6 |    157 | sa11_sr\[1\]$_DFF_P_/D
iter:1281, pass:15, current fixing endpoint: sa23_sr\[4\]$_DFF_P_/D, endpoint slack:-4.0904835e-11
     1281 |      22 |     290 |      132 |     30 |   233 |   -0.115 |       -7.6 |    157 | sa11_sr\[1\]$_DFF_P_/D
     1282 |      22 |     290 |      132 |     30 |   233 |   -0.115 |       -7.6 |    157 | sa11_sr\[1\]$_DFF_P_/D
iter:1282, pass:1, current fixing endpoint: sa23_sr\[6\]$_DFF_P_/D, endpoint slack:-4.454903e-11
     1283 |      22 |     290 |      132 |     30 |   234 |   -0.115 |       -7.6 |    157 | sa11_sr\[1\]$_DFF_P_/D
iter:1283, pass:2, current fixing endpoint: sa23_sr\[6\]$_DFF_P_/D, endpoint slack:-4.8477555e-11
     1284 |      22 |     290 |      132 |     30 |   235 |   -0.115 |       -7.7 |    157 | sa11_sr\[1\]$_DFF_P_/D
iter:1284, pass:3, current fixing endpoint: sa23_sr\[6\]$_DFF_P_/D, endpoint slack:-5.1894822e-11
     1285 |      22 |     291 |      132 |     30 |   235 |   -0.115 |       -7.7 |    157 | sa11_sr\[1\]$_DFF_P_/D
iter:1285, pass:4, current fixing endpoint: sa23_sr\[6\]$_DFF_P_/D, endpoint slack:-5.5125682e-11
     1286 |      22 |     291 |      132 |     30 |   236 |   -0.115 |       -7.7 |    157 | sa11_sr\[1\]$_DFF_P_/D
iter:1286, pass:5, current fixing endpoint: sa23_sr\[6\]$_DFF_P_/D, endpoint slack:-6.154921e-11
     1286 |      22 |     290 |      132 |     30 |   233 |   -0.115 |       -7.6 |    157 | sa11_sr\[1\]$_DFF_P_/D
     1287 |      22 |     290 |      132 |     30 |   233 |   -0.115 |       -7.6 |    157 | sa11_sr\[1\]$_DFF_P_/D
iter:1287, pass:1, current fixing endpoint: sa30_sr\[3\]$_DFF_P_/D, endpoint slack:-3.905265e-11
     1288 |      22 |     290 |      132 |     30 |   234 |   -0.115 |       -7.6 |    157 | sa11_sr\[1\]$_DFF_P_/D
iter:1288, pass:2, current fixing endpoint: sa30_sr\[3\]$_DFF_P_/D, endpoint slack:-3.6738612e-11
     1289 |      22 |     291 |      132 |     30 |   234 |   -0.115 |       -7.6 |    157 | sa11_sr\[1\]$_DFF_P_/D
iter:1289, pass:3, current fixing endpoint: sa30_sr\[3\]$_DFF_P_/D, endpoint slack:-3.602385e-11
     1290 |      22 |     292 |      132 |     30 |   234 |   -0.115 |       -7.6 |    157 | sa11_sr\[1\]$_DFF_P_/D
iter:1290, pass:4, current fixing endpoint: sa30_sr\[3\]$_DFF_P_/D, endpoint slack:-3.4925174e-11
     1291 |      22 |     292 |      132 |     30 |   235 |   -0.115 |       -7.6 |    157 | sa11_sr\[1\]$_DFF_P_/D
iter:1291, pass:5, current fixing endpoint: sa30_sr\[3\]$_DFF_P_/D, endpoint slack:-3.875389e-11
     1291 |      22 |     292 |      132 |     30 |   234 |   -0.115 |       -7.6 |    157 | sa11_sr\[1\]$_DFF_P_/D
     1292 |      22 |     292 |      132 |     30 |   234 |   -0.115 |       -7.6 |    157 | sa11_sr\[1\]$_DFF_P_/D
iter:1292, pass:1, current fixing endpoint: sa33_sr\[1\]$_DFF_P_/D, endpoint slack:-7.062961e-11
     1293 |      22 |     293 |      132 |     30 |   234 |   -0.115 |       -7.6 |    157 | sa11_sr\[1\]$_DFF_P_/D
iter:1293, pass:2, current fixing endpoint: sa33_sr\[1\]$_DFF_P_/D, endpoint slack:-6.342782e-11
     1294 |      22 |     293 |      132 |     30 |   235 |   -0.115 |       -7.6 |    157 | sa11_sr\[1\]$_DFF_P_/D
iter:1294, pass:3, current fixing endpoint: sa33_sr\[1\]$_DFF_P_/D, endpoint slack:-6.546952e-11
     1295 |      22 |     293 |      135 |     30 |   235 |   -0.115 |       -7.6 |    157 | sa11_sr\[1\]$_DFF_P_/D
iter:1295, pass:4, current fixing endpoint: sa33_sr\[1\]$_DFF_P_/D, endpoint slack:-5.129408e-11
     1296 |      22 |     294 |      135 |     30 |   235 |   -0.115 |       -7.6 |    157 | sa11_sr\[1\]$_DFF_P_/D
iter:1296, pass:5, current fixing endpoint: sa33_sr\[1\]$_DFF_P_/D, endpoint slack:-5.1190163e-11
     1297 |      22 |     295 |      135 |     30 |   235 |   -0.115 |       -7.6 |    157 | sa11_sr\[1\]$_DFF_P_/D
iter:1297, pass:6, current fixing endpoint: sa33_sr\[1\]$_DFF_P_/D, endpoint slack:-4.752443e-11
     1298 |      22 |     296 |      135 |     30 |   235 |   -0.115 |       -7.6 |    157 | sa11_sr\[1\]$_DFF_P_/D
iter:1298, pass:7, current fixing endpoint: sa33_sr\[1\]$_DFF_P_/D, endpoint slack:-4.371714e-11
     1299 |      22 |     297 |      135 |     30 |   235 |   -0.115 |       -7.6 |    157 | sa11_sr\[1\]$_DFF_P_/D
iter:1299, pass:8, current fixing endpoint: sa33_sr\[1\]$_DFF_P_/D, endpoint slack:-4.3267945e-11
     1300 |      22 |     297 |      135 |     30 |   236 |   -0.115 |       -7.6 |    157 | sa11_sr\[1\]$_DFF_P_/D
iter:1300, pass:9, current fixing endpoint: sa33_sr\[1\]$_DFF_P_/D, endpoint slack:-4.0926706e-11
     1301 |      22 |     298 |      135 |     30 |   236 |   -0.115 |       -7.6 |    157 | sa11_sr\[1\]$_DFF_P_/D
iter:1301, pass:10, current fixing endpoint: sa33_sr\[1\]$_DFF_P_/D, endpoint slack:-3.9008463e-11
     1302 |      22 |     299 |      135 |     30 |   236 |   -0.115 |       -7.6 |    157 | sa11_sr\[1\]$_DFF_P_/D
iter:1302, pass:11, current fixing endpoint: sa33_sr\[1\]$_DFF_P_/D, endpoint slack:-3.7564174e-11
     1303 |      22 |     300 |      135 |     30 |   236 |   -0.115 |       -7.6 |    157 | sa11_sr\[1\]$_DFF_P_/D
iter:1303, pass:12, current fixing endpoint: sa33_sr\[1\]$_DFF_P_/D, endpoint slack:-3.5246694e-11
     1304 |      22 |     301 |      135 |     30 |   236 |   -0.115 |       -7.6 |    157 | sa11_sr\[1\]$_DFF_P_/D
iter:1304, pass:13, current fixing endpoint: sa33_sr\[1\]$_DFF_P_/D, endpoint slack:-3.646905e-11
     1305 |      22 |     301 |      135 |     30 |   237 |   -0.115 |       -7.6 |    157 | sa11_sr\[1\]$_DFF_P_/D
iter:1305, pass:14, current fixing endpoint: sa33_sr\[1\]$_DFF_P_/D, endpoint slack:-3.4577563e-11
     1306 |      22 |     302 |      135 |     30 |   237 |   -0.115 |       -7.6 |    157 | sa11_sr\[1\]$_DFF_P_/D
iter:1306, pass:15, current fixing endpoint: sa33_sr\[1\]$_DFF_P_/D, endpoint slack:-3.2975844e-11
     1307 |      22 |     302 |      135 |     30 |   238 |   -0.115 |       -7.6 |    157 | sa11_sr\[1\]$_DFF_P_/D
iter:1307, pass:16, current fixing endpoint: sa33_sr\[1\]$_DFF_P_/D, endpoint slack:-3.858258e-11
     1308 |      22 |     303 |      135 |     30 |   238 |   -0.115 |       -7.6 |    157 | sa11_sr\[1\]$_DFF_P_/D
iter:1308, pass:17, current fixing endpoint: sa33_sr\[1\]$_DFF_P_/D, endpoint slack:-3.706202e-11
     1309 |      22 |     303 |      137 |     30 |   238 |   -0.115 |       -7.6 |    157 | sa11_sr\[1\]$_DFF_P_/D
iter:1309, pass:18, current fixing endpoint: sa33_sr\[1\]$_DFF_P_/D, endpoint slack:-5.2926663e-11
     1310 |      22 |     303 |      137 |     30 |   239 |   -0.115 |       -7.6 |    157 | sa11_sr\[1\]$_DFF_P_/D
iter:1310, pass:19, current fixing endpoint: sa33_sr\[1\]$_DFF_P_/D, endpoint slack:-5.827394e-11
     1311 |      22 |     304 |      137 |     30 |   239 |   -0.115 |       -7.6 |    157 | sa11_sr\[1\]$_DFF_P_/D
iter:1311, pass:20, current fixing endpoint: sa33_sr\[1\]$_DFF_P_/D, endpoint slack:-5.923928e-11
     1312 |      22 |     305 |      137 |     30 |   239 |   -0.115 |       -7.6 |    157 | sa11_sr\[1\]$_DFF_P_/D
iter:1312, pass:21, current fixing endpoint: sa33_sr\[1\]$_DFF_P_/D, endpoint slack:-5.334433e-11
     1313 |      22 |     305 |      139 |     30 |   239 |   -0.115 |       -7.6 |    157 | sa11_sr\[1\]$_DFF_P_/D
iter:1313, pass:22, current fixing endpoint: sa33_sr\[1\]$_DFF_P_/D, endpoint slack:-5.695122e-11
     1314 |      22 |     305 |      139 |     30 |   240 |   -0.115 |       -7.6 |    157 | sa11_sr\[1\]$_DFF_P_/D
iter:1314, pass:23, current fixing endpoint: sa33_sr\[1\]$_DFF_P_/D, endpoint slack:-5.83007e-11
     1314 |      22 |     302 |      137 |     30 |   237 |   -0.115 |       -7.6 |    157 | sa11_sr\[1\]$_DFF_P_/D
     1315 |      22 |     302 |      137 |     30 |   237 |   -0.115 |       -7.6 |    157 | sa11_sr\[1\]$_DFF_P_/D
iter:1315, pass:1, current fixing endpoint: sa32_sr\[2\]$_DFF_P_/D, endpoint slack:-4.290257e-11
     1316 |      22 |     302 |      137 |     30 |   238 |   -0.115 |       -7.6 |    157 | sa11_sr\[1\]$_DFF_P_/D
iter:1316, pass:2, current fixing endpoint: sa32_sr\[2\]$_DFF_P_/D, endpoint slack:-4.1462833e-11
     1317 |      22 |     303 |      137 |     30 |   238 |   -0.115 |       -7.6 |    157 | sa11_sr\[1\]$_DFF_P_/D
iter:1317, pass:3, current fixing endpoint: sa32_sr\[2\]$_DFF_P_/D, endpoint slack:-3.9022674e-11
     1318 |      22 |     303 |      137 |     30 |   239 |   -0.115 |       -7.6 |    157 | sa11_sr\[1\]$_DFF_P_/D
iter:1318, pass:4, current fixing endpoint: sa32_sr\[2\]$_DFF_P_/D, endpoint slack:-3.660572e-11
     1319 |      22 |     303 |      139 |     30 |   239 |   -0.115 |       -7.6 |    157 | sa11_sr\[1\]$_DFF_P_/D
iter:1319, pass:5, current fixing endpoint: sa32_sr\[2\]$_DFF_P_/D, endpoint slack:-3.6546766e-11
     1320 |      22 |     303 |      139 |     30 |   240 |   -0.115 |       -7.6 |    157 | sa11_sr\[1\]$_DFF_P_/D
iter:1320, pass:6, current fixing endpoint: sa32_sr\[2\]$_DFF_P_/D, endpoint slack:-4.0102366e-11
     1321 |      23 |     303 |      139 |     30 |   240 |   -0.115 |       -7.6 |    157 | sa11_sr\[1\]$_DFF_P_/D
iter:1321, pass:7, current fixing endpoint: sa32_sr\[2\]$_DFF_P_/D, endpoint slack:-3.5051295e-11
     1322 |      23 |     304 |      139 |     30 |   240 |   -0.115 |       -7.6 |    157 | sa11_sr\[1\]$_DFF_P_/D
iter:1322, pass:8, current fixing endpoint: sa32_sr\[2\]$_DFF_P_/D, endpoint slack:-3.9907633e-11
     1323 |      23 |     304 |      139 |     30 |   241 |   -0.115 |       -7.6 |    157 | sa11_sr\[1\]$_DFF_P_/D
iter:1323, pass:9, current fixing endpoint: sa32_sr\[2\]$_DFF_P_/D, endpoint slack:-3.4809156e-11
     1324 |      23 |     305 |      139 |     30 |   241 |   -0.115 |       -7.6 |    157 | sa11_sr\[1\]$_DFF_P_/D
iter:1324, pass:10, current fixing endpoint: sa32_sr\[2\]$_DFF_P_/D, endpoint slack:-3.56134e-11
     1325 |      23 |     306 |      139 |     30 |   241 |   -0.115 |       -7.6 |    157 | sa11_sr\[1\]$_DFF_P_/D
iter:1325, pass:11, current fixing endpoint: sa32_sr\[2\]$_DFF_P_/D, endpoint slack:-3.4587666e-11
     1326 |      23 |     307 |      139 |     30 |   241 |   -0.115 |       -7.6 |    157 | sa11_sr\[1\]$_DFF_P_/D
iter:1326, pass:12, current fixing endpoint: sa32_sr\[2\]$_DFF_P_/D, endpoint slack:-3.4079073e-11
     1327 |      23 |     308 |      139 |     30 |   241 |   -0.115 |       -7.6 |    157 | sa11_sr\[1\]$_DFF_P_/D
iter:1327, pass:13, current fixing endpoint: sa32_sr\[2\]$_DFF_P_/D, endpoint slack:-3.639755e-11
     1328 |      23 |     309 |      139 |     30 |   241 |   -0.115 |       -7.6 |    157 | sa11_sr\[1\]$_DFF_P_/D
iter:1328, pass:14, current fixing endpoint: sa32_sr\[2\]$_DFF_P_/D, endpoint slack:-4.4648618e-11
     1329 |      23 |     310 |      139 |     30 |   241 |   -0.115 |       -7.6 |    157 | sa11_sr\[1\]$_DFF_P_/D
iter:1329, pass:15, current fixing endpoint: sa32_sr\[2\]$_DFF_P_/D, endpoint slack:-3.406475e-11
     1330 |      23 |     311 |      139 |     30 |   241 |   -0.115 |       -7.6 |    157 | sa11_sr\[1\]$_DFF_P_/D
iter:1330, pass:16, current fixing endpoint: sa32_sr\[2\]$_DFF_P_/D, endpoint slack:-3.2490344e-11
     1331 |      23 |     312 |      139 |     30 |   241 |   -0.115 |       -7.6 |    157 | sa11_sr\[1\]$_DFF_P_/D
iter:1331, pass:17, current fixing endpoint: sa32_sr\[2\]$_DFF_P_/D, endpoint slack:-3.2174485e-11
     1332 |      23 |     312 |      139 |     30 |   242 |   -0.115 |       -7.6 |    157 | sa11_sr\[1\]$_DFF_P_/D
iter:1332, pass:18, current fixing endpoint: sa32_sr\[2\]$_DFF_P_/D, endpoint slack:-4.0711323e-11
     1333 |      23 |     312 |      139 |     30 |   243 |   -0.115 |       -7.6 |    157 | sa11_sr\[1\]$_DFF_P_/D
iter:1333, pass:19, current fixing endpoint: sa32_sr\[2\]$_DFF_P_/D, endpoint slack:-3.7695513e-11
     1334 |      23 |     313 |      139 |     30 |   243 |   -0.115 |       -7.6 |    157 | sa11_sr\[1\]$_DFF_P_/D
iter:1334, pass:20, current fixing endpoint: sa32_sr\[2\]$_DFF_P_/D, endpoint slack:-3.5243142e-11
     1335 |      23 |     313 |      141 |     30 |   243 |   -0.115 |       -7.6 |    157 | sa11_sr\[1\]$_DFF_P_/D
iter:1335, pass:21, current fixing endpoint: sa32_sr\[2\]$_DFF_P_/D, endpoint slack:-3.8077874e-11
     1336 |      23 |     313 |      141 |     30 |   244 |   -0.115 |       -7.6 |    157 | sa11_sr\[1\]$_DFF_P_/D
iter:1336, pass:22, current fixing endpoint: sa32_sr\[2\]$_DFF_P_/D, endpoint slack:-4.1958326e-11
     1336 |      23 |     312 |      140 |     30 |   241 |   -0.115 |       -7.6 |    157 | sa11_sr\[1\]$_DFF_P_/D
     1337 |      23 |     312 |      140 |     30 |   241 |   -0.115 |       -7.6 |    157 | sa11_sr\[1\]$_DFF_P_/D
iter:1337, pass:1, current fixing endpoint: sa01_sr\[1\]$_DFF_P_/D, endpoint slack:-3.5831782e-11
     1338 |      23 |     312 |      140 |     30 |   242 |   -0.115 |       -7.6 |    157 | sa11_sr\[1\]$_DFF_P_/D
iter:1338, pass:2, current fixing endpoint: sa01_sr\[1\]$_DFF_P_/D, endpoint slack:-4.0656145e-11
     1339 |      23 |     312 |      140 |     30 |   243 |   -0.115 |       -7.6 |    157 | sa11_sr\[1\]$_DFF_P_/D
iter:1339, pass:3, current fixing endpoint: sa01_sr\[1\]$_DFF_P_/D, endpoint slack:-3.575218e-11
     1340 |      23 |     313 |      140 |     30 |   243 |   -0.115 |       -7.6 |    157 | sa11_sr\[1\]$_DFF_P_/D
iter:1340, pass:4, current fixing endpoint: sa01_sr\[1\]$_DFF_P_/D, endpoint slack:-3.4431236e-11
     1341 |      23 |     314 |      140 |     30 |   243 |   -0.115 |       -7.6 |    157 | sa11_sr\[1\]$_DFF_P_/D
iter:1341, pass:5, current fixing endpoint: sa01_sr\[1\]$_DFF_P_/D, endpoint slack:-3.8940517e-11
     1342 |      23 |     315 |      140 |     30 |   243 |   -0.115 |       -7.6 |    157 | sa11_sr\[1\]$_DFF_P_/D
iter:1342, pass:6, current fixing endpoint: sa01_sr\[1\]$_DFF_P_/D, endpoint slack:-3.3646086e-11
     1343 |      23 |     316 |      140 |     30 |   243 |   -0.115 |       -7.6 |    157 | sa11_sr\[1\]$_DFF_P_/D
iter:1343, pass:7, current fixing endpoint: sa01_sr\[1\]$_DFF_P_/D, endpoint slack:-3.2617686e-11
     1344 |      23 |     316 |      140 |     30 |   244 |   -0.115 |       -7.6 |    157 | sa11_sr\[1\]$_DFF_P_/D
iter:1344, pass:8, current fixing endpoint: sa01_sr\[1\]$_DFF_P_/D, endpoint slack:-2.928624e-11
     1345 |      23 |     316 |      140 |     30 |   245 |   -0.115 |       -7.6 |    157 | sa11_sr\[1\]$_DFF_P_/D
iter:1345, pass:9, current fixing endpoint: sa01_sr\[1\]$_DFF_P_/D, endpoint slack:-2.912115e-11
     1346 |      23 |     316 |      140 |     30 |   246 |   -0.115 |       -7.6 |    157 | sa11_sr\[1\]$_DFF_P_/D
iter:1346, pass:10, current fixing endpoint: sa01_sr\[1\]$_DFF_P_/D, endpoint slack:-3.4498404e-11
     1347 |      23 |     316 |      140 |     30 |   247 |   -0.115 |       -7.6 |    157 | sa11_sr\[1\]$_DFF_P_/D
iter:1347, pass:11, current fixing endpoint: sa01_sr\[1\]$_DFF_P_/D, endpoint slack:-3.6826764e-11
     1348 |      23 |     316 |      140 |     30 |   248 |   -0.115 |       -7.6 |    157 | sa11_sr\[1\]$_DFF_P_/D
iter:1348, pass:12, current fixing endpoint: sa01_sr\[1\]$_DFF_P_/D, endpoint slack:-3.5734526e-11
     1349 |      23 |     317 |      140 |     30 |   248 |   -0.115 |       -7.6 |    157 | sa11_sr\[1\]$_DFF_P_/D
iter:1349, pass:13, current fixing endpoint: sa01_sr\[1\]$_DFF_P_/D, endpoint slack:-3.7683634e-11
     1350 |      23 |     318 |      140 |     30 |   248 |   -0.115 |       -7.6 |    157 | sa11_sr\[1\]$_DFF_P_/D
iter:1350, pass:14, current fixing endpoint: sa01_sr\[1\]$_DFF_P_/D, endpoint slack:-3.7727488e-11
     1351 |      23 |     319 |      140 |     30 |   248 |   -0.115 |       -7.6 |    157 | sa11_sr\[1\]$_DFF_P_/D
iter:1351, pass:15, current fixing endpoint: sa01_sr\[1\]$_DFF_P_/D, endpoint slack:-3.4482972e-11
     1351 |      23 |     316 |      140 |     30 |   245 |   -0.115 |       -7.6 |    157 | sa11_sr\[1\]$_DFF_P_/D
     1352 |      23 |     316 |      140 |     30 |   245 |   -0.115 |       -7.6 |    157 | sa11_sr\[1\]$_DFF_P_/D
iter:1352, pass:1, current fixing endpoint: sa01_sr\[3\]$_DFF_P_/D, endpoint slack:-4.6240678e-11
     1353 |      23 |     317 |      140 |     30 |   245 |   -0.115 |       -7.6 |    157 | sa11_sr\[1\]$_DFF_P_/D
iter:1353, pass:2, current fixing endpoint: sa01_sr\[3\]$_DFF_P_/D, endpoint slack:-3.311096e-11
     1354 |      23 |     318 |      140 |     30 |   245 |   -0.115 |       -7.6 |    157 | sa11_sr\[1\]$_DFF_P_/D
iter:1354, pass:3, current fixing endpoint: sa01_sr\[3\]$_DFF_P_/D, endpoint slack:-2.9599878e-11
     1355 |      23 |     319 |      140 |     30 |   245 |   -0.115 |       -7.6 |    157 | sa11_sr\[1\]$_DFF_P_/D
iter:1355, pass:4, current fixing endpoint: sa01_sr\[3\]$_DFF_P_/D, endpoint slack:-3.289946e-11
     1356 |      23 |     320 |      140 |     30 |   245 |   -0.115 |       -7.6 |    157 | sa11_sr\[1\]$_DFF_P_/D
iter:1356, pass:5, current fixing endpoint: sa01_sr\[3\]$_DFF_P_/D, endpoint slack:-2.893119e-11
     1357 |      23 |     321 |      140 |     30 |   245 |   -0.115 |       -7.6 |    157 | sa11_sr\[1\]$_DFF_P_/D
iter:1357, pass:6, current fixing endpoint: sa01_sr\[3\]$_DFF_P_/D, endpoint slack:-2.546574e-11
     1358 |      23 |     322 |      140 |     30 |   245 |   -0.115 |       -7.6 |    157 | sa11_sr\[1\]$_DFF_P_/D
iter:1358, pass:7, current fixing endpoint: sa01_sr\[3\]$_DFF_P_/D, endpoint slack:-2.5337066e-11
     1359 |      23 |     322 |      140 |     30 |   246 |   -0.115 |       -7.6 |    157 | sa11_sr\[1\]$_DFF_P_/D
iter:1359, pass:8, current fixing endpoint: sa01_sr\[3\]$_DFF_P_/D, endpoint slack:-2.9925618e-11
     1360 |      23 |     322 |      140 |     30 |   247 |   -0.115 |       -7.6 |    157 | sa11_sr\[1\]$_DFF_P_/D
iter:1360, pass:9, current fixing endpoint: sa01_sr\[3\]$_DFF_P_/D, endpoint slack:-2.4989899e-11
     1361 |      23 |     322 |      140 |     30 |   248 |   -0.115 |       -7.6 |    157 | sa11_sr\[1\]$_DFF_P_/D
iter:1361, pass:10, current fixing endpoint: sa01_sr\[3\]$_DFF_P_/D, endpoint slack:-2.4717672e-11
     1362 |      23 |     323 |      140 |     30 |   248 |   -0.115 |       -7.6 |    157 | sa11_sr\[1\]$_DFF_P_/D
iter:1362, pass:11, current fixing endpoint: sa01_sr\[3\]$_DFF_P_/D, endpoint slack:-2.0868418e-11
     1363 |      23 |     323 |      140 |     30 |   249 |   -0.115 |       -7.6 |    157 | sa11_sr\[1\]$_DFF_P_/D
iter:1363, pass:12, current fixing endpoint: sa01_sr\[3\]$_DFF_P_/D, endpoint slack:-2.0941249e-11
     1363 |      23 |     323 |      140 |     30 |   248 |   -0.115 |       -7.6 |    157 | sa11_sr\[1\]$_DFF_P_/D
     1364 |      23 |     323 |      140 |     30 |   248 |   -0.115 |       -7.6 |    157 | sa11_sr\[1\]$_DFF_P_/D
iter:1364, pass:1, current fixing endpoint: sa01_sr\[2\]$_DFF_P_/D, endpoint slack:-4.593037e-11
     1365 |      23 |     324 |      140 |     30 |   248 |   -0.115 |       -7.6 |    157 | sa11_sr\[1\]$_DFF_P_/D
iter:1365, pass:2, current fixing endpoint: sa01_sr\[2\]$_DFF_P_/D, endpoint slack:-4.1976533e-11
     1366 |      23 |     324 |      140 |     30 |   249 |   -0.115 |       -7.6 |    157 | sa11_sr\[1\]$_DFF_P_/D
iter:1366, pass:3, current fixing endpoint: sa01_sr\[2\]$_DFF_P_/D, endpoint slack:-4.634393e-11
     1367 |      23 |     325 |      140 |     30 |   249 |   -0.115 |       -7.6 |    157 | sa11_sr\[1\]$_DFF_P_/D
iter:1367, pass:4, current fixing endpoint: sa01_sr\[2\]$_DFF_P_/D, endpoint slack:-4.03777e-11
     1368 |      23 |     326 |      140 |     30 |   249 |   -0.115 |       -7.6 |    157 | sa11_sr\[1\]$_DFF_P_/D
iter:1368, pass:5, current fixing endpoint: sa01_sr\[2\]$_DFF_P_/D, endpoint slack:-4.0237813e-11
     1369 |      23 |     327 |      140 |     30 |   249 |   -0.115 |       -7.6 |    157 | sa11_sr\[1\]$_DFF_P_/D
iter:1369, pass:6, current fixing endpoint: sa01_sr\[2\]$_DFF_P_/D, endpoint slack:-3.712264e-11
     1370 |      23 |     328 |      140 |     30 |   249 |   -0.115 |       -7.6 |    157 | sa11_sr\[1\]$_DFF_P_/D
iter:1370, pass:7, current fixing endpoint: sa01_sr\[2\]$_DFF_P_/D, endpoint slack:-3.9417136e-11
     1371 |      23 |     329 |      140 |     30 |   249 |   -0.115 |       -7.6 |    157 | sa11_sr\[1\]$_DFF_P_/D
iter:1371, pass:8, current fixing endpoint: sa01_sr\[2\]$_DFF_P_/D, endpoint slack:-3.879308e-11
     1372 |      23 |     330 |      140 |     30 |   249 |   -0.115 |       -7.6 |    157 | sa11_sr\[1\]$_DFF_P_/D
iter:1372, pass:9, current fixing endpoint: sa01_sr\[2\]$_DFF_P_/D, endpoint slack:-3.712597e-11
     1373 |      23 |     330 |      140 |     30 |   250 |   -0.115 |       -7.6 |    157 | sa11_sr\[1\]$_DFF_P_/D
iter:1373, pass:10, current fixing endpoint: sa01_sr\[2\]$_DFF_P_/D, endpoint slack:-4.3438808e-11
     1374 |      23 |     331 |      140 |     30 |   250 |   -0.115 |       -7.6 |    157 | sa11_sr\[1\]$_DFF_P_/D
iter:1374, pass:11, current fixing endpoint: sa01_sr\[2\]$_DFF_P_/D, endpoint slack:-4.1218362e-11
     1375 |      23 |     331 |      140 |     30 |   251 |   -0.115 |       -7.6 |    157 | sa11_sr\[1\]$_DFF_P_/D
iter:1375, pass:12, current fixing endpoint: sa01_sr\[2\]$_DFF_P_/D, endpoint slack:-3.8332004e-11
     1376 |      23 |     331 |      140 |     30 |   252 |   -0.115 |       -7.6 |    157 | sa11_sr\[1\]$_DFF_P_/D
iter:1376, pass:13, current fixing endpoint: sa01_sr\[2\]$_DFF_P_/D, endpoint slack:-4.0602077e-11
     1376 |      23 |     327 |      140 |     30 |   249 |   -0.115 |       -7.6 |    157 | sa11_sr\[1\]$_DFF_P_/D
     1377 |      23 |     327 |      140 |     30 |   249 |   -0.115 |       -7.6 |    157 | sa11_sr\[1\]$_DFF_P_/D
iter:1377, pass:1, current fixing endpoint: sa01_sr\[4\]$_DFF_P_/D, endpoint slack:-2.6750047e-11
     1378 |      23 |     327 |      140 |     30 |   250 |   -0.115 |       -7.6 |    157 | sa11_sr\[1\]$_DFF_P_/D
iter:1378, pass:2, current fixing endpoint: sa01_sr\[4\]$_DFF_P_/D, endpoint slack:-2.1918467e-11
     1379 |      23 |     327 |      140 |     30 |   251 |   -0.115 |       -7.6 |    157 | sa11_sr\[1\]$_DFF_P_/D
iter:1379, pass:3, current fixing endpoint: sa01_sr\[4\]$_DFF_P_/D, endpoint slack:-2.4050317e-11
     1380 |      23 |     327 |      140 |     30 |   252 |   -0.115 |       -7.6 |    157 | sa11_sr\[1\]$_DFF_P_/D
iter:1380, pass:4, current fixing endpoint: sa01_sr\[4\]$_DFF_P_/D, endpoint slack:-2.6454283e-11
     1381 |      23 |     327 |      140 |     30 |   253 |   -0.115 |       -7.6 |    157 | sa11_sr\[1\]$_DFF_P_/D
iter:1381, pass:5, current fixing endpoint: sa01_sr\[4\]$_DFF_P_/D, endpoint slack:-3.0800584e-11
     1382 |      23 |     327 |      140 |     30 |   254 |   -0.115 |       -7.6 |    157 | sa11_sr\[1\]$_DFF_P_/D
iter:1382, pass:6, current fixing endpoint: sa01_sr\[4\]$_DFF_P_/D, endpoint slack:-3.3645975e-11
     1382 |      23 |     327 |      140 |     30 |   250 |   -0.115 |       -7.6 |    157 | sa11_sr\[1\]$_DFF_P_/D
     1383 |      23 |     327 |      140 |     30 |   250 |   -0.115 |       -7.6 |    157 | sa11_sr\[1\]$_DFF_P_/D
iter:1383, pass:1, current fixing endpoint: sa13_sr\[1\]$_DFF_P_/D, endpoint slack:-3.8204995e-11
     1384 |      23 |     327 |      140 |     30 |   251 |   -0.115 |       -7.6 |    157 | sa11_sr\[1\]$_DFF_P_/D
iter:1384, pass:2, current fixing endpoint: sa13_sr\[1\]$_DFF_P_/D, endpoint slack:-4.2917336e-11
     1385 |      23 |     327 |      140 |     30 |   252 |   -0.115 |       -7.6 |    157 | sa11_sr\[1\]$_DFF_P_/D
iter:1385, pass:3, current fixing endpoint: sa13_sr\[1\]$_DFF_P_/D, endpoint slack:-3.5910053e-11
     1386 |      23 |     328 |      140 |     30 |   252 |   -0.115 |       -7.6 |    157 | sa11_sr\[1\]$_DFF_P_/D
iter:1386, pass:4, current fixing endpoint: sa13_sr\[1\]$_DFF_P_/D, endpoint slack:-3.0266123e-11
     1387 |      23 |     328 |      140 |     30 |   253 |   -0.115 |       -7.6 |    157 | sa11_sr\[1\]$_DFF_P_/D
iter:1387, pass:5, current fixing endpoint: sa13_sr\[1\]$_DFF_P_/D, endpoint slack:-3.5913383e-11
     1388 |      23 |     329 |      140 |     30 |   253 |   -0.115 |       -7.6 |    157 | sa11_sr\[1\]$_DFF_P_/D
iter:1388, pass:6, current fixing endpoint: sa13_sr\[1\]$_DFF_P_/D, endpoint slack:-3.469769e-11
     1389 |      23 |     329 |      140 |     30 |   254 |   -0.115 |       -7.6 |    157 | sa11_sr\[1\]$_DFF_P_/D
iter:1389, pass:7, current fixing endpoint: sa13_sr\[1\]$_DFF_P_/D, endpoint slack:-3.9907855e-11
     1390 |      23 |     329 |      140 |     30 |   255 |   -0.115 |       -7.6 |    157 | sa11_sr\[1\]$_DFF_P_/D
iter:1390, pass:8, current fixing endpoint: sa13_sr\[1\]$_DFF_P_/D, endpoint slack:-3.7975068e-11
     1391 |      23 |     329 |      140 |     31 |   255 |   -0.115 |       -7.6 |    157 | sa11_sr\[1\]$_DFF_P_/D
iter:1391, pass:9, current fixing endpoint: sa13_sr\[1\]$_DFF_P_/D, endpoint slack:-3.8529846e-11
     1392 |      23 |     330 |      140 |     31 |   255 |   -0.115 |       -7.6 |    157 | sa11_sr\[1\]$_DFF_P_/D
iter:1392, pass:10, current fixing endpoint: sa13_sr\[1\]$_DFF_P_/D, endpoint slack:-3.892686e-11
     1393 |      23 |     331 |      140 |     31 |   255 |   -0.115 |       -7.6 |    157 | sa11_sr\[1\]$_DFF_P_/D
iter:1393, pass:11, current fixing endpoint: sa13_sr\[1\]$_DFF_P_/D, endpoint slack:-3.5037084e-11
     1393 |      23 |     328 |      140 |     30 |   252 |   -0.115 |       -7.6 |    157 | sa11_sr\[1\]$_DFF_P_/D
     1394 |      23 |     328 |      140 |     30 |   252 |   -0.115 |       -7.6 |    157 | sa11_sr\[1\]$_DFF_P_/D
iter:1394, pass:1, current fixing endpoint: sa13_sr\[5\]$_DFF_P_/D, endpoint slack:-3.6957326e-11
     1395 |      23 |     328 |      140 |     30 |   253 |   -0.115 |       -7.6 |    157 | sa11_sr\[1\]$_DFF_P_/D
iter:1395, pass:2, current fixing endpoint: sa13_sr\[5\]$_DFF_P_/D, endpoint slack:-4.4062642e-11
     1396 |      23 |     328 |      140 |     30 |   254 |   -0.115 |       -7.6 |    157 | sa11_sr\[1\]$_DFF_P_/D
iter:1396, pass:3, current fixing endpoint: sa13_sr\[5\]$_DFF_P_/D, endpoint slack:-3.858336e-11
     1397 |      23 |     328 |      140 |     30 |   255 |   -0.115 |       -7.6 |    157 | sa11_sr\[1\]$_DFF_P_/D
iter:1397, pass:4, current fixing endpoint: sa13_sr\[5\]$_DFF_P_/D, endpoint slack:-4.499756e-11
     1398 |      23 |     329 |      140 |     30 |   255 |   -0.115 |       -7.6 |    157 | sa11_sr\[1\]$_DFF_P_/D
iter:1398, pass:5, current fixing endpoint: sa13_sr\[5\]$_DFF_P_/D, endpoint slack:-4.1062265e-11
     1399 |      23 |     330 |      140 |     30 |   255 |   -0.115 |       -7.6 |    157 | sa11_sr\[1\]$_DFF_P_/D
iter:1399, pass:6, current fixing endpoint: sa13_sr\[5\]$_DFF_P_/D, endpoint slack:-4.098155e-11
     1400 |      23 |     331 |      140 |     30 |   255 |   -0.115 |       -7.6 |    157 | sa11_sr\[1\]$_DFF_P_/D
iter:1400, pass:7, current fixing endpoint: sa13_sr\[5\]$_DFF_P_/D, endpoint slack:-3.7239878e-11
     1401 |      23 |     331 |      140 |     30 |   256 |   -0.115 |       -7.6 |    157 | sa11_sr\[1\]$_DFF_P_/D
iter:1401, pass:8, current fixing endpoint: sa13_sr\[5\]$_DFF_P_/D, endpoint slack:-3.815126e-11
     1402 |      23 |     331 |      140 |     31 |   256 |   -0.115 |       -7.6 |    157 | sa11_sr\[1\]$_DFF_P_/D
iter:1402, pass:9, current fixing endpoint: sa13_sr\[5\]$_DFF_P_/D, endpoint slack:-3.4870662e-11
     1402 |      23 |     331 |      140 |     31 |   256 |   -0.115 |       -7.6 |    157 | sa11_sr\[1\]$_DFF_P_/D
     1403 |      23 |     331 |      140 |     31 |   256 |   -0.115 |       -7.6 |    157 | sa11_sr\[1\]$_DFF_P_/D
iter:1403, pass:1, current fixing endpoint: sa33_sr\[7\]$_DFF_P_/D, endpoint slack:-5.424694e-11
     1404 |      23 |     331 |      140 |     31 |   257 |   -0.115 |       -7.6 |    157 | sa11_sr\[1\]$_DFF_P_/D
iter:1404, pass:2, current fixing endpoint: sa33_sr\[7\]$_DFF_P_/D, endpoint slack:-4.815226e-11
     1405 |      23 |     331 |      140 |     31 |   258 |   -0.115 |       -7.6 |    157 | sa11_sr\[1\]$_DFF_P_/D
iter:1405, pass:3, current fixing endpoint: sa33_sr\[7\]$_DFF_P_/D, endpoint slack:-5.3729132e-11
     1406 |      23 |     331 |      140 |     31 |   259 |   -0.115 |       -7.6 |    157 | sa11_sr\[1\]$_DFF_P_/D
iter:1406, pass:4, current fixing endpoint: sa33_sr\[7\]$_DFF_P_/D, endpoint slack:-5.4416804e-11
     1407 |      23 |     331 |      140 |     31 |   260 |   -0.115 |       -7.6 |    157 | sa11_sr\[1\]$_DFF_P_/D
iter:1407, pass:5, current fixing endpoint: sa33_sr\[7\]$_DFF_P_/D, endpoint slack:-4.9616644e-11
     1407 |      23 |     331 |      140 |     31 |   257 |   -0.115 |       -7.6 |    157 | sa11_sr\[1\]$_DFF_P_/D
     1408 |      23 |     331 |      140 |     31 |   257 |   -0.115 |       -7.6 |    157 | sa11_sr\[1\]$_DFF_P_/D
iter:1408, pass:1, current fixing endpoint: sa21_sr\[7\]$_DFF_P_/D, endpoint slack:-5.2428506e-11
     1409 |      23 |     331 |      140 |     31 |   258 |   -0.115 |       -7.5 |    157 | sa11_sr\[1\]$_DFF_P_/D
iter:1409, pass:2, current fixing endpoint: sa21_sr\[7\]$_DFF_P_/D, endpoint slack:-4.406875e-11
     1410 |      23 |     332 |      140 |     31 |   258 |   -0.115 |       -7.5 |    157 | sa11_sr\[1\]$_DFF_P_/D
iter:1410, pass:3, current fixing endpoint: sa21_sr\[7\]$_DFF_P_/D, endpoint slack:-4.6030624e-11
     1411 |      23 |     333 |      140 |     31 |   258 |   -0.115 |       -7.5 |    157 | sa11_sr\[1\]$_DFF_P_/D
iter:1411, pass:4, current fixing endpoint: sa21_sr\[7\]$_DFF_P_/D, endpoint slack:-4.155376e-11
     1412 |      23 |     333 |      140 |     31 |   259 |   -0.115 |       -7.6 |    157 | sa11_sr\[1\]$_DFF_P_/D
iter:1412, pass:5, current fixing endpoint: sa21_sr\[7\]$_DFF_P_/D, endpoint slack:-4.9800386e-11
     1413 |      23 |     334 |      140 |     31 |   259 |   -0.115 |       -7.6 |    157 | sa11_sr\[1\]$_DFF_P_/D
iter:1413, pass:6, current fixing endpoint: sa21_sr\[7\]$_DFF_P_/D, endpoint slack:-4.5264126e-11
     1414 |      24 |     334 |      140 |     31 |   259 |   -0.115 |       -7.5 |    157 | sa11_sr\[1\]$_DFF_P_/D
iter:1414, pass:7, current fixing endpoint: sa21_sr\[7\]$_DFF_P_/D, endpoint slack:-3.8979153e-11
     1415 |      24 |     334 |      140 |     31 |   260 |   -0.115 |       -7.5 |    157 | sa11_sr\[1\]$_DFF_P_/D
iter:1415, pass:8, current fixing endpoint: sa21_sr\[7\]$_DFF_P_/D, endpoint slack:-3.8484993e-11
     1416 |      24 |     335 |      140 |     31 |   260 |   -0.115 |       -7.5 |    157 | sa11_sr\[1\]$_DFF_P_/D
iter:1416, pass:9, current fixing endpoint: sa21_sr\[7\]$_DFF_P_/D, endpoint slack:-3.871814e-11
     1417 |      24 |     335 |      140 |     31 |   261 |   -0.115 |       -7.5 |    157 | sa11_sr\[1\]$_DFF_P_/D
iter:1417, pass:10, current fixing endpoint: sa21_sr\[7\]$_DFF_P_/D, endpoint slack:-4.5844772e-11
     1418 |      24 |     336 |      140 |     31 |   261 |   -0.115 |       -7.5 |    157 | sa11_sr\[1\]$_DFF_P_/D
iter:1418, pass:11, current fixing endpoint: sa21_sr\[7\]$_DFF_P_/D, endpoint slack:-3.7411407e-11
     1419 |      24 |     337 |      140 |     31 |   261 |   -0.115 |       -7.5 |    157 | sa11_sr\[1\]$_DFF_P_/D
iter:1419, pass:12, current fixing endpoint: sa21_sr\[7\]$_DFF_P_/D, endpoint slack:-3.4707348e-11
     1420 |      24 |     338 |      140 |     31 |   261 |   -0.115 |       -7.6 |    157 | sa11_sr\[1\]$_DFF_P_/D
iter:1420, pass:13, current fixing endpoint: sa21_sr\[7\]$_DFF_P_/D, endpoint slack:-3.3740344e-11
     1421 |      24 |     339 |      140 |     31 |   261 |   -0.115 |       -7.5 |    157 | sa11_sr\[1\]$_DFF_P_/D
iter:1421, pass:14, current fixing endpoint: sa21_sr\[7\]$_DFF_P_/D, endpoint slack:-3.3416048e-11
     1422 |      24 |     339 |      140 |     31 |   262 |   -0.115 |       -7.6 |    157 | sa11_sr\[1\]$_DFF_P_/D
iter:1422, pass:15, current fixing endpoint: sa21_sr\[7\]$_DFF_P_/D, endpoint slack:-3.541889e-11
     1423 |      24 |     340 |      140 |     31 |   262 |   -0.115 |       -7.5 |    157 | sa11_sr\[1\]$_DFF_P_/D
iter:1423, pass:16, current fixing endpoint: sa21_sr\[7\]$_DFF_P_/D, endpoint slack:-3.3768988e-11
     1424 |      24 |     341 |      140 |     31 |   262 |   -0.115 |       -7.5 |    157 | sa11_sr\[1\]$_DFF_P_/D
iter:1424, pass:17, current fixing endpoint: sa21_sr\[7\]$_DFF_P_/D, endpoint slack:-3.332412e-11
     1425 |      24 |     342 |      140 |     31 |   262 |   -0.115 |       -7.6 |    157 | sa11_sr\[1\]$_DFF_P_/D
iter:1425, pass:18, current fixing endpoint: sa21_sr\[7\]$_DFF_P_/D, endpoint slack:-3.34216e-11
     1426 |      24 |     342 |      140 |     31 |   263 |   -0.115 |       -7.6 |    157 | sa11_sr\[1\]$_DFF_P_/D
iter:1426, pass:19, current fixing endpoint: sa21_sr\[7\]$_DFF_P_/D, endpoint slack:-3.4788394e-11
     1427 |      24 |     343 |      140 |     31 |   263 |   -0.115 |       -7.5 |    157 | sa11_sr\[1\]$_DFF_P_/D
iter:1427, pass:20, current fixing endpoint: sa21_sr\[7\]$_DFF_P_/D, endpoint slack:-3.4015457e-11
     1428 |      24 |     343 |      140 |     32 |   263 |   -0.115 |       -7.5 |    157 | sa11_sr\[1\]$_DFF_P_/D
iter:1428, pass:21, current fixing endpoint: sa21_sr\[7\]$_DFF_P_/D, endpoint slack:-3.1619596e-11
     1429 |      24 |     343 |      140 |     33 |   263 |   -0.115 |       -7.5 |    157 | sa11_sr\[1\]$_DFF_P_/D
iter:1429, pass:22, current fixing endpoint: sa21_sr\[7\]$_DFF_P_/D, endpoint slack:-3.1512792e-11
     1430 |      24 |     343 |      140 |     34 |   263 |   -0.115 |       -7.5 |    157 | sa11_sr\[1\]$_DFF_P_/D
iter:1430, pass:23, current fixing endpoint: sa21_sr\[7\]$_DFF_P_/D, endpoint slack:-3.1504466e-11
     1431 |      24 |     343 |      140 |     35 |   263 |   -0.115 |       -7.5 |    157 | sa11_sr\[1\]$_DFF_P_/D
iter:1431, pass:24, current fixing endpoint: sa21_sr\[7\]$_DFF_P_/D, endpoint slack:-3.1147085e-11
     1432 |      24 |     343 |      140 |     35 |   264 |   -0.115 |       -7.5 |    157 | sa11_sr\[1\]$_DFF_P_/D
iter:1432, pass:25, current fixing endpoint: sa21_sr\[7\]$_DFF_P_/D, endpoint slack:-2.9236835e-11
     1433 |      24 |     343 |      140 |     35 |   265 |   -0.115 |       -7.5 |    157 | sa11_sr\[1\]$_DFF_P_/D
iter:1433, pass:26, current fixing endpoint: sa21_sr\[7\]$_DFF_P_/D, endpoint slack:-2.7390756e-11
     1434 |      24 |     344 |      140 |     35 |   265 |   -0.115 |       -7.5 |    157 | sa11_sr\[1\]$_DFF_P_/D
iter:1434, pass:27, current fixing endpoint: sa21_sr\[7\]$_DFF_P_/D, endpoint slack:-3.0847214e-11
     1435 |      24 |     344 |      140 |     36 |   265 |   -0.115 |       -7.5 |    157 | sa11_sr\[1\]$_DFF_P_/D
iter:1435, pass:28, current fixing endpoint: sa21_sr\[7\]$_DFF_P_/D, endpoint slack:-2.995504e-11
     1435 |      24 |     343 |      140 |     35 |   265 |   -0.115 |       -7.5 |    157 | sa11_sr\[1\]$_DFF_P_/D
     1436 |      24 |     343 |      140 |     35 |   265 |   -0.115 |       -7.5 |    157 | sa11_sr\[1\]$_DFF_P_/D
iter:1436, pass:1, current fixing endpoint: sa33_sr\[0\]$_DFF_P_/D, endpoint slack:-3.324696e-11
     1437 |      24 |     343 |      140 |     35 |   266 |   -0.115 |       -7.5 |    157 | sa11_sr\[1\]$_DFF_P_/D
iter:1437, pass:2, current fixing endpoint: sa33_sr\[0\]$_DFF_P_/D, endpoint slack:-4.0318082e-11
     1438 |      24 |     343 |      140 |     35 |   267 |   -0.115 |       -7.5 |    157 | sa11_sr\[1\]$_DFF_P_/D
iter:1438, pass:3, current fixing endpoint: sa33_sr\[0\]$_DFF_P_/D, endpoint slack:-2.9200642e-11
     1439 |      24 |     344 |      140 |     35 |   267 |   -0.115 |       -7.5 |    157 | sa11_sr\[1\]$_DFF_P_/D
iter:1439, pass:4, current fixing endpoint: sa33_sr\[0\]$_DFF_P_/D, endpoint slack:-2.8417602e-11
     1440 |      24 |     344 |      140 |     35 |   268 |   -0.115 |       -7.5 |    157 | sa11_sr\[1\]$_DFF_P_/D
iter:1440, pass:5, current fixing endpoint: sa33_sr\[0\]$_DFF_P_/D, endpoint slack:-4.066736e-11
     1441 |      24 |     345 |      140 |     35 |   268 |   -0.115 |       -7.5 |    157 | sa11_sr\[1\]$_DFF_P_/D
iter:1441, pass:6, current fixing endpoint: sa33_sr\[0\]$_DFF_P_/D, endpoint slack:-4.3539616e-11
     1442 |      24 |     345 |      140 |     35 |   269 |   -0.115 |       -7.5 |    157 | sa11_sr\[1\]$_DFF_P_/D
iter:1442, pass:7, current fixing endpoint: sa33_sr\[0\]$_DFF_P_/D, endpoint slack:-5.061307e-11
     1443 |      24 |     345 |      140 |     35 |   270 |   -0.115 |       -7.5 |    157 | sa11_sr\[1\]$_DFF_P_/D
iter:1443, pass:8, current fixing endpoint: sa33_sr\[0\]$_DFF_P_/D, endpoint slack:-5.444767e-11
     1444 |      24 |     345 |      140 |     36 |   270 |   -0.115 |       -7.5 |    157 | sa11_sr\[1\]$_DFF_P_/D
iter:1444, pass:9, current fixing endpoint: sa33_sr\[0\]$_DFF_P_/D, endpoint slack:-5.1802007e-11
     1445 |      24 |     346 |      140 |     36 |   270 |   -0.115 |       -7.5 |    157 | sa11_sr\[1\]$_DFF_P_/D
iter:1445, pass:10, current fixing endpoint: sa33_sr\[0\]$_DFF_P_/D, endpoint slack:-5.0613513e-11
     1446 |      24 |     347 |      140 |     36 |   270 |   -0.115 |       -7.5 |    157 | sa11_sr\[1\]$_DFF_P_/D
iter:1446, pass:11, current fixing endpoint: sa33_sr\[0\]$_DFF_P_/D, endpoint slack:-5.2443716e-11
     1447 |      24 |     348 |      140 |     36 |   270 |   -0.115 |       -7.5 |    157 | sa11_sr\[1\]$_DFF_P_/D
iter:1447, pass:12, current fixing endpoint: sa33_sr\[0\]$_DFF_P_/D, endpoint slack:-5.3608118e-11
     1447 |      24 |     345 |      140 |     35 |   267 |   -0.115 |       -7.5 |    157 | sa11_sr\[1\]$_DFF_P_/D
     1448 |      24 |     345 |      140 |     35 |   267 |   -0.115 |       -7.5 |    157 | sa11_sr\[1\]$_DFF_P_/D
iter:1448, pass:1, current fixing endpoint: u0.u3.d\[4\]$_DFF_P_/D, endpoint slack:-3.485967e-11
     1449 |      24 |     346 |      140 |     35 |   267 |   -0.115 |       -7.5 |    157 | sa11_sr\[1\]$_DFF_P_/D
iter:1449, pass:2, current fixing endpoint: u0.u3.d\[4\]$_DFF_P_/D, endpoint slack:-3.0026426e-11
     1450 |      24 |     347 |      140 |     35 |   267 |   -0.115 |       -7.5 |    157 | sa11_sr\[1\]$_DFF_P_/D
iter:1450, pass:3, current fixing endpoint: u0.u3.d\[4\]$_DFF_P_/D, endpoint slack:-2.7145841e-11
     1451 |      24 |     348 |      140 |     35 |   267 |   -0.115 |       -7.5 |    157 | sa11_sr\[1\]$_DFF_P_/D
iter:1451, pass:4, current fixing endpoint: u0.u3.d\[4\]$_DFF_P_/D, endpoint slack:-2.572842e-11
     1452 |      24 |     349 |      140 |     35 |   267 |   -0.115 |       -7.5 |    157 | sa11_sr\[1\]$_DFF_P_/D
iter:1452, pass:5, current fixing endpoint: u0.u3.d\[4\]$_DFF_P_/D, endpoint slack:-2.8044789e-11
     1453 |      24 |     350 |      140 |     35 |   267 |   -0.115 |       -7.5 |    157 | sa11_sr\[1\]$_DFF_P_/D
iter:1453, pass:6, current fixing endpoint: u0.u3.d\[4\]$_DFF_P_/D, endpoint slack:-2.6131097e-11
     1454 |      24 |     350 |      140 |     35 |   268 |   -0.115 |       -7.5 |    157 | sa11_sr\[1\]$_DFF_P_/D
iter:1454, pass:7, current fixing endpoint: u0.u3.d\[4\]$_DFF_P_/D, endpoint slack:-3.0991876e-11
     1454 |      24 |     348 |      140 |     35 |   267 |   -0.115 |       -7.5 |    157 | sa11_sr\[1\]$_DFF_P_/D
     1455 |      24 |     348 |      140 |     35 |   267 |   -0.115 |       -7.5 |    157 | sa11_sr\[1\]$_DFF_P_/D
iter:1455, pass:1, current fixing endpoint: sa00_sr\[3\]$_DFF_P_/D, endpoint slack:-3.513345e-11
     1456 |      24 |     349 |      140 |     35 |   267 |   -0.115 |       -7.5 |    157 | sa11_sr\[1\]$_DFF_P_/D
iter:1456, pass:2, current fixing endpoint: sa00_sr\[3\]$_DFF_P_/D, endpoint slack:-3.2782554e-11
     1457 |      24 |     350 |      140 |     35 |   267 |   -0.115 |       -7.5 |    157 | sa11_sr\[1\]$_DFF_P_/D
iter:1457, pass:3, current fixing endpoint: sa00_sr\[3\]$_DFF_P_/D, endpoint slack:-3.0139224e-11
     1458 |      24 |     350 |      140 |     35 |   268 |   -0.115 |       -7.5 |    157 | sa11_sr\[1\]$_DFF_P_/D
iter:1458, pass:4, current fixing endpoint: sa00_sr\[3\]$_DFF_P_/D, endpoint slack:-3.053746e-11
     1459 |      24 |     351 |      140 |     35 |   268 |   -0.115 |       -7.5 |    157 | sa11_sr\[1\]$_DFF_P_/D
iter:1459, pass:5, current fixing endpoint: sa00_sr\[3\]$_DFF_P_/D, endpoint slack:-2.9823366e-11
     1460 |      24 |     352 |      140 |     35 |   268 |   -0.115 |       -7.5 |    157 | sa11_sr\[1\]$_DFF_P_/D
iter:1460, pass:6, current fixing endpoint: sa00_sr\[3\]$_DFF_P_/D, endpoint slack:-2.7452374e-11
     1461 |      24 |     352 |      140 |     35 |   269 |   -0.115 |       -7.5 |    157 | sa11_sr\[1\]$_DFF_P_/D
iter:1461, pass:7, current fixing endpoint: sa00_sr\[3\]$_DFF_P_/D, endpoint slack:-3.0013325e-11
     1462 |      24 |     352 |      140 |     35 |   270 |   -0.115 |       -7.5 |    157 | sa11_sr\[1\]$_DFF_P_/D
iter:1462, pass:8, current fixing endpoint: sa00_sr\[3\]$_DFF_P_/D, endpoint slack:-3.5009218e-11
     1463 |      24 |     352 |      140 |     35 |   271 |   -0.115 |       -7.5 |    157 | sa11_sr\[1\]$_DFF_P_/D
iter:1463, pass:9, current fixing endpoint: sa00_sr\[3\]$_DFF_P_/D, endpoint slack:-3.5876524e-11
     1464 |      24 |     352 |      140 |     36 |   271 |   -0.115 |       -7.5 |    157 | sa11_sr\[1\]$_DFF_P_/D
iter:1464, pass:10, current fixing endpoint: sa00_sr\[3\]$_DFF_P_/D, endpoint slack:-3.458811e-11
     1464 |      24 |     352 |      140 |     35 |   268 |   -0.115 |       -7.5 |    157 | sa11_sr\[1\]$_DFF_P_/D
     1465 |      24 |     352 |      140 |     35 |   268 |   -0.115 |       -7.5 |    157 | sa11_sr\[1\]$_DFF_P_/D
iter:1465, pass:1, current fixing endpoint: sa10_sr\[0\]$_DFF_P_/D, endpoint slack:-4.486933e-11
     1466 |      24 |     352 |      140 |     35 |   269 |   -0.115 |       -7.5 |    157 | sa11_sr\[1\]$_DFF_P_/D
iter:1466, pass:2, current fixing endpoint: sa10_sr\[0\]$_DFF_P_/D, endpoint slack:-3.2411518e-11
     1467 |      24 |     353 |      140 |     35 |   269 |   -0.115 |       -7.5 |    157 | sa11_sr\[1\]$_DFF_P_/D
iter:1467, pass:3, current fixing endpoint: sa10_sr\[0\]$_DFF_P_/D, endpoint slack:-3.1918912e-11
     1468 |      24 |     353 |      140 |     35 |   270 |   -0.115 |       -7.5 |    157 | sa11_sr\[1\]$_DFF_P_/D
iter:1468, pass:4, current fixing endpoint: sa10_sr\[0\]$_DFF_P_/D, endpoint slack:-3.819034e-11
     1469 |      24 |     353 |      140 |     35 |   271 |   -0.115 |       -7.5 |    157 | sa11_sr\[1\]$_DFF_P_/D
iter:1469, pass:5, current fixing endpoint: sa10_sr\[0\]$_DFF_P_/D, endpoint slack:-4.0467407e-11
     1470 |      24 |     354 |      140 |     35 |   271 |   -0.115 |       -7.5 |    157 | sa11_sr\[1\]$_DFF_P_/D
iter:1470, pass:6, current fixing endpoint: sa10_sr\[0\]$_DFF_P_/D, endpoint slack:-3.8312464e-11
     1471 |      24 |     355 |      140 |     35 |   271 |   -0.115 |       -7.5 |    157 | sa11_sr\[1\]$_DFF_P_/D
iter:1471, pass:7, current fixing endpoint: sa10_sr\[0\]$_DFF_P_/D, endpoint slack:-3.668188e-11
     1472 |      24 |     356 |      140 |     35 |   271 |   -0.115 |       -7.5 |    157 | sa11_sr\[1\]$_DFF_P_/D
iter:1472, pass:8, current fixing endpoint: sa10_sr\[0\]$_DFF_P_/D, endpoint slack:-3.6832648e-11
     1473 |      24 |     356 |      140 |     35 |   272 |   -0.115 |       -7.5 |    157 | sa11_sr\[1\]$_DFF_P_/D
iter:1473, pass:9, current fixing endpoint: sa10_sr\[0\]$_DFF_P_/D, endpoint slack:-4.3143378e-11
     1474 |      24 |     357 |      140 |     35 |   272 |   -0.115 |       -7.5 |    157 | sa11_sr\[1\]$_DFF_P_/D
iter:1474, pass:10, current fixing endpoint: sa10_sr\[0\]$_DFF_P_/D, endpoint slack:-4.488432e-11
     1475 |      24 |     357 |      140 |     36 |   272 |   -0.115 |       -7.6 |    157 | sa11_sr\[1\]$_DFF_P_/D
iter:1475, pass:11, current fixing endpoint: sa10_sr\[0\]$_DFF_P_/D, endpoint slack:-4.183076e-11
     1476 |      24 |     358 |      140 |     36 |   272 |   -0.115 |       -7.5 |    157 | sa11_sr\[1\]$_DFF_P_/D
iter:1476, pass:12, current fixing endpoint: sa10_sr\[0\]$_DFF_P_/D, endpoint slack:-3.6998182e-11
     1477 |      24 |     358 |      140 |     37 |   272 |   -0.115 |       -7.6 |    157 | sa11_sr\[1\]$_DFF_P_/D
iter:1477, pass:13, current fixing endpoint: sa10_sr\[0\]$_DFF_P_/D, endpoint slack:-4.9215854e-11
     1478 |      24 |     358 |      142 |     37 |   272 |   -0.115 |       -7.6 |    157 | sa11_sr\[1\]$_DFF_P_/D
iter:1478, pass:14, current fixing endpoint: sa10_sr\[0\]$_DFF_P_/D, endpoint slack:-3.5355163e-11
     1479 |      24 |     359 |      142 |     37 |   272 |   -0.115 |       -7.6 |    157 | sa11_sr\[1\]$_DFF_P_/D
iter:1479, pass:15, current fixing endpoint: sa10_sr\[0\]$_DFF_P_/D, endpoint slack:-3.411149e-11
     1480 |      24 |     360 |      142 |     37 |   272 |   -0.115 |       -7.6 |    157 | sa11_sr\[1\]$_DFF_P_/D
iter:1480, pass:16, current fixing endpoint: sa10_sr\[0\]$_DFF_P_/D, endpoint slack:-3.1683767e-11
     1481 |      24 |     360 |      142 |     37 |   273 |   -0.115 |       -7.5 |    157 | sa11_sr\[1\]$_DFF_P_/D
iter:1481, pass:17, current fixing endpoint: sa10_sr\[0\]$_DFF_P_/D, endpoint slack:-2.9011349e-11
     1482 |      24 |     361 |      142 |     37 |   273 |   -0.115 |       -7.6 |    157 | sa11_sr\[1\]$_DFF_P_/D
iter:1482, pass:18, current fixing endpoint: sa10_sr\[0\]$_DFF_P_/D, endpoint slack:-3.1158298e-11
     1483 |      24 |     362 |      142 |     37 |   273 |   -0.115 |       -7.6 |    157 | sa11_sr\[1\]$_DFF_P_/D
iter:1483, pass:19, current fixing endpoint: sa10_sr\[0\]$_DFF_P_/D, endpoint slack:-3.0266456e-11
     1484 |      24 |     363 |      142 |     37 |   273 |   -0.115 |       -7.5 |    157 | sa11_sr\[1\]$_DFF_P_/D
iter:1484, pass:20, current fixing endpoint: sa10_sr\[0\]$_DFF_P_/D, endpoint slack:-3.0027647e-11
     1485 |      24 |     363 |      142 |     37 |   274 |   -0.115 |       -7.6 |    157 | sa11_sr\[1\]$_DFF_P_/D
iter:1485, pass:21, current fixing endpoint: sa10_sr\[0\]$_DFF_P_/D, endpoint slack:-3.1216918e-11
     1486 |      24 |     363 |      142 |     38 |   274 |   -0.115 |       -7.5 |    157 | sa11_sr\[1\]$_DFF_P_/D
iter:1486, pass:22, current fixing endpoint: sa10_sr\[0\]$_DFF_P_/D, endpoint slack:-2.7748581e-11
     1487 |      24 |     363 |      142 |     39 |   274 |   -0.115 |       -7.5 |    157 | sa11_sr\[1\]$_DFF_P_/D
iter:1487, pass:23, current fixing endpoint: sa10_sr\[0\]$_DFF_P_/D, endpoint slack:-2.9550584e-11
     1487 |      24 |     363 |      142 |     38 |   274 |   -0.115 |       -7.6 |    157 | sa11_sr\[1\]$_DFF_P_/D
     1488 |      24 |     363 |      142 |     38 |   274 |   -0.115 |       -7.6 |    157 | sa11_sr\[1\]$_DFF_P_/D
iter:1488, pass:1, current fixing endpoint: u0.u1.d\[0\]$_DFF_P_/D, endpoint slack:-3.752776e-11
     1489 |      24 |     364 |      142 |     38 |   274 |   -0.115 |       -7.6 |    157 | sa11_sr\[1\]$_DFF_P_/D
iter:1489, pass:2, current fixing endpoint: u0.u1.d\[0\]$_DFF_P_/D, endpoint slack:-3.6532e-11
     1490 |      24 |     364 |      142 |     38 |   275 |   -0.115 |       -7.6 |    157 | sa11_sr\[1\]$_DFF_P_/D
iter:1490, pass:3, current fixing endpoint: u0.u1.d\[0\]$_DFF_P_/D, endpoint slack:-4.1671333e-11
     1491 |      24 |     364 |      142 |     38 |   276 |   -0.115 |       -7.6 |    157 | sa11_sr\[1\]$_DFF_P_/D
iter:1491, pass:4, current fixing endpoint: u0.u1.d\[0\]$_DFF_P_/D, endpoint slack:-3.8080428e-11
     1492 |      24 |     364 |      142 |     38 |   277 |   -0.115 |       -7.6 |    157 | sa11_sr\[1\]$_DFF_P_/D
iter:1492, pass:5, current fixing endpoint: u0.u1.d\[0\]$_DFF_P_/D, endpoint slack:-3.6500136e-11
     1492 |      24 |     364 |      142 |     38 |   277 |   -0.115 |       -7.6 |    157 | sa11_sr\[1\]$_DFF_P_/D
     1493 |      24 |     364 |      142 |     38 |   277 |   -0.115 |       -7.6 |    157 | sa11_sr\[1\]$_DFF_P_/D
iter:1493, pass:1, current fixing endpoint: sa23_sr\[3\]$_DFF_P_/D, endpoint slack:-3.895606e-11
     1494 |      24 |     365 |      142 |     38 |   277 |   -0.115 |       -7.6 |    157 | sa11_sr\[1\]$_DFF_P_/D
iter:1494, pass:2, current fixing endpoint: sa23_sr\[3\]$_DFF_P_/D, endpoint slack:-3.54341e-11
     1495 |      24 |     365 |      142 |     38 |   278 |   -0.115 |       -7.6 |    157 | sa11_sr\[1\]$_DFF_P_/D
iter:1495, pass:3, current fixing endpoint: sa23_sr\[3\]$_DFF_P_/D, endpoint slack:-3.454803e-11
     1496 |      24 |     365 |      142 |     38 |   279 |   -0.115 |       -7.6 |    157 | sa11_sr\[1\]$_DFF_P_/D
iter:1496, pass:4, current fixing endpoint: sa23_sr\[3\]$_DFF_P_/D, endpoint slack:-2.9527603e-11
     1497 |      24 |     365 |      142 |     38 |   280 |   -0.115 |       -7.6 |    157 | sa11_sr\[1\]$_DFF_P_/D
iter:1497, pass:5, current fixing endpoint: sa23_sr\[3\]$_DFF_P_/D, endpoint slack:-3.5424552e-11
     1498 |      24 |     366 |      142 |     38 |   280 |   -0.115 |       -7.6 |    157 | sa11_sr\[1\]$_DFF_P_/D
iter:1498, pass:6, current fixing endpoint: sa23_sr\[3\]$_DFF_P_/D, endpoint slack:-2.9674707e-11
     1499 |      24 |     366 |      142 |     38 |   281 |   -0.115 |       -7.6 |    157 | sa11_sr\[1\]$_DFF_P_/D
iter:1499, pass:7, current fixing endpoint: sa23_sr\[3\]$_DFF_P_/D, endpoint slack:-3.193057e-11
     1500 |      24 |     366 |      142 |     38 |   282 |   -0.115 |       -7.6 |    157 | sa11_sr\[1\]$_DFF_P_/D
iter:1500, pass:8, current fixing endpoint: sa23_sr\[3\]$_DFF_P_/D, endpoint slack:-4.0099035e-11
     1501 |      24 |     366 |      142 |     38 |   283 |   -0.115 |       -7.6 |    157 | sa11_sr\[1\]$_DFF_P_/D
iter:1501, pass:9, current fixing endpoint: sa23_sr\[3\]$_DFF_P_/D, endpoint slack:-5.332057e-11
     1502 |      24 |     367 |      142 |     38 |   283 |   -0.115 |       -7.6 |    157 | sa11_sr\[1\]$_DFF_P_/D
iter:1502, pass:10, current fixing endpoint: sa23_sr\[3\]$_DFF_P_/D, endpoint slack:-5.3284488e-11
     1503 |      24 |     367 |      142 |     38 |   284 |   -0.115 |       -7.6 |    157 | sa11_sr\[1\]$_DFF_P_/D
iter:1503, pass:11, current fixing endpoint: sa23_sr\[3\]$_DFF_P_/D, endpoint slack:-4.821521e-11
     1504 |      24 |     367 |      142 |     38 |   285 |   -0.115 |       -7.6 |    157 | sa11_sr\[1\]$_DFF_P_/D
iter:1504, pass:12, current fixing endpoint: sa23_sr\[3\]$_DFF_P_/D, endpoint slack:-4.5265236e-11
     1505 |      24 |     368 |      142 |     38 |   285 |   -0.115 |       -7.6 |    157 | sa11_sr\[1\]$_DFF_P_/D
iter:1505, pass:13, current fixing endpoint: sa23_sr\[3\]$_DFF_P_/D, endpoint slack:-4.39645e-11
     1506 |      24 |     368 |      142 |     39 |   285 |   -0.115 |       -7.6 |    157 | sa11_sr\[1\]$_DFF_P_/D
iter:1506, pass:14, current fixing endpoint: sa23_sr\[3\]$_DFF_P_/D, endpoint slack:-4.2410964e-11
     1507 |      24 |     369 |      142 |     39 |   285 |   -0.115 |       -7.6 |    157 | sa11_sr\[1\]$_DFF_P_/D
iter:1507, pass:15, current fixing endpoint: sa23_sr\[3\]$_DFF_P_/D, endpoint slack:-4.1003534e-11
     1508 |      24 |     369 |      142 |     40 |   285 |   -0.115 |       -7.6 |    157 | sa11_sr\[1\]$_DFF_P_/D
iter:1508, pass:16, current fixing endpoint: sa23_sr\[3\]$_DFF_P_/D, endpoint slack:-4.028189e-11
     1508 |      24 |     365 |      142 |     38 |   279 |   -0.115 |       -7.6 |    157 | sa11_sr\[1\]$_DFF_P_/D
     1509 |      24 |     365 |      142 |     38 |   279 |   -0.115 |       -7.6 |    157 | sa11_sr\[1\]$_DFF_P_/D
iter:1509, pass:1, current fixing endpoint: u0.u1.d\[3\]$_DFF_P_/D, endpoint slack:-3.1122216e-11
     1510 |      24 |     366 |      142 |     38 |   279 |   -0.115 |       -7.6 |    157 | sa11_sr\[1\]$_DFF_P_/D
iter:1510, pass:2, current fixing endpoint: u0.u1.d\[3\]$_DFF_P_/D, endpoint slack:-2.0542235e-11
     1511 |      24 |     367 |      142 |     38 |   279 |   -0.115 |       -7.6 |    157 | sa11_sr\[1\]$_DFF_P_/D
iter:1511, pass:3, current fixing endpoint: u0.u1.d\[3\]$_DFF_P_/D, endpoint slack:-2.0171198e-11
     1512 |      24 |     368 |      142 |     38 |   279 |   -0.115 |       -7.6 |    157 | sa11_sr\[1\]$_DFF_P_/D
iter:1512, pass:4, current fixing endpoint: u0.u1.d\[3\]$_DFF_P_/D, endpoint slack:-1.9743651e-11
     1513 |      24 |     369 |      142 |     38 |   279 |   -0.115 |       -7.5 |    157 | sa11_sr\[1\]$_DFF_P_/D
iter:1513, pass:5, current fixing endpoint: u0.u1.d\[3\]$_DFF_P_/D, endpoint slack:-1.2981616e-11
     1514 |      24 |     370 |      142 |     38 |   279 |   -0.115 |       -7.5 |    157 | sa11_sr\[1\]$_DFF_P_/D
iter:1514, pass:6, current fixing endpoint: u0.u1.d\[3\]$_DFF_P_/D, endpoint slack:-1.2943091e-11
     1515 |      24 |     371 |      142 |     38 |   279 |   -0.115 |       -7.6 |    157 | sa11_sr\[1\]$_DFF_P_/D
iter:1515, pass:7, current fixing endpoint: u0.u1.d\[3\]$_DFF_P_/D, endpoint slack:-1.5189183e-11
     1516 |      24 |     371 |      142 |     38 |   280 |   -0.115 |       -7.5 |    157 | sa11_sr\[1\]$_DFF_P_/D
iter:1516, pass:8, current fixing endpoint: u0.u1.d\[3\]$_DFF_P_/D, endpoint slack:-1.2740475e-11
     1517 |      24 |     372 |      142 |     38 |   280 |   -0.115 |       -7.5 |    157 | sa11_sr\[1\]$_DFF_P_/D
iter:1517, pass:9, current fixing endpoint: u0.u1.d\[3\]$_DFF_P_/D, endpoint slack:-1.236744e-11
     1518 |      24 |     372 |      142 |     38 |   281 |   -0.115 |       -7.6 |    157 | sa11_sr\[1\]$_DFF_P_/D
iter:1518, pass:10, current fixing endpoint: u0.u1.d\[3\]$_DFF_P_/D, endpoint slack:-1.3181345e-11
     1518 |      24 |     372 |      142 |     38 |   280 |   -0.115 |       -7.5 |    157 | sa11_sr\[1\]$_DFF_P_/D
     1519 |      24 |     372 |      142 |     38 |   280 |   -0.115 |       -7.5 |    157 | sa11_sr\[1\]$_DFF_P_/D
iter:1519, pass:1, current fixing endpoint: sa31_sr\[2\]$_DFF_P_/D, endpoint slack:-3.7610803e-11
     1520 |      24 |     372 |      142 |     38 |   281 |   -0.115 |       -7.6 |    157 | sa11_sr\[1\]$_DFF_P_/D
iter:1520, pass:2, current fixing endpoint: sa31_sr\[2\]$_DFF_P_/D, endpoint slack:-4.5334292e-11
     1521 |      24 |     373 |      142 |     38 |   281 |   -0.115 |       -7.6 |    157 | sa11_sr\[1\]$_DFF_P_/D
iter:1521, pass:3, current fixing endpoint: sa31_sr\[2\]$_DFF_P_/D, endpoint slack:-4.131595e-11
     1522 |      24 |     374 |      142 |     38 |   281 |   -0.115 |       -7.6 |    157 | sa11_sr\[1\]$_DFF_P_/D
iter:1522, pass:4, current fixing endpoint: sa31_sr\[2\]$_DFF_P_/D, endpoint slack:-4.181311e-11
     1523 |      24 |     374 |      142 |     38 |   282 |   -0.115 |       -7.6 |    157 | sa11_sr\[1\]$_DFF_P_/D
iter:1523, pass:5, current fixing endpoint: sa31_sr\[2\]$_DFF_P_/D, endpoint slack:-3.927858e-11
     1524 |      24 |     374 |      142 |     38 |   283 |   -0.115 |       -7.6 |    157 | sa11_sr\[1\]$_DFF_P_/D
iter:1524, pass:6, current fixing endpoint: sa31_sr\[2\]$_DFF_P_/D, endpoint slack:-4.6845194e-11
     1525 |      24 |     374 |      142 |     38 |   284 |   -0.115 |       -7.6 |    157 | sa11_sr\[1\]$_DFF_P_/D
iter:1525, pass:7, current fixing endpoint: sa31_sr\[2\]$_DFF_P_/D, endpoint slack:-5.2447602e-11
     1526 |      24 |     374 |      145 |     38 |   284 |   -0.115 |       -7.6 |    157 | sa11_sr\[1\]$_DFF_P_/D
iter:1526, pass:8, current fixing endpoint: sa31_sr\[2\]$_DFF_P_/D, endpoint slack:-4.5116244e-11
     1527 |      24 |     374 |      145 |     38 |   285 |   -0.115 |       -7.6 |    157 | sa11_sr\[1\]$_DFF_P_/D
iter:1527, pass:9, current fixing endpoint: sa31_sr\[2\]$_DFF_P_/D, endpoint slack:-5.0427773e-11
     1528 |      24 |     374 |      145 |     38 |   286 |   -0.115 |       -7.6 |    157 | sa11_sr\[1\]$_DFF_P_/D
iter:1528, pass:10, current fixing endpoint: sa31_sr\[2\]$_DFF_P_/D, endpoint slack:-5.3485216e-11
     1529 |      25 |     374 |      145 |     38 |   286 |   -0.115 |       -7.5 |    157 | sa11_sr\[1\]$_DFF_P_/D
iter:1529, pass:11, current fixing endpoint: sa31_sr\[2\]$_DFF_P_/D, endpoint slack:-3.242362e-11
     1530 |      25 |     374 |      145 |     39 |   286 |   -0.115 |       -7.5 |    157 | sa11_sr\[1\]$_DFF_P_/D
iter:1530, pass:12, current fixing endpoint: sa31_sr\[2\]$_DFF_P_/D, endpoint slack:-2.6310953e-11
     1530 |      25 |     374 |      145 |     39 |   286 |   -0.115 |       -7.5 |    157 | sa11_sr\[1\]$_DFF_P_/D
     1531 |      25 |     374 |      145 |     39 |   286 |   -0.115 |       -7.5 |    157 | sa11_sr\[1\]$_DFF_P_/D
iter:1531, pass:1, current fixing endpoint: sa33_sr\[4\]$_DFF_P_/D, endpoint slack:-2.7463365e-11
     1532 |      25 |     374 |      145 |     39 |   287 |   -0.115 |       -7.5 |    157 | sa11_sr\[1\]$_DFF_P_/D
iter:1532, pass:2, current fixing endpoint: sa33_sr\[4\]$_DFF_P_/D, endpoint slack:-2.4770408e-11
     1533 |      25 |     374 |      145 |     39 |   288 |   -0.115 |       -7.5 |    157 | sa11_sr\[1\]$_DFF_P_/D
iter:1533, pass:3, current fixing endpoint: sa33_sr\[4\]$_DFF_P_/D, endpoint slack:-2.7751135e-11
     1534 |      25 |     374 |      145 |     39 |   289 |   -0.115 |       -7.5 |    157 | sa11_sr\[1\]$_DFF_P_/D
iter:1534, pass:4, current fixing endpoint: sa33_sr\[4\]$_DFF_P_/D, endpoint slack:-2.0511592e-11
     1535 |      25 |     374 |      145 |     39 |   290 |   -0.115 |       -7.5 |    157 | sa11_sr\[1\]$_DFF_P_/D
iter:1535, pass:5, current fixing endpoint: sa33_sr\[4\]$_DFF_P_/D, endpoint slack:-1.8348212e-11
     1536 |      25 |     375 |      145 |     39 |   290 |   -0.115 |       -7.5 |    157 | sa11_sr\[1\]$_DFF_P_/D
iter:1536, pass:6, current fixing endpoint: sa33_sr\[4\]$_DFF_P_/D, endpoint slack:-2.273759e-11
     1536 |      25 |     374 |      145 |     39 |   290 |   -0.115 |       -7.5 |    157 | sa11_sr\[1\]$_DFF_P_/D
     1537 |      25 |     374 |      145 |     39 |   290 |   -0.115 |       -7.5 |    157 | sa11_sr\[1\]$_DFF_P_/D
iter:1537, pass:1, current fixing endpoint: sa30_sr\[6\]$_DFF_P_/D, endpoint slack:-3.7132075e-11
     1538 |      25 |     374 |      145 |     39 |   291 |   -0.115 |       -7.5 |    157 | sa11_sr\[1\]$_DFF_P_/D
iter:1538, pass:2, current fixing endpoint: sa30_sr\[6\]$_DFF_P_/D, endpoint slack:-4.2090664e-11
     1539 |      25 |     374 |      145 |     39 |   292 |   -0.115 |       -7.5 |    157 | sa11_sr\[1\]$_DFF_P_/D
iter:1539, pass:3, current fixing endpoint: sa30_sr\[6\]$_DFF_P_/D, endpoint slack:-3.9485415e-11
     1540 |      25 |     374 |      145 |     39 |   293 |   -0.115 |       -7.5 |    157 | sa11_sr\[1\]$_DFF_P_/D
iter:1540, pass:4, current fixing endpoint: sa30_sr\[6\]$_DFF_P_/D, endpoint slack:-3.7877035e-11
     1541 |      25 |     374 |      145 |     39 |   294 |   -0.115 |       -7.5 |    157 | sa11_sr\[1\]$_DFF_P_/D
iter:1541, pass:5, current fixing endpoint: sa30_sr\[6\]$_DFF_P_/D, endpoint slack:-4.238443e-11
     1542 |      25 |     375 |      145 |     39 |   294 |   -0.115 |       -7.5 |    157 | sa11_sr\[1\]$_DFF_P_/D
iter:1542, pass:6, current fixing endpoint: sa30_sr\[6\]$_DFF_P_/D, endpoint slack:-4.3894555e-11
     1543 |      25 |     375 |      145 |     40 |   294 |   -0.115 |       -7.5 |    157 | sa11_sr\[1\]$_DFF_P_/D
iter:1543, pass:7, current fixing endpoint: sa30_sr\[6\]$_DFF_P_/D, endpoint slack:-4.3186232e-11
     1544 |      26 |     375 |      145 |     40 |   294 |   -0.115 |       -7.4 |    157 | sa11_sr\[1\]$_DFF_P_/D
iter:1544, pass:8, current fixing endpoint: sa30_sr\[6\]$_DFF_P_/D, endpoint slack:-2.8618441e-11
     1545 |      26 |     375 |      145 |     40 |   295 |   -0.115 |       -7.4 |    157 | sa11_sr\[1\]$_DFF_P_/D
iter:1545, pass:9, current fixing endpoint: sa30_sr\[6\]$_DFF_P_/D, endpoint slack:-2.2672864e-11
     1546 |      26 |     375 |      145 |     40 |   296 |   -0.115 |       -7.4 |    157 | sa11_sr\[1\]$_DFF_P_/D
iter:1546, pass:10, current fixing endpoint: sa30_sr\[6\]$_DFF_P_/D, endpoint slack:-2.2135294e-11
     1547 |      26 |     375 |      147 |     40 |   296 |   -0.115 |       -7.4 |    157 | sa11_sr\[1\]$_DFF_P_/D
iter:1547, pass:11, current fixing endpoint: sa30_sr\[6\]$_DFF_P_/D, endpoint slack:-2.0474511e-11
     1548 |      26 |     375 |      147 |     40 |   297 |   -0.115 |       -7.4 |    157 | sa11_sr\[1\]$_DFF_P_/D
iter:1548, pass:12, current fixing endpoint: sa30_sr\[6\]$_DFF_P_/D, endpoint slack:-1.9720892e-11
     1549 |      26 |     376 |      147 |     40 |   297 |   -0.115 |       -7.4 |    157 | sa11_sr\[1\]$_DFF_P_/D
iter:1549, pass:13, current fixing endpoint: sa30_sr\[6\]$_DFF_P_/D, endpoint slack:-2.0736302e-11
     1550 |      26 |     376 |      147 |     40 |   298 |   -0.115 |       -7.4 |    157 | sa11_sr\[1\]$_DFF_P_/D
iter:1550, pass:14, current fixing endpoint: sa30_sr\[6\]$_DFF_P_/D, endpoint slack:-2.864542e-11
     1550 |      26 |     375 |      147 |     40 |   297 |   -0.115 |       -7.4 |    157 | sa11_sr\[1\]$_DFF_P_/D
     1551 |      26 |     375 |      147 |     40 |   297 |   -0.115 |       -7.4 |    157 | sa11_sr\[1\]$_DFF_P_/D
iter:1551, pass:1, current fixing endpoint: sa21_sr\[4\]$_DFF_P_/D, endpoint slack:-3.6181946e-11
     1552 |      26 |     376 |      147 |     40 |   297 |   -0.115 |       -7.4 |    157 | sa11_sr\[1\]$_DFF_P_/D
iter:1552, pass:2, current fixing endpoint: sa21_sr\[4\]$_DFF_P_/D, endpoint slack:-3.2435943e-11
     1553 |      26 |     376 |      147 |     40 |   298 |   -0.115 |       -7.4 |    157 | sa11_sr\[1\]$_DFF_P_/D
iter:1553, pass:3, current fixing endpoint: sa21_sr\[4\]$_DFF_P_/D, endpoint slack:-2.7265412e-11
     1554 |      26 |     376 |      147 |     40 |   299 |   -0.115 |       -7.4 |    157 | sa11_sr\[1\]$_DFF_P_/D
iter:1554, pass:4, current fixing endpoint: sa21_sr\[4\]$_DFF_P_/D, endpoint slack:-2.181444e-11
     1555 |      26 |     376 |      147 |     40 |   300 |   -0.115 |       -7.4 |    157 | sa11_sr\[1\]$_DFF_P_/D
iter:1555, pass:5, current fixing endpoint: sa21_sr\[4\]$_DFF_P_/D, endpoint slack:-1.8901103e-11
     1556 |      26 |     376 |      147 |     40 |   301 |   -0.115 |       -7.4 |    157 | sa11_sr\[1\]$_DFF_P_/D
iter:1556, pass:6, current fixing endpoint: sa21_sr\[4\]$_DFF_P_/D, endpoint slack:-1.8847812e-11
     1557 |      26 |     377 |      147 |     40 |   301 |   -0.115 |       -7.4 |    157 | sa11_sr\[1\]$_DFF_P_/D
iter:1557, pass:7, current fixing endpoint: sa21_sr\[4\]$_DFF_P_/D, endpoint slack:-2.4910074e-11
     1558 |      26 |     377 |      147 |     40 |   302 |   -0.115 |       -7.4 |    157 | sa11_sr\[1\]$_DFF_P_/D
iter:1558, pass:8, current fixing endpoint: sa21_sr\[4\]$_DFF_P_/D, endpoint slack:-2.2244206e-11
     1559 |      26 |     377 |      147 |     41 |   302 |   -0.115 |       -7.4 |    157 | sa11_sr\[1\]$_DFF_P_/D
iter:1559, pass:9, current fixing endpoint: sa21_sr\[4\]$_DFF_P_/D, endpoint slack:-1.9060864e-11
     1559 |      26 |     376 |      147 |     40 |   301 |   -0.115 |       -7.4 |    157 | sa11_sr\[1\]$_DFF_P_/D
     1560 |      26 |     376 |      147 |     40 |   301 |   -0.115 |       -7.4 |    157 | sa11_sr\[1\]$_DFF_P_/D
iter:1560, pass:1, current fixing endpoint: sa10_sr\[4\]$_DFF_P_/D, endpoint slack:-6.3824834e-11
     1561 |      26 |     377 |      147 |     40 |   301 |   -0.115 |       -7.4 |    157 | sa11_sr\[1\]$_DFF_P_/D
iter:1561, pass:2, current fixing endpoint: sa10_sr\[4\]$_DFF_P_/D, endpoint slack:-5.9320215e-11
     1562 |      26 |     377 |      147 |     40 |   302 |   -0.115 |       -7.4 |    157 | sa11_sr\[1\]$_DFF_P_/D
iter:1562, pass:3, current fixing endpoint: sa10_sr\[4\]$_DFF_P_/D, endpoint slack:-5.6221472e-11
     1563 |      26 |     378 |      147 |     40 |   302 |   -0.115 |       -7.4 |    157 | sa11_sr\[1\]$_DFF_P_/D
iter:1563, pass:4, current fixing endpoint: sa10_sr\[4\]$_DFF_P_/D, endpoint slack:-5.3557492e-11
     1564 |      26 |     378 |      147 |     40 |   303 |   -0.115 |       -7.4 |    157 | sa11_sr\[1\]$_DFF_P_/D
iter:1564, pass:5, current fixing endpoint: sa10_sr\[4\]$_DFF_P_/D, endpoint slack:-4.579037e-11
     1565 |      26 |     379 |      147 |     40 |   303 |   -0.115 |       -7.4 |    157 | sa11_sr\[1\]$_DFF_P_/D
iter:1565, pass:6, current fixing endpoint: sa10_sr\[4\]$_DFF_P_/D, endpoint slack:-4.0951464e-11
     1566 |      26 |     379 |      147 |     41 |   303 |   -0.115 |       -7.4 |    157 | sa11_sr\[1\]$_DFF_P_/D
iter:1566, pass:7, current fixing endpoint: sa10_sr\[4\]$_DFF_P_/D, endpoint slack:-4.0253356e-11
     1567 |      26 |     379 |      150 |     41 |   303 |   -0.115 |       -7.4 |    157 | sa11_sr\[1\]$_DFF_P_/D
iter:1567, pass:8, current fixing endpoint: sa10_sr\[4\]$_DFF_P_/D, endpoint slack:-3.8542836e-11
     1567 |      26 |     379 |      150 |     41 |   303 |   -0.115 |       -7.4 |    157 | sa11_sr\[1\]$_DFF_P_/D
     1568 |      26 |     379 |      150 |     41 |   303 |   -0.115 |       -7.4 |    157 | sa11_sr\[1\]$_DFF_P_/D
iter:1568, pass:1, current fixing endpoint: sa22_sr\[1\]$_DFF_P_/D, endpoint slack:-4.0470405e-11
     1569 |      26 |     379 |      152 |     41 |   303 |   -0.115 |       -7.4 |    157 | sa11_sr\[1\]$_DFF_P_/D
iter:1569, pass:2, current fixing endpoint: sa22_sr\[1\]$_DFF_P_/D, endpoint slack:-4.024725e-11
     1570 |      26 |     379 |      152 |     41 |   304 |   -0.115 |       -7.4 |    157 | sa11_sr\[1\]$_DFF_P_/D
iter:1570, pass:3, current fixing endpoint: sa22_sr\[1\]$_DFF_P_/D, endpoint slack:-4.7820747e-11
     1571 |      26 |     379 |      152 |     41 |   305 |   -0.115 |       -7.4 |    157 | sa11_sr\[1\]$_DFF_P_/D
iter:1571, pass:4, current fixing endpoint: sa22_sr\[1\]$_DFF_P_/D, endpoint slack:-4.7827742e-11
     1572 |      26 |     380 |      152 |     41 |   305 |   -0.115 |       -7.3 |    157 | sa11_sr\[1\]$_DFF_P_/D
iter:1572, pass:5, current fixing endpoint: sa22_sr\[1\]$_DFF_P_/D, endpoint slack:-4.6002535e-11
     1573 |      26 |     380 |      152 |     41 |   306 |   -0.115 |       -7.3 |    157 | sa11_sr\[1\]$_DFF_P_/D
iter:1573, pass:6, current fixing endpoint: sa22_sr\[1\]$_DFF_P_/D, endpoint slack:-3.8223202e-11
     1574 |      26 |     380 |      152 |     41 |   307 |   -0.115 |       -7.4 |    157 | sa11_sr\[1\]$_DFF_P_/D
iter:1574, pass:7, current fixing endpoint: sa22_sr\[1\]$_DFF_P_/D, endpoint slack:-4.0077275e-11
     1575 |      26 |     380 |      152 |     41 |   308 |   -0.115 |       -7.4 |    157 | sa11_sr\[1\]$_DFF_P_/D
iter:1575, pass:8, current fixing endpoint: sa22_sr\[1\]$_DFF_P_/D, endpoint slack:-4.147105e-11
     1576 |      26 |     381 |      152 |     41 |   308 |   -0.115 |       -7.4 |    157 | sa11_sr\[1\]$_DFF_P_/D
iter:1576, pass:9, current fixing endpoint: sa22_sr\[1\]$_DFF_P_/D, endpoint slack:-3.9766856e-11
     1577 |      27 |     381 |      152 |     41 |   308 |   -0.115 |       -7.3 |    157 | sa11_sr\[1\]$_DFF_P_/D
iter:1577, pass:10, current fixing endpoint: sa22_sr\[1\]$_DFF_P_/D, endpoint slack:-3.009948e-11
     1578 |      27 |     382 |      152 |     41 |   308 |   -0.115 |       -7.3 |    157 | sa11_sr\[1\]$_DFF_P_/D
iter:1578, pass:11, current fixing endpoint: sa22_sr\[1\]$_DFF_P_/D, endpoint slack:-2.8455016e-11
     1579 |      27 |     382 |      152 |     41 |   309 |   -0.115 |       -7.3 |    157 | sa11_sr\[1\]$_DFF_P_/D
iter:1579, pass:12, current fixing endpoint: sa22_sr\[1\]$_DFF_P_/D, endpoint slack:-3.080336e-11
     1580 |      27 |     383 |      152 |     41 |   309 |   -0.115 |       -7.3 |    157 | sa11_sr\[1\]$_DFF_P_/D
iter:1580, pass:13, current fixing endpoint: sa22_sr\[1\]$_DFF_P_/D, endpoint slack:-2.8742342e-11
     1581 |      27 |     384 |      152 |     41 |   309 |   -0.115 |       -7.3 |    157 | sa11_sr\[1\]$_DFF_P_/D
iter:1581, pass:14, current fixing endpoint: sa22_sr\[1\]$_DFF_P_/D, endpoint slack:-3.156586e-11
     1582 |      27 |     384 |      152 |     42 |   309 |   -0.115 |       -7.3 |    157 | sa11_sr\[1\]$_DFF_P_/D
iter:1582, pass:15, current fixing endpoint: sa22_sr\[1\]$_DFF_P_/D, endpoint slack:-2.9933833e-11
     1582 |      27 |     382 |      152 |     41 |   308 |   -0.115 |       -7.3 |    157 | sa11_sr\[1\]$_DFF_P_/D
     1583 |      27 |     382 |      152 |     41 |   308 |   -0.115 |       -7.3 |    157 | sa11_sr\[1\]$_DFF_P_/D
iter:1583, pass:1, current fixing endpoint: u0.u2.d\[7\]$_DFF_P_/D, endpoint slack:-2.5044633e-11
     1584 |      27 |     382 |      152 |     41 |   309 |   -0.115 |       -7.3 |    157 | sa11_sr\[1\]$_DFF_P_/D
iter:1584, pass:2, current fixing endpoint: u0.u2.d\[7\]$_DFF_P_/D, endpoint slack:-3.0663028e-11
     1585 |      27 |     383 |      152 |     41 |   309 |   -0.115 |       -7.3 |    157 | sa11_sr\[1\]$_DFF_P_/D
iter:1585, pass:3, current fixing endpoint: u0.u2.d\[7\]$_DFF_P_/D, endpoint slack:-2.882583e-11
     1586 |      27 |     383 |      152 |     41 |   310 |   -0.115 |       -7.3 |    157 | sa11_sr\[1\]$_DFF_P_/D
iter:1586, pass:4, current fixing endpoint: u0.u2.d\[7\]$_DFF_P_/D, endpoint slack:-3.154732e-11
     1587 |      28 |     383 |      152 |     41 |   310 |   -0.115 |       -7.3 |    157 | sa11_sr\[1\]$_DFF_P_/D
iter:1587, pass:5, current fixing endpoint: u0.u2.d\[7\]$_DFF_P_/D, endpoint slack:-1.9455992e-11
     1588 |      28 |     384 |      152 |     41 |   310 |   -0.115 |       -7.3 |    157 | sa11_sr\[1\]$_DFF_P_/D
iter:1588, pass:6, current fixing endpoint: u0.u2.d\[7\]$_DFF_P_/D, endpoint slack:-1.5729085e-11
     1589 |      28 |     384 |      154 |     41 |   310 |   -0.115 |       -7.5 |    157 | sa11_sr\[1\]$_DFF_P_/D
iter:1589, pass:7, current fixing endpoint: u0.u2.d\[7\]$_DFF_P_/D, endpoint slack:-6.1178396e-11
     1590 |      28 |     385 |      154 |     41 |   310 |   -0.115 |       -7.4 |    157 | sa11_sr\[1\]$_DFF_P_/D
iter:1590, pass:8, current fixing endpoint: u0.u2.d\[7\]$_DFF_P_/D, endpoint slack:-4.33662e-11
     1591 |      28 |     386 |      154 |     41 |   310 |   -0.115 |       -7.3 |    157 | sa11_sr\[1\]$_DFF_P_/D
iter:1591, pass:9, current fixing endpoint: u0.u2.d\[7\]$_DFF_P_/D, endpoint slack:-3.374534e-11
     1592 |      28 |     387 |      154 |     41 |   310 |   -0.115 |       -7.3 |    157 | sa11_sr\[1\]$_DFF_P_/D
iter:1592, pass:10, current fixing endpoint: u0.u2.d\[7\]$_DFF_P_/D, endpoint slack:-3.198497e-11
     1593 |      28 |     387 |      154 |     42 |   310 |   -0.115 |       -7.3 |    157 | sa11_sr\[1\]$_DFF_P_/D
iter:1593, pass:11, current fixing endpoint: u0.u2.d\[7\]$_DFF_P_/D, endpoint slack:-2.9032443e-11
     1594 |      28 |     388 |      154 |     42 |   310 |   -0.115 |       -7.3 |    157 | sa11_sr\[1\]$_DFF_P_/D
iter:1594, pass:12, current fixing endpoint: u0.u2.d\[7\]$_DFF_P_/D, endpoint slack:-3.0954572e-11
     1595 |      28 |     389 |      154 |     42 |   310 |   -0.115 |       -7.3 |    157 | sa11_sr\[1\]$_DFF_P_/D
iter:1595, pass:13, current fixing endpoint: u0.u2.d\[7\]$_DFF_P_/D, endpoint slack:-2.5556113e-11
     1596 |      28 |     389 |      154 |     42 |   311 |   -0.115 |       -7.3 |    157 | sa11_sr\[1\]$_DFF_P_/D
iter:1596, pass:14, current fixing endpoint: u0.u2.d\[7\]$_DFF_P_/D, endpoint slack:-2.8602343e-11
     1597 |      28 |     389 |      154 |     43 |   311 |   -0.115 |       -7.3 |    157 | sa11_sr\[1\]$_DFF_P_/D
iter:1597, pass:15, current fixing endpoint: u0.u2.d\[7\]$_DFF_P_/D, endpoint slack:-2.92405e-11
     1597 |      28 |     386 |      153 |     41 |   310 |   -0.115 |       -7.3 |    157 | sa11_sr\[1\]$_DFF_P_/D
     1598 |      28 |     386 |      153 |     41 |   310 |   -0.115 |       -7.3 |    157 | sa11_sr\[1\]$_DFF_P_/D
iter:1598, pass:1, current fixing endpoint: u0.u3.d\[0\]$_DFF_P_/D, endpoint slack:-2.6388891e-11
     1599 |      28 |     386 |      153 |     41 |   311 |   -0.115 |       -7.4 |    157 | sa11_sr\[1\]$_DFF_P_/D
iter:1599, pass:2, current fixing endpoint: u0.u3.d\[0\]$_DFF_P_/D, endpoint slack:-4.2166937e-11
     1600 |      28 |     387 |      153 |     41 |   311 |   -0.115 |       -7.4 |    157 | sa11_sr\[1\]$_DFF_P_/D
iter:1600, pass:3, current fixing endpoint: u0.u3.d\[0\]$_DFF_P_/D, endpoint slack:-4.381817e-11
     1601 |      28 |     388 |      153 |     41 |   311 |   -0.115 |       -7.4 |    157 | sa11_sr\[1\]$_DFF_P_/D
iter:1601, pass:4, current fixing endpoint: u0.u3.d\[0\]$_DFF_P_/D, endpoint slack:-4.377776e-11
     1602 |      28 |     388 |      153 |     41 |   312 |   -0.115 |       -7.4 |    157 | sa11_sr\[1\]$_DFF_P_/D
iter:1602, pass:5, current fixing endpoint: u0.u3.d\[0\]$_DFF_P_/D, endpoint slack:-4.4878767e-11
     1602 |      28 |     386 |      153 |     41 |   310 |   -0.115 |       -7.3 |    157 | sa11_sr\[1\]$_DFF_P_/D
     1603 |      28 |     386 |      153 |     41 |   310 |   -0.115 |       -7.3 |    157 | sa11_sr\[1\]$_DFF_P_/D
iter:1603, pass:1, current fixing endpoint: sa30_sr\[2\]$_DFF_P_/D, endpoint slack:-2.4578672e-11
     1604 |      28 |     386 |      153 |     41 |   311 |   -0.115 |       -7.3 |    157 | sa11_sr\[1\]$_DFF_P_/D
iter:1604, pass:2, current fixing endpoint: sa30_sr\[2\]$_DFF_P_/D, endpoint slack:-3.0007552e-11
     1605 |      28 |     386 |      153 |     41 |   312 |   -0.115 |       -7.3 |    157 | sa11_sr\[1\]$_DFF_P_/D
iter:1605, pass:3, current fixing endpoint: sa30_sr\[2\]$_DFF_P_/D, endpoint slack:-2.4968583e-11
     1606 |      28 |     386 |      153 |     41 |   313 |   -0.115 |       -7.3 |    157 | sa11_sr\[1\]$_DFF_P_/D
iter:1606, pass:4, current fixing endpoint: sa30_sr\[2\]$_DFF_P_/D, endpoint slack:-2.4860558e-11
     1607 |      28 |     387 |      153 |     41 |   313 |   -0.115 |       -7.3 |    157 | sa11_sr\[1\]$_DFF_P_/D
iter:1607, pass:5, current fixing endpoint: sa30_sr\[2\]$_DFF_P_/D, endpoint slack:-2.2668978e-11
     1608 |      28 |     388 |      153 |     41 |   313 |   -0.115 |       -7.3 |    157 | sa11_sr\[1\]$_DFF_P_/D
iter:1608, pass:6, current fixing endpoint: sa30_sr\[2\]$_DFF_P_/D, endpoint slack:-2.0110691e-11
     1609 |      28 |     389 |      153 |     41 |   313 |   -0.115 |       -7.3 |    157 | sa11_sr\[1\]$_DFF_P_/D
iter:1609, pass:7, current fixing endpoint: sa30_sr\[2\]$_DFF_P_/D, endpoint slack:-1.9533597e-11
     1610 |      28 |     390 |      153 |     41 |   313 |   -0.115 |       -7.3 |    157 | sa11_sr\[1\]$_DFF_P_/D
iter:1610, pass:8, current fixing endpoint: sa30_sr\[2\]$_DFF_P_/D, endpoint slack:-2.1358249e-11
     1611 |      28 |     391 |      153 |     41 |   313 |   -0.115 |       -7.3 |    157 | sa11_sr\[1\]$_DFF_P_/D
iter:1611, pass:9, current fixing endpoint: sa30_sr\[2\]$_DFF_P_/D, endpoint slack:-2.3538171e-11
     1612 |      28 |     391 |      153 |     41 |   314 |   -0.115 |       -7.3 |    157 | sa11_sr\[1\]$_DFF_P_/D
iter:1612, pass:10, current fixing endpoint: sa30_sr\[2\]$_DFF_P_/D, endpoint slack:-2.1204594e-11
     1613 |      28 |     392 |      153 |     41 |   314 |   -0.115 |       -7.3 |    157 | sa11_sr\[1\]$_DFF_P_/D
iter:1613, pass:11, current fixing endpoint: sa30_sr\[2\]$_DFF_P_/D, endpoint slack:-1.9264701e-11
     1614 |      28 |     393 |      153 |     41 |   314 |   -0.115 |       -7.3 |    157 | sa11_sr\[1\]$_DFF_P_/D
iter:1614, pass:12, current fixing endpoint: sa30_sr\[2\]$_DFF_P_/D, endpoint slack:-2.0299873e-11
     1615 |      28 |     394 |      153 |     41 |   314 |   -0.115 |       -7.3 |    157 | sa11_sr\[1\]$_DFF_P_/D
iter:1615, pass:13, current fixing endpoint: sa30_sr\[2\]$_DFF_P_/D, endpoint slack:-2.0159985e-11
     1616 |      28 |     395 |      153 |     41 |   314 |   -0.115 |       -7.3 |    157 | sa11_sr\[1\]$_DFF_P_/D
iter:1616, pass:14, current fixing endpoint: sa30_sr\[2\]$_DFF_P_/D, endpoint slack:-1.9021118e-11
     1617 |      28 |     396 |      153 |     41 |   314 |   -0.115 |       -7.3 |    157 | sa11_sr\[1\]$_DFF_P_/D
iter:1617, pass:15, current fixing endpoint: sa30_sr\[2\]$_DFF_P_/D, endpoint slack:-1.8733903e-11
     1618 |      28 |     397 |      153 |     41 |   314 |   -0.115 |       -7.3 |    157 | sa11_sr\[1\]$_DFF_P_/D
iter:1618, pass:16, current fixing endpoint: sa30_sr\[2\]$_DFF_P_/D, endpoint slack:-1.7047364e-11
     1619 |      28 |     398 |      153 |     41 |   314 |   -0.115 |       -7.3 |    157 | sa11_sr\[1\]$_DFF_P_/D
iter:1619, pass:17, current fixing endpoint: sa30_sr\[2\]$_DFF_P_/D, endpoint slack:-1.7074897e-11
     1620 |      28 |     398 |      153 |     41 |   315 |   -0.115 |       -7.3 |    157 | sa11_sr\[1\]$_DFF_P_/D
iter:1620, pass:18, current fixing endpoint: sa30_sr\[2\]$_DFF_P_/D, endpoint slack:-2.1954105e-11
     1621 |      28 |     398 |      153 |     41 |   316 |   -0.115 |       -7.3 |    157 | sa11_sr\[1\]$_DFF_P_/D
iter:1621, pass:19, current fixing endpoint: sa30_sr\[2\]$_DFF_P_/D, endpoint slack:-2.6969427e-11
     1622 |      28 |     399 |      153 |     41 |   316 |   -0.115 |       -7.3 |    157 | sa11_sr\[1\]$_DFF_P_/D
iter:1622, pass:20, current fixing endpoint: sa30_sr\[2\]$_DFF_P_/D, endpoint slack:-3.0832115e-11
     1623 |      28 |     399 |      153 |     41 |   317 |   -0.115 |       -7.3 |    157 | sa11_sr\[1\]$_DFF_P_/D
iter:1623, pass:21, current fixing endpoint: sa30_sr\[2\]$_DFF_P_/D, endpoint slack:-2.7945979e-11
     1623 |      28 |     397 |      153 |     41 |   314 |   -0.115 |       -7.3 |    157 | sa11_sr\[1\]$_DFF_P_/D
     1624 |      28 |     397 |      153 |     41 |   314 |   -0.115 |       -7.3 |    157 | sa11_sr\[1\]$_DFF_P_/D
iter:1624, pass:1, current fixing endpoint: sa30_sr\[4\]$_DFF_P_/D, endpoint slack:-2.8395397e-11
     1625 |      28 |     397 |      155 |     41 |   314 |   -0.115 |       -7.3 |    157 | sa11_sr\[1\]$_DFF_P_/D
iter:1625, pass:2, current fixing endpoint: sa30_sr\[4\]$_DFF_P_/D, endpoint slack:-2.4648394e-11
     1626 |      28 |     397 |      155 |     41 |   315 |   -0.115 |       -7.3 |    157 | sa11_sr\[1\]$_DFF_P_/D
iter:1626, pass:3, current fixing endpoint: sa30_sr\[4\]$_DFF_P_/D, endpoint slack:-2.3109514e-11
     1627 |      28 |     398 |      155 |     41 |   315 |   -0.115 |       -7.3 |    157 | sa11_sr\[1\]$_DFF_P_/D
iter:1627, pass:4, current fixing endpoint: sa30_sr\[4\]$_DFF_P_/D, endpoint slack:-1.9134805e-11
     1628 |      29 |     398 |      155 |     41 |   315 |   -0.115 |       -7.3 |    157 | sa11_sr\[1\]$_DFF_P_/D
iter:1628, pass:5, current fixing endpoint: sa30_sr\[4\]$_DFF_P_/D, endpoint slack:-1.6038615e-11
     1629 |      29 |     399 |      155 |     41 |   315 |   -0.115 |       -7.3 |    157 | sa11_sr\[1\]$_DFF_P_/D
iter:1629, pass:6, current fixing endpoint: sa30_sr\[4\]$_DFF_P_/D, endpoint slack:-2.077849e-11
     1630 |      29 |     400 |      155 |     41 |   315 |   -0.115 |       -7.3 |    157 | sa11_sr\[1\]$_DFF_P_/D
iter:1630, pass:7, current fixing endpoint: sa30_sr\[4\]$_DFF_P_/D, endpoint slack:-1.5170198e-11
     1631 |      29 |     400 |      155 |     41 |   316 |   -0.115 |       -7.3 |    157 | sa11_sr\[1\]$_DFF_P_/D
iter:1631, pass:8, current fixing endpoint: sa30_sr\[4\]$_DFF_P_/D, endpoint slack:-2.0102031e-11
     1632 |      29 |     400 |      155 |     41 |   317 |   -0.115 |       -7.3 |    157 | sa11_sr\[1\]$_DFF_P_/D
iter:1632, pass:9, current fixing endpoint: sa30_sr\[4\]$_DFF_P_/D, endpoint slack:-7.550405e-12
     1633 |      29 |     401 |      155 |     41 |   317 |   -0.115 |       -7.3 |    157 | sa11_sr\[1\]$_DFF_P_/D
iter:1633, pass:10, current fixing endpoint: sa30_sr\[4\]$_DFF_P_/D, endpoint slack:-1.0335621e-11
     1634 |      29 |     401 |      155 |     41 |   318 |   -0.115 |       -7.3 |    157 | sa11_sr\[1\]$_DFF_P_/D
iter:1634, pass:11, current fixing endpoint: sa30_sr\[4\]$_DFF_P_/D, endpoint slack:-1.5670576e-11
     1635 |      29 |     401 |      155 |     41 |   319 |   -0.115 |       -7.3 |    157 | sa11_sr\[1\]$_DFF_P_/D
iter:1635, pass:12, current fixing endpoint: sa30_sr\[4\]$_DFF_P_/D, endpoint slack:-1.6754043e-11
     1635 |      29 |     400 |      155 |     41 |   317 |   -0.115 |       -7.3 |    157 | sa11_sr\[1\]$_DFF_P_/D
     1636 |      29 |     400 |      155 |     41 |   317 |   -0.115 |       -7.3 |    157 | sa11_sr\[1\]$_DFF_P_/D
iter:1636, pass:1, current fixing endpoint: sa10_sr\[3\]$_DFF_P_/D, endpoint slack:-3.9693804e-11
     1637 |      29 |     400 |      155 |     41 |   318 |   -0.115 |       -7.3 |    157 | sa11_sr\[1\]$_DFF_P_/D
iter:1637, pass:2, current fixing endpoint: sa10_sr\[3\]$_DFF_P_/D, endpoint slack:-4.6403104e-11
     1638 |      29 |     401 |      155 |     41 |   318 |   -0.115 |       -7.3 |    157 | sa11_sr\[1\]$_DFF_P_/D
iter:1638, pass:3, current fixing endpoint: sa10_sr\[3\]$_DFF_P_/D, endpoint slack:-4.2352455e-11
     1639 |      29 |     402 |      155 |     41 |   318 |   -0.115 |       -7.3 |    157 | sa11_sr\[1\]$_DFF_P_/D
iter:1639, pass:4, current fixing endpoint: sa10_sr\[3\]$_DFF_P_/D, endpoint slack:-4.0782933e-11
     1640 |      29 |     402 |      155 |     41 |   319 |   -0.115 |       -7.3 |    157 | sa11_sr\[1\]$_DFF_P_/D
iter:1640, pass:5, current fixing endpoint: sa10_sr\[3\]$_DFF_P_/D, endpoint slack:-4.5876525e-11
     1640 |      29 |     401 |      155 |     41 |   317 |   -0.115 |       -7.3 |    157 | sa11_sr\[1\]$_DFF_P_/D
     1641 |      29 |     401 |      155 |     41 |   317 |   -0.115 |       -7.3 |    157 | sa11_sr\[1\]$_DFF_P_/D
iter:1641, pass:1, current fixing endpoint: sa10_sr\[1\]$_DFF_P_/D, endpoint slack:-3.9446224e-11
     1642 |      29 |     401 |      155 |     41 |   318 |   -0.115 |       -7.3 |    157 | sa11_sr\[1\]$_DFF_P_/D
iter:1642, pass:2, current fixing endpoint: sa10_sr\[1\]$_DFF_P_/D, endpoint slack:-4.446321e-11
     1643 |      29 |     401 |      155 |     41 |   319 |   -0.115 |       -7.3 |    157 | sa11_sr\[1\]$_DFF_P_/D
iter:1643, pass:3, current fixing endpoint: sa10_sr\[1\]$_DFF_P_/D, endpoint slack:-3.9003578e-11
     1644 |      29 |     402 |      155 |     41 |   319 |   -0.115 |       -7.3 |    157 | sa11_sr\[1\]$_DFF_P_/D
iter:1644, pass:4, current fixing endpoint: sa10_sr\[1\]$_DFF_P_/D, endpoint slack:-2.8380742e-11
     1645 |      29 |     402 |      155 |     41 |   320 |   -0.115 |       -7.3 |    157 | sa11_sr\[1\]$_DFF_P_/D
iter:1645, pass:5, current fixing endpoint: sa10_sr\[1\]$_DFF_P_/D, endpoint slack:-3.2244096e-11
     1646 |      29 |     402 |      155 |     41 |   321 |   -0.115 |       -7.3 |    157 | sa11_sr\[1\]$_DFF_P_/D
iter:1646, pass:6, current fixing endpoint: sa10_sr\[1\]$_DFF_P_/D, endpoint slack:-3.753875e-11
     1647 |      29 |     402 |      155 |     41 |   322 |   -0.115 |       -7.3 |    157 | sa11_sr\[1\]$_DFF_P_/D
iter:1647, pass:7, current fixing endpoint: sa10_sr\[1\]$_DFF_P_/D, endpoint slack:-2.648226e-11
     1648 |      29 |     403 |      155 |     41 |   322 |   -0.115 |       -7.3 |    157 | sa11_sr\[1\]$_DFF_P_/D
iter:1648, pass:8, current fixing endpoint: sa10_sr\[1\]$_DFF_P_/D, endpoint slack:-2.7665314e-11
     1649 |      29 |     403 |      155 |     41 |   323 |   -0.115 |       -7.3 |    157 | sa11_sr\[1\]$_DFF_P_/D
iter:1649, pass:9, current fixing endpoint: sa10_sr\[1\]$_DFF_P_/D, endpoint slack:-2.6149749e-11
     1650 |      29 |     404 |      155 |     41 |   323 |   -0.115 |       -7.3 |    157 | sa11_sr\[1\]$_DFF_P_/D
iter:1650, pass:10, current fixing endpoint: sa10_sr\[1\]$_DFF_P_/D, endpoint slack:-2.7979175e-11
     1651 |      29 |     404 |      155 |     41 |   324 |   -0.115 |       -7.3 |    157 | sa11_sr\[1\]$_DFF_P_/D
iter:1651, pass:11, current fixing endpoint: sa10_sr\[1\]$_DFF_P_/D, endpoint slack:-3.1674108e-11
     1652 |      29 |     404 |      155 |     41 |   325 |   -0.115 |       -7.3 |    157 | sa11_sr\[1\]$_DFF_P_/D
iter:1652, pass:12, current fixing endpoint: sa10_sr\[1\]$_DFF_P_/D, endpoint slack:-3.6578074e-11
     1653 |      29 |     405 |      155 |     41 |   325 |   -0.115 |       -7.3 |    157 | sa11_sr\[1\]$_DFF_P_/D
iter:1653, pass:13, current fixing endpoint: sa10_sr\[1\]$_DFF_P_/D, endpoint slack:-3.3940517e-11
     1654 |      29 |     406 |      155 |     41 |   325 |   -0.115 |       -7.3 |    157 | sa11_sr\[1\]$_DFF_P_/D
iter:1654, pass:14, current fixing endpoint: sa10_sr\[1\]$_DFF_P_/D, endpoint slack:-3.105105e-11
     1655 |      29 |     406 |      155 |     41 |   326 |   -0.115 |       -7.3 |    157 | sa11_sr\[1\]$_DFF_P_/D
iter:1655, pass:15, current fixing endpoint: sa10_sr\[1\]$_DFF_P_/D, endpoint slack:-3.1078917e-11
     1656 |      29 |     407 |      155 |     41 |   326 |   -0.115 |       -7.3 |    157 | sa11_sr\[1\]$_DFF_P_/D
iter:1656, pass:16, current fixing endpoint: sa10_sr\[1\]$_DFF_P_/D, endpoint slack:-3.2355896e-11
     1657 |      30 |     407 |      155 |     41 |   326 |   -0.115 |       -7.3 |    157 | sa11_sr\[1\]$_DFF_P_/D
iter:1657, pass:17, current fixing endpoint: sa10_sr\[1\]$_DFF_P_/D, endpoint slack:-2.6725622e-11
     1658 |      30 |     408 |      155 |     41 |   326 |   -0.115 |       -7.3 |    157 | sa11_sr\[1\]$_DFF_P_/D
iter:1658, pass:18, current fixing endpoint: sa10_sr\[1\]$_DFF_P_/D, endpoint slack:-2.528755e-11
     1659 |      30 |     409 |      155 |     41 |   326 |   -0.115 |       -7.3 |    157 | sa11_sr\[1\]$_DFF_P_/D
iter:1659, pass:19, current fixing endpoint: sa10_sr\[1\]$_DFF_P_/D, endpoint slack:-2.347833e-11
     1660 |      30 |     409 |      155 |     41 |   327 |   -0.115 |       -7.3 |    157 | sa11_sr\[1\]$_DFF_P_/D
iter:1660, pass:20, current fixing endpoint: sa10_sr\[1\]$_DFF_P_/D, endpoint slack:-2.2152835e-11
     1661 |      30 |     410 |      155 |     41 |   327 |   -0.115 |       -7.3 |    157 | sa11_sr\[1\]$_DFF_P_/D
iter:1661, pass:21, current fixing endpoint: sa10_sr\[1\]$_DFF_P_/D, endpoint slack:-2.1606161e-11
     1662 |      30 |     410 |      155 |     41 |   328 |   -0.115 |       -7.3 |    157 | sa11_sr\[1\]$_DFF_P_/D
iter:1662, pass:22, current fixing endpoint: sa10_sr\[1\]$_DFF_P_/D, endpoint slack:-2.7099323e-11
     1662 |      30 |     410 |      155 |     41 |   327 |   -0.115 |       -7.3 |    157 | sa11_sr\[1\]$_DFF_P_/D
     1663 |      30 |     410 |      155 |     41 |   327 |   -0.115 |       -7.3 |    157 | sa11_sr\[1\]$_DFF_P_/D
iter:1663, pass:1, current fixing endpoint: sa32_sr\[4\]$_DFF_P_/D, endpoint slack:-2.6646796e-11
     1664 |      30 |     410 |      155 |     41 |   328 |   -0.115 |       -7.3 |    157 | sa11_sr\[1\]$_DFF_P_/D
iter:1664, pass:2, current fixing endpoint: sa32_sr\[4\]$_DFF_P_/D, endpoint slack:-2.8865021e-11
     1665 |      30 |     411 |      155 |     41 |   328 |   -0.115 |       -7.3 |    157 | sa11_sr\[1\]$_DFF_P_/D
iter:1665, pass:3, current fixing endpoint: sa32_sr\[4\]$_DFF_P_/D, endpoint slack:-2.2827629e-11
     1666 |      30 |     411 |      155 |     41 |   329 |   -0.115 |       -7.3 |    157 | sa11_sr\[1\]$_DFF_P_/D
iter:1666, pass:4, current fixing endpoint: sa32_sr\[4\]$_DFF_P_/D, endpoint slack:-2.8021696e-11
     1667 |      30 |     412 |      155 |     41 |   329 |   -0.115 |       -7.3 |    157 | sa11_sr\[1\]$_DFF_P_/D
iter:1667, pass:5, current fixing endpoint: sa32_sr\[4\]$_DFF_P_/D, endpoint slack:-2.4798164e-11
     1668 |      30 |     412 |      157 |     41 |   329 |   -0.115 |       -7.5 |    157 | sa11_sr\[1\]$_DFF_P_/D
iter:1668, pass:6, current fixing endpoint: sa32_sr\[4\]$_DFF_P_/D, endpoint slack:-5.286449e-11
     1669 |      30 |     413 |      157 |     41 |   329 |   -0.115 |       -7.4 |    157 | sa11_sr\[1\]$_DFF_P_/D
iter:1669, pass:7, current fixing endpoint: sa32_sr\[4\]$_DFF_P_/D, endpoint slack:-4.2935655e-11
     1670 |      30 |     414 |      157 |     41 |   329 |   -0.115 |       -7.4 |    157 | sa11_sr\[1\]$_DFF_P_/D
iter:1670, pass:8, current fixing endpoint: sa32_sr\[4\]$_DFF_P_/D, endpoint slack:-4.063283e-11
     1671 |      30 |     414 |      157 |     41 |   330 |   -0.115 |       -7.4 |    157 | sa11_sr\[1\]$_DFF_P_/D
iter:1671, pass:9, current fixing endpoint: sa32_sr\[4\]$_DFF_P_/D, endpoint slack:-4.889633e-11
     1672 |      30 |     415 |      157 |     41 |   330 |   -0.115 |       -7.4 |    157 | sa11_sr\[1\]$_DFF_P_/D
iter:1672, pass:10, current fixing endpoint: sa32_sr\[4\]$_DFF_P_/D, endpoint slack:-4.4956372e-11
     1673 |      30 |     416 |      157 |     41 |   330 |   -0.115 |       -7.4 |    157 | sa11_sr\[1\]$_DFF_P_/D
iter:1673, pass:11, current fixing endpoint: sa32_sr\[4\]$_DFF_P_/D, endpoint slack:-4.3765325e-11
     1674 |      30 |     417 |      157 |     41 |   330 |   -0.115 |       -7.4 |    157 | sa11_sr\[1\]$_DFF_P_/D
iter:1674, pass:12, current fixing endpoint: sa32_sr\[4\]$_DFF_P_/D, endpoint slack:-4.4461324e-11
     1675 |      30 |     418 |      157 |     41 |   330 |   -0.115 |       -7.4 |    157 | sa11_sr\[1\]$_DFF_P_/D
iter:1675, pass:13, current fixing endpoint: sa32_sr\[4\]$_DFF_P_/D, endpoint slack:-4.31275e-11
     1676 |      30 |     418 |      157 |     42 |   330 |   -0.115 |       -7.4 |    157 | sa11_sr\[1\]$_DFF_P_/D
iter:1676, pass:14, current fixing endpoint: sa32_sr\[4\]$_DFF_P_/D, endpoint slack:-4.1988746e-11
     1677 |      30 |     418 |      157 |     42 |   331 |   -0.115 |       -7.4 |    157 | sa11_sr\[1\]$_DFF_P_/D
iter:1677, pass:15, current fixing endpoint: sa32_sr\[4\]$_DFF_P_/D, endpoint slack:-4.2383208e-11
     1677 |      30 |     414 |      156 |     41 |   328 |   -0.115 |       -7.3 |    157 | sa11_sr\[1\]$_DFF_P_/D
     1678 |      30 |     414 |      156 |     41 |   328 |   -0.115 |       -7.3 |    157 | sa11_sr\[1\]$_DFF_P_/D
iter:1678, pass:1, current fixing endpoint: sa31_sr\[0\]$_DFF_P_/D, endpoint slack:-1.9913515e-11
     1679 |      30 |     415 |      156 |     41 |   328 |   -0.115 |       -7.3 |    157 | sa11_sr\[1\]$_DFF_P_/D
iter:1679, pass:2, current fixing endpoint: sa31_sr\[0\]$_DFF_P_/D, endpoint slack:-1.8697821e-11
     1680 |      30 |     416 |      156 |     41 |   328 |   -0.115 |       -7.3 |    157 | sa11_sr\[1\]$_DFF_P_/D
iter:1680, pass:3, current fixing endpoint: sa31_sr\[0\]$_DFF_P_/D, endpoint slack:-2.060585e-11
     1681 |      30 |     416 |      156 |     41 |   329 |   -0.115 |       -7.3 |    157 | sa11_sr\[1\]$_DFF_P_/D
iter:1681, pass:4, current fixing endpoint: sa31_sr\[0\]$_DFF_P_/D, endpoint slack:-3.6397663e-11
     1682 |      30 |     417 |      156 |     41 |   329 |   -0.115 |       -7.3 |    157 | sa11_sr\[1\]$_DFF_P_/D
iter:1682, pass:5, current fixing endpoint: sa31_sr\[0\]$_DFF_P_/D, endpoint slack:-3.8855696e-11
     1683 |      30 |     418 |      156 |     41 |   329 |   -0.115 |       -7.3 |    157 | sa11_sr\[1\]$_DFF_P_/D
iter:1683, pass:6, current fixing endpoint: sa31_sr\[0\]$_DFF_P_/D, endpoint slack:-3.727696e-11
     1684 |      30 |     419 |      156 |     41 |   329 |   -0.115 |       -7.3 |    157 | sa11_sr\[1\]$_DFF_P_/D
iter:1684, pass:7, current fixing endpoint: sa31_sr\[0\]$_DFF_P_/D, endpoint slack:-3.788947e-11
     1685 |      30 |     419 |      156 |     41 |   330 |   -0.115 |       -7.3 |    157 | sa11_sr\[1\]$_DFF_P_/D
iter:1685, pass:8, current fixing endpoint: sa31_sr\[0\]$_DFF_P_/D, endpoint slack:-3.2965186e-11
     1686 |      30 |     419 |      156 |     41 |   331 |   -0.115 |       -7.3 |    157 | sa11_sr\[1\]$_DFF_P_/D
iter:1686, pass:9, current fixing endpoint: sa31_sr\[0\]$_DFF_P_/D, endpoint slack:-3.066991e-11
     1687 |      30 |     419 |      156 |     41 |   332 |   -0.115 |       -7.3 |    157 | sa11_sr\[1\]$_DFF_P_/D
iter:1687, pass:10, current fixing endpoint: sa31_sr\[0\]$_DFF_P_/D, endpoint slack:-2.7874147e-11
     1688 |      30 |     420 |      156 |     41 |   332 |   -0.115 |       -7.3 |    157 | sa11_sr\[1\]$_DFF_P_/D
iter:1688, pass:11, current fixing endpoint: sa31_sr\[0\]$_DFF_P_/D, endpoint slack:-2.9895086e-11
     1689 |      30 |     421 |      156 |     41 |   332 |   -0.115 |       -7.3 |    157 | sa11_sr\[1\]$_DFF_P_/D
iter:1689, pass:12, current fixing endpoint: sa31_sr\[0\]$_DFF_P_/D, endpoint slack:-2.729561e-11
     1689 |      30 |     415 |      156 |     41 |   328 |   -0.115 |       -7.3 |    157 | sa11_sr\[1\]$_DFF_P_/D
     1690 |      30 |     415 |      156 |     41 |   328 |   -0.115 |       -7.3 |    157 | sa11_sr\[1\]$_DFF_P_/D
iter:1690, pass:1, current fixing endpoint: sa22_sr\[2\]$_DFF_P_/D, endpoint slack:-3.3041347e-11
     1691 |      30 |     415 |      156 |     41 |   329 |   -0.115 |       -7.3 |    157 | sa11_sr\[1\]$_DFF_P_/D
iter:1691, pass:2, current fixing endpoint: sa22_sr\[2\]$_DFF_P_/D, endpoint slack:-3.2069347e-11
     1692 |      30 |     416 |      156 |     41 |   329 |   -0.115 |       -7.3 |    157 | sa11_sr\[1\]$_DFF_P_/D
iter:1692, pass:3, current fixing endpoint: sa22_sr\[2\]$_DFF_P_/D, endpoint slack:-2.940892e-11
     1693 |      30 |     416 |      156 |     41 |   330 |   -0.115 |       -7.3 |    157 | sa11_sr\[1\]$_DFF_P_/D
iter:1693, pass:4, current fixing endpoint: sa22_sr\[2\]$_DFF_P_/D, endpoint slack:-2.8137381e-11
     1694 |      30 |     417 |      156 |     41 |   330 |   -0.115 |       -7.3 |    157 | sa11_sr\[1\]$_DFF_P_/D
iter:1694, pass:5, current fixing endpoint: sa22_sr\[2\]$_DFF_P_/D, endpoint slack:-2.7108316e-11
     1695 |      30 |     418 |      156 |     41 |   330 |   -0.115 |       -7.3 |    157 | sa11_sr\[1\]$_DFF_P_/D
iter:1695, pass:6, current fixing endpoint: sa22_sr\[2\]$_DFF_P_/D, endpoint slack:-2.7004954e-11
     1696 |      30 |     419 |      156 |     41 |   330 |   -0.115 |       -7.3 |    157 | sa11_sr\[1\]$_DFF_P_/D
iter:1696, pass:7, current fixing endpoint: sa22_sr\[2\]$_DFF_P_/D, endpoint slack:-2.9891867e-11
     1697 |      30 |     420 |      156 |     41 |   330 |   -0.115 |       -7.3 |    157 | sa11_sr\[1\]$_DFF_P_/D
iter:1697, pass:8, current fixing endpoint: sa22_sr\[2\]$_DFF_P_/D, endpoint slack:-2.9370728e-11
     1698 |      30 |     421 |      156 |     41 |   330 |   -0.115 |       -7.3 |    157 | sa11_sr\[1\]$_DFF_P_/D
iter:1698, pass:9, current fixing endpoint: sa22_sr\[2\]$_DFF_P_/D, endpoint slack:-2.902234e-11
     1699 |      30 |     422 |      156 |     41 |   330 |   -0.115 |       -7.3 |    157 | sa11_sr\[1\]$_DFF_P_/D
iter:1699, pass:10, current fixing endpoint: sa22_sr\[2\]$_DFF_P_/D, endpoint slack:-2.511169e-11
     1700 |      30 |     423 |      156 |     41 |   330 |   -0.115 |       -7.3 |    157 | sa11_sr\[1\]$_DFF_P_/D
iter:1700, pass:11, current fixing endpoint: sa22_sr\[2\]$_DFF_P_/D, endpoint slack:-2.2999935e-11
     1701 |      30 |     423 |      156 |     41 |   331 |   -0.115 |       -7.3 |    157 | sa11_sr\[1\]$_DFF_P_/D
iter:1701, pass:12, current fixing endpoint: sa22_sr\[2\]$_DFF_P_/D, endpoint slack:-2.2190472e-11
     1702 |      30 |     423 |      156 |     41 |   332 |   -0.115 |       -7.3 |    157 | sa11_sr\[1\]$_DFF_P_/D
iter:1702, pass:13, current fixing endpoint: sa22_sr\[2\]$_DFF_P_/D, endpoint slack:-2.2108537e-11
     1703 |      30 |     424 |      156 |     41 |   332 |   -0.115 |       -7.3 |    157 | sa11_sr\[1\]$_DFF_P_/D
iter:1703, pass:14, current fixing endpoint: sa22_sr\[2\]$_DFF_P_/D, endpoint slack:-2.210121e-11
     1704 |      30 |     425 |      156 |     41 |   332 |   -0.115 |       -7.3 |    157 | sa11_sr\[1\]$_DFF_P_/D
iter:1704, pass:15, current fixing endpoint: sa22_sr\[2\]$_DFF_P_/D, endpoint slack:-2.1533775e-11
     1705 |      30 |     425 |      158 |     41 |   332 |   -0.115 |       -7.3 |    157 | sa11_sr\[1\]$_DFF_P_/D
iter:1705, pass:16, current fixing endpoint: sa22_sr\[2\]$_DFF_P_/D, endpoint slack:-3.189904e-11
     1706 |      30 |     425 |      160 |     41 |   332 |   -0.115 |       -7.3 |    157 | sa11_sr\[1\]$_DFF_P_/D
iter:1706, pass:17, current fixing endpoint: sa22_sr\[2\]$_DFF_P_/D, endpoint slack:-2.2769231e-11
     1707 |      30 |     426 |      160 |     41 |   332 |   -0.115 |       -7.3 |    157 | sa11_sr\[1\]$_DFF_P_/D
iter:1707, pass:18, current fixing endpoint: sa22_sr\[2\]$_DFF_P_/D, endpoint slack:-1.9530266e-11
     1708 |      30 |     426 |      160 |     41 |   333 |   -0.115 |       -7.3 |    157 | sa11_sr\[1\]$_DFF_P_/D
iter:1708, pass:19, current fixing endpoint: sa22_sr\[2\]$_DFF_P_/D, endpoint slack:-2.4331981e-11
     1709 |      30 |     427 |      160 |     41 |   333 |   -0.115 |       -7.3 |    157 | sa11_sr\[1\]$_DFF_P_/D
iter:1709, pass:20, current fixing endpoint: sa22_sr\[2\]$_DFF_P_/D, endpoint slack:-2.2270963e-11
     1710 |      30 |     428 |      160 |     41 |   333 |   -0.115 |       -7.3 |    157 | sa11_sr\[1\]$_DFF_P_/D
iter:1710, pass:21, current fixing endpoint: sa22_sr\[2\]$_DFF_P_/D, endpoint slack:-2.5094371e-11
     1711 |      30 |     428 |      160 |     42 |   333 |   -0.115 |       -7.3 |    157 | sa11_sr\[1\]$_DFF_P_/D
iter:1711, pass:22, current fixing endpoint: sa22_sr\[2\]$_DFF_P_/D, endpoint slack:-2.3462454e-11
     1711 |      30 |     426 |      160 |     41 |   332 |   -0.115 |       -7.3 |    157 | sa11_sr\[1\]$_DFF_P_/D
     1712 |      30 |     426 |      160 |     41 |   332 |   -0.115 |       -7.3 |    157 | sa11_sr\[1\]$_DFF_P_/D
iter:1712, pass:1, current fixing endpoint: sa12_sr\[1\]$_DFF_P_/D, endpoint slack:-3.6633918e-11
     1713 |      30 |     427 |      160 |     41 |   332 |   -0.115 |       -7.3 |    157 | sa11_sr\[1\]$_DFF_P_/D
iter:1713, pass:2, current fixing endpoint: sa12_sr\[1\]$_DFF_P_/D, endpoint slack:-3.5400016e-11
     1714 |      30 |     427 |      160 |     41 |   333 |   -0.115 |       -7.3 |    157 | sa11_sr\[1\]$_DFF_P_/D
iter:1714, pass:3, current fixing endpoint: sa12_sr\[1\]$_DFF_P_/D, endpoint slack:-3.4420244e-11
     1715 |      30 |     428 |      160 |     41 |   333 |   -0.115 |       -7.3 |    157 | sa11_sr\[1\]$_DFF_P_/D
iter:1715, pass:4, current fixing endpoint: sa12_sr\[1\]$_DFF_P_/D, endpoint slack:-3.7480574e-11
     1716 |      30 |     429 |      160 |     41 |   333 |   -0.115 |       -7.3 |    157 | sa11_sr\[1\]$_DFF_P_/D
iter:1716, pass:5, current fixing endpoint: sa12_sr\[1\]$_DFF_P_/D, endpoint slack:-3.12268e-11
     1717 |      30 |     429 |      160 |     41 |   334 |   -0.115 |       -7.3 |    157 | sa11_sr\[1\]$_DFF_P_/D
iter:1717, pass:6, current fixing endpoint: sa12_sr\[1\]$_DFF_P_/D, endpoint slack:-2.9653946e-11
     1718 |      30 |     430 |      160 |     41 |   334 |   -0.115 |       -7.3 |    157 | sa11_sr\[1\]$_DFF_P_/D
iter:1718, pass:7, current fixing endpoint: sa12_sr\[1\]$_DFF_P_/D, endpoint slack:-2.6744607e-11
     1719 |      30 |     431 |      160 |     41 |   334 |   -0.115 |       -7.3 |    157 | sa11_sr\[1\]$_DFF_P_/D
iter:1719, pass:8, current fixing endpoint: sa12_sr\[1\]$_DFF_P_/D, endpoint slack:-3.1116887e-11
     1720 |      30 |     432 |      160 |     41 |   334 |   -0.115 |       -7.3 |    157 | sa11_sr\[1\]$_DFF_P_/D
iter:1720, pass:9, current fixing endpoint: sa12_sr\[1\]$_DFF_P_/D, endpoint slack:-2.6642688e-11
     1721 |      30 |     433 |      160 |     41 |   334 |   -0.115 |       -7.3 |    157 | sa11_sr\[1\]$_DFF_P_/D
iter:1721, pass:10, current fixing endpoint: sa12_sr\[1\]$_DFF_P_/D, endpoint slack:-2.53646e-11
     1722 |      30 |     434 |      160 |     41 |   334 |   -0.115 |       -7.3 |    157 | sa11_sr\[1\]$_DFF_P_/D
iter:1722, pass:11, current fixing endpoint: sa12_sr\[1\]$_DFF_P_/D, endpoint slack:-2.4290792e-11
     1723 |      30 |     435 |      160 |     41 |   334 |   -0.115 |       -7.3 |    157 | sa11_sr\[1\]$_DFF_P_/D
iter:1723, pass:12, current fixing endpoint: sa12_sr\[1\]$_DFF_P_/D, endpoint slack:-2.397682e-11
     1724 |      30 |     435 |      160 |     41 |   335 |   -0.115 |       -7.3 |    157 | sa11_sr\[1\]$_DFF_P_/D
iter:1724, pass:13, current fixing endpoint: sa12_sr\[1\]$_DFF_P_/D, endpoint slack:-2.676459e-11
     1725 |      30 |     436 |      160 |     41 |   335 |   -0.115 |       -7.3 |    157 | sa11_sr\[1\]$_DFF_P_/D
iter:1725, pass:14, current fixing endpoint: sa12_sr\[1\]$_DFF_P_/D, endpoint slack:-2.5438984e-11
     1726 |      30 |     436 |      160 |     41 |   336 |   -0.115 |       -7.3 |    157 | sa11_sr\[1\]$_DFF_P_/D
iter:1726, pass:15, current fixing endpoint: sa12_sr\[1\]$_DFF_P_/D, endpoint slack:-2.1885715e-11
     1727 |      30 |     437 |      160 |     41 |   336 |   -0.115 |       -7.3 |    157 | sa11_sr\[1\]$_DFF_P_/D
iter:1727, pass:16, current fixing endpoint: sa12_sr\[1\]$_DFF_P_/D, endpoint slack:-1.8709478e-11
     1728 |      30 |     438 |      160 |     41 |   336 |   -0.115 |       -7.3 |    157 | sa11_sr\[1\]$_DFF_P_/D
iter:1728, pass:17, current fixing endpoint: sa12_sr\[1\]$_DFF_P_/D, endpoint slack:-1.5432877e-11
     1729 |      30 |     439 |      160 |     41 |   336 |   -0.115 |       -7.3 |    157 | sa11_sr\[1\]$_DFF_P_/D
iter:1729, pass:18, current fixing endpoint: sa12_sr\[1\]$_DFF_P_/D, endpoint slack:-1.4970691e-11
     1730 |      30 |     439 |      160 |     41 |   337 |   -0.115 |       -7.3 |    157 | sa11_sr\[1\]$_DFF_P_/D
iter:1730, pass:19, current fixing endpoint: sa12_sr\[1\]$_DFF_P_/D, endpoint slack:-1.4487855e-11
     1731 |      30 |     440 |      160 |     41 |   337 |   -0.115 |       -7.3 |    157 | sa11_sr\[1\]$_DFF_P_/D
iter:1731, pass:20, current fixing endpoint: sa12_sr\[1\]$_DFF_P_/D, endpoint slack:-1.41698875e-11
     1732 |      30 |     440 |      160 |     41 |   338 |   -0.115 |       -7.3 |    157 | sa11_sr\[1\]$_DFF_P_/D
iter:1732, pass:21, current fixing endpoint: sa12_sr\[1\]$_DFF_P_/D, endpoint slack:-1.8214319e-11
     1733 |      30 |     440 |      160 |     41 |   339 |   -0.115 |       -7.3 |    157 | sa11_sr\[1\]$_DFF_P_/D
iter:1733, pass:22, current fixing endpoint: sa12_sr\[1\]$_DFF_P_/D, endpoint slack:-3.032108e-11
     1734 |      30 |     441 |      160 |     41 |   339 |   -0.115 |       -7.3 |    157 | sa11_sr\[1\]$_DFF_P_/D
iter:1734, pass:23, current fixing endpoint: sa12_sr\[1\]$_DFF_P_/D, endpoint slack:-2.5330404e-11
     1735 |      30 |     442 |      160 |     41 |   339 |   -0.115 |       -7.3 |    157 | sa11_sr\[1\]$_DFF_P_/D
iter:1735, pass:24, current fixing endpoint: sa12_sr\[1\]$_DFF_P_/D, endpoint slack:-2.4090174e-11
     1736 |      30 |     442 |      160 |     41 |   340 |   -0.115 |       -7.3 |    157 | sa11_sr\[1\]$_DFF_P_/D
iter:1736, pass:25, current fixing endpoint: sa12_sr\[1\]$_DFF_P_/D, endpoint slack:-1.8919977e-11
     1737 |      30 |     442 |      160 |     42 |   340 |   -0.115 |       -7.3 |    157 | sa11_sr\[1\]$_DFF_P_/D
iter:1737, pass:26, current fixing endpoint: sa12_sr\[1\]$_DFF_P_/D, endpoint slack:-1.7877033e-11
     1738 |      30 |     443 |      160 |     42 |   340 |   -0.115 |       -7.3 |    157 | sa11_sr\[1\]$_DFF_P_/D
iter:1738, pass:27, current fixing endpoint: sa12_sr\[1\]$_DFF_P_/D, endpoint slack:-1.8852142e-11
     1739 |      30 |     444 |      160 |     42 |   340 |   -0.115 |       -7.3 |    157 | sa11_sr\[1\]$_DFF_P_/D
iter:1739, pass:28, current fixing endpoint: sa12_sr\[1\]$_DFF_P_/D, endpoint slack:-1.4233059e-11
     1740 |      30 |     445 |      160 |     42 |   340 |   -0.115 |       -7.3 |    157 | sa11_sr\[1\]$_DFF_P_/D
iter:1740, pass:29, current fixing endpoint: sa12_sr\[1\]$_DFF_P_/D, endpoint slack:-1.4371171e-11
     1741 |      30 |     446 |      160 |     42 |   340 |   -0.115 |       -7.3 |    157 | sa11_sr\[1\]$_DFF_P_/D
iter:1741, pass:30, current fixing endpoint: sa12_sr\[1\]$_DFF_P_/D, endpoint slack:-1.8359425e-11
     1742 |      30 |     447 |      160 |     42 |   340 |   -0.115 |       -7.3 |    157 | sa11_sr\[1\]$_DFF_P_/D
iter:1742, pass:31, current fixing endpoint: sa12_sr\[1\]$_DFF_P_/D, endpoint slack:-1.3519408e-11
     1743 |      30 |     448 |      160 |     42 |   340 |   -0.115 |       -7.3 |    157 | sa11_sr\[1\]$_DFF_P_/D
iter:1743, pass:32, current fixing endpoint: sa12_sr\[1\]$_DFF_P_/D, endpoint slack:-1.3708923e-11
     1744 |      30 |     448 |      160 |     42 |   341 |   -0.115 |       -7.3 |    157 | sa11_sr\[1\]$_DFF_P_/D
iter:1744, pass:33, current fixing endpoint: sa12_sr\[1\]$_DFF_P_/D, endpoint slack:-1.4864443e-11
     1745 |      30 |     448 |      160 |     43 |   341 |   -0.115 |       -7.3 |    157 | sa11_sr\[1\]$_DFF_P_/D
iter:1745, pass:34, current fixing endpoint: sa12_sr\[1\]$_DFF_P_/D, endpoint slack:-1.3495649e-11
     1746 |      30 |     449 |      160 |     43 |   341 |   -0.115 |       -7.3 |    157 | sa11_sr\[1\]$_DFF_P_/D
iter:1746, pass:35, current fixing endpoint: sa12_sr\[1\]$_DFF_P_/D, endpoint slack:-1.4376833e-11
     1747 |      30 |     450 |      160 |     43 |   341 |   -0.115 |       -7.3 |    157 | sa11_sr\[1\]$_DFF_P_/D
iter:1747, pass:36, current fixing endpoint: sa12_sr\[1\]$_DFF_P_/D, endpoint slack:-1.39510625e-11
     1748 |      30 |     451 |      160 |     43 |   341 |   -0.115 |       -7.3 |    157 | sa11_sr\[1\]$_DFF_P_/D
iter:1748, pass:37, current fixing endpoint: sa12_sr\[1\]$_DFF_P_/D, endpoint slack:-1.6106894e-11
     1749 |      30 |     452 |      160 |     43 |   341 |   -0.115 |       -7.3 |    157 | sa11_sr\[1\]$_DFF_P_/D
iter:1749, pass:38, current fixing endpoint: sa12_sr\[1\]$_DFF_P_/D, endpoint slack:-1.3708368e-11
     1749 |      30 |     448 |      160 |     43 |   341 |   -0.115 |       -7.3 |    157 | sa11_sr\[1\]$_DFF_P_/D
     1750 |      30 |     448 |      160 |     43 |   341 |   -0.115 |       -7.3 |    157 | sa11_sr\[1\]$_DFF_P_/D
iter:1750, pass:1, current fixing endpoint: sa12_sr\[5\]$_DFF_P_/D, endpoint slack:-3.6892933e-11
     1751 |      30 |     448 |      160 |     43 |   342 |   -0.115 |       -7.3 |    157 | sa11_sr\[1\]$_DFF_P_/D
iter:1751, pass:2, current fixing endpoint: sa12_sr\[5\]$_DFF_P_/D, endpoint slack:-3.7843395e-11
     1752 |      30 |     449 |      160 |     43 |   342 |   -0.115 |       -7.3 |    157 | sa11_sr\[1\]$_DFF_P_/D
iter:1752, pass:3, current fixing endpoint: sa12_sr\[5\]$_DFF_P_/D, endpoint slack:-3.5499714e-11
     1753 |      30 |     450 |      160 |     43 |   342 |   -0.115 |       -7.3 |    157 | sa11_sr\[1\]$_DFF_P_/D
iter:1753, pass:4, current fixing endpoint: sa12_sr\[5\]$_DFF_P_/D, endpoint slack:-3.4385828e-11
     1754 |      30 |     451 |      160 |     43 |   342 |   -0.115 |       -7.3 |    157 | sa11_sr\[1\]$_DFF_P_/D
iter:1754, pass:5, current fixing endpoint: sa12_sr\[5\]$_DFF_P_/D, endpoint slack:-3.3700376e-11
     1755 |      30 |     451 |      160 |     43 |   343 |   -0.115 |       -7.3 |    157 | sa11_sr\[1\]$_DFF_P_/D
iter:1755, pass:6, current fixing endpoint: sa12_sr\[5\]$_DFF_P_/D, endpoint slack:-4.1190162e-11
     1756 |      30 |     452 |      160 |     43 |   343 |   -0.115 |       -7.3 |    157 | sa11_sr\[1\]$_DFF_P_/D
iter:1756, pass:7, current fixing endpoint: sa12_sr\[5\]$_DFF_P_/D, endpoint slack:-3.624645e-11
     1757 |      30 |     452 |      160 |     43 |   344 |   -0.115 |       -7.3 |    157 | sa11_sr\[1\]$_DFF_P_/D
iter:1757, pass:8, current fixing endpoint: sa12_sr\[5\]$_DFF_P_/D, endpoint slack:-3.2313707e-11
     1758 |      30 |     452 |      160 |     43 |   345 |   -0.115 |       -7.3 |    157 | sa11_sr\[1\]$_DFF_P_/D
iter:1758, pass:9, current fixing endpoint: sa12_sr\[5\]$_DFF_P_/D, endpoint slack:-3.081191e-11
     1759 |      30 |     453 |      160 |     43 |   345 |   -0.115 |       -7.3 |    157 | sa11_sr\[1\]$_DFF_P_/D
iter:1759, pass:10, current fixing endpoint: sa12_sr\[5\]$_DFF_P_/D, endpoint slack:-3.0354497e-11
     1759 |      30 |     453 |      160 |     43 |   345 |   -0.115 |       -7.3 |    157 | sa11_sr\[1\]$_DFF_P_/D
     1760 |      30 |     453 |      160 |     43 |   345 |   -0.115 |       -7.3 |    157 | sa11_sr\[1\]$_DFF_P_/D
iter:1760, pass:1, current fixing endpoint: sa22_sr\[7\]$_DFF_P_/D, endpoint slack:-3.0901948e-11
     1761 |      30 |     454 |      160 |     43 |   345 |   -0.115 |       -7.3 |    157 | sa11_sr\[1\]$_DFF_P_/D
iter:1761, pass:2, current fixing endpoint: sa22_sr\[7\]$_DFF_P_/D, endpoint slack:-2.902345e-11
     1762 |      30 |     454 |      160 |     43 |   346 |   -0.115 |       -7.3 |    157 | sa11_sr\[1\]$_DFF_P_/D
iter:1762, pass:3, current fixing endpoint: sa22_sr\[7\]$_DFF_P_/D, endpoint slack:-2.8467007e-11
     1763 |      30 |     454 |      160 |     43 |   347 |   -0.115 |       -7.3 |    157 | sa11_sr\[1\]$_DFF_P_/D
iter:1763, pass:4, current fixing endpoint: sa22_sr\[7\]$_DFF_P_/D, endpoint slack:-2.2682856e-11
     1764 |      30 |     454 |      160 |     44 |   347 |   -0.115 |       -7.3 |    157 | sa11_sr\[1\]$_DFF_P_/D
iter:1764, pass:5, current fixing endpoint: sa22_sr\[7\]$_DFF_P_/D, endpoint slack:-2.7494451e-11
     1765 |      30 |     454 |      162 |     44 |   347 |   -0.115 |       -7.3 |    157 | sa11_sr\[1\]$_DFF_P_/D
iter:1765, pass:6, current fixing endpoint: sa22_sr\[7\]$_DFF_P_/D, endpoint slack:-1.6336599e-11
     1766 |      30 |     455 |      162 |     44 |   347 |   -0.115 |       -7.3 |    157 | sa11_sr\[1\]$_DFF_P_/D
iter:1766, pass:7, current fixing endpoint: sa22_sr\[7\]$_DFF_P_/D, endpoint slack:-1.5746293e-11
     1767 |      31 |     455 |      162 |     44 |   347 |   -0.115 |       -7.3 |    157 | sa11_sr\[1\]$_DFF_P_/D
iter:1767, pass:8, current fixing endpoint: sa22_sr\[7\]$_DFF_P_/D, endpoint slack:-1.1922019e-11
     1768 |      31 |     456 |      162 |     44 |   347 |   -0.115 |       -7.3 |    157 | sa11_sr\[1\]$_DFF_P_/D
iter:1768, pass:9, current fixing endpoint: sa22_sr\[7\]$_DFF_P_/D, endpoint slack:-1.08741904e-11
     1769 |      31 |     457 |      162 |     44 |   347 |   -0.115 |       -7.3 |    157 | sa11_sr\[1\]$_DFF_P_/D
iter:1769, pass:10, current fixing endpoint: sa22_sr\[7\]$_DFF_P_/D, endpoint slack:-8.638201e-12
     1770 |      31 |     457 |      162 |     44 |   348 |   -0.115 |       -7.3 |    157 | sa11_sr\[1\]$_DFF_P_/D
iter:1770, pass:11, current fixing endpoint: sa22_sr\[7\]$_DFF_P_/D, endpoint slack:-1.0922929e-11
     1771 |      31 |     457 |      162 |     44 |   349 |   -0.115 |       -7.3 |    157 | sa11_sr\[1\]$_DFF_P_/D
iter:1771, pass:12, current fixing endpoint: sa22_sr\[7\]$_DFF_P_/D, endpoint slack:-1.2048917e-11
     1772 |      31 |     458 |      162 |     44 |   349 |   -0.115 |       -7.3 |    157 | sa11_sr\[1\]$_DFF_P_/D
iter:1772, pass:13, current fixing endpoint: sa22_sr\[7\]$_DFF_P_/D, endpoint slack:-6.3586914e-12
     1773 |      31 |     459 |      162 |     44 |   349 |   -0.115 |       -7.3 |    157 | sa11_sr\[1\]$_DFF_P_/D
iter:1773, pass:14, current fixing endpoint: sa22_sr\[7\]$_DFF_P_/D, endpoint slack:-3.5577097e-12
     1774 |      31 |     460 |      162 |     44 |   349 |   -0.115 |       -7.3 |    157 | sa11_sr\[1\]$_DFF_P_/D
iter:1774, pass:15, current fixing endpoint: sa22_sr\[7\]$_DFF_P_/D, endpoint slack:-2.3722135e-12
     1775 |      31 |     460 |      162 |     44 |   350 |   -0.115 |       -7.3 |    157 | sa11_sr\[1\]$_DFF_P_/D
iter:1775, pass:16, current fixing endpoint: sa22_sr\[7\]$_DFF_P_/D, endpoint slack:-3.2730485e-12
     1776 |      31 |     461 |      162 |     44 |   350 |   -0.115 |       -7.3 |    157 | sa11_sr\[1\]$_DFF_P_/D
iter:1776, pass:17, current fixing endpoint: sa22_sr\[7\]$_DFF_P_/D, endpoint slack:-2.7889913e-12
     1777 |      31 |     461 |      162 |     44 |   351 |   -0.115 |       -7.3 |    157 | sa11_sr\[1\]$_DFF_P_/D
iter:1777, pass:18, current fixing endpoint: sa22_sr\[7\]$_DFF_P_/D, endpoint slack:-8.690715e-12
     1778 |      31 |     462 |      162 |     44 |   351 |   -0.115 |       -7.3 |    157 | sa11_sr\[1\]$_DFF_P_/D
iter:1778, pass:19, current fixing endpoint: sa22_sr\[7\]$_DFF_P_/D, endpoint slack:-6.467049e-12
     1779 |      31 |     463 |      162 |     44 |   351 |   -0.115 |       -7.3 |    157 | sa11_sr\[1\]$_DFF_P_/D
iter:1779, pass:20, current fixing endpoint: sa22_sr\[7\]$_DFF_P_/D, endpoint slack:-4.406031e-12
     1780 |      31 |     464 |      162 |     44 |   351 |   -0.115 |       -7.3 |    157 | sa11_sr\[1\]$_DFF_P_/D
iter:1780, pass:21, current fixing endpoint: sa22_sr\[7\]$_DFF_P_/D, endpoint slack:-7.2295503e-12
     1781 |      31 |     464 |      162 |     45 |   351 |   -0.115 |       -7.3 |    157 | sa11_sr\[1\]$_DFF_P_/D
iter:1781, pass:22, current fixing endpoint: sa22_sr\[7\]$_DFF_P_/D, endpoint slack:-5.5029314e-12
     1782 |      31 |     465 |      162 |     45 |   351 |   -0.115 |       -7.3 |    157 | sa11_sr\[1\]$_DFF_P_/D
iter:1782, pass:23, current fixing endpoint: sa22_sr\[7\]$_DFF_P_/D, endpoint slack:-6.6840977e-12
     1783 |      31 |     466 |      162 |     45 |   351 |   -0.115 |       -7.3 |    157 | sa11_sr\[1\]$_DFF_P_/D
iter:1783, pass:24, current fixing endpoint: sa22_sr\[7\]$_DFF_P_/D, endpoint slack:-3.5815795e-12
     1784 |      31 |     466 |      162 |     45 |   352 |   -0.115 |       -7.3 |    157 | sa11_sr\[1\]$_DFF_P_/D
iter:1784, pass:25, current fixing endpoint: sa22_sr\[7\]$_DFF_P_/D, endpoint slack:-4.5236037e-12
     1784 |      31 |     461 |      162 |     44 |   349 |   -0.115 |       -7.3 |    157 | sa11_sr\[1\]$_DFF_P_/D
     1785 |      31 |     461 |      162 |     44 |   349 |   -0.115 |       -7.3 |    157 | sa11_sr\[1\]$_DFF_P_/D
iter:1785, pass:1, current fixing endpoint: sa30_sr\[7\]$_DFF_P_/D, endpoint slack:-3.1544323e-11
     1786 |      31 |     461 |      162 |     44 |   350 |   -0.115 |       -7.3 |    157 | sa11_sr\[1\]$_DFF_P_/D
iter:1786, pass:2, current fixing endpoint: sa30_sr\[7\]$_DFF_P_/D, endpoint slack:-3.4446335e-11
     1787 |      31 |     461 |      162 |     44 |   351 |   -0.115 |       -7.3 |    157 | sa11_sr\[1\]$_DFF_P_/D
iter:1787, pass:3, current fixing endpoint: sa30_sr\[7\]$_DFF_P_/D, endpoint slack:-4.300771e-11
     1788 |      31 |     461 |      162 |     44 |   352 |   -0.115 |       -7.3 |    157 | sa11_sr\[1\]$_DFF_P_/D
iter:1788, pass:4, current fixing endpoint: sa30_sr\[7\]$_DFF_P_/D, endpoint slack:-5.4600435e-11
     1789 |      31 |     461 |      162 |     44 |   353 |   -0.115 |       -7.3 |    157 | sa11_sr\[1\]$_DFF_P_/D
iter:1789, pass:5, current fixing endpoint: sa30_sr\[7\]$_DFF_P_/D, endpoint slack:-5.744505e-11
     1790 |      31 |     462 |      162 |     44 |   353 |   -0.115 |       -7.3 |    157 | sa11_sr\[1\]$_DFF_P_/D
iter:1790, pass:6, current fixing endpoint: sa30_sr\[7\]$_DFF_P_/D, endpoint slack:-5.3851812e-11
     1791 |      31 |     462 |      162 |     45 |   353 |   -0.115 |       -7.3 |    157 | sa11_sr\[1\]$_DFF_P_/D
iter:1791, pass:7, current fixing endpoint: sa30_sr\[7\]$_DFF_P_/D, endpoint slack:-5.1264437e-11
     1792 |      31 |     462 |      162 |     46 |   353 |   -0.115 |       -7.3 |    157 | sa11_sr\[1\]$_DFF_P_/D
iter:1792, pass:8, current fixing endpoint: sa30_sr\[7\]$_DFF_P_/D, endpoint slack:-4.6446735e-11
     1793 |      31 |     463 |      162 |     46 |   353 |   -0.115 |       -7.4 |    157 | sa11_sr\[1\]$_DFF_P_/D
iter:1793, pass:9, current fixing endpoint: sa30_sr\[7\]$_DFF_P_/D, endpoint slack:-5.016454e-11
     1793 |      31 |     461 |      162 |     44 |   349 |   -0.115 |       -7.3 |    157 | sa11_sr\[1\]$_DFF_P_/D
     1794 |      31 |     461 |      162 |     44 |   349 |   -0.115 |       -7.3 |    157 | sa11_sr\[1\]$_DFF_P_/D
iter:1794, pass:1, current fixing endpoint: u0.u2.d\[5\]$_DFF_P_/D, endpoint slack:-2.5875857e-11
     1795 |      31 |     461 |      164 |     44 |   349 |   -0.115 |       -7.4 |    157 | sa11_sr\[1\]$_DFF_P_/D
iter:1795, pass:2, current fixing endpoint: u0.u2.d\[5\]$_DFF_P_/D, endpoint slack:-3.9897974e-11
     1796 |      31 |     462 |      164 |     44 |   349 |   -0.115 |       -7.3 |    157 | sa11_sr\[1\]$_DFF_P_/D
iter:1796, pass:3, current fixing endpoint: u0.u2.d\[5\]$_DFF_P_/D, endpoint slack:-2.8558711e-11
     1797 |      31 |     463 |      164 |     44 |   349 |   -0.115 |       -7.3 |    157 | sa11_sr\[1\]$_DFF_P_/D
iter:1797, pass:4, current fixing endpoint: u0.u2.d\[5\]$_DFF_P_/D, endpoint slack:-1.9454327e-11
     1798 |      31 |     464 |      164 |     44 |   349 |   -0.115 |       -7.3 |    157 | sa11_sr\[1\]$_DFF_P_/D
iter:1798, pass:5, current fixing endpoint: u0.u2.d\[5\]$_DFF_P_/D, endpoint slack:-1.8572477e-11
     1799 |      31 |     465 |      164 |     44 |   349 |   -0.115 |       -7.3 |    157 | sa11_sr\[1\]$_DFF_P_/D
iter:1799, pass:6, current fixing endpoint: u0.u2.d\[5\]$_DFF_P_/D, endpoint slack:-1.893985e-11
     1800 |      31 |     466 |      164 |     44 |   349 |   -0.115 |       -7.3 |    157 | sa11_sr\[1\]$_DFF_P_/D
iter:1800, pass:7, current fixing endpoint: u0.u2.d\[5\]$_DFF_P_/D, endpoint slack:-1.8746227e-11
     1801 |      31 |     467 |      164 |     44 |   349 |   -0.115 |       -7.3 |    157 | sa11_sr\[1\]$_DFF_P_/D
iter:1801, pass:8, current fixing endpoint: u0.u2.d\[5\]$_DFF_P_/D, endpoint slack:-1.5860091e-11
     1802 |      31 |     467 |      164 |     44 |   350 |   -0.115 |       -7.3 |    157 | sa11_sr\[1\]$_DFF_P_/D
iter:1802, pass:9, current fixing endpoint: u0.u2.d\[5\]$_DFF_P_/D, endpoint slack:-1.484779e-11
     1803 |      31 |     467 |      166 |     44 |   350 |   -0.115 |       -7.3 |    157 | sa11_sr\[1\]$_DFF_P_/D
iter:1803, pass:10, current fixing endpoint: u0.u2.d\[5\]$_DFF_P_/D, endpoint slack:-1.3946955e-11
     1804 |      31 |     468 |      166 |     44 |   350 |   -0.115 |       -7.3 |    157 | sa11_sr\[1\]$_DFF_P_/D
iter:1804, pass:11, current fixing endpoint: u0.u2.d\[5\]$_DFF_P_/D, endpoint slack:-1.4145796e-11
     1805 |      31 |     469 |      166 |     44 |   350 |   -0.115 |       -7.3 |    157 | sa11_sr\[1\]$_DFF_P_/D
iter:1805, pass:12, current fixing endpoint: u0.u2.d\[5\]$_DFF_P_/D, endpoint slack:-1.6528112e-11
     1806 |      31 |     469 |      166 |     44 |   351 |   -0.115 |       -7.3 |    157 | sa11_sr\[1\]$_DFF_P_/D
iter:1806, pass:13, current fixing endpoint: u0.u2.d\[5\]$_DFF_P_/D, endpoint slack:-1.5597967e-11
     1807 |      31 |     469 |      166 |     44 |   352 |   -0.115 |       -7.3 |    157 | sa11_sr\[1\]$_DFF_P_/D
iter:1807, pass:14, current fixing endpoint: u0.u2.d\[5\]$_DFF_P_/D, endpoint slack:-1.739675e-11
     1808 |      31 |     470 |      166 |     44 |   352 |   -0.115 |       -7.3 |    157 | sa11_sr\[1\]$_DFF_P_/D
iter:1808, pass:15, current fixing endpoint: u0.u2.d\[5\]$_DFF_P_/D, endpoint slack:-1.6645907e-11
     1808 |      31 |     467 |      166 |     44 |   350 |   -0.115 |       -7.3 |    157 | sa11_sr\[1\]$_DFF_P_/D
     1809 |      31 |     467 |      166 |     44 |   350 |   -0.115 |       -7.3 |    157 | sa11_sr\[1\]$_DFF_P_/D
iter:1809, pass:1, current fixing endpoint: sa21_sr\[5\]$_DFF_P_/D, endpoint slack:-2.8259617e-11
     1810 |      31 |     467 |      166 |     44 |   351 |   -0.115 |       -7.3 |    157 | sa11_sr\[1\]$_DFF_P_/D
iter:1810, pass:2, current fixing endpoint: sa21_sr\[5\]$_DFF_P_/D, endpoint slack:-3.5368042e-11
     1811 |      31 |     467 |      166 |     44 |   352 |   -0.115 |       -7.3 |    157 | sa11_sr\[1\]$_DFF_P_/D
iter:1811, pass:3, current fixing endpoint: sa21_sr\[5\]$_DFF_P_/D, endpoint slack:-3.8855363e-11
     1812 |      31 |     467 |      166 |     44 |   353 |   -0.115 |       -7.3 |    157 | sa11_sr\[1\]$_DFF_P_/D
iter:1812, pass:4, current fixing endpoint: sa21_sr\[5\]$_DFF_P_/D, endpoint slack:-4.3759885e-11
     1813 |      31 |     467 |      166 |     44 |   354 |   -0.115 |       -7.3 |    157 | sa11_sr\[1\]$_DFF_P_/D
iter:1813, pass:5, current fixing endpoint: sa21_sr\[5\]$_DFF_P_/D, endpoint slack:-4.243006e-11
     1814 |      31 |     468 |      166 |     44 |   354 |   -0.115 |       -7.3 |    157 | sa11_sr\[1\]$_DFF_P_/D
iter:1814, pass:6, current fixing endpoint: sa21_sr\[5\]$_DFF_P_/D, endpoint slack:-4.624312e-11
     1815 |      31 |     468 |      166 |     45 |   354 |   -0.115 |       -7.3 |    157 | sa11_sr\[1\]$_DFF_P_/D
iter:1815, pass:7, current fixing endpoint: sa21_sr\[5\]$_DFF_P_/D, endpoint slack:-4.536005e-11
     1815 |      31 |     467 |      166 |     44 |   350 |   -0.115 |       -7.3 |    157 | sa11_sr\[1\]$_DFF_P_/D
     1816 |      31 |     467 |      166 |     44 |   350 |   -0.115 |       -7.3 |    157 | sa11_sr\[1\]$_DFF_P_/D
iter:1816, pass:1, current fixing endpoint: u0.u0.d\[2\]$_DFF_P_/D, endpoint slack:-4.3290482e-11
     1817 |      31 |     468 |      166 |     44 |   350 |   -0.115 |       -7.2 |    157 | sa11_sr\[1\]$_DFF_P_/D
iter:1817, pass:2, current fixing endpoint: u0.u0.d\[2\]$_DFF_P_/D, endpoint slack:-3.1659453e-11
     1818 |      31 |     468 |      166 |     44 |   351 |   -0.115 |       -7.2 |    157 | sa11_sr\[1\]$_DFF_P_/D
iter:1818, pass:3, current fixing endpoint: u0.u0.d\[2\]$_DFF_P_/D, endpoint slack:-3.3594127e-11
     1819 |      31 |     469 |      166 |     44 |   351 |   -0.115 |       -7.2 |    157 | sa11_sr\[1\]$_DFF_P_/D
iter:1819, pass:4, current fixing endpoint: u0.u0.d\[2\]$_DFF_P_/D, endpoint slack:-2.8967495e-11
     1820 |      31 |     469 |      166 |     44 |   352 |   -0.115 |       -7.2 |    157 | sa11_sr\[1\]$_DFF_P_/D
iter:1820, pass:5, current fixing endpoint: u0.u0.d\[2\]$_DFF_P_/D, endpoint slack:-2.7577163e-11
     1821 |      31 |     470 |      166 |     44 |   352 |   -0.115 |       -7.2 |    157 | sa11_sr\[1\]$_DFF_P_/D
iter:1821, pass:6, current fixing endpoint: u0.u0.d\[2\]$_DFF_P_/D, endpoint slack:-2.681877e-11
     1822 |      31 |     471 |      166 |     44 |   352 |   -0.115 |       -7.2 |    157 | sa11_sr\[1\]$_DFF_P_/D
iter:1822, pass:7, current fixing endpoint: u0.u0.d\[2\]$_DFF_P_/D, endpoint slack:-2.9876324e-11
     1823 |      31 |     472 |      166 |     44 |   352 |   -0.115 |       -7.2 |    157 | sa11_sr\[1\]$_DFF_P_/D
iter:1823, pass:8, current fixing endpoint: u0.u0.d\[2\]$_DFF_P_/D, endpoint slack:-2.5673685e-11
     1824 |      31 |     473 |      166 |     44 |   352 |   -0.115 |       -7.2 |    157 | sa11_sr\[1\]$_DFF_P_/D
iter:1824, pass:9, current fixing endpoint: u0.u0.d\[2\]$_DFF_P_/D, endpoint slack:-2.0158764e-11
     1825 |      31 |     474 |      166 |     44 |   352 |   -0.115 |       -7.2 |    157 | sa11_sr\[1\]$_DFF_P_/D
iter:1825, pass:10, current fixing endpoint: u0.u0.d\[2\]$_DFF_P_/D, endpoint slack:-1.6905366e-11
     1826 |      32 |     474 |      166 |     44 |   352 |   -0.115 |       -7.2 |    157 | sa11_sr\[1\]$_DFF_P_/D
iter:1826, pass:11, current fixing endpoint: u0.u0.d\[2\]$_DFF_P_/D, endpoint slack:-1.6042057e-11
     1827 |      32 |     474 |      166 |     44 |   353 |   -0.115 |       -7.2 |    157 | sa11_sr\[1\]$_DFF_P_/D
iter:1827, pass:12, current fixing endpoint: u0.u0.d\[2\]$_DFF_P_/D, endpoint slack:-1.5906831e-11
     1827 |      32 |     474 |      166 |     44 |   353 |   -0.115 |       -7.2 |    157 | sa11_sr\[1\]$_DFF_P_/D
     1828 |      32 |     474 |      166 |     44 |   353 |   -0.115 |       -7.2 |    157 | sa11_sr\[1\]$_DFF_P_/D
iter:1828, pass:1, current fixing endpoint: sa22_sr\[6\]$_DFF_P_/D, endpoint slack:-3.9642067e-11
     1829 |      32 |     475 |      166 |     44 |   353 |   -0.115 |       -7.2 |    157 | sa11_sr\[1\]$_DFF_P_/D
iter:1829, pass:2, current fixing endpoint: sa22_sr\[6\]$_DFF_P_/D, endpoint slack:-2.4909741e-11
     1830 |      32 |     476 |      166 |     44 |   353 |   -0.115 |       -7.2 |    157 | sa11_sr\[1\]$_DFF_P_/D
iter:1830, pass:3, current fixing endpoint: sa22_sr\[6\]$_DFF_P_/D, endpoint slack:-1.465339e-11
     1831 |      32 |     477 |      166 |     44 |   353 |   -0.115 |       -7.2 |    157 | sa11_sr\[1\]$_DFF_P_/D
iter:1831, pass:4, current fixing endpoint: sa22_sr\[6\]$_DFF_P_/D, endpoint slack:-1.3611334e-11
     1832 |      32 |     478 |      166 |     44 |   353 |   -0.115 |       -7.2 |    157 | sa11_sr\[1\]$_DFF_P_/D
iter:1832, pass:5, current fixing endpoint: sa22_sr\[6\]$_DFF_P_/D, endpoint slack:-1.29256605e-11
     1833 |      32 |     479 |      166 |     44 |   353 |   -0.115 |       -7.2 |    157 | sa11_sr\[1\]$_DFF_P_/D
iter:1833, pass:6, current fixing endpoint: sa22_sr\[6\]$_DFF_P_/D, endpoint slack:-1.3623547e-11
     1834 |      32 |     479 |      166 |     44 |   354 |   -0.115 |       -7.2 |    157 | sa11_sr\[1\]$_DFF_P_/D
iter:1834, pass:7, current fixing endpoint: sa22_sr\[6\]$_DFF_P_/D, endpoint slack:-2.0813573e-11
     1835 |      32 |     480 |      166 |     44 |   354 |   -0.115 |       -7.2 |    157 | sa11_sr\[1\]$_DFF_P_/D
iter:1835, pass:8, current fixing endpoint: sa22_sr\[6\]$_DFF_P_/D, endpoint slack:-1.449596e-11
     1836 |      32 |     481 |      166 |     44 |   354 |   -0.115 |       -7.2 |    157 | sa11_sr\[1\]$_DFF_P_/D
iter:1836, pass:9, current fixing endpoint: sa22_sr\[6\]$_DFF_P_/D, endpoint slack:-1.1679213e-11
     1837 |      32 |     482 |      166 |     44 |   354 |   -0.115 |       -7.2 |    157 | sa11_sr\[1\]$_DFF_P_/D
iter:1837, pass:10, current fixing endpoint: sa22_sr\[6\]$_DFF_P_/D, endpoint slack:-1.4129142e-11
     1838 |      32 |     483 |      166 |     44 |   354 |   -0.115 |       -7.2 |    157 | sa11_sr\[1\]$_DFF_P_/D
iter:1838, pass:11, current fixing endpoint: sa22_sr\[6\]$_DFF_P_/D, endpoint slack:-1.2846169e-11
     1839 |      32 |     484 |      166 |     44 |   354 |   -0.115 |       -7.2 |    157 | sa11_sr\[1\]$_DFF_P_/D
iter:1839, pass:12, current fixing endpoint: sa22_sr\[6\]$_DFF_P_/D, endpoint slack:-8.46645e-12
     1840 |      32 |     485 |      166 |     44 |   354 |   -0.115 |       -7.2 |    157 | sa11_sr\[1\]$_DFF_P_/D
iter:1840, pass:13, current fixing endpoint: sa22_sr\[6\]$_DFF_P_/D, endpoint slack:-1.5810797e-11
     1841 |      32 |     486 |      166 |     44 |   354 |   -0.115 |       -7.2 |    157 | sa11_sr\[1\]$_DFF_P_/D
iter:1841, pass:14, current fixing endpoint: sa22_sr\[6\]$_DFF_P_/D, endpoint slack:-1.1950441e-11
     1842 |      32 |     487 |      166 |     44 |   354 |   -0.115 |       -7.2 |    157 | sa11_sr\[1\]$_DFF_P_/D
iter:1842, pass:15, current fixing endpoint: sa22_sr\[6\]$_DFF_P_/D, endpoint slack:-1.6387447e-11
     1843 |      32 |     488 |      166 |     44 |   354 |   -0.115 |       -7.2 |    157 | sa11_sr\[1\]$_DFF_P_/D
iter:1843, pass:16, current fixing endpoint: sa22_sr\[6\]$_DFF_P_/D, endpoint slack:-1.538425e-11
     1844 |      32 |     489 |      166 |     44 |   354 |   -0.115 |       -7.2 |    157 | sa11_sr\[1\]$_DFF_P_/D
iter:1844, pass:17, current fixing endpoint: sa22_sr\[6\]$_DFF_P_/D, endpoint slack:-1.3745449e-11
     1845 |      32 |     490 |      166 |     44 |   354 |   -0.115 |       -7.2 |    157 | sa11_sr\[1\]$_DFF_P_/D
iter:1845, pass:18, current fixing endpoint: sa22_sr\[6\]$_DFF_P_/D, endpoint slack:-1.2514767e-11
     1846 |      32 |     490 |      166 |     45 |   354 |   -0.115 |       -7.2 |    157 | sa11_sr\[1\]$_DFF_P_/D
iter:1846, pass:19, current fixing endpoint: sa22_sr\[6\]$_DFF_P_/D, endpoint slack:-1.10294e-11
     1847 |      32 |     491 |      166 |     45 |   354 |   -0.115 |       -7.2 |    157 | sa11_sr\[1\]$_DFF_P_/D
iter:1847, pass:20, current fixing endpoint: sa22_sr\[6\]$_DFF_P_/D, endpoint slack:-1.0273893e-11
     1848 |      32 |     491 |      166 |     45 |   355 |   -0.115 |       -7.2 |    157 | sa11_sr\[1\]$_DFF_P_/D
iter:1848, pass:21, current fixing endpoint: sa22_sr\[6\]$_DFF_P_/D, endpoint slack:-8.799295e-12
     1849 |      32 |     492 |      166 |     45 |   355 |   -0.115 |       -7.2 |    157 | sa11_sr\[1\]$_DFF_P_/D
iter:1849, pass:22, current fixing endpoint: sa22_sr\[6\]$_DFF_P_/D, endpoint slack:-6.1191052e-12
     1850 |      32 |     492 |      166 |     45 |   356 |   -0.115 |       -7.2 |    157 | sa11_sr\[1\]$_DFF_P_/D
iter:1850, pass:23, current fixing endpoint: sa22_sr\[6\]$_DFF_P_/D, endpoint slack:-5.0608406e-12
     1851 |      32 |     492 |      166 |     45 |   357 |   -0.115 |       -7.2 |    157 | sa11_sr\[1\]$_DFF_P_/D
iter:1851, pass:24, current fixing endpoint: sa22_sr\[6\]$_DFF_P_/D, endpoint slack:-1.09042775e-11
     1852 |      32 |     492 |      166 |     45 |   358 |   -0.115 |       -7.2 |    157 | sa11_sr\[1\]$_DFF_P_/D
iter:1852, pass:25, current fixing endpoint: sa22_sr\[6\]$_DFF_P_/D, endpoint slack:-1.672018e-11
     1853 |      32 |     493 |      166 |     45 |   358 |   -0.115 |       -7.2 |    157 | sa11_sr\[1\]$_DFF_P_/D
iter:1853, pass:26, current fixing endpoint: sa22_sr\[6\]$_DFF_P_/D, endpoint slack:-1.4659163e-11
     1854 |      32 |     494 |      166 |     45 |   358 |   -0.115 |       -7.2 |    157 | sa11_sr\[1\]$_DFF_P_/D
iter:1854, pass:27, current fixing endpoint: sa22_sr\[6\]$_DFF_P_/D, endpoint slack:-1.7482682e-11
     1855 |      32 |     494 |      166 |     46 |   358 |   -0.115 |       -7.2 |    157 | sa11_sr\[1\]$_DFF_P_/D
iter:1855, pass:28, current fixing endpoint: sa22_sr\[6\]$_DFF_P_/D, endpoint slack:-1.5841328e-11
     1855 |      32 |     492 |      166 |     45 |   356 |   -0.115 |       -7.2 |    157 | sa11_sr\[1\]$_DFF_P_/D
     1856 |      32 |     492 |      166 |     45 |   356 |   -0.115 |       -7.2 |    157 | sa11_sr\[1\]$_DFF_P_/D
iter:1856, pass:1, current fixing endpoint: u0.u0.d\[7\]$_DFF_P_/D, endpoint slack:-1.5424217e-11
     1857 |      32 |     492 |      166 |     45 |   357 |   -0.115 |       -7.2 |    157 | sa11_sr\[1\]$_DFF_P_/D
iter:1857, pass:2, current fixing endpoint: u0.u0.d\[7\]$_DFF_P_/D, endpoint slack:-1.7817192e-11
     1858 |      32 |     492 |      166 |     45 |   358 |   -0.115 |       -7.2 |    157 | sa11_sr\[1\]$_DFF_P_/D
iter:1858, pass:3, current fixing endpoint: u0.u0.d\[7\]$_DFF_P_/D, endpoint slack:-2.6108116e-11
     1858 |      32 |     492 |      166 |     45 |   356 |   -0.115 |       -7.2 |    157 | sa11_sr\[1\]$_DFF_P_/D
     1859 |      32 |     492 |      166 |     45 |   356 |   -0.115 |       -7.2 |    157 | sa11_sr\[1\]$_DFF_P_/D
iter:1859, pass:1, current fixing endpoint: sa10_sr\[7\]$_DFF_P_/D, endpoint slack:-2.2250535e-11
     1860 |      32 |     492 |      166 |     45 |   357 |   -0.115 |       -7.2 |    157 | sa11_sr\[1\]$_DFF_P_/D
iter:1860, pass:2, current fixing endpoint: sa10_sr\[7\]$_DFF_P_/D, endpoint slack:-3.0475733e-11
     1861 |      32 |     492 |      166 |     45 |   358 |   -0.115 |       -7.2 |    157 | sa11_sr\[1\]$_DFF_P_/D
iter:1861, pass:3, current fixing endpoint: sa10_sr\[7\]$_DFF_P_/D, endpoint slack:-3.5463077e-11
     1862 |      32 |     493 |      166 |     45 |   358 |   -0.115 |       -7.2 |    157 | sa11_sr\[1\]$_DFF_P_/D
iter:1862, pass:4, current fixing endpoint: sa10_sr\[7\]$_DFF_P_/D, endpoint slack:-3.5928815e-11
     1863 |      32 |     494 |      166 |     45 |   358 |   -0.115 |       -7.2 |    157 | sa11_sr\[1\]$_DFF_P_/D
iter:1863, pass:5, current fixing endpoint: sa10_sr\[7\]$_DFF_P_/D, endpoint slack:-3.2705283e-11
     1864 |      32 |     494 |      166 |     45 |   359 |   -0.115 |       -7.2 |    157 | sa11_sr\[1\]$_DFF_P_/D
iter:1864, pass:6, current fixing endpoint: sa10_sr\[7\]$_DFF_P_/D, endpoint slack:-1.4848234e-11
     1865 |      32 |     495 |      166 |     45 |   359 |   -0.115 |       -7.2 |    157 | sa11_sr\[1\]$_DFF_P_/D
iter:1865, pass:7, current fixing endpoint: sa10_sr\[7\]$_DFF_P_/D, endpoint slack:-2.0382585e-11
     1866 |      32 |     496 |      166 |     45 |   359 |   -0.115 |       -7.2 |    157 | sa11_sr\[1\]$_DFF_P_/D
iter:1866, pass:8, current fixing endpoint: sa10_sr\[7\]$_DFF_P_/D, endpoint slack:-2.5733526e-11
     1867 |      32 |     497 |      166 |     45 |   359 |   -0.115 |       -7.2 |    157 | sa11_sr\[1\]$_DFF_P_/D
iter:1867, pass:9, current fixing endpoint: sa10_sr\[7\]$_DFF_P_/D, endpoint slack:-1.9241386e-11
     1868 |      32 |     498 |      166 |     45 |   359 |   -0.115 |       -7.2 |    157 | sa11_sr\[1\]$_DFF_P_/D
iter:1868, pass:10, current fixing endpoint: sa10_sr\[7\]$_DFF_P_/D, endpoint slack:-2.2819524e-11
     1869 |      32 |     498 |      166 |     45 |   360 |   -0.115 |       -7.2 |    157 | sa11_sr\[1\]$_DFF_P_/D
iter:1869, pass:11, current fixing endpoint: sa10_sr\[7\]$_DFF_P_/D, endpoint slack:-2.1712077e-11
     1869 |      32 |     495 |      166 |     45 |   359 |   -0.115 |       -7.2 |    157 | sa11_sr\[1\]$_DFF_P_/D
     1870 |      32 |     495 |      166 |     45 |   359 |   -0.115 |       -7.2 |    157 | sa11_sr\[1\]$_DFF_P_/D
iter:1870, pass:1, current fixing endpoint: u0.u3.d\[6\]$_DFF_P_/D, endpoint slack:-2.4222069e-11
     1871 |      32 |     495 |      166 |     45 |   360 |   -0.115 |       -7.2 |    157 | sa11_sr\[1\]$_DFF_P_/D
iter:1871, pass:2, current fixing endpoint: u0.u3.d\[6\]$_DFF_P_/D, endpoint slack:-1.8109292e-11
     1872 |      32 |     495 |      166 |     46 |   360 |   -0.115 |       -7.2 |    157 | sa11_sr\[1\]$_DFF_P_/D
iter:1872, pass:3, current fixing endpoint: u0.u3.d\[6\]$_DFF_P_/D, endpoint slack:-2.0694557e-11
     1873 |      32 |     495 |      166 |     46 |   361 |   -0.115 |       -7.2 |    157 | sa11_sr\[1\]$_DFF_P_/D
iter:1873, pass:4, current fixing endpoint: u0.u3.d\[6\]$_DFF_P_/D, endpoint slack:-1.3181567e-11
     1874 |      32 |     495 |      168 |     46 |   361 |   -0.115 |       -7.2 |    157 | sa11_sr\[1\]$_DFF_P_/D
iter:1874, pass:5, current fixing endpoint: u0.u3.d\[6\]$_DFF_P_/D, endpoint slack:-9.671042e-12
     1875 |      32 |     496 |      168 |     46 |   361 |   -0.115 |       -7.2 |    157 | sa11_sr\[1\]$_DFF_P_/D
iter:1875, pass:6, current fixing endpoint: u0.u3.d\[6\]$_DFF_P_/D, endpoint slack:-8.6295415e-12
     1876 |      32 |     497 |      168 |     46 |   361 |   -0.115 |       -7.2 |    157 | sa11_sr\[1\]$_DFF_P_/D
iter:1876, pass:7, current fixing endpoint: u0.u3.d\[6\]$_DFF_P_/D, endpoint slack:-8.581469e-12
     1877 |      32 |     497 |      168 |     46 |   362 |   -0.115 |       -7.2 |    157 | sa11_sr\[1\]$_DFF_P_/D
iter:1877, pass:8, current fixing endpoint: u0.u3.d\[6\]$_DFF_P_/D, endpoint slack:-1.4731216e-11
     1878 |      32 |     498 |      168 |     46 |   362 |   -0.115 |       -7.2 |    157 | sa11_sr\[1\]$_DFF_P_/D
iter:1878, pass:9, current fixing endpoint: u0.u3.d\[6\]$_DFF_P_/D, endpoint slack:-7.986389e-12
     1879 |      32 |     498 |      168 |     46 |   363 |   -0.115 |       -7.2 |    157 | sa11_sr\[1\]$_DFF_P_/D
iter:1879, pass:10, current fixing endpoint: u0.u3.d\[6\]$_DFF_P_/D, endpoint slack:-5.859202e-12
     1880 |      32 |     499 |      168 |     46 |   363 |   -0.115 |       -7.2 |    157 | sa11_sr\[1\]$_DFF_P_/D
iter:1880, pass:11, current fixing endpoint: u0.u3.d\[6\]$_DFF_P_/D, endpoint slack:-5.227596e-12
     1881 |      32 |     500 |      168 |     46 |   363 |   -0.115 |       -7.2 |    157 | sa11_sr\[1\]$_DFF_P_/D
iter:1881, pass:12, current fixing endpoint: u0.u3.d\[6\]$_DFF_P_/D, endpoint slack:-3.1846747e-12
     1882 |      32 |     501 |      168 |     46 |   363 |   -0.115 |       -7.2 |    157 | sa11_sr\[1\]$_DFF_P_/D
iter:1882, pass:13, current fixing endpoint: u0.u3.d\[6\]$_DFF_P_/D, endpoint slack:-2.5645042e-12
     1883 |      32 |     501 |      168 |     46 |   364 |   -0.115 |       -7.2 |    157 | sa11_sr\[1\]$_DFF_P_/D
iter:1883, pass:14, current fixing endpoint: u0.u3.d\[6\]$_DFF_P_/D, endpoint slack:-2.4319435e-12
     1884 |      32 |     501 |      168 |     46 |   365 |   -0.115 |       -7.2 |    157 | sa11_sr\[1\]$_DFF_P_/D
iter:1884, pass:15, current fixing endpoint: u0.u3.d\[6\]$_DFF_P_/D, endpoint slack:-1.9227953e-12
     1885 |      32 |     502 |      168 |     46 |   365 |   -0.115 |       -7.2 |    157 | sa11_sr\[1\]$_DFF_P_/D
iter:1885, pass:16, current fixing endpoint: u0.u3.d\[6\]$_DFF_P_/D, endpoint slack:-1.792344e-12
     1885 |      32 |     502 |      168 |     46 |   365 |   -0.115 |       -7.2 |    157 | sa11_sr\[1\]$_DFF_P_/D
     1886 |      32 |     502 |      168 |     46 |   365 |   -0.115 |       -7.2 |    157 | sa11_sr\[1\]$_DFF_P_/D
iter:1886, pass:1, current fixing endpoint: sa33_sr\[2\]$_DFF_P_/D, endpoint slack:-2.992062e-11
     1887 |      32 |     502 |      168 |     46 |   366 |   -0.115 |       -7.1 |    157 | sa11_sr\[1\]$_DFF_P_/D
iter:1887, pass:2, current fixing endpoint: sa33_sr\[2\]$_DFF_P_/D, endpoint slack:-2.9080738e-11
     1888 |      32 |     503 |      168 |     46 |   366 |   -0.115 |       -7.1 |    157 | sa11_sr\[1\]$_DFF_P_/D
iter:1888, pass:3, current fixing endpoint: sa33_sr\[2\]$_DFF_P_/D, endpoint slack:-2.8194558e-11
     1889 |      32 |     504 |      168 |     46 |   366 |   -0.115 |       -7.1 |    157 | sa11_sr\[1\]$_DFF_P_/D
iter:1889, pass:4, current fixing endpoint: sa33_sr\[2\]$_DFF_P_/D, endpoint slack:-2.5060065e-11
     1890 |      32 |     504 |      168 |     46 |   367 |   -0.115 |       -7.1 |    157 | sa11_sr\[1\]$_DFF_P_/D
iter:1890, pass:5, current fixing endpoint: sa33_sr\[2\]$_DFF_P_/D, endpoint slack:-2.468803e-11
     1891 |      32 |     504 |      168 |     46 |   368 |   -0.115 |       -7.1 |    157 | sa11_sr\[1\]$_DFF_P_/D
iter:1891, pass:6, current fixing endpoint: sa33_sr\[2\]$_DFF_P_/D, endpoint slack:-2.3854252e-11
     1892 |      32 |     504 |      168 |     46 |   369 |   -0.115 |       -7.2 |    157 | sa11_sr\[1\]$_DFF_P_/D
iter:1892, pass:7, current fixing endpoint: sa33_sr\[2\]$_DFF_P_/D, endpoint slack:-3.7201686e-11
     1893 |      32 |     505 |      168 |     46 |   369 |   -0.115 |       -7.2 |    157 | sa11_sr\[1\]$_DFF_P_/D
iter:1893, pass:8, current fixing endpoint: sa33_sr\[2\]$_DFF_P_/D, endpoint slack:-2.8344327e-11
     1894 |      32 |     505 |      170 |     46 |   369 |   -0.115 |       -7.2 |    157 | sa11_sr\[1\]$_DFF_P_/D
iter:1894, pass:9, current fixing endpoint: sa33_sr\[2\]$_DFF_P_/D, endpoint slack:-4.840428e-11
     1895 |      33 |     505 |      170 |     46 |   369 |   -0.115 |       -7.1 |    157 | sa11_sr\[1\]$_DFF_P_/D
iter:1895, pass:10, current fixing endpoint: sa33_sr\[2\]$_DFF_P_/D, endpoint slack:-2.5183855e-11
     1896 |      33 |     506 |      170 |     46 |   369 |   -0.115 |       -7.1 |    157 | sa11_sr\[1\]$_DFF_P_/D
iter:1896, pass:11, current fixing endpoint: sa33_sr\[2\]$_DFF_P_/D, endpoint slack:-2.3105295e-11
     1897 |      34 |     506 |      170 |     46 |   369 |   -0.115 |       -7.1 |    157 | sa11_sr\[1\]$_DFF_P_/D
iter:1897, pass:12, current fixing endpoint: sa33_sr\[2\]$_DFF_P_/D, endpoint slack:-1.9726554e-11
     1898 |      34 |     507 |      170 |     46 |   369 |   -0.115 |       -7.2 |    157 | sa11_sr\[1\]$_DFF_P_/D
iter:1898, pass:13, current fixing endpoint: sa33_sr\[2\]$_DFF_P_/D, endpoint slack:-2.587841e-11
     1899 |      34 |     508 |      170 |     46 |   369 |   -0.115 |       -7.1 |    157 | sa11_sr\[1\]$_DFF_P_/D
iter:1899, pass:14, current fixing endpoint: sa33_sr\[2\]$_DFF_P_/D, endpoint slack:-2.5407343e-11
     1900 |      34 |     508 |      170 |     46 |   370 |   -0.115 |       -7.1 |    157 | sa11_sr\[1\]$_DFF_P_/D
iter:1900, pass:15, current fixing endpoint: sa33_sr\[2\]$_DFF_P_/D, endpoint slack:-2.4834579e-11
     1901 |      34 |     508 |      170 |     46 |   371 |   -0.115 |       -7.2 |    157 | sa11_sr\[1\]$_DFF_P_/D
iter:1901, pass:16, current fixing endpoint: sa33_sr\[2\]$_DFF_P_/D, endpoint slack:-3.6975867e-11
     1902 |      34 |     509 |      170 |     46 |   371 |   -0.115 |       -7.2 |    157 | sa11_sr\[1\]$_DFF_P_/D
iter:1902, pass:17, current fixing endpoint: sa33_sr\[2\]$_DFF_P_/D, endpoint slack:-3.2809533e-11
     1903 |      34 |     510 |      170 |     46 |   371 |   -0.115 |       -7.2 |    157 | sa11_sr\[1\]$_DFF_P_/D
iter:1903, pass:18, current fixing endpoint: sa33_sr\[2\]$_DFF_P_/D, endpoint slack:-2.684164e-11
     1904 |      34 |     511 |      170 |     46 |   371 |   -0.115 |       -7.2 |    157 | sa11_sr\[1\]$_DFF_P_/D
iter:1904, pass:19, current fixing endpoint: sa33_sr\[2\]$_DFF_P_/D, endpoint slack:-2.7154945e-11
     1905 |      34 |     511 |      170 |     47 |   371 |   -0.115 |       -7.2 |    157 | sa11_sr\[1\]$_DFF_P_/D
iter:1905, pass:20, current fixing endpoint: sa33_sr\[2\]$_DFF_P_/D, endpoint slack:-3.0170644e-11
     1906 |      34 |     512 |      170 |     47 |   371 |   -0.115 |       -7.2 |    157 | sa11_sr\[1\]$_DFF_P_/D
iter:1906, pass:21, current fixing endpoint: sa33_sr\[2\]$_DFF_P_/D, endpoint slack:-2.5269009e-11
     1907 |      34 |     512 |      170 |     48 |   371 |   -0.115 |       -7.2 |    157 | sa11_sr\[1\]$_DFF_P_/D
iter:1907, pass:22, current fixing endpoint: sa33_sr\[2\]$_DFF_P_/D, endpoint slack:-2.4892755e-11
     1908 |      34 |     513 |      170 |     48 |   371 |   -0.115 |       -7.2 |    157 | sa11_sr\[1\]$_DFF_P_/D
iter:1908, pass:23, current fixing endpoint: sa33_sr\[2\]$_DFF_P_/D, endpoint slack:-2.5394353e-11
     1909 |      34 |     514 |      170 |     48 |   371 |   -0.115 |       -7.2 |    157 | sa11_sr\[1\]$_DFF_P_/D
iter:1909, pass:24, current fixing endpoint: sa33_sr\[2\]$_DFF_P_/D, endpoint slack:-2.3972269e-11
     1910 |      34 |     514 |      170 |     48 |   372 |   -0.115 |       -7.2 |    157 | sa11_sr\[1\]$_DFF_P_/D
iter:1910, pass:25, current fixing endpoint: sa33_sr\[2\]$_DFF_P_/D, endpoint slack:-2.5005664e-11
     1911 |      34 |     515 |      170 |     48 |   372 |   -0.115 |       -7.2 |    157 | sa11_sr\[1\]$_DFF_P_/D
iter:1911, pass:26, current fixing endpoint: sa33_sr\[2\]$_DFF_P_/D, endpoint slack:-2.809386e-11
     1912 |      34 |     516 |      170 |     48 |   372 |   -0.115 |       -7.2 |    157 | sa11_sr\[1\]$_DFF_P_/D
iter:1912, pass:27, current fixing endpoint: sa33_sr\[2\]$_DFF_P_/D, endpoint slack:-2.7619351e-11
     1913 |      34 |     516 |      170 |     48 |   373 |   -0.115 |       -7.2 |    157 | sa11_sr\[1\]$_DFF_P_/D
iter:1913, pass:28, current fixing endpoint: sa33_sr\[2\]$_DFF_P_/D, endpoint slack:-2.6991964e-11
     1914 |      34 |     517 |      170 |     48 |   373 |   -0.115 |       -7.2 |    157 | sa11_sr\[1\]$_DFF_P_/D
iter:1914, pass:29, current fixing endpoint: sa33_sr\[2\]$_DFF_P_/D, endpoint slack:-2.2443492e-11
     1915 |      34 |     518 |      170 |     48 |   373 |   -0.115 |       -7.2 |    157 | sa11_sr\[1\]$_DFF_P_/D
iter:1915, pass:30, current fixing endpoint: sa33_sr\[2\]$_DFF_P_/D, endpoint slack:-2.2152391e-11
     1916 |      34 |     518 |      170 |     48 |   374 |   -0.115 |       -7.2 |    157 | sa11_sr\[1\]$_DFF_P_/D
iter:1916, pass:31, current fixing endpoint: sa33_sr\[2\]$_DFF_P_/D, endpoint slack:-2.63215e-11
     1917 |      34 |     518 |      174 |     48 |   374 |   -0.115 |       -7.2 |    157 | sa11_sr\[1\]$_DFF_P_/D
iter:1917, pass:32, current fixing endpoint: sa33_sr\[2\]$_DFF_P_/D, endpoint slack:-2.2697844e-11
     1918 |      34 |     518 |      174 |     48 |   375 |   -0.115 |       -7.2 |    157 | sa11_sr\[1\]$_DFF_P_/D
iter:1918, pass:33, current fixing endpoint: sa33_sr\[2\]$_DFF_P_/D, endpoint slack:-2.1711966e-11
     1919 |      34 |     518 |      174 |     48 |   376 |   -0.115 |       -7.2 |    157 | sa11_sr\[1\]$_DFF_P_/D
iter:1919, pass:34, current fixing endpoint: sa33_sr\[2\]$_DFF_P_/D, endpoint slack:-1.9165669e-11
     1920 |      34 |     518 |      178 |     48 |   376 |   -0.115 |       -7.2 |    157 | sa11_sr\[1\]$_DFF_P_/D
iter:1920, pass:35, current fixing endpoint: sa33_sr\[2\]$_DFF_P_/D, endpoint slack:-1.9111823e-11
     1921 |      34 |     519 |      178 |     48 |   376 |   -0.115 |       -7.2 |    157 | sa11_sr\[1\]$_DFF_P_/D
iter:1921, pass:36, current fixing endpoint: sa33_sr\[2\]$_DFF_P_/D, endpoint slack:-2.3460234e-11
     1922 |      34 |     519 |      180 |     48 |   376 |   -0.115 |       -7.2 |    157 | sa11_sr\[1\]$_DFF_P_/D
iter:1922, pass:37, current fixing endpoint: sa33_sr\[2\]$_DFF_P_/D, endpoint slack:-2.3054891e-11
     1923 |      34 |     520 |      180 |     48 |   376 |   -0.115 |       -7.2 |    157 | sa11_sr\[1\]$_DFF_P_/D
iter:1923, pass:38, current fixing endpoint: sa33_sr\[2\]$_DFF_P_/D, endpoint slack:-1.8488877e-11
     1924 |      34 |     520 |      180 |     49 |   376 |   -0.115 |       -7.2 |    157 | sa11_sr\[1\]$_DFF_P_/D
iter:1924, pass:39, current fixing endpoint: sa33_sr\[2\]$_DFF_P_/D, endpoint slack:-2.0350721e-11
     1925 |      34 |     520 |      183 |     49 |   376 |   -0.115 |       -7.2 |    157 | sa11_sr\[1\]$_DFF_P_/D
iter:1925, pass:40, current fixing endpoint: sa33_sr\[2\]$_DFF_P_/D, endpoint slack:-1.8183122e-11
     1926 |      34 |     521 |      183 |     49 |   376 |   -0.115 |       -7.2 |    157 | sa11_sr\[1\]$_DFF_P_/D
iter:1926, pass:41, current fixing endpoint: sa33_sr\[2\]$_DFF_P_/D, endpoint slack:-1.7243096e-11
     1927 |      34 |     521 |      185 |     49 |   376 |   -0.115 |       -7.2 |    157 | sa11_sr\[1\]$_DFF_P_/D
iter:1927, pass:42, current fixing endpoint: sa33_sr\[2\]$_DFF_P_/D, endpoint slack:-3.78213e-11
     1928 |      34 |     522 |      185 |     49 |   376 |   -0.115 |       -7.2 |    157 | sa11_sr\[1\]$_DFF_P_/D
iter:1928, pass:43, current fixing endpoint: sa33_sr\[2\]$_DFF_P_/D, endpoint slack:-3.6867065e-11
     1929 |      34 |     523 |      185 |     49 |   376 |   -0.115 |       -7.2 |    157 | sa11_sr\[1\]$_DFF_P_/D
iter:1929, pass:44, current fixing endpoint: sa33_sr\[2\]$_DFF_P_/D, endpoint slack:-3.728451e-11
     1930 |      34 |     523 |      185 |     49 |   377 |   -0.115 |       -7.2 |    157 | sa11_sr\[1\]$_DFF_P_/D
iter:1930, pass:45, current fixing endpoint: sa33_sr\[2\]$_DFF_P_/D, endpoint slack:-3.8640313e-11
     1931 |      34 |     524 |      185 |     49 |   377 |   -0.115 |       -7.2 |    157 | sa11_sr\[1\]$_DFF_P_/D
iter:1931, pass:46, current fixing endpoint: sa33_sr\[2\]$_DFF_P_/D, endpoint slack:-3.9996118e-11
     1932 |      34 |     524 |      185 |     50 |   377 |   -0.115 |       -7.2 |    157 | sa11_sr\[1\]$_DFF_P_/D
iter:1932, pass:47, current fixing endpoint: sa33_sr\[2\]$_DFF_P_/D, endpoint slack:-3.8513415e-11
     1933 |      34 |     525 |      185 |     50 |   377 |   -0.115 |       -7.2 |    157 | sa11_sr\[1\]$_DFF_P_/D
iter:1933, pass:48, current fixing endpoint: sa33_sr\[2\]$_DFF_P_/D, endpoint slack:-4.1675108e-11
     1934 |      34 |     525 |      185 |     50 |   378 |   -0.115 |       -7.2 |    157 | sa11_sr\[1\]$_DFF_P_/D
iter:1934, pass:49, current fixing endpoint: sa33_sr\[2\]$_DFF_P_/D, endpoint slack:-4.0589976e-11
     1935 |      34 |     525 |      185 |     50 |   379 |   -0.115 |       -7.2 |    157 | sa11_sr\[1\]$_DFF_P_/D
iter:1935, pass:50, current fixing endpoint: sa33_sr\[2\]$_DFF_P_/D, endpoint slack:-4.65894e-11
     1935 |      34 |     522 |      184 |     49 |   376 |   -0.115 |       -7.2 |    157 | sa11_sr\[1\]$_DFF_P_/D
     1936 |      34 |     522 |      184 |     49 |   376 |   -0.115 |       -7.2 |    157 | sa11_sr\[1\]$_DFF_P_/D
iter:1936, pass:1, current fixing endpoint: sa22_sr\[5\]$_DFF_P_/D, endpoint slack:-2.8086755e-11
     1937 |      34 |     522 |      184 |     49 |   377 |   -0.115 |       -7.2 |    157 | sa11_sr\[1\]$_DFF_P_/D
iter:1937, pass:2, current fixing endpoint: sa22_sr\[5\]$_DFF_P_/D, endpoint slack:-2.501821e-11
     1938 |      34 |     522 |      184 |     49 |   378 |   -0.115 |       -7.2 |    157 | sa11_sr\[1\]$_DFF_P_/D
iter:1938, pass:3, current fixing endpoint: sa22_sr\[5\]$_DFF_P_/D, endpoint slack:-1.9856783e-11
     1939 |      34 |     523 |      184 |     49 |   378 |   -0.115 |       -7.2 |    157 | sa11_sr\[1\]$_DFF_P_/D
iter:1939, pass:4, current fixing endpoint: sa22_sr\[5\]$_DFF_P_/D, endpoint slack:-1.8829494e-11
     1940 |      34 |     524 |      184 |     49 |   378 |   -0.115 |       -7.2 |    157 | sa11_sr\[1\]$_DFF_P_/D
iter:1940, pass:5, current fixing endpoint: sa22_sr\[5\]$_DFF_P_/D, endpoint slack:-2.0438429e-11
     1941 |      34 |     524 |      184 |     49 |   379 |   -0.115 |       -7.2 |    157 | sa11_sr\[1\]$_DFF_P_/D
iter:1941, pass:6, current fixing endpoint: sa22_sr\[5\]$_DFF_P_/D, endpoint slack:-1.8001045e-11
     1942 |      34 |     525 |      184 |     49 |   379 |   -0.115 |       -7.2 |    157 | sa11_sr\[1\]$_DFF_P_/D
iter:1942, pass:7, current fixing endpoint: sa22_sr\[5\]$_DFF_P_/D, endpoint slack:-2.1747937e-11
     1943 |      34 |     525 |      184 |     49 |   380 |   -0.115 |       -7.2 |    157 | sa11_sr\[1\]$_DFF_P_/D
iter:1943, pass:8, current fixing endpoint: sa22_sr\[5\]$_DFF_P_/D, endpoint slack:-2.458922e-11
     1944 |      34 |     526 |      184 |     49 |   380 |   -0.115 |       -7.2 |    157 | sa11_sr\[1\]$_DFF_P_/D
iter:1944, pass:9, current fixing endpoint: sa22_sr\[5\]$_DFF_P_/D, endpoint slack:-2.2080449e-11
     1945 |      34 |     526 |      184 |     49 |   381 |   -0.115 |       -7.2 |    157 | sa11_sr\[1\]$_DFF_P_/D
iter:1945, pass:10, current fixing endpoint: sa22_sr\[5\]$_DFF_P_/D, endpoint slack:-2.9642733e-11
     1946 |      34 |     526 |      184 |     49 |   382 |   -0.115 |       -7.2 |    157 | sa11_sr\[1\]$_DFF_P_/D
iter:1946, pass:11, current fixing endpoint: sa22_sr\[5\]$_DFF_P_/D, endpoint slack:-3.372269e-11
     1947 |      34 |     527 |      184 |     49 |   382 |   -0.115 |       -7.2 |    157 | sa11_sr\[1\]$_DFF_P_/D
iter:1947, pass:12, current fixing endpoint: sa22_sr\[5\]$_DFF_P_/D, endpoint slack:-3.1661673e-11
     1948 |      34 |     528 |      184 |     49 |   382 |   -0.115 |       -7.2 |    157 | sa11_sr\[1\]$_DFF_P_/D
iter:1948, pass:13, current fixing endpoint: sa22_sr\[5\]$_DFF_P_/D, endpoint slack:-3.4485192e-11
     1949 |      34 |     528 |      184 |     50 |   382 |   -0.115 |       -7.2 |    157 | sa11_sr\[1\]$_DFF_P_/D
iter:1949, pass:14, current fixing endpoint: sa22_sr\[5\]$_DFF_P_/D, endpoint slack:-3.284384e-11
     1950 |      34 |     529 |      184 |     50 |   382 |   -0.115 |       -7.2 |    157 | sa11_sr\[1\]$_DFF_P_/D
iter:1950, pass:15, current fixing endpoint: sa22_sr\[5\]$_DFF_P_/D, endpoint slack:-3.2798875e-11
     1951 |      34 |     530 |      184 |     50 |   382 |   -0.115 |       -7.2 |    157 | sa11_sr\[1\]$_DFF_P_/D
iter:1951, pass:16, current fixing endpoint: sa22_sr\[5\]$_DFF_P_/D, endpoint slack:-2.6770364e-11
     1952 |      34 |     531 |      184 |     50 |   382 |   -0.115 |       -7.2 |    157 | sa11_sr\[1\]$_DFF_P_/D
iter:1952, pass:17, current fixing endpoint: sa22_sr\[5\]$_DFF_P_/D, endpoint slack:-2.3746893e-11
     1953 |      34 |     532 |      184 |     50 |   382 |   -0.115 |       -7.2 |    157 | sa11_sr\[1\]$_DFF_P_/D
iter:1953, pass:18, current fixing endpoint: sa22_sr\[5\]$_DFF_P_/D, endpoint slack:-2.499756e-11
     1954 |      34 |     532 |      184 |     50 |   383 |   -0.115 |       -7.2 |    157 | sa11_sr\[1\]$_DFF_P_/D
iter:1954, pass:19, current fixing endpoint: sa22_sr\[5\]$_DFF_P_/D, endpoint slack:-2.3931301e-11
     1954 |      34 |     525 |      184 |     49 |   379 |   -0.115 |       -7.2 |    157 | sa11_sr\[1\]$_DFF_P_/D
     1955 |      34 |     525 |      184 |     49 |   379 |   -0.115 |       -7.2 |    157 | sa11_sr\[1\]$_DFF_P_/D
iter:1955, pass:1, current fixing endpoint: sa00_sr\[2\]$_DFF_P_/D, endpoint slack:-1.8223534e-11
     1956 |      34 |     525 |      184 |     49 |   380 |   -0.115 |       -7.2 |    157 | sa11_sr\[1\]$_DFF_P_/D
iter:1956, pass:2, current fixing endpoint: sa00_sr\[2\]$_DFF_P_/D, endpoint slack:-1.0996204e-11
     1957 |      34 |     526 |      184 |     49 |   380 |   -0.115 |       -7.2 |    157 | sa11_sr\[1\]$_DFF_P_/D
iter:1957, pass:3, current fixing endpoint: sa00_sr\[2\]$_DFF_P_/D, endpoint slack:-6.864398e-12
     1958 |      34 |     526 |      184 |     49 |   381 |   -0.115 |       -7.2 |    157 | sa11_sr\[1\]$_DFF_P_/D
iter:1958, pass:4, current fixing endpoint: sa00_sr\[2\]$_DFF_P_/D, endpoint slack:-6.8187678e-12
     1959 |      34 |     527 |      184 |     49 |   381 |   -0.115 |       -7.2 |    157 | sa11_sr\[1\]$_DFF_P_/D
iter:1959, pass:5, current fixing endpoint: sa00_sr\[2\]$_DFF_P_/D, endpoint slack:-6.8025585e-12
     1960 |      34 |     527 |      184 |     49 |   382 |   -0.115 |       -7.2 |    157 | sa11_sr\[1\]$_DFF_P_/D
iter:1960, pass:6, current fixing endpoint: sa00_sr\[2\]$_DFF_P_/D, endpoint slack:-1.2488344e-11
     1961 |      34 |     528 |      184 |     49 |   382 |   -0.115 |       -7.2 |    157 | sa11_sr\[1\]$_DFF_P_/D
iter:1961, pass:7, current fixing endpoint: sa00_sr\[2\]$_DFF_P_/D, endpoint slack:-9.725998e-12
     1962 |      34 |     529 |      184 |     49 |   382 |   -0.115 |       -7.2 |    157 | sa11_sr\[1\]$_DFF_P_/D
iter:1962, pass:8, current fixing endpoint: sa00_sr\[2\]$_DFF_P_/D, endpoint slack:-3.921974e-12
     1963 |      34 |     530 |      184 |     49 |   382 |   -0.115 |       -7.2 |    157 | sa11_sr\[1\]$_DFF_P_/D
iter:1963, pass:9, current fixing endpoint: sa00_sr\[2\]$_DFF_P_/D, endpoint slack:-2.8234082e-12
     1964 |      34 |     530 |      184 |     49 |   383 |   -0.115 |       -7.2 |    157 | sa11_sr\[1\]$_DFF_P_/D
iter:1964, pass:10, current fixing endpoint: sa00_sr\[2\]$_DFF_P_/D, endpoint slack:-3.5083048e-13
     1965 |      34 |     531 |      184 |     49 |   383 |   -0.115 |       -7.2 |    156 | sa11_sr\[1\]$_DFF_P_/D
iter:1965, pass:11, current fixing endpoint: sa00_sr\[2\]$_DFF_P_/D, endpoint slack:3.952394e-13
     1965 |      34 |     531 |      184 |     49 |   383 |   -0.115 |       -7.2 |    155 | sa11_sr\[1\]$_DFF_P_/D
     1966 |      34 |     531 |      184 |     49 |   383 |   -0.115 |       -7.2 |    155 | sa11_sr\[1\]$_DFF_P_/D
iter:1966, pass:1, current fixing endpoint: u0.u0.d\[4\]$_DFF_P_/D, endpoint slack:-1.4411583e-11
     1967 |      34 |     532 |      184 |     49 |   383 |   -0.115 |       -7.2 |    155 | sa11_sr\[1\]$_DFF_P_/D
iter:1967, pass:2, current fixing endpoint: u0.u0.d\[4\]$_DFF_P_/D, endpoint slack:-1.22730714e-11
     1967 |      34 |     532 |      184 |     49 |   383 |   -0.115 |       -7.2 |    155 | sa11_sr\[1\]$_DFF_P_/D
     1968 |      34 |     532 |      184 |     49 |   383 |   -0.115 |       -7.2 |    155 | sa11_sr\[1\]$_DFF_P_/D
iter:1968, pass:1, current fixing endpoint: sa31_sr\[7\]$_DFF_P_/D, endpoint slack:-2.1274427e-11
     1969 |      34 |     532 |      184 |     49 |   384 |   -0.115 |       -7.2 |    155 | sa11_sr\[1\]$_DFF_P_/D
iter:1969, pass:2, current fixing endpoint: sa31_sr\[7\]$_DFF_P_/D, endpoint slack:-2.5930369e-11
     1970 |      34 |     533 |      184 |     49 |   384 |   -0.115 |       -7.2 |    155 | sa11_sr\[1\]$_DFF_P_/D
iter:1970, pass:3, current fixing endpoint: sa31_sr\[7\]$_DFF_P_/D, endpoint slack:-2.576217e-11
     1971 |      34 |     534 |      184 |     49 |   384 |   -0.115 |       -7.2 |    155 | sa11_sr\[1\]$_DFF_P_/D
iter:1971, pass:4, current fixing endpoint: sa31_sr\[7\]$_DFF_P_/D, endpoint slack:-2.4145463e-11
     1972 |      34 |     534 |      184 |     49 |   385 |   -0.115 |       -7.2 |    155 | sa11_sr\[1\]$_DFF_P_/D
iter:1972, pass:5, current fixing endpoint: sa31_sr\[7\]$_DFF_P_/D, endpoint slack:-2.675049e-11
     1973 |      34 |     535 |      184 |     49 |   385 |   -0.115 |       -7.2 |    155 | sa11_sr\[1\]$_DFF_P_/D
iter:1973, pass:6, current fixing endpoint: sa31_sr\[7\]$_DFF_P_/D, endpoint slack:-2.7858715e-11
     1974 |      34 |     535 |      184 |     49 |   386 |   -0.115 |       -7.2 |    155 | sa11_sr\[1\]$_DFF_P_/D
iter:1974, pass:7, current fixing endpoint: sa31_sr\[7\]$_DFF_P_/D, endpoint slack:-3.323186e-11
     1974 |      34 |     532 |      184 |     49 |   383 |   -0.115 |       -7.2 |    155 | sa11_sr\[1\]$_DFF_P_/D
     1975 |      34 |     532 |      184 |     49 |   383 |   -0.115 |       -7.2 |    155 | sa11_sr\[1\]$_DFF_P_/D
iter:1975, pass:1, current fixing endpoint: u0.u2.d\[4\]$_DFF_P_/D, endpoint slack:-1.0849099e-11
     1976 |      34 |     532 |      184 |     49 |   384 |   -0.115 |       -7.2 |    155 | sa11_sr\[1\]$_DFF_P_/D
iter:1976, pass:2, current fixing endpoint: u0.u2.d\[4\]$_DFF_P_/D, endpoint slack:-1.8061774e-11
     1977 |      34 |     533 |      184 |     49 |   384 |   -0.115 |       -7.2 |    155 | sa11_sr\[1\]$_DFF_P_/D
iter:1977, pass:3, current fixing endpoint: u0.u2.d\[4\]$_DFF_P_/D, endpoint slack:-1.78485e-11
     1978 |      34 |     534 |      184 |     49 |   384 |   -0.115 |       -7.2 |    155 | sa11_sr\[1\]$_DFF_P_/D
iter:1978, pass:4, current fixing endpoint: u0.u2.d\[4\]$_DFF_P_/D, endpoint slack:-1.874323e-11
     1979 |      34 |     534 |      184 |     49 |   385 |   -0.115 |       -7.2 |    155 | sa11_sr\[1\]$_DFF_P_/D
iter:1979, pass:5, current fixing endpoint: u0.u2.d\[4\]$_DFF_P_/D, endpoint slack:-1.9102941e-11
     1980 |      34 |     534 |      184 |     49 |   386 |   -0.115 |       -7.2 |    155 | sa11_sr\[1\]$_DFF_P_/D
iter:1980, pass:6, current fixing endpoint: u0.u2.d\[4\]$_DFF_P_/D, endpoint slack:-1.709033e-11
     1981 |      34 |     535 |      184 |     49 |   386 |   -0.115 |       -7.2 |    155 | sa11_sr\[1\]$_DFF_P_/D
iter:1981, pass:7, current fixing endpoint: u0.u2.d\[4\]$_DFF_P_/D, endpoint slack:-1.6667778e-11
     1982 |      34 |     536 |      184 |     49 |   386 |   -0.115 |       -7.2 |    155 | sa11_sr\[1\]$_DFF_P_/D
iter:1982, pass:8, current fixing endpoint: u0.u2.d\[4\]$_DFF_P_/D, endpoint slack:-1.6247226e-11
     1983 |      34 |     536 |      184 |     50 |   386 |   -0.115 |       -7.2 |    155 | sa11_sr\[1\]$_DFF_P_/D
iter:1983, pass:9, current fixing endpoint: u0.u2.d\[4\]$_DFF_P_/D, endpoint slack:-1.3987145e-11
     1984 |      34 |     536 |      184 |     51 |   386 |   -0.115 |       -7.2 |    155 | sa11_sr\[1\]$_DFF_P_/D
iter:1984, pass:10, current fixing endpoint: u0.u2.d\[4\]$_DFF_P_/D, endpoint slack:-1.4866108e-11
     1984 |      34 |     532 |      184 |     49 |   383 |   -0.115 |       -7.2 |    155 | sa11_sr\[1\]$_DFF_P_/D
     1985 |      34 |     532 |      184 |     49 |   383 |   -0.115 |       -7.2 |    155 | sa11_sr\[1\]$_DFF_P_/D
iter:1985, pass:1, current fixing endpoint: u0.u3.d\[7\]$_DFF_P_/D, endpoint slack:-1.4394597e-11
     1986 |      34 |     532 |      184 |     49 |   384 |   -0.115 |       -7.2 |    155 | sa11_sr\[1\]$_DFF_P_/D
iter:1986, pass:2, current fixing endpoint: u0.u3.d\[7\]$_DFF_P_/D, endpoint slack:-1.9748425e-11
     1987 |      34 |     532 |      184 |     49 |   385 |   -0.115 |       -7.2 |    155 | sa11_sr\[1\]$_DFF_P_/D
iter:1987, pass:3, current fixing endpoint: u0.u3.d\[7\]$_DFF_P_/D, endpoint slack:-1.8252844e-11
     1988 |      34 |     533 |      184 |     49 |   385 |   -0.115 |       -7.2 |    155 | sa11_sr\[1\]$_DFF_P_/D
iter:1988, pass:4, current fixing endpoint: u0.u3.d\[7\]$_DFF_P_/D, endpoint slack:-1.4305113e-11
     1989 |      34 |     533 |      184 |     49 |   386 |   -0.115 |       -7.2 |    155 | sa11_sr\[1\]$_DFF_P_/D
iter:1989, pass:5, current fixing endpoint: u0.u3.d\[7\]$_DFF_P_/D, endpoint slack:-1.3784751e-11
     1990 |      34 |     533 |      184 |     49 |   387 |   -0.115 |       -7.2 |    155 | sa11_sr\[1\]$_DFF_P_/D
iter:1990, pass:6, current fixing endpoint: u0.u3.d\[7\]$_DFF_P_/D, endpoint slack:-1.9498625e-11
     1991 |      34 |     534 |      184 |     49 |   387 |   -0.115 |       -7.2 |    155 | sa11_sr\[1\]$_DFF_P_/D
iter:1991, pass:7, current fixing endpoint: u0.u3.d\[7\]$_DFF_P_/D, endpoint slack:-2.1606383e-11
     1992 |      34 |     535 |      184 |     49 |   387 |   -0.115 |       -7.2 |    155 | sa11_sr\[1\]$_DFF_P_/D
iter:1992, pass:8, current fixing endpoint: u0.u3.d\[7\]$_DFF_P_/D, endpoint slack:-2.0585644e-11
     1993 |      34 |     535 |      184 |     49 |   388 |   -0.115 |       -7.2 |    155 | sa11_sr\[1\]$_DFF_P_/D
iter:1993, pass:9, current fixing endpoint: u0.u3.d\[7\]$_DFF_P_/D, endpoint slack:-1.5681345e-11
     1993 |      34 |     533 |      184 |     49 |   386 |   -0.115 |       -7.2 |    155 | sa11_sr\[1\]$_DFF_P_/D
     1994 |      34 |     533 |      184 |     49 |   386 |   -0.115 |       -7.2 |    155 | sa11_sr\[1\]$_DFF_P_/D
iter:1994, pass:1, current fixing endpoint: sa21_sr\[3\]$_DFF_P_/D, endpoint slack:-5.5422666e-11
     1995 |      34 |     533 |      186 |     49 |   386 |   -0.115 |       -7.2 |    155 | sa11_sr\[1\]$_DFF_P_/D
iter:1995, pass:2, current fixing endpoint: sa21_sr\[3\]$_DFF_P_/D, endpoint slack:-4.209033e-11
     1996 |      34 |     534 |      186 |     49 |   386 |   -0.115 |       -7.2 |    155 | sa11_sr\[1\]$_DFF_P_/D
iter:1996, pass:3, current fixing endpoint: sa21_sr\[3\]$_DFF_P_/D, endpoint slack:-3.91418e-11
     1997 |      34 |     535 |      186 |     49 |   386 |   -0.115 |       -7.2 |    155 | sa11_sr\[1\]$_DFF_P_/D
iter:1997, pass:4, current fixing endpoint: sa21_sr\[3\]$_DFF_P_/D, endpoint slack:-3.725198e-11
     1998 |      34 |     535 |      186 |     49 |   387 |   -0.115 |       -7.2 |    155 | sa11_sr\[1\]$_DFF_P_/D
iter:1998, pass:5, current fixing endpoint: sa21_sr\[3\]$_DFF_P_/D, endpoint slack:-4.8864357e-11
     1999 |      34 |     535 |      186 |     49 |   388 |   -0.115 |       -7.2 |    155 | sa11_sr\[1\]$_DFF_P_/D
iter:1999, pass:6, current fixing endpoint: sa21_sr\[3\]$_DFF_P_/D, endpoint slack:-5.4393268e-11
     2000 |      34 |     535 |      186 |     49 |   389 |   -0.115 |       -7.2 |    155 | sa11_sr\[1\]$_DFF_P_/D
iter:2000, pass:7, current fixing endpoint: sa21_sr\[3\]$_DFF_P_/D, endpoint slack:-5.1526783e-11
     2000 |      34 |     535 |      186 |     49 |   389 |   -0.115 |       -7.2 |    155 | sa11_sr\[1\]$_DFF_P_/D
     2001 |      34 |     535 |      186 |     49 |   389 |   -0.115 |       -7.2 |    155 | sa11_sr\[1\]$_DFF_P_/D
iter:2001, pass:1, current fixing endpoint: sa12_sr\[4\]$_DFF_P_/D, endpoint slack:-3.8879344e-11
     2002 |      34 |     535 |      186 |     49 |   390 |   -0.115 |       -7.2 |    155 | sa11_sr\[1\]$_DFF_P_/D
iter:2002, pass:2, current fixing endpoint: sa12_sr\[4\]$_DFF_P_/D, endpoint slack:-3.9984793e-11
     2003 |      34 |     535 |      188 |     49 |   390 |   -0.115 |       -7.2 |    155 | sa11_sr\[1\]$_DFF_P_/D
iter:2003, pass:3, current fixing endpoint: sa12_sr\[4\]$_DFF_P_/D, endpoint slack:-2.8401281e-11
     2004 |      34 |     535 |      188 |     49 |   391 |   -0.115 |       -7.2 |    155 | sa11_sr\[1\]$_DFF_P_/D
iter:2004, pass:4, current fixing endpoint: sa12_sr\[4\]$_DFF_P_/D, endpoint slack:-6.048595e-11
     2005 |      34 |     536 |      188 |     49 |   391 |   -0.115 |       -7.2 |    155 | sa11_sr\[1\]$_DFF_P_/D
iter:2005, pass:5, current fixing endpoint: sa12_sr\[4\]$_DFF_P_/D, endpoint slack:-6.255507e-11
     2006 |      34 |     537 |      188 |     49 |   391 |   -0.115 |       -7.2 |    155 | sa11_sr\[1\]$_DFF_P_/D
iter:2006, pass:6, current fixing endpoint: sa12_sr\[4\]$_DFF_P_/D, endpoint slack:-5.4514726e-11
     2007 |      34 |     537 |      188 |     49 |   392 |   -0.115 |       -7.2 |    155 | sa11_sr\[1\]$_DFF_P_/D
iter:2007, pass:7, current fixing endpoint: sa12_sr\[4\]$_DFF_P_/D, endpoint slack:-4.890932e-11
     2008 |      34 |     537 |      188 |     49 |   393 |   -0.115 |       -7.2 |    155 | sa11_sr\[1\]$_DFF_P_/D
iter:2008, pass:8, current fixing endpoint: sa12_sr\[4\]$_DFF_P_/D, endpoint slack:-4.827938e-11
     2009 |      34 |     538 |      188 |     49 |   393 |   -0.115 |       -7.2 |    155 | sa11_sr\[1\]$_DFF_P_/D
iter:2009, pass:9, current fixing endpoint: sa12_sr\[4\]$_DFF_P_/D, endpoint slack:-4.5566106e-11
     2010 |      34 |     539 |      188 |     49 |   393 |   -0.115 |       -7.2 |    155 | sa11_sr\[1\]$_DFF_P_/D
iter:2010, pass:10, current fixing endpoint: sa12_sr\[4\]$_DFF_P_/D, endpoint slack:-4.6022075e-11
     2011 |      34 |     539 |      188 |     49 |   394 |   -0.115 |       -7.2 |    155 | sa11_sr\[1\]$_DFF_P_/D
iter:2011, pass:11, current fixing endpoint: sa12_sr\[4\]$_DFF_P_/D, endpoint slack:-4.328904e-11
     2011 |      34 |     536 |      188 |     49 |   390 |   -0.115 |       -7.2 |    155 | sa11_sr\[1\]$_DFF_P_/D
     2012 |      34 |     536 |      188 |     49 |   390 |   -0.115 |       -7.2 |    155 | sa11_sr\[1\]$_DFF_P_/D
iter:2012, pass:1, current fixing endpoint: sa23_sr\[5\]$_DFF_P_/D, endpoint slack:-2.0260349e-11
     2013 |      34 |     537 |      188 |     49 |   390 |   -0.115 |       -7.2 |    155 | sa11_sr\[1\]$_DFF_P_/D
iter:2013, pass:2, current fixing endpoint: sa23_sr\[5\]$_DFF_P_/D, endpoint slack:-1.8614665e-11
     2014 |      34 |     538 |      188 |     49 |   390 |   -0.115 |       -7.2 |    155 | sa11_sr\[1\]$_DFF_P_/D
iter:2014, pass:3, current fixing endpoint: sa23_sr\[5\]$_DFF_P_/D, endpoint slack:-1.7828627e-11
     2015 |      34 |     539 |      188 |     49 |   390 |   -0.115 |       -7.2 |    155 | sa11_sr\[1\]$_DFF_P_/D
iter:2015, pass:4, current fixing endpoint: sa23_sr\[5\]$_DFF_P_/D, endpoint slack:-1.6529778e-11
     2016 |      34 |     539 |      188 |     49 |   391 |   -0.115 |       -7.2 |    155 | sa11_sr\[1\]$_DFF_P_/D
iter:2016, pass:5, current fixing endpoint: sa23_sr\[5\]$_DFF_P_/D, endpoint slack:-1.9291457e-11
     2017 |      34 |     539 |      188 |     49 |   392 |   -0.115 |       -7.2 |    155 | sa11_sr\[1\]$_DFF_P_/D
iter:2017, pass:6, current fixing endpoint: sa23_sr\[5\]$_DFF_P_/D, endpoint slack:-2.4619307e-11
     2018 |      34 |     539 |      188 |     49 |   393 |   -0.115 |       -7.2 |    155 | sa11_sr\[1\]$_DFF_P_/D
iter:2018, pass:7, current fixing endpoint: sa23_sr\[5\]$_DFF_P_/D, endpoint slack:-3.2947867e-11
     2019 |      34 |     540 |      188 |     49 |   393 |   -0.115 |       -7.2 |    155 | sa11_sr\[1\]$_DFF_P_/D
iter:2019, pass:8, current fixing endpoint: sa23_sr\[5\]$_DFF_P_/D, endpoint slack:-3.1763925e-11
     2020 |      34 |     540 |      188 |     50 |   393 |   -0.115 |       -7.2 |    155 | sa11_sr\[1\]$_DFF_P_/D
iter:2020, pass:9, current fixing endpoint: sa23_sr\[5\]$_DFF_P_/D, endpoint slack:-2.9351854e-11
     2021 |      34 |     541 |      188 |     50 |   393 |   -0.115 |       -7.2 |    155 | sa11_sr\[1\]$_DFF_P_/D
iter:2021, pass:10, current fixing endpoint: sa23_sr\[5\]$_DFF_P_/D, endpoint slack:-2.7714053e-11
     2022 |      34 |     541 |      188 |     51 |   393 |   -0.115 |       -7.2 |    155 | sa11_sr\[1\]$_DFF_P_/D
iter:2022, pass:11, current fixing endpoint: sa23_sr\[5\]$_DFF_P_/D, endpoint slack:-2.7054248e-11
     2022 |      34 |     539 |      188 |     49 |   390 |   -0.115 |       -7.2 |    155 | sa11_sr\[1\]$_DFF_P_/D
     2023 |      34 |     539 |      188 |     49 |   390 |   -0.115 |       -7.2 |    155 | sa11_sr\[1\]$_DFF_P_/D
iter:2023, pass:1, current fixing endpoint: u0.u0.d\[1\]$_DFF_P_/D, endpoint slack:-8.288259e-12
     2024 |      34 |     539 |      190 |     49 |   390 |   -0.115 |       -7.2 |    155 | sa11_sr\[1\]$_DFF_P_/D
iter:2024, pass:2, current fixing endpoint: u0.u0.d\[1\]$_DFF_P_/D, endpoint slack:-3.0625502e-12
     2025 |      34 |     539 |      190 |     49 |   391 |   -0.115 |       -7.2 |    155 | sa11_sr\[1\]$_DFF_P_/D
iter:2025, pass:3, current fixing endpoint: u0.u0.d\[1\]$_DFF_P_/D, endpoint slack:-1.256828e-11
     2026 |      34 |     540 |      190 |     49 |   391 |   -0.115 |       -7.2 |    155 | sa11_sr\[1\]$_DFF_P_/D
iter:2026, pass:4, current fixing endpoint: u0.u0.d\[1\]$_DFF_P_/D, endpoint slack:-1.0543455e-11
     2027 |      34 |     540 |      192 |     49 |   391 |   -0.115 |       -7.2 |    155 | sa11_sr\[1\]$_DFF_P_/D
iter:2027, pass:5, current fixing endpoint: u0.u0.d\[1\]$_DFF_P_/D, endpoint slack:-3.0599634e-11
     2028 |      34 |     540 |      192 |     49 |   392 |   -0.115 |       -7.2 |    155 | sa11_sr\[1\]$_DFF_P_/D
iter:2028, pass:6, current fixing endpoint: u0.u0.d\[1\]$_DFF_P_/D, endpoint slack:-2.5340507e-11
     2029 |      34 |     541 |      192 |     49 |   392 |   -0.115 |       -7.2 |    155 | sa11_sr\[1\]$_DFF_P_/D
iter:2029, pass:7, current fixing endpoint: u0.u0.d\[1\]$_DFF_P_/D, endpoint slack:-2.6373237e-11
     2030 |      34 |     541 |      192 |     50 |   392 |   -0.115 |       -7.2 |    155 | sa11_sr\[1\]$_DFF_P_/D
iter:2030, pass:8, current fixing endpoint: u0.u0.d\[1\]$_DFF_P_/D, endpoint slack:-2.3730573e-11
     2030 |      34 |     539 |      191 |     49 |   390 |   -0.115 |       -7.2 |    155 | sa11_sr\[1\]$_DFF_P_/D
     2031 |      34 |     539 |      191 |     49 |   390 |   -0.115 |       -7.2 |    155 | sa11_sr\[1\]$_DFF_P_/D
iter:2031, pass:1, current fixing endpoint: sa31_sr\[4\]$_DFF_P_/D, endpoint slack:-1.882483e-11
     2032 |      34 |     540 |      191 |     49 |   390 |   -0.115 |       -7.2 |    155 | sa11_sr\[1\]$_DFF_P_/D
iter:2032, pass:2, current fixing endpoint: sa31_sr\[4\]$_DFF_P_/D, endpoint slack:-9.598655e-12
     2033 |      34 |     541 |      191 |     49 |   390 |   -0.115 |       -7.2 |    155 | sa11_sr\[1\]$_DFF_P_/D
iter:2033, pass:3, current fixing endpoint: sa31_sr\[4\]$_DFF_P_/D, endpoint slack:-7.566947e-12
     2034 |      34 |     542 |      191 |     49 |   390 |   -0.115 |       -7.2 |    155 | sa11_sr\[1\]$_DFF_P_/D
iter:2034, pass:4, current fixing endpoint: sa31_sr\[4\]$_DFF_P_/D, endpoint slack:-1.1191048e-12
     2035 |      34 |     542 |      191 |     49 |   391 |   -0.115 |       -7.2 |    155 | sa11_sr\[1\]$_DFF_P_/D
iter:2035, pass:5, current fixing endpoint: sa31_sr\[4\]$_DFF_P_/D, endpoint slack:-5.7570615e-12
     2036 |      34 |     543 |      191 |     49 |   391 |   -0.115 |       -7.2 |    155 | sa11_sr\[1\]$_DFF_P_/D
iter:2036, pass:6, current fixing endpoint: sa31_sr\[4\]$_DFF_P_/D, endpoint slack:-2.2808422e-12
     2037 |      34 |     543 |      191 |     49 |   392 |   -0.115 |       -7.2 |    154 | sa11_sr\[1\]$_DFF_P_/D
iter:2037, pass:7, current fixing endpoint: sa31_sr\[4\]$_DFF_P_/D, endpoint slack:6.938894e-14
     2037 |      34 |     543 |      191 |     49 |   392 |   -0.115 |       -7.2 |    153 | sa11_sr\[1\]$_DFF_P_/D
     2038 |      34 |     543 |      191 |     49 |   392 |   -0.115 |       -7.2 |    153 | sa11_sr\[1\]$_DFF_P_/D
iter:2038, pass:1, current fixing endpoint: sa31_sr\[5\]$_DFF_P_/D, endpoint slack:-7.975509e-12
     2039 |      34 |     543 |      191 |     49 |   393 |   -0.115 |       -7.2 |    153 | sa11_sr\[1\]$_DFF_P_/D
iter:2039, pass:2, current fixing endpoint: sa31_sr\[5\]$_DFF_P_/D, endpoint slack:-6.710299e-12
     2040 |      34 |     543 |      191 |     49 |   394 |   -0.115 |       -7.2 |    153 | sa11_sr\[1\]$_DFF_P_/D
iter:2040, pass:3, current fixing endpoint: sa31_sr\[5\]$_DFF_P_/D, endpoint slack:-2.603806e-12
     2041 |      34 |     543 |      193 |     49 |   394 |   -0.115 |       -7.2 |    153 | sa11_sr\[1\]$_DFF_P_/D
iter:2041, pass:4, current fixing endpoint: sa31_sr\[5\]$_DFF_P_/D, endpoint slack:-7.083334e-12
     2042 |      34 |     543 |      193 |     49 |   395 |   -0.115 |       -7.2 |    153 | sa11_sr\[1\]$_DFF_P_/D
iter:2042, pass:5, current fixing endpoint: sa31_sr\[5\]$_DFF_P_/D, endpoint slack:-1.2721713e-11
     2043 |      34 |     543 |      193 |     49 |   396 |   -0.115 |       -7.2 |    153 | sa11_sr\[1\]$_DFF_P_/D
iter:2043, pass:6, current fixing endpoint: sa31_sr\[5\]$_DFF_P_/D, endpoint slack:-9.919843e-13
     2044 |      34 |     543 |      193 |     49 |   397 |   -0.115 |       -7.2 |    152 | sa11_sr\[1\]$_DFF_P_/D
iter:2044, pass:7, current fixing endpoint: sa31_sr\[5\]$_DFF_P_/D, endpoint slack:5.093703e-13
     2044 |      34 |     543 |      193 |     49 |   397 |   -0.115 |       -7.2 |    151 | sa11_sr\[1\]$_DFF_P_/D
     2045 |      34 |     543 |      193 |     49 |   397 |   -0.115 |       -7.2 |    151 | sa11_sr\[1\]$_DFF_P_/D
iter:2045, pass:1, current fixing endpoint: u0.u1.d\[1\]$_DFF_P_/D, endpoint slack:-1.0662693e-11
     2046 |      34 |     543 |      193 |     49 |   398 |   -0.115 |       -7.2 |    151 | sa11_sr\[1\]$_DFF_P_/D
iter:2046, pass:2, current fixing endpoint: u0.u1.d\[1\]$_DFF_P_/D, endpoint slack:-7.761791e-12
     2047 |      34 |     544 |      193 |     49 |   398 |   -0.115 |       -7.2 |    151 | sa11_sr\[1\]$_DFF_P_/D
iter:2047, pass:3, current fixing endpoint: u0.u1.d\[1\]$_DFF_P_/D, endpoint slack:-1.5618618e-12
     2048 |      34 |     545 |      193 |     49 |   398 |   -0.115 |       -7.2 |    150 | sa11_sr\[1\]$_DFF_P_/D
iter:2048, pass:4, current fixing endpoint: u0.u1.d\[1\]$_DFF_P_/D, endpoint slack:2.1430635e-12
     2048 |      34 |     545 |      193 |     49 |   398 |   -0.115 |       -7.2 |    149 | sa11_sr\[1\]$_DFF_P_/D
     2049 |      34 |     545 |      193 |     49 |   398 |   -0.115 |       -7.2 |    149 | sa11_sr\[1\]$_DFF_P_/D
iter:2049, pass:1, current fixing endpoint: sa00_sr\[4\]$_DFF_P_/D, endpoint slack:-1.0398793e-11
     2050 |      34 |     546 |      193 |     49 |   398 |   -0.115 |       -7.2 |    149 | sa11_sr\[1\]$_DFF_P_/D
iter:2050, pass:2, current fixing endpoint: sa00_sr\[4\]$_DFF_P_/D, endpoint slack:-9.521939e-12
     2051 |      34 |     547 |      193 |     49 |   398 |   -0.115 |       -7.2 |    149 | sa11_sr\[1\]$_DFF_P_/D
iter:2051, pass:3, current fixing endpoint: sa00_sr\[4\]$_DFF_P_/D, endpoint slack:-2.857603e-12
     2052 |      34 |     547 |      193 |     49 |   399 |   -0.115 |       -7.2 |    149 | sa11_sr\[1\]$_DFF_P_/D
iter:2052, pass:4, current fixing endpoint: sa00_sr\[4\]$_DFF_P_/D, endpoint slack:-1.8551383e-11
     2053 |      34 |     547 |      193 |     49 |   400 |   -0.115 |       -7.2 |    149 | sa11_sr\[1\]$_DFF_P_/D
iter:2053, pass:5, current fixing endpoint: sa00_sr\[4\]$_DFF_P_/D, endpoint slack:-2.3760993e-11
     2054 |      34 |     547 |      193 |     49 |   401 |   -0.115 |       -7.2 |    149 | sa11_sr\[1\]$_DFF_P_/D
iter:2054, pass:6, current fixing endpoint: sa00_sr\[4\]$_DFF_P_/D, endpoint slack:-2.0125235e-11
     2055 |      34 |     548 |      193 |     49 |   401 |   -0.115 |       -7.2 |    149 | sa11_sr\[1\]$_DFF_P_/D
iter:2055, pass:7, current fixing endpoint: sa00_sr\[4\]$_DFF_P_/D, endpoint slack:-2.1545321e-11
     2056 |      34 |     549 |      193 |     49 |   401 |   -0.115 |       -7.2 |    149 | sa11_sr\[1\]$_DFF_P_/D
iter:2056, pass:8, current fixing endpoint: sa00_sr\[4\]$_DFF_P_/D, endpoint slack:-2.1388002e-11
     2057 |      34 |     549 |      193 |     50 |   401 |   -0.115 |       -7.2 |    149 | sa11_sr\[1\]$_DFF_P_/D
iter:2057, pass:9, current fixing endpoint: sa00_sr\[4\]$_DFF_P_/D, endpoint slack:-1.7559953e-11
     2057 |      34 |     547 |      193 |     49 |   398 |   -0.115 |       -7.2 |    149 | sa11_sr\[1\]$_DFF_P_/D
     2058 |      34 |     547 |      193 |     49 |   398 |   -0.115 |       -7.2 |    149 | sa11_sr\[1\]$_DFF_P_/D
iter:2058, pass:1, current fixing endpoint: u0.u3.d\[2\]$_DFF_P_/D, endpoint slack:-1.5664692e-11
     2059 |      34 |     548 |      193 |     49 |   398 |   -0.115 |       -7.2 |    149 | sa11_sr\[1\]$_DFF_P_/D
iter:2059, pass:2, current fixing endpoint: u0.u3.d\[2\]$_DFF_P_/D, endpoint slack:-9.986123e-12
     2060 |      34 |     548 |      193 |     49 |   399 |   -0.115 |       -7.2 |    149 | sa11_sr\[1\]$_DFF_P_/D
iter:2060, pass:3, current fixing endpoint: u0.u3.d\[2\]$_DFF_P_/D, endpoint slack:-1.6335266e-11
     2061 |      34 |     549 |      193 |     49 |   399 |   -0.115 |       -7.2 |    149 | sa11_sr\[1\]$_DFF_P_/D
iter:2061, pass:4, current fixing endpoint: u0.u3.d\[2\]$_DFF_P_/D, endpoint slack:-1.9375945e-11
     2062 |      34 |     549 |      193 |     49 |   400 |   -0.115 |       -7.2 |    149 | sa11_sr\[1\]$_DFF_P_/D
iter:2062, pass:5, current fixing endpoint: u0.u3.d\[2\]$_DFF_P_/D, endpoint slack:-2.1175284e-11
     2062 |      34 |     548 |      193 |     49 |   398 |   -0.115 |       -7.2 |    149 | sa11_sr\[1\]$_DFF_P_/D
     2063 |      34 |     548 |      193 |     49 |   398 |   -0.115 |       -7.2 |    149 | sa11_sr\[1\]$_DFF_P_/D
iter:2063, pass:1, current fixing endpoint: sa22_sr\[4\]$_DFF_P_/D, endpoint slack:-5.322809e-11
     2064 |      34 |     549 |      193 |     49 |   398 |   -0.115 |       -7.1 |    149 | sa11_sr\[1\]$_DFF_P_/D
iter:2064, pass:2, current fixing endpoint: sa22_sr\[4\]$_DFF_P_/D, endpoint slack:-4.556233e-11
     2065 |      34 |     550 |      193 |     49 |   398 |   -0.115 |       -7.1 |    149 | sa11_sr\[1\]$_DFF_P_/D
iter:2065, pass:3, current fixing endpoint: sa22_sr\[4\]$_DFF_P_/D, endpoint slack:-4.3496873e-11
     2066 |      34 |     551 |      193 |     49 |   398 |   -0.115 |       -7.1 |    149 | sa11_sr\[1\]$_DFF_P_/D
iter:2066, pass:4, current fixing endpoint: sa22_sr\[4\]$_DFF_P_/D, endpoint slack:-4.3864357e-11
     2067 |      34 |     552 |      193 |     49 |   398 |   -0.115 |       -7.1 |    149 | sa11_sr\[1\]$_DFF_P_/D
iter:2067, pass:5, current fixing endpoint: sa22_sr\[4\]$_DFF_P_/D, endpoint slack:-3.6775694e-11
     2068 |      34 |     552 |      193 |     49 |   399 |   -0.115 |       -7.1 |    149 | sa11_sr\[1\]$_DFF_P_/D
iter:2068, pass:6, current fixing endpoint: sa22_sr\[4\]$_DFF_P_/D, endpoint slack:-4.193923e-11
     2069 |      34 |     552 |      193 |     49 |   400 |   -0.115 |       -7.1 |    149 | sa11_sr\[1\]$_DFF_P_/D
iter:2069, pass:7, current fixing endpoint: sa22_sr\[4\]$_DFF_P_/D, endpoint slack:-4.0020653e-11
     2070 |      34 |     552 |      193 |     49 |   401 |   -0.115 |       -7.1 |    149 | sa11_sr\[1\]$_DFF_P_/D
iter:2070, pass:8, current fixing endpoint: sa22_sr\[4\]$_DFF_P_/D, endpoint slack:-2.8449132e-11
     2071 |      34 |     553 |      193 |     49 |   401 |   -0.115 |       -7.1 |    149 | sa11_sr\[1\]$_DFF_P_/D
iter:2071, pass:9, current fixing endpoint: sa22_sr\[4\]$_DFF_P_/D, endpoint slack:-2.8227976e-11
     2072 |      34 |     554 |      193 |     49 |   401 |   -0.115 |       -7.1 |    149 | sa11_sr\[1\]$_DFF_P_/D
iter:2072, pass:10, current fixing endpoint: sa22_sr\[4\]$_DFF_P_/D, endpoint slack:-2.7851277e-11
     2073 |      34 |     554 |      193 |     49 |   402 |   -0.115 |       -7.1 |    149 | sa11_sr\[1\]$_DFF_P_/D
iter:2073, pass:11, current fixing endpoint: sa22_sr\[4\]$_DFF_P_/D, endpoint slack:-2.6235014e-11
     2074 |      34 |     555 |      193 |     49 |   402 |   -0.115 |       -7.1 |    149 | sa11_sr\[1\]$_DFF_P_/D
iter:2074, pass:12, current fixing endpoint: sa22_sr\[4\]$_DFF_P_/D, endpoint slack:-2.9058533e-11
     2075 |      34 |     555 |      193 |     50 |   402 |   -0.115 |       -7.1 |    149 | sa11_sr\[1\]$_DFF_P_/D
iter:2075, pass:13, current fixing endpoint: sa22_sr\[4\]$_DFF_P_/D, endpoint slack:-2.7331915e-11
     2076 |      34 |     555 |      193 |     50 |   403 |   -0.115 |       -7.1 |    149 | sa11_sr\[1\]$_DFF_P_/D
iter:2076, pass:14, current fixing endpoint: sa22_sr\[4\]$_DFF_P_/D, endpoint slack:-2.6173952e-11
     2076 |      34 |     555 |      193 |     50 |   403 |   -0.115 |       -7.1 |    149 | sa11_sr\[1\]$_DFF_P_/D
     2077 |      34 |     555 |      193 |     50 |   403 |   -0.115 |       -7.1 |    149 | sa11_sr\[1\]$_DFF_P_/D
iter:2077, pass:1, current fixing endpoint: sa22_sr\[0\]$_DFF_P_/D, endpoint slack:-3.5175418e-11
     2078 |      34 |     556 |      193 |     50 |   403 |   -0.115 |       -7.1 |    149 | sa11_sr\[1\]$_DFF_P_/D
iter:2078, pass:2, current fixing endpoint: sa22_sr\[0\]$_DFF_P_/D, endpoint slack:-3.5632497e-11
     2079 |      34 |     557 |      193 |     50 |   403 |   -0.115 |       -7.1 |    149 | sa11_sr\[1\]$_DFF_P_/D
iter:2079, pass:3, current fixing endpoint: sa22_sr\[0\]$_DFF_P_/D, endpoint slack:-3.9034664e-11
     2080 |      34 |     558 |      193 |     50 |   403 |   -0.115 |       -7.1 |    149 | sa11_sr\[1\]$_DFF_P_/D
iter:2080, pass:4, current fixing endpoint: sa22_sr\[0\]$_DFF_P_/D, endpoint slack:-3.199352e-11
     2081 |      34 |     559 |      193 |     50 |   403 |   -0.115 |       -7.1 |    149 | sa11_sr\[1\]$_DFF_P_/D
iter:2081, pass:5, current fixing endpoint: sa22_sr\[0\]$_DFF_P_/D, endpoint slack:-2.9406033e-11
     2082 |      34 |     559 |      193 |     50 |   404 |   -0.115 |       -7.1 |    149 | sa11_sr\[1\]$_DFF_P_/D
iter:2082, pass:6, current fixing endpoint: sa22_sr\[0\]$_DFF_P_/D, endpoint slack:-3.0392355e-11
     2083 |      34 |     559 |      193 |     50 |   405 |   -0.115 |       -7.1 |    149 | sa11_sr\[1\]$_DFF_P_/D
iter:2083, pass:7, current fixing endpoint: sa22_sr\[0\]$_DFF_P_/D, endpoint slack:-3.403733e-11
     2084 |      34 |     559 |      193 |     50 |   406 |   -0.115 |       -7.1 |    149 | sa11_sr\[1\]$_DFF_P_/D
iter:2084, pass:8, current fixing endpoint: sa22_sr\[0\]$_DFF_P_/D, endpoint slack:-3.2358338e-11
     2084 |      34 |     559 |      193 |     50 |   403 |   -0.115 |       -7.1 |    149 | sa11_sr\[1\]$_DFF_P_/D
     2085 |      34 |     559 |      193 |     50 |   403 |   -0.115 |       -7.1 |    149 | sa11_sr\[1\]$_DFF_P_/D
iter:2085, pass:1, current fixing endpoint: sa10_sr\[6\]$_DFF_P_/D, endpoint slack:-2.0491275e-11
     2086 |      34 |     560 |      193 |     50 |   403 |   -0.115 |       -7.1 |    149 | sa11_sr\[1\]$_DFF_P_/D
iter:2086, pass:2, current fixing endpoint: sa10_sr\[6\]$_DFF_P_/D, endpoint slack:-1.19591e-11
     2087 |      34 |     561 |      193 |     50 |   403 |   -0.115 |       -7.1 |    149 | sa11_sr\[1\]$_DFF_P_/D
iter:2087, pass:3, current fixing endpoint: sa10_sr\[6\]$_DFF_P_/D, endpoint slack:-3.9188652e-12
     2088 |      34 |     561 |      193 |     50 |   404 |   -0.115 |       -7.1 |    149 | sa11_sr\[1\]$_DFF_P_/D
iter:2088, pass:4, current fixing endpoint: sa10_sr\[6\]$_DFF_P_/D, endpoint slack:-1.0458967e-11
     2089 |      34 |     562 |      193 |     50 |   404 |   -0.115 |       -7.1 |    149 | sa11_sr\[1\]$_DFF_P_/D
iter:2089, pass:5, current fixing endpoint: sa10_sr\[6\]$_DFF_P_/D, endpoint slack:-7.528089e-12
     2090 |      34 |     563 |      193 |     50 |   404 |   -0.115 |       -7.1 |    149 | sa11_sr\[1\]$_DFF_P_/D
iter:2090, pass:6, current fixing endpoint: sa10_sr\[6\]$_DFF_P_/D, endpoint slack:-8.887668e-12
     2091 |      34 |     564 |      193 |     50 |   404 |   -0.115 |       -7.1 |    149 | sa11_sr\[1\]$_DFF_P_/D
iter:2091, pass:7, current fixing endpoint: sa10_sr\[6\]$_DFF_P_/D, endpoint slack:-9.08118e-12
     2092 |      34 |     564 |      193 |     50 |   405 |   -0.115 |       -7.1 |    149 | sa11_sr\[1\]$_DFF_P_/D
iter:2092, pass:8, current fixing endpoint: sa10_sr\[6\]$_DFF_P_/D, endpoint slack:-1.1475709e-11
     2092 |      34 |     562 |      193 |     50 |   403 |   -0.115 |       -7.1 |    149 | sa11_sr\[1\]$_DFF_P_/D
     2093 |      34 |     562 |      193 |     50 |   403 |   -0.115 |       -7.1 |    149 | sa11_sr\[1\]$_DFF_P_/D
iter:2093, pass:1, current fixing endpoint: sa01_sr\[7\]$_DFF_P_/D, endpoint slack:-1.362821e-11
     2094 |      34 |     563 |      193 |     50 |   403 |   -0.115 |       -7.1 |    149 | sa11_sr\[1\]$_DFF_P_/D
iter:2094, pass:2, current fixing endpoint: sa01_sr\[7\]$_DFF_P_/D, endpoint slack:-1.2670309e-11
     2095 |      34 |     563 |      193 |     50 |   404 |   -0.115 |       -7.1 |    149 | sa11_sr\[1\]$_DFF_P_/D
iter:2095, pass:3, current fixing endpoint: sa01_sr\[7\]$_DFF_P_/D, endpoint slack:-1.5706214e-11
     2096 |      34 |     563 |      193 |     50 |   405 |   -0.115 |       -7.1 |    149 | sa11_sr\[1\]$_DFF_P_/D
iter:2096, pass:4, current fixing endpoint: sa01_sr\[7\]$_DFF_P_/D, endpoint slack:-1.4062085e-11
     2097 |      34 |     564 |      193 |     50 |   405 |   -0.115 |       -7.1 |    149 | sa11_sr\[1\]$_DFF_P_/D
iter:2097, pass:5, current fixing endpoint: sa01_sr\[7\]$_DFF_P_/D, endpoint slack:-1.0855206e-11
     2098 |      34 |     565 |      193 |     50 |   405 |   -0.115 |       -7.1 |    149 | sa11_sr\[1\]$_DFF_P_/D
iter:2098, pass:6, current fixing endpoint: sa01_sr\[7\]$_DFF_P_/D, endpoint slack:-1.12331255e-11
     2099 |      34 |     565 |      193 |     50 |   406 |   -0.115 |       -7.1 |    149 | sa11_sr\[1\]$_DFF_P_/D
iter:2099, pass:7, current fixing endpoint: sa01_sr\[7\]$_DFF_P_/D, endpoint slack:-8.219869e-12
     2100 |      34 |     566 |      193 |     50 |   406 |   -0.115 |       -7.1 |    149 | sa11_sr\[1\]$_DFF_P_/D
iter:2100, pass:8, current fixing endpoint: sa01_sr\[7\]$_DFF_P_/D, endpoint slack:-8.1811224e-12
     2101 |      34 |     567 |      193 |     50 |   406 |   -0.115 |       -7.1 |    149 | sa11_sr\[1\]$_DFF_P_/D
iter:2101, pass:9, current fixing endpoint: sa01_sr\[7\]$_DFF_P_/D, endpoint slack:-6.8883788e-12
     2102 |      34 |     568 |      193 |     50 |   406 |   -0.115 |       -7.1 |    149 | sa11_sr\[1\]$_DFF_P_/D
iter:2102, pass:10, current fixing endpoint: sa01_sr\[7\]$_DFF_P_/D, endpoint slack:-9.417134e-12
     2103 |      34 |     569 |      193 |     50 |   406 |   -0.115 |       -7.1 |    149 | sa11_sr\[1\]$_DFF_P_/D
iter:2103, pass:11, current fixing endpoint: sa01_sr\[7\]$_DFF_P_/D, endpoint slack:-6.411538e-12
     2104 |      34 |     569 |      193 |     50 |   407 |   -0.115 |       -7.1 |    149 | sa11_sr\[1\]$_DFF_P_/D
iter:2104, pass:12, current fixing endpoint: sa01_sr\[7\]$_DFF_P_/D, endpoint slack:-5.371814e-12
     2105 |      34 |     570 |      193 |     50 |   407 |   -0.115 |       -7.1 |    149 | sa11_sr\[1\]$_DFF_P_/D
iter:2105, pass:13, current fixing endpoint: sa01_sr\[7\]$_DFF_P_/D, endpoint slack:-4.7908344e-12
     2105 |      34 |     570 |      193 |     50 |   407 |   -0.115 |       -7.1 |    149 | sa11_sr\[1\]$_DFF_P_/D
     2106 |      34 |     570 |      193 |     50 |   407 |   -0.115 |       -7.1 |    149 | sa11_sr\[1\]$_DFF_P_/D
iter:2106, pass:1, current fixing endpoint: sa31_sr\[6\]$_DFF_P_/D, endpoint slack:5.534462e-13
     2106 |      34 |     570 |      193 |     50 |   407 |   -0.115 |       -7.1 |    148 | sa11_sr\[1\]$_DFF_P_/D
     2107 |      34 |     570 |      193 |     50 |   407 |   -0.115 |       -7.1 |    148 | sa11_sr\[1\]$_DFF_P_/D
iter:2107, pass:1, current fixing endpoint: u0.u3.d\[3\]$_DFF_P_/D, endpoint slack:-1.3734014e-11
     2108 |      34 |     571 |      193 |     50 |   407 |   -0.115 |       -7.1 |    148 | sa11_sr\[1\]$_DFF_P_/D
iter:2108, pass:2, current fixing endpoint: u0.u3.d\[3\]$_DFF_P_/D, endpoint slack:-1.2894796e-11
     2109 |      34 |     571 |      193 |     50 |   408 |   -0.115 |       -7.1 |    148 | sa11_sr\[1\]$_DFF_P_/D
iter:2109, pass:3, current fixing endpoint: u0.u3.d\[3\]$_DFF_P_/D, endpoint slack:-2.970224e-11
     2110 |      34 |     572 |      193 |     50 |   408 |   -0.115 |       -7.1 |    148 | sa11_sr\[1\]$_DFF_P_/D
iter:2110, pass:4, current fixing endpoint: u0.u3.d\[3\]$_DFF_P_/D, endpoint slack:-2.7118752e-11
     2111 |      34 |     573 |      193 |     50 |   408 |   -0.115 |       -7.1 |    148 | sa11_sr\[1\]$_DFF_P_/D
iter:2111, pass:5, current fixing endpoint: u0.u3.d\[3\]$_DFF_P_/D, endpoint slack:-2.3874236e-11
     2112 |      34 |     574 |      193 |     50 |   408 |   -0.115 |       -7.1 |    148 | sa11_sr\[1\]$_DFF_P_/D
iter:2112, pass:6, current fixing endpoint: u0.u3.d\[3\]$_DFF_P_/D, endpoint slack:-1.5626611e-11
     2113 |      35 |     574 |      193 |     50 |   408 |   -0.115 |       -7.1 |    148 | sa11_sr\[1\]$_DFF_P_/D
iter:2113, pass:7, current fixing endpoint: u0.u3.d\[3\]$_DFF_P_/D, endpoint slack:-2.3859137e-11
     2114 |      35 |     574 |      196 |     50 |   408 |   -0.115 |       -7.1 |    148 | sa11_sr\[1\]$_DFF_P_/D
iter:2114, pass:8, current fixing endpoint: u0.u3.d\[3\]$_DFF_P_/D, endpoint slack:-7.332912e-12
     2115 |      35 |     575 |      196 |     50 |   408 |   -0.115 |       -7.1 |    148 | sa11_sr\[1\]$_DFF_P_/D
iter:2115, pass:9, current fixing endpoint: u0.u3.d\[3\]$_DFF_P_/D, endpoint slack:-6.7572614e-12
     2116 |      35 |     576 |      196 |     50 |   408 |   -0.115 |       -7.1 |    148 | sa11_sr\[1\]$_DFF_P_/D
iter:2116, pass:10, current fixing endpoint: u0.u3.d\[3\]$_DFF_P_/D, endpoint slack:-2.856937e-12
     2117 |      35 |     576 |      196 |     51 |   408 |   -0.115 |       -7.1 |    148 | sa11_sr\[1\]$_DFF_P_/D
iter:2117, pass:11, current fixing endpoint: u0.u3.d\[3\]$_DFF_P_/D, endpoint slack:-1.6194823e-12
     2118 |      35 |     577 |      196 |     51 |   408 |   -0.115 |       -7.1 |    148 | sa11_sr\[1\]$_DFF_P_/D
iter:2118, pass:12, current fixing endpoint: u0.u3.d\[3\]$_DFF_P_/D, endpoint slack:-6.415979e-13
     2119 |      36 |     577 |      196 |     51 |   408 |   -0.115 |       -7.0 |    148 | sa11_sr\[1\]$_DFF_P_/D
iter:2119, pass:13, current fixing endpoint: u0.u3.d\[3\]$_DFF_P_/D, endpoint slack:-5.0692783e-13
     2120 |      36 |     578 |      196 |     51 |   408 |   -0.115 |       -7.0 |    148 | sa11_sr\[1\]$_DFF_P_/D
iter:2120, pass:14, current fixing endpoint: u0.u3.d\[3\]$_DFF_P_/D, endpoint slack:-1.3299362e-12
     2121 |      36 |     579 |      196 |     51 |   408 |   -0.115 |       -7.0 |    148 | sa11_sr\[1\]$_DFF_P_/D
iter:2121, pass:15, current fixing endpoint: u0.u3.d\[3\]$_DFF_P_/D, endpoint slack:-1.3414825e-12
     2122 |      36 |     580 |      196 |     51 |   408 |   -0.115 |       -7.0 |    148 | sa11_sr\[1\]$_DFF_P_/D
iter:2122, pass:16, current fixing endpoint: u0.u3.d\[3\]$_DFF_P_/D, endpoint slack:-4.041212e-12
     2123 |      36 |     581 |      196 |     51 |   408 |   -0.115 |       -7.0 |    148 | sa11_sr\[1\]$_DFF_P_/D
iter:2123, pass:17, current fixing endpoint: u0.u3.d\[3\]$_DFF_P_/D, endpoint slack:-3.0528913e-12
     2124 |      36 |     582 |      196 |     51 |   408 |   -0.115 |       -7.0 |    148 | sa11_sr\[1\]$_DFF_P_/D
iter:2124, pass:18, current fixing endpoint: u0.u3.d\[3\]$_DFF_P_/D, endpoint slack:-1.5705215e-12
     2125 |      36 |     583 |      196 |     51 |   408 |   -0.115 |       -7.0 |    148 | sa11_sr\[1\]$_DFF_P_/D
iter:2125, pass:19, current fixing endpoint: u0.u3.d\[3\]$_DFF_P_/D, endpoint slack:-8.797407e-13
     2126 |      36 |     584 |      196 |     51 |   408 |   -0.115 |       -7.0 |    148 | sa11_sr\[1\]$_DFF_P_/D
iter:2126, pass:20, current fixing endpoint: u0.u3.d\[3\]$_DFF_P_/D, endpoint slack:-3.0003777e-12
     2127 |      36 |     585 |      196 |     51 |   408 |   -0.115 |       -7.0 |    148 | sa11_sr\[1\]$_DFF_P_/D
iter:2127, pass:21, current fixing endpoint: u0.u3.d\[3\]$_DFF_P_/D, endpoint slack:-6.217027e-12
     2128 |      36 |     586 |      196 |     51 |   408 |   -0.115 |       -7.0 |    148 | sa11_sr\[1\]$_DFF_P_/D
iter:2128, pass:22, current fixing endpoint: u0.u3.d\[3\]$_DFF_P_/D, endpoint slack:-6.2092553e-12
     2129 |      36 |     586 |      196 |     52 |   408 |   -0.115 |       -7.0 |    148 | sa11_sr\[1\]$_DFF_P_/D
iter:2129, pass:23, current fixing endpoint: u0.u3.d\[3\]$_DFF_P_/D, endpoint slack:-5.082601e-12
     2129 |      36 |     578 |      196 |     51 |   408 |   -0.115 |       -7.0 |    148 | sa11_sr\[1\]$_DFF_P_/D
     2130 |      36 |     578 |      196 |     51 |   408 |   -0.115 |       -7.0 |    148 | sa11_sr\[1\]$_DFF_P_/D
iter:2130, pass:1, current fixing endpoint: u0.u1.d\[7\]$_DFF_P_/D, endpoint slack:7.9780627e-13
     2130 |      36 |     578 |      196 |     51 |   408 |   -0.115 |       -7.0 |    147 | sa11_sr\[1\]$_DFF_P_/D
     2131 |      36 |     578 |      196 |     51 |   408 |   -0.115 |       -7.0 |    147 | sa11_sr\[1\]$_DFF_P_/D
iter:2131, pass:1, current fixing endpoint: u0.u1.d\[4\]$_DFF_P_/D, endpoint slack:5.7165384e-13
     2131 |      36 |     578 |      196 |     51 |   408 |   -0.115 |       -7.0 |    146 | sa11_sr\[1\]$_DFF_P_/D
     2132 |      36 |     578 |      196 |     51 |   408 |   -0.115 |       -7.0 |    146 | sa11_sr\[1\]$_DFF_P_/D
iter:2132, pass:1, current fixing endpoint: sa11_sr\[6\]$_DFF_P_/D, endpoint slack:-3.1257885e-11
     2133 |      36 |     578 |      196 |     51 |   409 |   -0.115 |       -7.0 |    146 | sa11_sr\[1\]$_DFF_P_/D
iter:2133, pass:2, current fixing endpoint: sa11_sr\[6\]$_DFF_P_/D, endpoint slack:-3.3772984e-11
     2134 |      36 |     578 |      196 |     51 |   410 |   -0.115 |       -7.0 |    146 | sa11_sr\[1\]$_DFF_P_/D
iter:2134, pass:3, current fixing endpoint: sa11_sr\[6\]$_DFF_P_/D, endpoint slack:-2.9242053e-11
     2135 |      36 |     578 |      196 |     51 |   411 |   -0.115 |       -7.1 |    146 | sa11_sr\[1\]$_DFF_P_/D
iter:2135, pass:4, current fixing endpoint: sa11_sr\[6\]$_DFF_P_/D, endpoint slack:-4.2783665e-11
     2136 |      36 |     579 |      196 |     51 |   411 |   -0.115 |       -7.0 |    146 | sa11_sr\[1\]$_DFF_P_/D
iter:2136, pass:5, current fixing endpoint: sa11_sr\[6\]$_DFF_P_/D, endpoint slack:-3.6467718e-11
     2137 |      36 |     580 |      196 |     51 |   411 |   -0.115 |       -7.0 |    146 | sa11_sr\[1\]$_DFF_P_/D
iter:2137, pass:6, current fixing endpoint: sa11_sr\[6\]$_DFF_P_/D, endpoint slack:-3.4361625e-11
     2138 |      36 |     581 |      196 |     51 |   411 |   -0.115 |       -7.0 |    146 | sa11_sr\[1\]$_DFF_P_/D
iter:2138, pass:7, current fixing endpoint: sa11_sr\[6\]$_DFF_P_/D, endpoint slack:-3.5310754e-11
     2139 |      36 |     581 |      196 |     51 |   412 |   -0.115 |       -7.0 |    146 | sa11_sr\[1\]$_DFF_P_/D
iter:2139, pass:8, current fixing endpoint: sa11_sr\[6\]$_DFF_P_/D, endpoint slack:-4.067291e-11
     2140 |      36 |     581 |      196 |     51 |   413 |   -0.115 |       -7.0 |    146 | sa11_sr\[1\]$_DFF_P_/D
iter:2140, pass:9, current fixing endpoint: sa11_sr\[6\]$_DFF_P_/D, endpoint slack:-3.5248582e-11
     2141 |      36 |     582 |      196 |     51 |   413 |   -0.115 |       -7.0 |    146 | sa11_sr\[1\]$_DFF_P_/D
iter:2141, pass:10, current fixing endpoint: sa11_sr\[6\]$_DFF_P_/D, endpoint slack:-2.9108826e-11
     2142 |      36 |     582 |      196 |     51 |   414 |   -0.115 |       -7.0 |    146 | sa11_sr\[1\]$_DFF_P_/D
iter:2142, pass:11, current fixing endpoint: sa11_sr\[6\]$_DFF_P_/D, endpoint slack:-2.8856362e-11
     2143 |      36 |     582 |      196 |     51 |   415 |   -0.115 |       -7.0 |    146 | sa11_sr\[1\]$_DFF_P_/D
iter:2143, pass:12, current fixing endpoint: sa11_sr\[6\]$_DFF_P_/D, endpoint slack:-2.8205771e-11
     2144 |      36 |     582 |      196 |     51 |   416 |   -0.115 |       -7.0 |    146 | sa11_sr\[1\]$_DFF_P_/D
iter:2144, pass:13, current fixing endpoint: sa11_sr\[6\]$_DFF_P_/D, endpoint slack:-2.6347924e-11
     2145 |      36 |     582 |      196 |     51 |   417 |   -0.115 |       -7.0 |    146 | sa11_sr\[1\]$_DFF_P_/D
iter:2145, pass:14, current fixing endpoint: sa11_sr\[6\]$_DFF_P_/D, endpoint slack:-3.1452285e-11
     2145 |      36 |     582 |      196 |     51 |   416 |   -0.115 |       -7.0 |    146 | sa11_sr\[1\]$_DFF_P_/D
     2146 |      36 |     582 |      196 |     51 |   416 |   -0.115 |       -7.0 |    146 | sa11_sr\[1\]$_DFF_P_/D
iter:2146, pass:1, current fixing endpoint: sa31_sr\[3\]$_DFF_P_/D, endpoint slack:-2.1677549e-11
     2147 |      36 |     583 |      196 |     51 |   416 |   -0.115 |       -7.0 |    146 | sa11_sr\[1\]$_DFF_P_/D
iter:2147, pass:2, current fixing endpoint: sa31_sr\[3\]$_DFF_P_/D, endpoint slack:-6.819545e-12
     2148 |      36 |     583 |      196 |     51 |   417 |   -0.115 |       -7.0 |    146 | sa11_sr\[1\]$_DFF_P_/D
iter:2148, pass:3, current fixing endpoint: sa31_sr\[3\]$_DFF_P_/D, endpoint slack:-5.4452e-12
     2149 |      37 |     583 |      196 |     51 |   417 |   -0.115 |       -7.0 |    146 | sa11_sr\[1\]$_DFF_P_/D
iter:2149, pass:4, current fixing endpoint: sa31_sr\[3\]$_DFF_P_/D, endpoint slack:-4.897971e-12
     2150 |      37 |     584 |      196 |     51 |   417 |   -0.115 |       -7.0 |    146 | sa11_sr\[1\]$_DFF_P_/D
iter:2150, pass:5, current fixing endpoint: sa31_sr\[3\]$_DFF_P_/D, endpoint slack:-1.1374124e-11
     2151 |      37 |     584 |      196 |     51 |   418 |   -0.115 |       -7.0 |    146 | sa11_sr\[1\]$_DFF_P_/D
iter:2151, pass:6, current fixing endpoint: sa31_sr\[3\]$_DFF_P_/D, endpoint slack:-1.5847323e-12
     2152 |      37 |     585 |      196 |     51 |   418 |   -0.115 |       -7.0 |    145 | sa11_sr\[1\]$_DFF_P_/D
iter:2152, pass:7, current fixing endpoint: sa31_sr\[3\]$_DFF_P_/D, endpoint slack:8.4798835e-13
     2152 |      37 |     585 |      196 |     51 |   418 |   -0.115 |       -7.0 |    144 | sa11_sr\[1\]$_DFF_P_/D
     2153 |      37 |     585 |      196 |     51 |   418 |   -0.115 |       -7.0 |    144 | sa11_sr\[1\]$_DFF_P_/D
iter:2153, pass:1, current fixing endpoint: u0.u3.d\[5\]$_DFF_P_/D, endpoint slack:6.970202e-12
     2153 |      37 |     585 |      196 |     51 |   418 |   -0.115 |       -7.0 |    143 | sa11_sr\[1\]$_DFF_P_/D
    2153* |      37 |     585 |      196 |     51 |   418 |   -0.115 |       -7.0 |    148 | sa11_sr\[1\]$_DFF_P_/D
    2154* |      37 |     585 |      196 |     51 |   418 |   -0.115 |       -7.0 |    148 | sa11_sr\[1\]$_DFF_P_/D
    2155* |      37 |     586 |      196 |     51 |   418 |   -0.114 |       -7.0 |    148 | sa11_sr\[7\]$_DFF_P_/D
    2155* |      37 |     586 |      196 |     51 |   418 |   -0.114 |       -7.0 |    148 | sa11_sr\[7\]$_DFF_P_/D
    2156* |      37 |     586 |      196 |     51 |   418 |   -0.114 |       -7.0 |    148 | sa11_sr\[7\]$_DFF_P_/D
    2156* |      37 |     586 |      196 |     51 |   418 |   -0.114 |       -7.0 |    148 | sa11_sr\[7\]$_DFF_P_/D
    2157* |      37 |     586 |      196 |     51 |   418 |   -0.114 |       -7.0 |    148 | sa11_sr\[7\]$_DFF_P_/D
    2157* |      37 |     586 |      196 |     51 |   418 |   -0.114 |       -7.0 |    148 | sa11_sr\[7\]$_DFF_P_/D
    2158* |      37 |     586 |      196 |     51 |   418 |   -0.114 |       -7.0 |    148 | sa11_sr\[7\]$_DFF_P_/D
    2158* |      37 |     586 |      196 |     51 |   418 |   -0.114 |       -7.0 |    148 | sa11_sr\[7\]$_DFF_P_/D
    2159* |      37 |     586 |      196 |     51 |   418 |   -0.114 |       -7.0 |    148 | sa11_sr\[7\]$_DFF_P_/D
    2160* |      37 |     587 |      196 |     51 |   418 |   -0.114 |       -7.0 |    148 | sa11_sr\[7\]$_DFF_P_/D
    2160* |      37 |     587 |      196 |     51 |   418 |   -0.114 |       -7.0 |    148 | sa11_sr\[7\]$_DFF_P_/D
    2161* |      37 |     587 |      196 |     51 |   418 |   -0.114 |       -7.0 |    148 | sa11_sr\[7\]$_DFF_P_/D
    2162* |      37 |     588 |      196 |     51 |   418 |   -0.114 |       -7.0 |    148 | sa11_sr\[7\]$_DFF_P_/D
    2162* |      37 |     588 |      196 |     51 |   418 |   -0.114 |       -7.0 |    148 | sa11_sr\[7\]$_DFF_P_/D
    2163* |      37 |     588 |      196 |     51 |   418 |   -0.114 |       -7.0 |    148 | sa11_sr\[7\]$_DFF_P_/D
    2163* |      37 |     588 |      196 |     51 |   418 |   -0.114 |       -7.0 |    148 | sa11_sr\[7\]$_DFF_P_/D
    2164* |      37 |     588 |      196 |     51 |   418 |   -0.114 |       -7.0 |    148 | sa11_sr\[7\]$_DFF_P_/D
    2164* |      37 |     588 |      196 |     51 |   418 |   -0.114 |       -7.0 |    148 | sa11_sr\[7\]$_DFF_P_/D
    2165* |      37 |     588 |      196 |     51 |   418 |   -0.114 |       -7.0 |    148 | sa11_sr\[7\]$_DFF_P_/D
    2165* |      37 |     588 |      196 |     51 |   418 |   -0.114 |       -7.0 |    148 | sa11_sr\[7\]$_DFF_P_/D
    2166* |      37 |     588 |      196 |     51 |   418 |   -0.114 |       -7.0 |    148 | sa11_sr\[7\]$_DFF_P_/D
    2166* |      37 |     588 |      196 |     51 |   418 |   -0.114 |       -7.0 |    148 | sa11_sr\[7\]$_DFF_P_/D
    2167* |      37 |     588 |      196 |     51 |   418 |   -0.114 |       -7.0 |    148 | sa11_sr\[7\]$_DFF_P_/D
    2167* |      37 |     588 |      196 |     51 |   418 |   -0.114 |       -7.0 |    148 | sa11_sr\[7\]$_DFF_P_/D
    2168* |      37 |     588 |      196 |     51 |   418 |   -0.114 |       -7.0 |    148 | sa11_sr\[7\]$_DFF_P_/D
    2168* |      37 |     588 |      196 |     51 |   418 |   -0.114 |       -7.0 |    148 | sa11_sr\[7\]$_DFF_P_/D
    2169* |      37 |     588 |      196 |     51 |   418 |   -0.114 |       -7.0 |    148 | sa11_sr\[7\]$_DFF_P_/D
    2169* |      37 |     588 |      196 |     51 |   418 |   -0.114 |       -7.0 |    148 | sa11_sr\[7\]$_DFF_P_/D
    2170* |      37 |     588 |      196 |     51 |   418 |   -0.114 |       -7.0 |    148 | sa11_sr\[7\]$_DFF_P_/D
    2170* |      37 |     588 |      196 |     51 |   418 |   -0.114 |       -7.0 |    148 | sa11_sr\[7\]$_DFF_P_/D
    2171* |      37 |     588 |      196 |     51 |   418 |   -0.114 |       -7.0 |    148 | sa11_sr\[7\]$_DFF_P_/D
    2171* |      37 |     588 |      196 |     51 |   418 |   -0.114 |       -7.0 |    148 | sa11_sr\[7\]$_DFF_P_/D
    2172* |      37 |     588 |      196 |     51 |   418 |   -0.114 |       -7.0 |    148 | sa11_sr\[7\]$_DFF_P_/D
    2172* |      37 |     588 |      196 |     51 |   418 |   -0.114 |       -7.0 |    148 | sa11_sr\[7\]$_DFF_P_/D
    2173* |      37 |     588 |      196 |     51 |   418 |   -0.114 |       -7.0 |    148 | sa11_sr\[7\]$_DFF_P_/D
    2173* |      37 |     588 |      196 |     51 |   418 |   -0.114 |       -7.0 |    148 | sa11_sr\[7\]$_DFF_P_/D
    2174* |      37 |     588 |      196 |     51 |   418 |   -0.114 |       -7.0 |    148 | sa11_sr\[7\]$_DFF_P_/D
    2174* |      37 |     588 |      196 |     51 |   418 |   -0.114 |       -7.0 |    148 | sa11_sr\[7\]$_DFF_P_/D
    2175* |      37 |     588 |      196 |     51 |   418 |   -0.114 |       -7.0 |    148 | sa11_sr\[7\]$_DFF_P_/D
    2175* |      37 |     588 |      196 |     51 |   418 |   -0.114 |       -7.0 |    148 | sa11_sr\[7\]$_DFF_P_/D
    2176* |      37 |     588 |      196 |     51 |   418 |   -0.114 |       -7.0 |    148 | sa11_sr\[7\]$_DFF_P_/D
    2176* |      37 |     588 |      196 |     51 |   418 |   -0.114 |       -7.0 |    148 | sa11_sr\[7\]$_DFF_P_/D
    2177* |      37 |     588 |      196 |     51 |   418 |   -0.114 |       -7.0 |    148 | sa11_sr\[7\]$_DFF_P_/D
    2177* |      37 |     588 |      196 |     51 |   418 |   -0.114 |       -7.0 |    148 | sa11_sr\[7\]$_DFF_P_/D
    2178* |      37 |     588 |      196 |     51 |   418 |   -0.114 |       -7.0 |    148 | sa11_sr\[7\]$_DFF_P_/D
    2178* |      37 |     588 |      196 |     51 |   418 |   -0.114 |       -7.0 |    148 | sa11_sr\[7\]$_DFF_P_/D
    2179* |      37 |     588 |      196 |     51 |   418 |   -0.114 |       -7.0 |    148 | sa11_sr\[7\]$_DFF_P_/D
    2179* |      37 |     588 |      196 |     51 |   418 |   -0.114 |       -7.0 |    148 | sa11_sr\[7\]$_DFF_P_/D
    2180* |      37 |     588 |      196 |     51 |   418 |   -0.114 |       -7.0 |    148 | sa11_sr\[7\]$_DFF_P_/D
    2180* |      37 |     588 |      196 |     51 |   418 |   -0.114 |       -7.0 |    148 | sa11_sr\[7\]$_DFF_P_/D
    2181* |      37 |     588 |      196 |     51 |   418 |   -0.114 |       -7.0 |    148 | sa11_sr\[7\]$_DFF_P_/D
    2181* |      37 |     588 |      196 |     51 |   418 |   -0.114 |       -7.0 |    148 | sa11_sr\[7\]$_DFF_P_/D
    2182* |      37 |     588 |      196 |     51 |   418 |   -0.114 |       -7.0 |    148 | sa11_sr\[7\]$_DFF_P_/D
    2182* |      37 |     588 |      196 |     51 |   418 |   -0.114 |       -7.0 |    148 | sa11_sr\[7\]$_DFF_P_/D
    2183* |      37 |     588 |      196 |     51 |   418 |   -0.114 |       -7.0 |    148 | sa11_sr\[7\]$_DFF_P_/D
    2184* |      37 |     589 |      196 |     51 |   418 |   -0.114 |       -7.0 |    148 | sa11_sr\[7\]$_DFF_P_/D
    2185* |      37 |     590 |      196 |     51 |   418 |   -0.114 |       -7.0 |    148 | sa11_sr\[7\]$_DFF_P_/D
    2185* |      37 |     590 |      196 |     51 |   418 |   -0.114 |       -7.0 |    148 | sa11_sr\[7\]$_DFF_P_/D
    2186* |      37 |     590 |      196 |     51 |   418 |   -0.114 |       -7.0 |    148 | sa11_sr\[7\]$_DFF_P_/D
    2186* |      37 |     590 |      196 |     51 |   418 |   -0.114 |       -7.0 |    148 | sa11_sr\[7\]$_DFF_P_/D
    2187* |      37 |     590 |      196 |     51 |   418 |   -0.114 |       -7.0 |    148 | sa11_sr\[7\]$_DFF_P_/D
    2187* |      37 |     590 |      196 |     51 |   418 |   -0.114 |       -7.0 |    148 | sa11_sr\[7\]$_DFF_P_/D
    2188* |      37 |     590 |      196 |     51 |   418 |   -0.114 |       -7.0 |    148 | sa11_sr\[7\]$_DFF_P_/D
    2188* |      37 |     590 |      196 |     51 |   418 |   -0.114 |       -7.0 |    148 | sa11_sr\[7\]$_DFF_P_/D
    2189* |      37 |     590 |      196 |     51 |   418 |   -0.114 |       -7.0 |    148 | sa11_sr\[7\]$_DFF_P_/D
    2189* |      37 |     590 |      196 |     51 |   418 |   -0.114 |       -7.0 |    148 | sa11_sr\[7\]$_DFF_P_/D
    2190* |      37 |     590 |      196 |     51 |   418 |   -0.114 |       -7.0 |    148 | sa11_sr\[7\]$_DFF_P_/D
    2190* |      37 |     590 |      196 |     51 |   418 |   -0.114 |       -7.0 |    148 | sa11_sr\[7\]$_DFF_P_/D
    2191* |      37 |     590 |      196 |     51 |   418 |   -0.114 |       -7.0 |    148 | sa11_sr\[7\]$_DFF_P_/D
    2191* |      37 |     590 |      196 |     51 |   418 |   -0.114 |       -7.0 |    148 | sa11_sr\[7\]$_DFF_P_/D
    2192* |      37 |     590 |      196 |     51 |   418 |   -0.114 |       -7.0 |    148 | sa11_sr\[7\]$_DFF_P_/D
    2193* |      37 |     591 |      196 |     51 |   418 |   -0.114 |       -7.0 |    148 | sa11_sr\[7\]$_DFF_P_/D
    2193* |      37 |     591 |      196 |     51 |   418 |   -0.114 |       -7.0 |    148 | sa11_sr\[7\]$_DFF_P_/D
    2194* |      37 |     591 |      196 |     51 |   418 |   -0.114 |       -7.0 |    148 | sa11_sr\[7\]$_DFF_P_/D
    2194* |      37 |     591 |      196 |     51 |   418 |   -0.114 |       -7.0 |    148 | sa11_sr\[7\]$_DFF_P_/D
    2195* |      37 |     591 |      196 |     51 |   418 |   -0.114 |       -7.0 |    148 | sa11_sr\[7\]$_DFF_P_/D
    2195* |      37 |     591 |      196 |     51 |   418 |   -0.114 |       -7.0 |    148 | sa11_sr\[7\]$_DFF_P_/D
    2196* |      37 |     591 |      196 |     51 |   418 |   -0.114 |       -7.0 |    148 | sa11_sr\[7\]$_DFF_P_/D
    2197* |      37 |     592 |      196 |     51 |   418 |   -0.114 |       -7.0 |    148 | sa11_sr\[7\]$_DFF_P_/D
    2198* |      37 |     593 |      196 |     51 |   418 |   -0.114 |       -7.0 |    148 | sa11_sr\[7\]$_DFF_P_/D
    2198* |      37 |     593 |      196 |     51 |   418 |   -0.114 |       -7.0 |    148 | sa11_sr\[7\]$_DFF_P_/D
    2199* |      37 |     593 |      196 |     51 |   418 |   -0.114 |       -7.0 |    148 | sa11_sr\[7\]$_DFF_P_/D
    2199* |      37 |     593 |      196 |     51 |   418 |   -0.114 |       -7.0 |    148 | sa11_sr\[7\]$_DFF_P_/D
    2200* |      37 |     593 |      196 |     51 |   418 |   -0.114 |       -7.0 |    148 | sa11_sr\[7\]$_DFF_P_/D
    2201* |      37 |     593 |      196 |     51 |   418 |   -0.114 |       -7.0 |    148 | sa11_sr\[7\]$_DFF_P_/D
    2201* |      37 |     593 |      196 |     51 |   418 |   -0.114 |       -7.0 |    148 | sa11_sr\[7\]$_DFF_P_/D
    2202* |      37 |     593 |      196 |     51 |   418 |   -0.114 |       -7.0 |    148 | sa11_sr\[7\]$_DFF_P_/D
    2202* |      37 |     593 |      196 |     51 |   418 |   -0.114 |       -7.0 |    148 | sa11_sr\[7\]$_DFF_P_/D
    2203* |      37 |     593 |      196 |     51 |   418 |   -0.114 |       -7.0 |    148 | sa11_sr\[7\]$_DFF_P_/D
    2203* |      37 |     593 |      196 |     51 |   418 |   -0.114 |       -7.0 |    148 | sa11_sr\[7\]$_DFF_P_/D
    2204* |      37 |     593 |      196 |     51 |   418 |   -0.114 |       -7.0 |    148 | sa11_sr\[7\]$_DFF_P_/D
    2204* |      37 |     593 |      196 |     51 |   418 |   -0.114 |       -7.0 |    148 | sa11_sr\[7\]$_DFF_P_/D
    2205* |      37 |     593 |      196 |     51 |   418 |   -0.114 |       -7.0 |    148 | sa11_sr\[7\]$_DFF_P_/D
    2205* |      37 |     593 |      196 |     51 |   418 |   -0.114 |       -7.0 |    148 | sa11_sr\[7\]$_DFF_P_/D
    2206* |      37 |     593 |      196 |     51 |   418 |   -0.114 |       -7.0 |    148 | sa11_sr\[7\]$_DFF_P_/D
    2206* |      37 |     593 |      196 |     51 |   418 |   -0.114 |       -7.0 |    148 | sa11_sr\[7\]$_DFF_P_/D
    2207* |      37 |     593 |      196 |     51 |   418 |   -0.114 |       -7.0 |    148 | sa11_sr\[7\]$_DFF_P_/D
    2207* |      37 |     593 |      196 |     51 |   418 |   -0.114 |       -7.0 |    148 | sa11_sr\[7\]$_DFF_P_/D
    2208* |      37 |     593 |      196 |     51 |   418 |   -0.114 |       -7.0 |    148 | sa11_sr\[7\]$_DFF_P_/D
    2208* |      37 |     593 |      196 |     51 |   418 |   -0.114 |       -7.0 |    148 | sa11_sr\[7\]$_DFF_P_/D
    2209* |      37 |     593 |      196 |     51 |   418 |   -0.114 |       -7.0 |    148 | sa11_sr\[7\]$_DFF_P_/D
    2209* |      37 |     593 |      196 |     51 |   418 |   -0.114 |       -7.0 |    148 | sa11_sr\[7\]$_DFF_P_/D
    2210* |      37 |     593 |      196 |     51 |   418 |   -0.114 |       -7.0 |    148 | sa11_sr\[7\]$_DFF_P_/D
    2210* |      37 |     593 |      196 |     51 |   418 |   -0.114 |       -7.0 |    148 | sa11_sr\[7\]$_DFF_P_/D
    2211* |      37 |     593 |      196 |     51 |   418 |   -0.114 |       -7.0 |    148 | sa11_sr\[7\]$_DFF_P_/D
    2212* |      37 |     594 |      196 |     51 |   418 |   -0.114 |       -7.0 |    148 | sa11_sr\[7\]$_DFF_P_/D
    2213* |      37 |     595 |      196 |     51 |   418 |   -0.114 |       -7.0 |    148 | sa11_sr\[7\]$_DFF_P_/D
    2213* |      37 |     595 |      196 |     51 |   418 |   -0.114 |       -7.0 |    148 | sa11_sr\[7\]$_DFF_P_/D
    2214* |      37 |     595 |      196 |     51 |   418 |   -0.114 |       -7.0 |    148 | sa11_sr\[7\]$_DFF_P_/D
    2214* |      37 |     595 |      196 |     51 |   418 |   -0.114 |       -7.0 |    148 | sa11_sr\[7\]$_DFF_P_/D
    2215* |      37 |     595 |      196 |     51 |   418 |   -0.114 |       -7.0 |    148 | sa11_sr\[7\]$_DFF_P_/D
    2215* |      37 |     595 |      196 |     51 |   418 |   -0.114 |       -7.0 |    148 | sa11_sr\[7\]$_DFF_P_/D
    2216* |      37 |     595 |      196 |     51 |   418 |   -0.114 |       -7.0 |    148 | sa11_sr\[7\]$_DFF_P_/D
    2216* |      37 |     595 |      196 |     51 |   418 |   -0.114 |       -7.0 |    148 | sa11_sr\[7\]$_DFF_P_/D
    2217* |      37 |     595 |      196 |     51 |   418 |   -0.114 |       -7.0 |    148 | sa11_sr\[7\]$_DFF_P_/D
    2218* |      37 |     596 |      196 |     51 |   418 |   -0.114 |       -7.0 |    148 | sa11_sr\[7\]$_DFF_P_/D
    2218* |      37 |     596 |      196 |     51 |   418 |   -0.114 |       -7.0 |    148 | sa11_sr\[7\]$_DFF_P_/D
    2219* |      37 |     596 |      196 |     51 |   418 |   -0.114 |       -7.0 |    148 | sa11_sr\[7\]$_DFF_P_/D
    2220* |      37 |     597 |      196 |     51 |   418 |   -0.114 |       -7.0 |    148 | sa11_sr\[7\]$_DFF_P_/D
    2220* |      37 |     597 |      196 |     51 |   418 |   -0.114 |       -7.0 |    148 | sa11_sr\[7\]$_DFF_P_/D
    2221* |      37 |     597 |      196 |     51 |   418 |   -0.114 |       -7.0 |    148 | sa11_sr\[7\]$_DFF_P_/D
    2221* |      37 |     597 |      196 |     51 |   418 |   -0.114 |       -7.0 |    148 | sa11_sr\[7\]$_DFF_P_/D
    2222* |      37 |     597 |      196 |     51 |   418 |   -0.114 |       -7.0 |    148 | sa11_sr\[7\]$_DFF_P_/D
    2223* |      37 |     598 |      196 |     51 |   418 |   -0.114 |       -7.0 |    148 | sa11_sr\[7\]$_DFF_P_/D
    2223* |      37 |     598 |      196 |     51 |   418 |   -0.114 |       -7.0 |    148 | sa11_sr\[7\]$_DFF_P_/D
    2224* |      37 |     598 |      196 |     51 |   418 |   -0.114 |       -7.0 |    148 | sa11_sr\[7\]$_DFF_P_/D
    2224* |      37 |     598 |      196 |     51 |   418 |   -0.114 |       -7.0 |    148 | sa11_sr\[7\]$_DFF_P_/D
    2225* |      37 |     598 |      196 |     51 |   418 |   -0.114 |       -7.0 |    148 | sa11_sr\[7\]$_DFF_P_/D
    2226* |      37 |     599 |      196 |     51 |   418 |   -0.114 |       -7.0 |    148 | sa11_sr\[7\]$_DFF_P_/D
    2226* |      37 |     599 |      196 |     51 |   418 |   -0.114 |       -7.0 |    148 | sa11_sr\[7\]$_DFF_P_/D
    2227* |      37 |     599 |      196 |     51 |   418 |   -0.114 |       -7.0 |    148 | sa11_sr\[7\]$_DFF_P_/D
    2227* |      37 |     599 |      196 |     51 |   418 |   -0.114 |       -7.0 |    148 | sa11_sr\[7\]$_DFF_P_/D
    2228* |      37 |     599 |      196 |     51 |   418 |   -0.114 |       -7.0 |    148 | sa11_sr\[7\]$_DFF_P_/D
    2228* |      37 |     599 |      196 |     51 |   418 |   -0.114 |       -7.0 |    148 | sa11_sr\[7\]$_DFF_P_/D
    2229* |      37 |     599 |      196 |     51 |   418 |   -0.114 |       -7.0 |    148 | sa11_sr\[7\]$_DFF_P_/D
    2229* |      37 |     599 |      196 |     51 |   418 |   -0.114 |       -7.0 |    148 | sa11_sr\[7\]$_DFF_P_/D
    2230* |      37 |     599 |      196 |     51 |   418 |   -0.114 |       -7.0 |    148 | sa11_sr\[7\]$_DFF_P_/D
    2231* |      37 |     600 |      196 |     51 |   418 |   -0.114 |       -7.0 |    148 | sa11_sr\[7\]$_DFF_P_/D
    2231* |      37 |     600 |      196 |     51 |   418 |   -0.114 |       -7.0 |    148 | sa11_sr\[7\]$_DFF_P_/D
    2232* |      37 |     600 |      196 |     51 |   418 |   -0.114 |       -7.0 |    148 | sa11_sr\[7\]$_DFF_P_/D
    2232* |      37 |     600 |      196 |     51 |   418 |   -0.114 |       -7.0 |    148 | sa11_sr\[7\]$_DFF_P_/D
    2233* |      37 |     600 |      196 |     51 |   418 |   -0.114 |       -7.0 |    148 | sa11_sr\[7\]$_DFF_P_/D
    2233* |      37 |     600 |      196 |     51 |   418 |   -0.114 |       -7.0 |    148 | sa11_sr\[7\]$_DFF_P_/D
    2234* |      37 |     600 |      196 |     51 |   418 |   -0.114 |       -7.0 |    148 | sa11_sr\[7\]$_DFF_P_/D
    2234* |      37 |     600 |      196 |     51 |   418 |   -0.114 |       -7.0 |    148 | sa11_sr\[7\]$_DFF_P_/D
    2235* |      37 |     600 |      196 |     51 |   418 |   -0.114 |       -7.0 |    148 | sa11_sr\[7\]$_DFF_P_/D
    2236* |      37 |     601 |      196 |     51 |   418 |   -0.114 |       -7.0 |    148 | sa11_sr\[7\]$_DFF_P_/D
    2236* |      37 |     601 |      196 |     51 |   418 |   -0.114 |       -7.0 |    148 | sa11_sr\[7\]$_DFF_P_/D
    2237* |      37 |     601 |      196 |     51 |   418 |   -0.114 |       -7.0 |    148 | sa11_sr\[7\]$_DFF_P_/D
    2237* |      37 |     601 |      196 |     51 |   418 |   -0.114 |       -7.0 |    148 | sa11_sr\[7\]$_DFF_P_/D
    2238* |      37 |     601 |      196 |     51 |   418 |   -0.114 |       -7.0 |    148 | sa11_sr\[7\]$_DFF_P_/D
    2238* |      37 |     601 |      196 |     51 |   418 |   -0.114 |       -7.0 |    148 | sa11_sr\[7\]$_DFF_P_/D
    2239* |      37 |     601 |      196 |     51 |   418 |   -0.114 |       -7.0 |    148 | sa11_sr\[7\]$_DFF_P_/D
    2240* |      37 |     602 |      196 |     51 |   418 |   -0.114 |       -7.0 |    148 | sa11_sr\[7\]$_DFF_P_/D
    2241* |      37 |     603 |      196 |     51 |   418 |   -0.114 |       -7.0 |    148 | sa11_sr\[7\]$_DFF_P_/D
    2241* |      37 |     603 |      196 |     51 |   418 |   -0.114 |       -7.0 |    148 | sa11_sr\[7\]$_DFF_P_/D
    2242* |      37 |     603 |      196 |     51 |   418 |   -0.114 |       -7.0 |    148 | sa11_sr\[7\]$_DFF_P_/D
    2242* |      37 |     603 |      196 |     51 |   418 |   -0.114 |       -7.0 |    148 | sa11_sr\[7\]$_DFF_P_/D
    2243* |      37 |     603 |      196 |     51 |   418 |   -0.114 |       -7.0 |    148 | sa11_sr\[7\]$_DFF_P_/D
    2243* |      37 |     603 |      196 |     51 |   418 |   -0.114 |       -7.0 |    148 | sa11_sr\[7\]$_DFF_P_/D
    2244* |      37 |     603 |      196 |     51 |   418 |   -0.114 |       -7.0 |    148 | sa11_sr\[7\]$_DFF_P_/D
    2244* |      37 |     603 |      196 |     51 |   418 |   -0.114 |       -7.0 |    148 | sa11_sr\[7\]$_DFF_P_/D
    2245* |      37 |     603 |      196 |     51 |   418 |   -0.114 |       -7.0 |    148 | sa11_sr\[7\]$_DFF_P_/D
    2245* |      37 |     603 |      196 |     51 |   418 |   -0.114 |       -7.0 |    148 | sa11_sr\[7\]$_DFF_P_/D
    2246* |      37 |     603 |      196 |     51 |   418 |   -0.114 |       -7.0 |    148 | sa11_sr\[7\]$_DFF_P_/D
    2246* |      37 |     603 |      196 |     51 |   418 |   -0.114 |       -7.0 |    148 | sa11_sr\[7\]$_DFF_P_/D
    2247* |      37 |     603 |      196 |     51 |   418 |   -0.114 |       -7.0 |    148 | sa11_sr\[7\]$_DFF_P_/D
    2247* |      37 |     603 |      196 |     51 |   418 |   -0.114 |       -7.0 |    148 | sa11_sr\[7\]$_DFF_P_/D
    2248* |      37 |     603 |      196 |     51 |   418 |   -0.114 |       -7.0 |    148 | sa11_sr\[7\]$_DFF_P_/D
    2248* |      37 |     603 |      196 |     51 |   418 |   -0.114 |       -7.0 |    148 | sa11_sr\[7\]$_DFF_P_/D
    2249* |      37 |     603 |      196 |     51 |   418 |   -0.114 |       -7.0 |    148 | sa11_sr\[7\]$_DFF_P_/D
    2249* |      37 |     603 |      196 |     51 |   418 |   -0.114 |       -7.0 |    148 | sa11_sr\[7\]$_DFF_P_/D
    2250* |      37 |     603 |      196 |     51 |   418 |   -0.114 |       -7.0 |    148 | sa11_sr\[7\]$_DFF_P_/D
    2250* |      37 |     603 |      196 |     51 |   418 |   -0.114 |       -7.0 |    148 | sa11_sr\[7\]$_DFF_P_/D
    2251* |      37 |     603 |      196 |     51 |   418 |   -0.114 |       -7.0 |    148 | sa11_sr\[7\]$_DFF_P_/D
    2251* |      37 |     603 |      196 |     51 |   418 |   -0.114 |       -7.0 |    148 | sa11_sr\[7\]$_DFF_P_/D
    2252* |      37 |     603 |      196 |     51 |   418 |   -0.114 |       -7.0 |    148 | sa11_sr\[7\]$_DFF_P_/D
    2252* |      37 |     603 |      196 |     51 |   418 |   -0.114 |       -7.0 |    148 | sa11_sr\[7\]$_DFF_P_/D
    2253* |      37 |     603 |      196 |     51 |   418 |   -0.114 |       -7.0 |    148 | sa11_sr\[7\]$_DFF_P_/D
    2253* |      37 |     603 |      196 |     51 |   418 |   -0.114 |       -7.0 |    148 | sa11_sr\[7\]$_DFF_P_/D
    2254* |      37 |     603 |      196 |     51 |   418 |   -0.114 |       -7.0 |    148 | sa11_sr\[7\]$_DFF_P_/D
    2254* |      37 |     603 |      196 |     51 |   418 |   -0.114 |       -7.0 |    148 | sa11_sr\[7\]$_DFF_P_/D
    2255* |      37 |     603 |      196 |     51 |   418 |   -0.114 |       -7.0 |    148 | sa11_sr\[7\]$_DFF_P_/D
    2256* |      37 |     604 |      196 |     51 |   418 |   -0.114 |       -7.0 |    148 | sa11_sr\[7\]$_DFF_P_/D
    2256* |      37 |     604 |      196 |     51 |   418 |   -0.114 |       -7.0 |    148 | sa11_sr\[7\]$_DFF_P_/D
    2257* |      37 |     604 |      196 |     51 |   418 |   -0.114 |       -7.0 |    148 | sa11_sr\[7\]$_DFF_P_/D
    2257* |      37 |     604 |      196 |     51 |   418 |   -0.114 |       -7.0 |    148 | sa11_sr\[7\]$_DFF_P_/D
    2258* |      37 |     604 |      196 |     51 |   418 |   -0.114 |       -7.0 |    148 | sa11_sr\[7\]$_DFF_P_/D
    2258* |      37 |     604 |      196 |     51 |   418 |   -0.114 |       -7.0 |    148 | sa11_sr\[7\]$_DFF_P_/D
    2259* |      37 |     604 |      196 |     51 |   418 |   -0.114 |       -7.0 |    148 | sa11_sr\[7\]$_DFF_P_/D
    2259* |      37 |     604 |      196 |     51 |   418 |   -0.114 |       -7.0 |    148 | sa11_sr\[7\]$_DFF_P_/D
    2260* |      37 |     604 |      196 |     51 |   418 |   -0.114 |       -7.0 |    148 | sa11_sr\[7\]$_DFF_P_/D
    2260* |      37 |     604 |      196 |     51 |   418 |   -0.114 |       -7.0 |    148 | sa11_sr\[7\]$_DFF_P_/D
    2261* |      37 |     604 |      196 |     51 |   418 |   -0.114 |       -7.0 |    148 | sa11_sr\[7\]$_DFF_P_/D
    2261* |      37 |     604 |      196 |     51 |   418 |   -0.114 |       -7.0 |    148 | sa11_sr\[7\]$_DFF_P_/D
    2262* |      37 |     604 |      196 |     51 |   418 |   -0.114 |       -7.0 |    148 | sa11_sr\[7\]$_DFF_P_/D
    2262* |      37 |     604 |      196 |     51 |   418 |   -0.114 |       -7.0 |    148 | sa11_sr\[7\]$_DFF_P_/D
    2263* |      37 |     604 |      196 |     51 |   418 |   -0.114 |       -7.0 |    148 | sa11_sr\[7\]$_DFF_P_/D
    2263* |      37 |     604 |      196 |     51 |   418 |   -0.114 |       -7.0 |    148 | sa11_sr\[7\]$_DFF_P_/D
    2264* |      37 |     604 |      196 |     51 |   418 |   -0.114 |       -7.0 |    148 | sa11_sr\[7\]$_DFF_P_/D
    2264* |      37 |     604 |      196 |     51 |   418 |   -0.114 |       -7.0 |    148 | sa11_sr\[7\]$_DFF_P_/D
    2265* |      37 |     604 |      196 |     51 |   418 |   -0.114 |       -7.0 |    148 | sa11_sr\[7\]$_DFF_P_/D
    2266* |      37 |     605 |      196 |     51 |   418 |   -0.114 |       -7.0 |    148 | sa11_sr\[7\]$_DFF_P_/D
    2266* |      37 |     605 |      196 |     51 |   418 |   -0.114 |       -7.0 |    148 | sa11_sr\[7\]$_DFF_P_/D
    2267* |      37 |     605 |      196 |     51 |   418 |   -0.114 |       -7.0 |    148 | sa11_sr\[7\]$_DFF_P_/D
    2267* |      37 |     605 |      196 |     51 |   418 |   -0.114 |       -7.0 |    148 | sa11_sr\[7\]$_DFF_P_/D
    2268* |      37 |     605 |      196 |     51 |   418 |   -0.114 |       -7.0 |    148 | sa11_sr\[7\]$_DFF_P_/D
    2268* |      37 |     605 |      196 |     51 |   418 |   -0.114 |       -7.0 |    148 | sa11_sr\[7\]$_DFF_P_/D
    2269* |      37 |     605 |      196 |     51 |   418 |   -0.114 |       -7.0 |    148 | sa11_sr\[7\]$_DFF_P_/D
    2269* |      37 |     605 |      196 |     51 |   418 |   -0.114 |       -7.0 |    148 | sa11_sr\[7\]$_DFF_P_/D
    2270* |      37 |     605 |      196 |     51 |   418 |   -0.114 |       -7.0 |    148 | sa11_sr\[7\]$_DFF_P_/D
    2270* |      37 |     605 |      196 |     51 |   418 |   -0.114 |       -7.0 |    148 | sa11_sr\[7\]$_DFF_P_/D
    2271* |      37 |     605 |      196 |     51 |   418 |   -0.114 |       -7.0 |    148 | sa11_sr\[7\]$_DFF_P_/D
    2271* |      37 |     605 |      196 |     51 |   418 |   -0.114 |       -7.0 |    148 | sa11_sr\[7\]$_DFF_P_/D
    2272* |      37 |     605 |      196 |     51 |   418 |   -0.114 |       -7.0 |    148 | sa11_sr\[7\]$_DFF_P_/D
    2272* |      37 |     605 |      196 |     51 |   418 |   -0.114 |       -7.0 |    148 | sa11_sr\[7\]$_DFF_P_/D
    2273* |      37 |     605 |      196 |     51 |   418 |   -0.114 |       -7.0 |    148 | sa11_sr\[7\]$_DFF_P_/D
    2273* |      37 |     605 |      196 |     51 |   418 |   -0.114 |       -7.0 |    148 | sa11_sr\[7\]$_DFF_P_/D
    2274* |      37 |     605 |      196 |     51 |   418 |   -0.114 |       -7.0 |    148 | sa11_sr\[7\]$_DFF_P_/D
    2274* |      37 |     605 |      196 |     51 |   418 |   -0.114 |       -7.0 |    148 | sa11_sr\[7\]$_DFF_P_/D
    2275* |      37 |     605 |      196 |     51 |   418 |   -0.114 |       -7.0 |    148 | sa11_sr\[7\]$_DFF_P_/D
    2276* |      37 |     606 |      196 |     51 |   418 |   -0.114 |       -7.0 |    148 | sa11_sr\[7\]$_DFF_P_/D
    2276* |      37 |     606 |      196 |     51 |   418 |   -0.114 |       -7.0 |    148 | sa11_sr\[7\]$_DFF_P_/D
    2277* |      37 |     606 |      196 |     51 |   418 |   -0.114 |       -7.0 |    148 | sa11_sr\[7\]$_DFF_P_/D
    2277* |      37 |     606 |      196 |     51 |   418 |   -0.114 |       -7.0 |    148 | sa11_sr\[7\]$_DFF_P_/D
    2278* |      37 |     606 |      196 |     51 |   418 |   -0.114 |       -7.0 |    148 | sa11_sr\[7\]$_DFF_P_/D
    2278* |      37 |     606 |      196 |     51 |   418 |   -0.114 |       -7.0 |    148 | sa11_sr\[7\]$_DFF_P_/D
    2279* |      37 |     606 |      196 |     51 |   418 |   -0.114 |       -7.0 |    148 | sa11_sr\[7\]$_DFF_P_/D
    2279* |      37 |     606 |      196 |     51 |   418 |   -0.114 |       -7.0 |    148 | sa11_sr\[7\]$_DFF_P_/D
    2280* |      37 |     606 |      196 |     51 |   418 |   -0.114 |       -7.0 |    148 | sa11_sr\[7\]$_DFF_P_/D
    2281* |      37 |     607 |      196 |     51 |   418 |   -0.114 |       -7.0 |    148 | sa11_sr\[7\]$_DFF_P_/D
    2281* |      37 |     607 |      196 |     51 |   418 |   -0.114 |       -7.0 |    148 | sa11_sr\[7\]$_DFF_P_/D
    2282* |      37 |     607 |      196 |     51 |   418 |   -0.114 |       -7.0 |    148 | sa11_sr\[7\]$_DFF_P_/D
    2282* |      37 |     607 |      196 |     51 |   418 |   -0.114 |       -7.0 |    148 | sa11_sr\[7\]$_DFF_P_/D
    2283* |      37 |     607 |      196 |     51 |   418 |   -0.114 |       -7.0 |    148 | sa11_sr\[7\]$_DFF_P_/D
    2284* |      37 |     608 |      196 |     51 |   418 |   -0.114 |       -7.0 |    148 | sa11_sr\[7\]$_DFF_P_/D
    2285* |      37 |     609 |      196 |     51 |   418 |   -0.114 |       -6.9 |    148 | sa11_sr\[7\]$_DFF_P_/D
    2286* |      37 |     610 |      196 |     51 |   418 |   -0.114 |       -6.9 |    148 | sa11_sr\[7\]$_DFF_P_/D
    2286* |      37 |     610 |      196 |     51 |   418 |   -0.114 |       -6.9 |    148 | sa11_sr\[7\]$_DFF_P_/D
    2287* |      37 |     610 |      196 |     51 |   418 |   -0.114 |       -6.9 |    148 | sa11_sr\[7\]$_DFF_P_/D
    2287* |      37 |     610 |      196 |     51 |   418 |   -0.114 |       -6.9 |    148 | sa11_sr\[7\]$_DFF_P_/D
    2288* |      37 |     610 |      196 |     51 |   418 |   -0.114 |       -6.9 |    148 | sa11_sr\[7\]$_DFF_P_/D
    2288* |      37 |     610 |      196 |     51 |   418 |   -0.114 |       -6.9 |    148 | sa11_sr\[7\]$_DFF_P_/D
    2289* |      37 |     610 |      196 |     51 |   418 |   -0.114 |       -6.9 |    148 | sa11_sr\[7\]$_DFF_P_/D
    2290* |      37 |     611 |      196 |     51 |   418 |   -0.114 |       -6.9 |    148 | sa11_sr\[7\]$_DFF_P_/D
    2290* |      37 |     611 |      196 |     51 |   418 |   -0.114 |       -6.9 |    148 | sa11_sr\[7\]$_DFF_P_/D
    2291* |      37 |     611 |      196 |     51 |   418 |   -0.114 |       -6.9 |    148 | sa11_sr\[7\]$_DFF_P_/D
    2291* |      37 |     611 |      196 |     51 |   418 |   -0.114 |       -6.9 |    148 | sa11_sr\[7\]$_DFF_P_/D
    2292* |      37 |     611 |      196 |     51 |   418 |   -0.114 |       -6.9 |    148 | sa11_sr\[7\]$_DFF_P_/D
    2292* |      37 |     611 |      196 |     51 |   418 |   -0.114 |       -6.9 |    148 | sa11_sr\[7\]$_DFF_P_/D
    2293* |      37 |     611 |      196 |     51 |   418 |   -0.114 |       -6.9 |    148 | sa11_sr\[7\]$_DFF_P_/D
    2294* |      37 |     612 |      196 |     51 |   418 |   -0.114 |       -6.9 |    148 | sa11_sr\[7\]$_DFF_P_/D
    2294* |      37 |     612 |      196 |     51 |   418 |   -0.114 |       -6.9 |    148 | sa11_sr\[7\]$_DFF_P_/D
    2295* |      37 |     612 |      196 |     51 |   418 |   -0.114 |       -6.9 |    148 | sa11_sr\[7\]$_DFF_P_/D
    2295* |      37 |     612 |      196 |     51 |   418 |   -0.114 |       -6.9 |    148 | sa11_sr\[7\]$_DFF_P_/D
    2296* |      37 |     612 |      196 |     51 |   418 |   -0.114 |       -6.9 |    148 | sa11_sr\[7\]$_DFF_P_/D
    2297* |      37 |     613 |      196 |     51 |   418 |   -0.114 |       -6.9 |    148 | sa11_sr\[7\]$_DFF_P_/D
    2298* |      37 |     614 |      196 |     51 |   418 |   -0.114 |       -6.9 |    148 | sa11_sr\[7\]$_DFF_P_/D
    2299* |      37 |     615 |      196 |     51 |   418 |   -0.114 |       -6.9 |    148 | sa11_sr\[7\]$_DFF_P_/D
    2299* |      37 |     615 |      196 |     51 |   418 |   -0.114 |       -6.9 |    148 | sa11_sr\[7\]$_DFF_P_/D
    2300* |      37 |     615 |      196 |     51 |   418 |   -0.114 |       -6.9 |    148 | sa11_sr\[7\]$_DFF_P_/D
    final |      37 |     615 |      196 |     51 |   418 |   -0.114 |       -6.9 |    148 | sa11_sr\[7\]$_DFF_P_/D
---------------------------------------------------------------------------------------------------
[INFO RSZ-0059] Removed 37 buffers.
[INFO RSZ-0040] Inserted 88 buffers.
[INFO RSZ-0041] Resized 615 instances.
[INFO RSZ-0043] Swapped pins on 418 instances.
[INFO RSZ-0049] Cloned 51 instances.
[WARNING RSZ-0062] Unable to repair all setup violations.
[INFO RSZ-0033] No hold violations found.
Placement Analysis
---------------------------------
total displacement       4063.5 u
average displacement        0.2 u
max displacement           13.8 u
original HPWL          243933.5 u
legalized HPWL         247761.7 u
delta HPWL                    2 %

Repair antennas...
[WARNING GRT-0246] No diode with LEF class CORE ANTENNACELL found.
[INFO ANT-0002] Found 0 net violations.
[INFO ANT-0001] Found 0 pin violations.
Estimate parasitics...
Report metrics stage 5, global route...

==========================================================================
global route report_design_area
--------------------------------------------------------------------------
Design area 28210 u^2 53% utilization.
[INFO FLW-0007] clock clk period 0.820000
[INFO FLW-0008] Clock clk period 0.897
[INFO FLW-0009] Clock clk slack -0.124
[INFO FLW-0011] Path endpoint count 1499
Elapsed time: 2:18.80[h:]min:sec. CPU time: user 170.10 sys 0.36 (122%). Peak memory: 614608KB.
