OpenROAD bd42475189c7c2c6851df5fd060613f58d7c14b4 
Features included (+) or not (-): +Charts +GPU +GUI +Python
This program is licensed under the BSD-3 license. See the LICENSE file for details.
Components of this program may be licensed under more restrictive licenses which must be honored.
[INFO ORD-0030] Using 16 thread(s).
global_route -congestion_report_file ./reports/nangate45/ibex/base/congestion.rpt -congestion_iterations 30 -congestion_report_iter_step 5 -verbose
[INFO GRT-0020] Min routing layer: metal2
[INFO GRT-0021] Max routing layer: metal10
[INFO GRT-0022] Global adjustment: 0%
[INFO GRT-0023] Grid origin: (0, 0)
[INFO GRT-0043] No OR_DEFAULT vias defined.
[INFO GRT-0088] Layer metal1  Track-Pitch = 0.1400  line-2-Via Pitch: 0.1350
[INFO GRT-0088] Layer metal2  Track-Pitch = 0.1900  line-2-Via Pitch: 0.1400
[INFO GRT-0088] Layer metal3  Track-Pitch = 0.1400  line-2-Via Pitch: 0.1400
[INFO GRT-0088] Layer metal4  Track-Pitch = 0.2800  line-2-Via Pitch: 0.2800
[INFO GRT-0088] Layer metal5  Track-Pitch = 0.2800  line-2-Via Pitch: 0.2800
[INFO GRT-0088] Layer metal6  Track-Pitch = 0.2800  line-2-Via Pitch: 0.2800
[INFO GRT-0088] Layer metal7  Track-Pitch = 0.8000  line-2-Via Pitch: 0.8000
[INFO GRT-0088] Layer metal8  Track-Pitch = 0.8000  line-2-Via Pitch: 0.8000
[INFO GRT-0088] Layer metal9  Track-Pitch = 1.6000  line-2-Via Pitch: 1.6000
[INFO GRT-0088] Layer metal10 Track-Pitch = 1.6000  line-2-Via Pitch: 1.6000
[INFO GRT-0019] Found 887 clock nets.
[INFO GRT-0001] Minimum degree: 2
[INFO GRT-0002] Maximum degree: 173
[INFO GRT-0003] Macros: 0
[INFO GRT-0043] No OR_DEFAULT vias defined.
[INFO GRT-0004] Blockages: 0

[INFO GRT-0053] Routing resources analysis:
          Routing      Original      Derated      Resource
Layer     Direction    Resources     Resources    Reduction (%)
---------------------------------------------------------------
metal1     Horizontal          0             0          0.00%
metal2     Vertical       145935         65521          55.10%
metal3     Horizontal     198950         92112          53.70%
metal4     Vertical        92920         63734          31.41%
metal5     Horizontal      92920         65778          29.21%
metal6     Vertical        92920         65698          29.30%
metal7     Horizontal      26565         11915          55.15%
metal8     Vertical        26565         13224          50.22%
metal9     Horizontal      13225         12996          1.73%
metal10    Vertical        13225         12996          1.73%
---------------------------------------------------------------

[INFO GRT-0101] Running extra iterations to remove overflow.
[INFO GRT-0197] Via related to pin nodes: 127050
[INFO GRT-0198] Via related Steiner nodes: 3698
[INFO GRT-0199] Via filling finished.
[INFO GRT-0111] Final number of vias: 169676
[INFO GRT-0112] Final usage 3D: 659758

[INFO GRT-0096] Final congestion report:
Layer         Resource        Demand        Usage (%)    Max H / Max V / Total Overflow
---------------------------------------------------------------------------------------
metal1               0             0            0.00%             0 /  0 /  0
metal2           65521         37948           57.92%             0 /  0 /  0
metal3           92112         49977           54.26%             0 /  0 /  0
metal4           63734         26071           40.91%             0 /  0 /  0
metal5           65778         19429           29.54%             0 /  0 /  0
metal6           65698         12251           18.65%             0 /  0 /  0
metal7           11915          2082           17.47%             0 /  0 /  0
metal8           13224           810            6.13%             0 /  0 /  0
metal9           12996          1745           13.43%             0 /  0 /  0
metal10          12996           417            3.21%             0 /  0 /  0
---------------------------------------------------------------------------------------
Total           403974        150730           37.31%             0 /  0 /  0

[INFO GRT-0018] Total wirelength: 435132 um
[INFO GRT-0014] Routed nets: 18880
Perform buffer insertion...
[INFO RSZ-0058] Using max wire length 640um.
[INFO RSZ-0036] Found 2 capacitance violations.
Placement Analysis
---------------------------------
total displacement          0.0 u
average displacement        0.0 u
max displacement            0.0 u
original HPWL          265634.4 u
legalized HPWL         265634.4 u
delta HPWL                    0 %

Repair setup and hold violations...
repair_timing -verbose -repair_tns 100
[INFO RSZ-0094] Found 772 endpoints with setup violations.
[INFO RSZ-0099] Repairing 772 out of 772 (100.00%) violating endpoints...
   Iter   | Removed | Resized | Inserted | Cloned |  Pin  |    WNS   |   TNS      |  Viol  | Worst
          | Buffers |  Gates  | Buffers  |  Gates | Swaps |          |            | Endpts | Endpt
---------------------------------------------------------------------------------------------------
        0 |       0 |       0 |        0 |      0 |     0 |   -0.332 |     -124.9 |    772 | instr_addr_o[31]
sort endpoint every 25%
        1 |       0 |       0 |        0 |      0 |     0 |   -0.332 |     -124.9 |    772 | instr_addr_o[31]
iter:1, pass:1, current fixing endpoint: instr_addr_o[31], endpoint slack:-3.3201109e-10
        2 |       0 |       0 |        0 |      0 |     1 |   -0.321 |     -124.5 |    772 | instr_addr_o[31]
iter:2, pass:2, current fixing endpoint: instr_addr_o[31], endpoint slack:-3.206604e-10
        3 |       0 |       0 |        0 |      0 |     2 |   -0.326 |     -124.5 |    772 | instr_addr_o[31]
iter:3, pass:3, current fixing endpoint: instr_addr_o[31], endpoint slack:-3.2594838e-10
        4 |       0 |       1 |        0 |      0 |     2 |   -0.325 |     -124.5 |    772 | instr_addr_o[31]
iter:4, pass:4, current fixing endpoint: instr_addr_o[31], endpoint slack:-3.248084e-10
        5 |       0 |       1 |        0 |      0 |     3 |   -0.318 |     -124.5 |    772 | gen_regfile_ff.register_file_i.rf_reg_q\[510\]$_DFFE_PN0P_/D
iter:5, pass:5, current fixing endpoint: gen_regfile_ff.register_file_i.rf_reg_q\[510\]$_DFFE_PN0P_/D, endpoint slack:-3.175391e-10
        6 |       0 |       1 |        0 |      0 |     4 |   -0.317 |     -123.6 |    772 | gen_regfile_ff.register_file_i.rf_reg_q\[510\]$_DFFE_PN0P_/D
iter:6, pass:6, current fixing endpoint: gen_regfile_ff.register_file_i.rf_reg_q\[510\]$_DFFE_PN0P_/D, endpoint slack:-3.1747316e-10
        7 |       0 |       1 |        0 |      0 |     5 |   -0.317 |     -121.0 |    772 | instr_addr_o[31]
iter:7, pass:7, current fixing endpoint: instr_addr_o[31], endpoint slack:-3.174072e-10
        8 |       0 |       1 |        0 |      0 |     6 |   -0.322 |     -121.1 |    772 | instr_addr_o[31]
iter:8, pass:8, current fixing endpoint: instr_addr_o[31], endpoint slack:-3.2169267e-10
        9 |       0 |       1 |        2 |      0 |     6 |   -0.334 |     -121.5 |    772 | instr_addr_o[31]
iter:9, pass:9, current fixing endpoint: instr_addr_o[31], endpoint slack:-3.338061e-10
       10 |       0 |       1 |        2 |      0 |     7 |   -0.339 |     -121.5 |    772 | instr_addr_o[31]
iter:10, pass:10, current fixing endpoint: instr_addr_o[31], endpoint slack:-3.3941006e-10
       11 |       0 |       1 |        2 |      0 |     8 |   -0.339 |     -121.5 |    772 | instr_addr_o[31]
iter:11, pass:11, current fixing endpoint: instr_addr_o[31], endpoint slack:-3.3890157e-10
       12 |       0 |       1 |        2 |      0 |     9 |   -0.337 |     -121.4 |    772 | instr_addr_o[31]
iter:12, pass:12, current fixing endpoint: instr_addr_o[31], endpoint slack:-3.3686232e-10
       13 |       0 |       1 |        4 |      0 |     9 |   -0.335 |     -121.4 |    772 | instr_addr_o[31]
iter:13, pass:13, current fixing endpoint: instr_addr_o[31], endpoint slack:-3.350158e-10
       14 |       0 |       2 |        4 |      0 |     9 |   -0.331 |     -121.3 |    772 | instr_addr_o[31]
iter:14, pass:14, current fixing endpoint: instr_addr_o[31], endpoint slack:-3.308951e-10
       15 |       1 |       2 |        4 |      0 |     9 |   -0.330 |     -121.3 |    772 | instr_addr_o[31]
iter:15, pass:15, current fixing endpoint: instr_addr_o[31], endpoint slack:-3.295495e-10
       16 |       1 |       2 |        4 |      0 |    10 |   -0.338 |     -121.6 |    772 | instr_addr_o[31]
iter:16, pass:16, current fixing endpoint: instr_addr_o[31], endpoint slack:-3.382905e-10
       17 |       1 |       2 |        4 |      0 |    11 |   -0.338 |     -121.6 |    772 | instr_addr_o[31]
iter:17, pass:17, current fixing endpoint: instr_addr_o[31], endpoint slack:-3.382732e-10
       18 |       1 |       2 |        7 |      0 |    11 |   -0.331 |     -121.3 |    772 | instr_addr_o[31]
iter:18, pass:18, current fixing endpoint: instr_addr_o[31], endpoint slack:-3.3118863e-10
       19 |       1 |       3 |        7 |      0 |    11 |   -0.328 |     -121.3 |    772 | instr_addr_o[31]
iter:19, pass:19, current fixing endpoint: instr_addr_o[31], endpoint slack:-3.2784286e-10
       20 |       1 |       3 |        7 |      0 |    12 |   -0.325 |     -121.3 |    772 | instr_addr_o[31]
iter:20, pass:20, current fixing endpoint: instr_addr_o[31], endpoint slack:-3.2491543e-10
       21 |       1 |       3 |        7 |      0 |    13 |   -0.337 |     -121.4 |    772 | instr_addr_o[31]
iter:21, pass:21, current fixing endpoint: instr_addr_o[31], endpoint slack:-3.3686853e-10
       22 |       1 |       3 |        9 |      0 |    13 |   -0.336 |     -121.4 |    772 | instr_addr_o[31]
iter:22, pass:22, current fixing endpoint: instr_addr_o[31], endpoint slack:-3.3615177e-10
       23 |       1 |       3 |       11 |      0 |    13 |   -0.334 |     -121.3 |    772 | instr_addr_o[31]
iter:23, pass:23, current fixing endpoint: instr_addr_o[31], endpoint slack:-3.337275e-10
       24 |       1 |       3 |       11 |      0 |    14 |   -0.336 |     -121.4 |    772 | instr_addr_o[31]
iter:24, pass:24, current fixing endpoint: instr_addr_o[31], endpoint slack:-3.364813e-10
       25 |       1 |       4 |       11 |      0 |    14 |   -0.336 |     -121.3 |    772 | instr_addr_o[31]
iter:25, pass:25, current fixing endpoint: instr_addr_o[31], endpoint slack:-3.356544e-10
       26 |       1 |       4 |       11 |      0 |    15 |   -0.342 |     -121.6 |    772 | instr_addr_o[31]
iter:26, pass:26, current fixing endpoint: instr_addr_o[31], endpoint slack:-3.417966e-10
       27 |       1 |       4 |       13 |      0 |    15 |   -0.343 |     -121.6 |    772 | instr_addr_o[31]
iter:27, pass:27, current fixing endpoint: instr_addr_o[31], endpoint slack:-3.4252357e-10
       28 |       1 |       4 |       13 |      0 |    16 |   -0.347 |     -121.8 |    772 | instr_addr_o[31]
iter:28, pass:28, current fixing endpoint: instr_addr_o[31], endpoint slack:-3.4665448e-10
       29 |       1 |       4 |       13 |      0 |    17 |   -0.346 |     -121.8 |    772 | instr_addr_o[31]
iter:29, pass:29, current fixing endpoint: instr_addr_o[31], endpoint slack:-3.464431e-10
       30 |       1 |       5 |       13 |      0 |    17 |   -0.342 |     -121.6 |    772 | instr_addr_o[31]
iter:30, pass:30, current fixing endpoint: instr_addr_o[31], endpoint slack:-3.4227532e-10
       31 |       1 |       6 |       13 |      0 |    17 |   -0.339 |     -121.5 |    772 | instr_addr_o[31]
iter:31, pass:31, current fixing endpoint: instr_addr_o[31], endpoint slack:-3.390801e-10
       32 |       2 |       6 |       13 |      0 |    17 |   -0.327 |     -121.4 |    772 | instr_addr_o[31]
iter:32, pass:32, current fixing endpoint: instr_addr_o[31], endpoint slack:-3.271705e-10
       33 |       2 |       6 |       13 |      0 |    18 |   -0.327 |     -121.4 |    772 | instr_addr_o[31]
iter:33, pass:33, current fixing endpoint: instr_addr_o[31], endpoint slack:-3.2712744e-10
       34 |       2 |       7 |       13 |      0 |    18 |   -0.325 |     -121.4 |    772 | instr_addr_o[31]
iter:34, pass:34, current fixing endpoint: instr_addr_o[31], endpoint slack:-3.2488123e-10
       35 |       2 |       8 |       13 |      0 |    18 |   -0.321 |     -121.4 |    772 | instr_addr_o[31]
iter:35, pass:35, current fixing endpoint: instr_addr_o[31], endpoint slack:-3.2119907e-10
       36 |       2 |       9 |       13 |      0 |    18 |   -0.324 |     -121.4 |    772 | instr_addr_o[31]
iter:36, pass:36, current fixing endpoint: instr_addr_o[31], endpoint slack:-3.2369663e-10
       37 |       2 |       9 |       13 |      0 |    19 |   -0.325 |     -121.4 |    772 | instr_addr_o[31]
iter:37, pass:37, current fixing endpoint: instr_addr_o[31], endpoint slack:-3.2458813e-10
       38 |       2 |      10 |       13 |      0 |    19 |   -0.324 |     -121.4 |    772 | instr_addr_o[31]
iter:38, pass:38, current fixing endpoint: instr_addr_o[31], endpoint slack:-3.2446046e-10
       39 |       2 |      11 |       13 |      0 |    19 |   -0.323 |     -121.4 |    772 | instr_addr_o[31]
iter:39, pass:39, current fixing endpoint: instr_addr_o[31], endpoint slack:-3.2310865e-10
       40 |       2 |      11 |       13 |      0 |    20 |   -0.326 |     -121.4 |    772 | instr_addr_o[31]
iter:40, pass:40, current fixing endpoint: instr_addr_o[31], endpoint slack:-3.2562486e-10
       41 |       2 |      11 |       13 |      0 |    21 |   -0.342 |     -121.5 |    772 | instr_addr_o[31]
iter:41, pass:41, current fixing endpoint: instr_addr_o[31], endpoint slack:-3.4208525e-10
       42 |       2 |      12 |       13 |      0 |    21 |   -0.339 |     -121.5 |    772 | instr_addr_o[31]
iter:42, pass:42, current fixing endpoint: instr_addr_o[31], endpoint slack:-3.3911784e-10
       43 |       2 |      13 |       13 |      0 |    21 |   -0.340 |     -121.6 |    772 | instr_addr_o[31]
iter:43, pass:43, current fixing endpoint: instr_addr_o[31], endpoint slack:-3.3972114e-10
       44 |       2 |      14 |       13 |      0 |    21 |   -0.336 |     -121.5 |    772 | instr_addr_o[31]
iter:44, pass:44, current fixing endpoint: instr_addr_o[31], endpoint slack:-3.363929e-10
       45 |       2 |      14 |       13 |      0 |    22 |   -0.336 |     -121.4 |    772 | instr_addr_o[31]
iter:45, pass:45, current fixing endpoint: instr_addr_o[31], endpoint slack:-3.3586312e-10
       46 |       2 |      14 |       13 |      0 |    23 |   -0.333 |     -121.4 |    772 | instr_addr_o[31]
iter:46, pass:46, current fixing endpoint: instr_addr_o[31], endpoint slack:-3.3262948e-10
       47 |       2 |      14 |       13 |      0 |    24 |   -0.332 |     -121.4 |    772 | instr_addr_o[31]
iter:47, pass:47, current fixing endpoint: instr_addr_o[31], endpoint slack:-3.323255e-10
       48 |       2 |      14 |       13 |      0 |    25 |   -0.338 |     -121.5 |    772 | instr_addr_o[31]
iter:48, pass:48, current fixing endpoint: instr_addr_o[31], endpoint slack:-3.3804382e-10
       49 |       2 |      14 |       15 |      0 |    25 |   -0.333 |     -123.8 |    772 | instr_addr_o[31]
iter:49, pass:49, current fixing endpoint: instr_addr_o[31], endpoint slack:-3.3280712e-10
       50 |       2 |      15 |       15 |      0 |    25 |   -0.331 |     -123.8 |    772 | instr_addr_o[31]
iter:50, pass:50, current fixing endpoint: instr_addr_o[31], endpoint slack:-3.3131675e-10
       51 |       2 |      15 |       15 |      0 |    26 |   -0.331 |     -123.8 |    772 | instr_addr_o[31]
iter:51, pass:51, current fixing endpoint: instr_addr_o[31], endpoint slack:-3.3083647e-10
       52 |       2 |      15 |       15 |      1 |    26 |   -0.333 |     -123.8 |    772 | instr_addr_o[31]
iter:52, pass:52, current fixing endpoint: instr_addr_o[31], endpoint slack:-3.3285597e-10
       53 |       2 |      16 |       15 |      1 |    26 |   -0.335 |     -123.8 |    772 | instr_addr_o[31]
iter:53, pass:53, current fixing endpoint: instr_addr_o[31], endpoint slack:-3.3463254e-10
       54 |       2 |      17 |       15 |      1 |    26 |   -0.333 |     -123.8 |    772 | instr_addr_o[31]
iter:54, pass:54, current fixing endpoint: instr_addr_o[31], endpoint slack:-3.3268788e-10
       55 |       2 |      18 |       15 |      1 |    26 |   -0.332 |     -123.8 |    772 | instr_addr_o[31]
iter:55, pass:55, current fixing endpoint: instr_addr_o[31], endpoint slack:-3.3167669e-10
       56 |       2 |      19 |       15 |      1 |    26 |   -0.331 |     -123.8 |    772 | instr_addr_o[31]
iter:56, pass:56, current fixing endpoint: instr_addr_o[31], endpoint slack:-3.3102454e-10
       57 |       2 |      20 |       15 |      1 |    26 |   -0.330 |     -123.8 |    772 | instr_addr_o[31]
iter:57, pass:57, current fixing endpoint: instr_addr_o[31], endpoint slack:-3.300087e-10
       57 |       0 |       3 |        7 |      0 |     5 |   -0.318 |     -121.1 |    772 | instr_addr_o[31]
       58 |       0 |       3 |        7 |      0 |     5 |   -0.318 |     -121.1 |    772 | instr_addr_o[31]
iter:58, pass:1, current fixing endpoint: gen_regfile_ff.register_file_i.rf_reg_q\[510\]$_DFFE_PN0P_/D, endpoint slack:-3.1239833e-10
       59 |       0 |       4 |        7 |      0 |     5 |   -0.318 |     -121.7 |    772 | instr_addr_o[31]
iter:59, pass:2, current fixing endpoint: gen_regfile_ff.register_file_i.rf_reg_q\[510\]$_DFFE_PN0P_/D, endpoint slack:-3.1143887e-10
       60 |       0 |       4 |        7 |      0 |     6 |   -0.318 |     -122.0 |    772 | instr_addr_o[31]
iter:60, pass:3, current fixing endpoint: gen_regfile_ff.register_file_i.rf_reg_q\[510\]$_DFFE_PN0P_/D, endpoint slack:-3.1285352e-10
       61 |       0 |       4 |        7 |      0 |     7 |   -0.318 |     -122.0 |    772 | instr_addr_o[31]
iter:61, pass:4, current fixing endpoint: gen_regfile_ff.register_file_i.rf_reg_q\[510\]$_DFFE_PN0P_/D, endpoint slack:-3.1539482e-10
       62 |       0 |       4 |        7 |      0 |     8 |   -0.318 |     -122.1 |    772 | gen_regfile_ff.register_file_i.rf_reg_q\[510\]$_DFFE_PN0P_/D
iter:62, pass:5, current fixing endpoint: gen_regfile_ff.register_file_i.rf_reg_q\[510\]$_DFFE_PN0P_/D, endpoint slack:-3.1799052e-10
       63 |       0 |       4 |        7 |      0 |     9 |   -0.318 |     -121.4 |    772 | instr_addr_o[31]
iter:63, pass:6, current fixing endpoint: gen_regfile_ff.register_file_i.rf_reg_q\[510\]$_DFFE_PN0P_/D, endpoint slack:-3.1254266e-10
       64 |       0 |       4 |        7 |      0 |    10 |   -0.324 |     -124.3 |    772 | gen_regfile_ff.register_file_i.rf_reg_q\[510\]$_DFFE_PN0P_/D
iter:64, pass:7, current fixing endpoint: gen_regfile_ff.register_file_i.rf_reg_q\[510\]$_DFFE_PN0P_/D, endpoint slack:-3.2390912e-10
       65 |       0 |       4 |        7 |      0 |    11 |   -0.327 |     -124.4 |    772 | gen_regfile_ff.register_file_i.rf_reg_q\[510\]$_DFFE_PN0P_/D
iter:65, pass:8, current fixing endpoint: gen_regfile_ff.register_file_i.rf_reg_q\[510\]$_DFFE_PN0P_/D, endpoint slack:-3.273568e-10
       66 |       0 |       4 |        7 |      0 |    12 |   -0.333 |     -124.6 |    772 | gen_regfile_ff.register_file_i.rf_reg_q\[510\]$_DFFE_PN0P_/D
iter:66, pass:9, current fixing endpoint: gen_regfile_ff.register_file_i.rf_reg_q\[510\]$_DFFE_PN0P_/D, endpoint slack:-3.327092e-10
       67 |       0 |       4 |        7 |      0 |    13 |   -0.331 |     -123.7 |    772 | gen_regfile_ff.register_file_i.rf_reg_q\[510\]$_DFFE_PN0P_/D
iter:67, pass:10, current fixing endpoint: gen_regfile_ff.register_file_i.rf_reg_q\[510\]$_DFFE_PN0P_/D, endpoint slack:-3.3107184e-10
       68 |       0 |       4 |        7 |      0 |    14 |   -0.330 |     -123.5 |    772 | gen_regfile_ff.register_file_i.rf_reg_q\[510\]$_DFFE_PN0P_/D
iter:68, pass:11, current fixing endpoint: gen_regfile_ff.register_file_i.rf_reg_q\[510\]$_DFFE_PN0P_/D, endpoint slack:-3.3014746e-10
       69 |       0 |       4 |        9 |      0 |    14 |   -0.330 |     -129.4 |    772 | gen_regfile_ff.register_file_i.rf_reg_q\[510\]$_DFFE_PN0P_/D
iter:69, pass:12, current fixing endpoint: gen_regfile_ff.register_file_i.rf_reg_q\[510\]$_DFFE_PN0P_/D, endpoint slack:-3.3005398e-10
       70 |       0 |       4 |        9 |      0 |    15 |   -0.330 |     -129.3 |    772 | gen_regfile_ff.register_file_i.rf_reg_q\[510\]$_DFFE_PN0P_/D
iter:70, pass:13, current fixing endpoint: gen_regfile_ff.register_file_i.rf_reg_q\[510\]$_DFFE_PN0P_/D, endpoint slack:-3.2951775e-10
       71 |       0 |       4 |        9 |      0 |    16 |   -0.334 |     -131.6 |    772 | gen_regfile_ff.register_file_i.rf_reg_q\[510\]$_DFFE_PN0P_/D
iter:71, pass:14, current fixing endpoint: gen_regfile_ff.register_file_i.rf_reg_q\[510\]$_DFFE_PN0P_/D, endpoint slack:-3.343834e-10
       72 |       0 |       4 |        9 |      0 |    17 |   -0.333 |     -131.4 |    772 | gen_regfile_ff.register_file_i.rf_reg_q\[510\]$_DFFE_PN0P_/D
iter:72, pass:15, current fixing endpoint: gen_regfile_ff.register_file_i.rf_reg_q\[510\]$_DFFE_PN0P_/D, endpoint slack:-3.3342373e-10
       73 |       0 |       5 |        9 |      0 |    17 |   -0.331 |     -131.4 |    772 | gen_regfile_ff.register_file_i.rf_reg_q\[510\]$_DFFE_PN0P_/D
iter:73, pass:16, current fixing endpoint: gen_regfile_ff.register_file_i.rf_reg_q\[510\]$_DFFE_PN0P_/D, endpoint slack:-3.3127345e-10
       74 |       0 |       5 |        9 |      0 |    18 |   -0.336 |     -132.3 |    772 | gen_regfile_ff.register_file_i.rf_reg_q\[510\]$_DFFE_PN0P_/D
iter:74, pass:17, current fixing endpoint: gen_regfile_ff.register_file_i.rf_reg_q\[510\]$_DFFE_PN0P_/D, endpoint slack:-3.355205e-10
       75 |       0 |       5 |        9 |      0 |    19 |   -0.341 |     -133.6 |    772 | gen_regfile_ff.register_file_i.rf_reg_q\[510\]$_DFFE_PN0P_/D
iter:75, pass:18, current fixing endpoint: gen_regfile_ff.register_file_i.rf_reg_q\[510\]$_DFFE_PN0P_/D, endpoint slack:-3.4091752e-10
       76 |       0 |       5 |        9 |      0 |    20 |   -0.341 |     -133.6 |    772 | gen_regfile_ff.register_file_i.rf_reg_q\[510\]$_DFFE_PN0P_/D
iter:76, pass:19, current fixing endpoint: gen_regfile_ff.register_file_i.rf_reg_q\[510\]$_DFFE_PN0P_/D, endpoint slack:-3.4114578e-10
       77 |       0 |       5 |        9 |      0 |    21 |   -0.332 |     -131.5 |    772 | gen_regfile_ff.register_file_i.rf_reg_q\[510\]$_DFFE_PN0P_/D
iter:77, pass:20, current fixing endpoint: gen_regfile_ff.register_file_i.rf_reg_q\[510\]$_DFFE_PN0P_/D, endpoint slack:-3.3185654e-10
       78 |       0 |       5 |        9 |      0 |    22 |   -0.337 |     -131.7 |    772 | gen_regfile_ff.register_file_i.rf_reg_q\[510\]$_DFFE_PN0P_/D
iter:78, pass:21, current fixing endpoint: gen_regfile_ff.register_file_i.rf_reg_q\[510\]$_DFFE_PN0P_/D, endpoint slack:-3.3748226e-10
       79 |       0 |       6 |        9 |      0 |    22 |   -0.339 |     -133.3 |    772 | gen_regfile_ff.register_file_i.rf_reg_q\[510\]$_DFFE_PN0P_/D
iter:79, pass:22, current fixing endpoint: gen_regfile_ff.register_file_i.rf_reg_q\[510\]$_DFFE_PN0P_/D, endpoint slack:-3.390206e-10
       80 |       0 |       6 |        9 |      0 |    23 |   -0.337 |     -132.9 |    772 | gen_regfile_ff.register_file_i.rf_reg_q\[510\]$_DFFE_PN0P_/D
iter:80, pass:23, current fixing endpoint: gen_regfile_ff.register_file_i.rf_reg_q\[510\]$_DFFE_PN0P_/D, endpoint slack:-3.370686e-10
       81 |       0 |       6 |        9 |      0 |    24 |   -0.337 |     -132.8 |    772 | gen_regfile_ff.register_file_i.rf_reg_q\[510\]$_DFFE_PN0P_/D
iter:81, pass:24, current fixing endpoint: gen_regfile_ff.register_file_i.rf_reg_q\[510\]$_DFFE_PN0P_/D, endpoint slack:-3.3682102e-10
       82 |       0 |       6 |        9 |      0 |    25 |   -0.337 |     -132.7 |    772 | gen_regfile_ff.register_file_i.rf_reg_q\[510\]$_DFFE_PN0P_/D
iter:82, pass:25, current fixing endpoint: gen_regfile_ff.register_file_i.rf_reg_q\[510\]$_DFFE_PN0P_/D, endpoint slack:-3.3674974e-10
       83 |       0 |       6 |        9 |      0 |    26 |   -0.336 |     -132.6 |    772 | gen_regfile_ff.register_file_i.rf_reg_q\[510\]$_DFFE_PN0P_/D
iter:83, pass:26, current fixing endpoint: gen_regfile_ff.register_file_i.rf_reg_q\[510\]$_DFFE_PN0P_/D, endpoint slack:-3.3622993e-10
       84 |       0 |       6 |        9 |      0 |    27 |   -0.337 |     -132.9 |    772 | gen_regfile_ff.register_file_i.rf_reg_q\[510\]$_DFFE_PN0P_/D
iter:84, pass:27, current fixing endpoint: gen_regfile_ff.register_file_i.rf_reg_q\[510\]$_DFFE_PN0P_/D, endpoint slack:-3.3737857e-10
       85 |       0 |       6 |        9 |      0 |    28 |   -0.339 |     -133.2 |    772 | gen_regfile_ff.register_file_i.rf_reg_q\[510\]$_DFFE_PN0P_/D
iter:85, pass:28, current fixing endpoint: gen_regfile_ff.register_file_i.rf_reg_q\[510\]$_DFFE_PN0P_/D, endpoint slack:-3.387366e-10
       86 |       0 |       6 |        9 |      0 |    29 |   -0.336 |     -132.6 |    772 | gen_regfile_ff.register_file_i.rf_reg_q\[510\]$_DFFE_PN0P_/D
iter:86, pass:29, current fixing endpoint: gen_regfile_ff.register_file_i.rf_reg_q\[510\]$_DFFE_PN0P_/D, endpoint slack:-3.362195e-10
       87 |       0 |       6 |       11 |      0 |    29 |   -0.336 |     -132.5 |    772 | gen_regfile_ff.register_file_i.rf_reg_q\[510\]$_DFFE_PN0P_/D
iter:87, pass:30, current fixing endpoint: gen_regfile_ff.register_file_i.rf_reg_q\[510\]$_DFFE_PN0P_/D, endpoint slack:-3.3575365e-10
       88 |       0 |       6 |       11 |      0 |    30 |   -0.338 |     -133.0 |    772 | gen_regfile_ff.register_file_i.rf_reg_q\[510\]$_DFFE_PN0P_/D
iter:88, pass:31, current fixing endpoint: gen_regfile_ff.register_file_i.rf_reg_q\[510\]$_DFFE_PN0P_/D, endpoint slack:-3.3756686e-10
       89 |       0 |       6 |       11 |      0 |    31 |   -0.332 |     -131.3 |    772 | gen_regfile_ff.register_file_i.rf_reg_q\[510\]$_DFFE_PN0P_/D
iter:89, pass:32, current fixing endpoint: gen_regfile_ff.register_file_i.rf_reg_q\[510\]$_DFFE_PN0P_/D, endpoint slack:-3.3247027e-10
       90 |       0 |       6 |       11 |      0 |    32 |   -0.332 |     -131.2 |    772 | gen_regfile_ff.register_file_i.rf_reg_q\[510\]$_DFFE_PN0P_/D
iter:90, pass:33, current fixing endpoint: gen_regfile_ff.register_file_i.rf_reg_q\[510\]$_DFFE_PN0P_/D, endpoint slack:-3.3169223e-10
       91 |       0 |       7 |       11 |      0 |    32 |   -0.332 |     -131.1 |    772 | gen_regfile_ff.register_file_i.rf_reg_q\[510\]$_DFFE_PN0P_/D
iter:91, pass:34, current fixing endpoint: gen_regfile_ff.register_file_i.rf_reg_q\[510\]$_DFFE_PN0P_/D, endpoint slack:-3.3152414e-10
       92 |       0 |       8 |       11 |      0 |    32 |   -0.329 |     -130.5 |    772 | gen_regfile_ff.register_file_i.rf_reg_q\[510\]$_DFFE_PN0P_/D
iter:92, pass:35, current fixing endpoint: gen_regfile_ff.register_file_i.rf_reg_q\[510\]$_DFFE_PN0P_/D, endpoint slack:-3.2878766e-10
       93 |       0 |       8 |       11 |      0 |    33 |   -0.333 |     -131.5 |    772 | gen_regfile_ff.register_file_i.rf_reg_q\[510\]$_DFFE_PN0P_/D
iter:93, pass:36, current fixing endpoint: gen_regfile_ff.register_file_i.rf_reg_q\[510\]$_DFFE_PN0P_/D, endpoint slack:-3.3308778e-10
       94 |       0 |       8 |       11 |      0 |    34 |   -0.328 |     -130.4 |    772 | gen_regfile_ff.register_file_i.rf_reg_q\[510\]$_DFFE_PN0P_/D
iter:94, pass:37, current fixing endpoint: gen_regfile_ff.register_file_i.rf_reg_q\[510\]$_DFFE_PN0P_/D, endpoint slack:-3.2830205e-10
       95 |       0 |       8 |       11 |      0 |    35 |   -0.329 |     -130.6 |    772 | gen_regfile_ff.register_file_i.rf_reg_q\[510\]$_DFFE_PN0P_/D
iter:95, pass:38, current fixing endpoint: gen_regfile_ff.register_file_i.rf_reg_q\[510\]$_DFFE_PN0P_/D, endpoint slack:-3.2903325e-10
       96 |       0 |       8 |       11 |      0 |    36 |   -0.329 |     -130.3 |    772 | gen_regfile_ff.register_file_i.rf_reg_q\[510\]$_DFFE_PN0P_/D
iter:96, pass:39, current fixing endpoint: gen_regfile_ff.register_file_i.rf_reg_q\[510\]$_DFFE_PN0P_/D, endpoint slack:-3.2866865e-10
       97 |       0 |       8 |       11 |      0 |    37 |   -0.329 |     -130.1 |    772 | gen_regfile_ff.register_file_i.rf_reg_q\[510\]$_DFFE_PN0P_/D
iter:97, pass:40, current fixing endpoint: gen_regfile_ff.register_file_i.rf_reg_q\[510\]$_DFFE_PN0P_/D, endpoint slack:-3.285865e-10
       98 |       0 |       8 |       11 |      0 |    38 |   -0.329 |     -130.1 |    772 | gen_regfile_ff.register_file_i.rf_reg_q\[510\]$_DFFE_PN0P_/D
iter:98, pass:41, current fixing endpoint: gen_regfile_ff.register_file_i.rf_reg_q\[510\]$_DFFE_PN0P_/D, endpoint slack:-3.2877145e-10
       99 |       0 |       8 |       11 |      0 |    39 |   -0.340 |     -132.6 |    772 | gen_regfile_ff.register_file_i.rf_reg_q\[510\]$_DFFE_PN0P_/D
iter:99, pass:42, current fixing endpoint: gen_regfile_ff.register_file_i.rf_reg_q\[510\]$_DFFE_PN0P_/D, endpoint slack:-3.404672e-10
       99 |       0 |       4 |        9 |      0 |     5 |   -0.318 |     -121.7 |    772 | instr_addr_o[31]
      100 |       0 |       4 |        9 |      0 |     5 |   -0.318 |     -121.7 |    772 | instr_addr_o[31]
iter:100, pass:1, current fixing endpoint: gen_regfile_ff.register_file_i.rf_reg_q\[30\]$_DFFE_PN0P_/D, endpoint slack:-3.1142866e-10
      101 |       0 |       4 |        9 |      1 |     5 |   -0.318 |     -124.5 |    772 | instr_addr_o[31]
iter:101, pass:2, current fixing endpoint: gen_regfile_ff.register_file_i.rf_reg_q\[30\]$_DFFE_PN0P_/D, endpoint slack:-3.156171e-10
      102 |       0 |       4 |        9 |      2 |     5 |   -0.318 |     -125.2 |    772 | instr_addr_o[31]
iter:102, pass:3, current fixing endpoint: gen_regfile_ff.register_file_i.rf_reg_q\[30\]$_DFFE_PN0P_/D, endpoint slack:-3.1651903e-10
      103 |       0 |       5 |        9 |      2 |     5 |   -0.320 |     -127.3 |    772 | gen_regfile_ff.register_file_i.rf_reg_q\[510\]$_DFFE_PN0P_/D
iter:103, pass:4, current fixing endpoint: gen_regfile_ff.register_file_i.rf_reg_q\[30\]$_DFFE_PN0P_/D, endpoint slack:-3.1966385e-10
      104 |       0 |       5 |        9 |      2 |     6 |   -0.331 |     -133.0 |    772 | gen_regfile_ff.register_file_i.rf_reg_q\[510\]$_DFFE_PN0P_/D
iter:104, pass:5, current fixing endpoint: gen_regfile_ff.register_file_i.rf_reg_q\[30\]$_DFFE_PN0P_/D, endpoint slack:-3.3049607e-10
      105 |       0 |       5 |        9 |      2 |     7 |   -0.335 |     -135.2 |    772 | gen_regfile_ff.register_file_i.rf_reg_q\[510\]$_DFFE_PN0P_/D
iter:105, pass:6, current fixing endpoint: gen_regfile_ff.register_file_i.rf_reg_q\[30\]$_DFFE_PN0P_/D, endpoint slack:-3.347036e-10
      106 |       0 |       5 |        9 |      2 |     8 |   -0.346 |     -141.5 |    772 | gen_regfile_ff.register_file_i.rf_reg_q\[510\]$_DFFE_PN0P_/D
iter:106, pass:7, current fixing endpoint: gen_regfile_ff.register_file_i.rf_reg_q\[30\]$_DFFE_PN0P_/D, endpoint slack:-3.4588e-10
      107 |       0 |       5 |        9 |      2 |     9 |   -0.337 |     -138.0 |    772 | gen_regfile_ff.register_file_i.rf_reg_q\[510\]$_DFFE_PN0P_/D
iter:107, pass:8, current fixing endpoint: gen_regfile_ff.register_file_i.rf_reg_q\[30\]$_DFFE_PN0P_/D, endpoint slack:-3.3715497e-10
      108 |       0 |       5 |        9 |      2 |    10 |   -0.346 |     -142.7 |    772 | gen_regfile_ff.register_file_i.rf_reg_q\[510\]$_DFFE_PN0P_/D
iter:108, pass:9, current fixing endpoint: gen_regfile_ff.register_file_i.rf_reg_q\[30\]$_DFFE_PN0P_/D, endpoint slack:-3.4605163e-10
      109 |       0 |       5 |        9 |      2 |    11 |   -0.356 |     -148.2 |    772 | gen_regfile_ff.register_file_i.rf_reg_q\[510\]$_DFFE_PN0P_/D
iter:109, pass:10, current fixing endpoint: gen_regfile_ff.register_file_i.rf_reg_q\[30\]$_DFFE_PN0P_/D, endpoint slack:-3.5578096e-10
      110 |       0 |       5 |       11 |      2 |    11 |   -0.350 |     -144.6 |    772 | gen_regfile_ff.register_file_i.rf_reg_q\[510\]$_DFFE_PN0P_/D
iter:110, pass:11, current fixing endpoint: gen_regfile_ff.register_file_i.rf_reg_q\[30\]$_DFFE_PN0P_/D, endpoint slack:-3.4950087e-10
      111 |       0 |       6 |       11 |      2 |    11 |   -0.348 |     -144.0 |    772 | gen_regfile_ff.register_file_i.rf_reg_q\[510\]$_DFFE_PN0P_/D
iter:111, pass:12, current fixing endpoint: gen_regfile_ff.register_file_i.rf_reg_q\[30\]$_DFFE_PN0P_/D, endpoint slack:-3.4840308e-10
      111 |       0 |       4 |       10 |      0 |     5 |   -0.318 |     -124.6 |    772 | instr_addr_o[31]
      112 |       0 |       4 |       10 |      0 |     5 |   -0.318 |     -124.6 |    772 | instr_addr_o[31]
iter:112, pass:1, current fixing endpoint: gen_regfile_ff.register_file_i.rf_reg_q\[926\]$_DFFE_PN0P_/D, endpoint slack:-3.1580893e-10
      113 |       0 |       4 |       10 |      1 |     5 |   -0.320 |     -126.8 |    772 | gen_regfile_ff.register_file_i.rf_reg_q\[510\]$_DFFE_PN0P_/D
iter:113, pass:2, current fixing endpoint: gen_regfile_ff.register_file_i.rf_reg_q\[926\]$_DFFE_PN0P_/D, endpoint slack:-3.1905678e-10
      114 |       0 |       4 |       10 |      2 |     5 |   -0.321 |     -127.5 |    772 | gen_regfile_ff.register_file_i.rf_reg_q\[510\]$_DFFE_PN0P_/D
iter:114, pass:3, current fixing endpoint: gen_regfile_ff.register_file_i.rf_reg_q\[926\]$_DFFE_PN0P_/D, endpoint slack:-3.201701e-10
      115 |       0 |       5 |       10 |      2 |     5 |   -0.321 |     -127.6 |    772 | gen_regfile_ff.register_file_i.rf_reg_q\[510\]$_DFFE_PN0P_/D
iter:115, pass:4, current fixing endpoint: gen_regfile_ff.register_file_i.rf_reg_q\[926\]$_DFFE_PN0P_/D, endpoint slack:-3.203311e-10
      115 |       0 |       4 |       10 |      0 |     5 |   -0.323 |     -128.8 |    772 | gen_regfile_ff.register_file_i.rf_reg_q\[510\]$_DFFE_PN0P_/D
      116 |       0 |       4 |       10 |      0 |     5 |   -0.323 |     -128.8 |    772 | gen_regfile_ff.register_file_i.rf_reg_q\[510\]$_DFFE_PN0P_/D
iter:116, pass:1, current fixing endpoint: gen_regfile_ff.register_file_i.rf_reg_q\[574\]$_DFFE_PN0P_/D, endpoint slack:-3.2187564e-10
      117 |       0 |       4 |       10 |      1 |     5 |   -0.320 |     -126.7 |    772 | gen_regfile_ff.register_file_i.rf_reg_q\[510\]$_DFFE_PN0P_/D
iter:117, pass:2, current fixing endpoint: gen_regfile_ff.register_file_i.rf_reg_q\[574\]$_DFFE_PN0P_/D, endpoint slack:-3.1871084e-10
      118 |       0 |       4 |       10 |      2 |     5 |   -0.321 |     -127.4 |    772 | gen_regfile_ff.register_file_i.rf_reg_q\[510\]$_DFFE_PN0P_/D
iter:118, pass:3, current fixing endpoint: gen_regfile_ff.register_file_i.rf_reg_q\[574\]$_DFFE_PN0P_/D, endpoint slack:-3.1981995e-10
      119 |       0 |       5 |       10 |      2 |     5 |   -0.321 |     -127.6 |    772 | gen_regfile_ff.register_file_i.rf_reg_q\[510\]$_DFFE_PN0P_/D
iter:119, pass:4, current fixing endpoint: gen_regfile_ff.register_file_i.rf_reg_q\[574\]$_DFFE_PN0P_/D, endpoint slack:-3.1998093e-10
      119 |       0 |       4 |       10 |      1 |     5 |   -0.322 |     -128.6 |    772 | gen_regfile_ff.register_file_i.rf_reg_q\[510\]$_DFFE_PN0P_/D
      120 |       0 |       4 |       10 |      1 |     5 |   -0.322 |     -128.6 |    772 | gen_regfile_ff.register_file_i.rf_reg_q\[510\]$_DFFE_PN0P_/D
iter:120, pass:1, current fixing endpoint: gen_regfile_ff.register_file_i.rf_reg_q\[542\]$_DFFE_PN0P_/D, endpoint slack:-3.207088e-10
      121 |       0 |       4 |       10 |      2 |     5 |   -0.321 |     -127.4 |    772 | gen_regfile_ff.register_file_i.rf_reg_q\[510\]$_DFFE_PN0P_/D
iter:121, pass:2, current fixing endpoint: gen_regfile_ff.register_file_i.rf_reg_q\[542\]$_DFFE_PN0P_/D, endpoint slack:-3.190299e-10
      122 |       0 |       5 |       10 |      2 |     5 |   -0.321 |     -127.6 |    772 | gen_regfile_ff.register_file_i.rf_reg_q\[510\]$_DFFE_PN0P_/D
iter:122, pass:3, current fixing endpoint: gen_regfile_ff.register_file_i.rf_reg_q\[542\]$_DFFE_PN0P_/D, endpoint slack:-3.191909e-10
      122 |       0 |       4 |       10 |      2 |     5 |   -0.321 |     -127.4 |    772 | gen_regfile_ff.register_file_i.rf_reg_q\[510\]$_DFFE_PN0P_/D
      123 |       0 |       4 |       10 |      2 |     5 |   -0.321 |     -127.4 |    772 | gen_regfile_ff.register_file_i.rf_reg_q\[510\]$_DFFE_PN0P_/D
iter:123, pass:1, current fixing endpoint: gen_regfile_ff.register_file_i.rf_reg_q\[126\]$_DFFE_PN0P_/D, endpoint slack:-3.1894754e-10
      124 |       0 |       5 |       10 |      2 |     5 |   -0.321 |     -127.6 |    772 | gen_regfile_ff.register_file_i.rf_reg_q\[510\]$_DFFE_PN0P_/D
iter:124, pass:2, current fixing endpoint: gen_regfile_ff.register_file_i.rf_reg_q\[126\]$_DFFE_PN0P_/D, endpoint slack:-3.190943e-10
      124 |       0 |       4 |       10 |      2 |     5 |   -0.321 |     -127.4 |    772 | gen_regfile_ff.register_file_i.rf_reg_q\[510\]$_DFFE_PN0P_/D
      125 |       0 |       4 |       10 |      2 |     5 |   -0.321 |     -127.4 |    772 | gen_regfile_ff.register_file_i.rf_reg_q\[510\]$_DFFE_PN0P_/D
iter:125, pass:1, current fixing endpoint: gen_regfile_ff.register_file_i.rf_reg_q\[94\]$_DFFE_PN0P_/D, endpoint slack:-3.1858605e-10
      126 |       0 |       5 |       10 |      2 |     5 |   -0.321 |     -127.6 |    772 | gen_regfile_ff.register_file_i.rf_reg_q\[510\]$_DFFE_PN0P_/D
iter:126, pass:2, current fixing endpoint: gen_regfile_ff.register_file_i.rf_reg_q\[94\]$_DFFE_PN0P_/D, endpoint slack:-3.1873282e-10
      126 |       0 |       4 |       10 |      2 |     5 |   -0.321 |     -127.4 |    772 | gen_regfile_ff.register_file_i.rf_reg_q\[510\]$_DFFE_PN0P_/D
      127 |       0 |       4 |       10 |      2 |     5 |   -0.321 |     -127.4 |    772 | gen_regfile_ff.register_file_i.rf_reg_q\[510\]$_DFFE_PN0P_/D
iter:127, pass:1, current fixing endpoint: gen_regfile_ff.register_file_i.rf_reg_q\[190\]$_DFFE_PN0P_/D, endpoint slack:-3.1802583e-10
      128 |       0 |       5 |       10 |      2 |     5 |   -0.321 |     -127.6 |    772 | gen_regfile_ff.register_file_i.rf_reg_q\[510\]$_DFFE_PN0P_/D
iter:128, pass:2, current fixing endpoint: gen_regfile_ff.register_file_i.rf_reg_q\[190\]$_DFFE_PN0P_/D, endpoint slack:-3.181726e-10
      128 |       0 |       4 |       10 |      2 |     5 |   -0.321 |     -127.4 |    772 | gen_regfile_ff.register_file_i.rf_reg_q\[510\]$_DFFE_PN0P_/D
      129 |       0 |       4 |       10 |      2 |     5 |   -0.321 |     -127.4 |    772 | gen_regfile_ff.register_file_i.rf_reg_q\[510\]$_DFFE_PN0P_/D
iter:129, pass:1, current fixing endpoint: gen_regfile_ff.register_file_i.rf_reg_q\[958\]$_DFFE_PN0P_/D, endpoint slack:-3.177154e-10
      130 |       0 |       5 |       10 |      2 |     5 |   -0.321 |     -127.6 |    772 | gen_regfile_ff.register_file_i.rf_reg_q\[510\]$_DFFE_PN0P_/D
iter:130, pass:2, current fixing endpoint: gen_regfile_ff.register_file_i.rf_reg_q\[958\]$_DFFE_PN0P_/D, endpoint slack:-3.1786218e-10
      130 |       0 |       4 |       10 |      2 |     5 |   -0.321 |     -127.4 |    772 | gen_regfile_ff.register_file_i.rf_reg_q\[510\]$_DFFE_PN0P_/D
      131 |       0 |       4 |       10 |      2 |     5 |   -0.321 |     -127.4 |    772 | gen_regfile_ff.register_file_i.rf_reg_q\[510\]$_DFFE_PN0P_/D
iter:131, pass:1, current fixing endpoint: gen_regfile_ff.register_file_i.rf_reg_q\[62\]$_DFFE_PN0P_/D, endpoint slack:-3.175471e-10
      132 |       0 |       5 |       10 |      2 |     5 |   -0.321 |     -127.6 |    772 | gen_regfile_ff.register_file_i.rf_reg_q\[510\]$_DFFE_PN0P_/D
iter:132, pass:2, current fixing endpoint: gen_regfile_ff.register_file_i.rf_reg_q\[62\]$_DFFE_PN0P_/D, endpoint slack:-3.1769387e-10
      132 |       0 |       4 |       10 |      2 |     5 |   -0.321 |     -127.4 |    772 | gen_regfile_ff.register_file_i.rf_reg_q\[510\]$_DFFE_PN0P_/D
      133 |       0 |       4 |       10 |      2 |     5 |   -0.321 |     -127.4 |    772 | gen_regfile_ff.register_file_i.rf_reg_q\[510\]$_DFFE_PN0P_/D
iter:133, pass:1, current fixing endpoint: gen_regfile_ff.register_file_i.rf_reg_q\[702\]$_DFFE_PN0P_/D, endpoint slack:-3.1720537e-10
      134 |       0 |       5 |       10 |      2 |     5 |   -0.321 |     -127.6 |    772 | gen_regfile_ff.register_file_i.rf_reg_q\[510\]$_DFFE_PN0P_/D
iter:134, pass:2, current fixing endpoint: gen_regfile_ff.register_file_i.rf_reg_q\[702\]$_DFFE_PN0P_/D, endpoint slack:-3.1735214e-10
      134 |       0 |       4 |       10 |      2 |     5 |   -0.321 |     -127.4 |    772 | gen_regfile_ff.register_file_i.rf_reg_q\[510\]$_DFFE_PN0P_/D
      135 |       0 |       4 |       10 |      2 |     5 |   -0.321 |     -127.4 |    772 | gen_regfile_ff.register_file_i.rf_reg_q\[510\]$_DFFE_PN0P_/D
iter:135, pass:1, current fixing endpoint: gen_regfile_ff.register_file_i.rf_reg_q\[734\]$_DFFE_PN0P_/D, endpoint slack:-3.170868e-10
      136 |       0 |       5 |       10 |      2 |     5 |   -0.321 |     -127.6 |    772 | gen_regfile_ff.register_file_i.rf_reg_q\[510\]$_DFFE_PN0P_/D
iter:136, pass:2, current fixing endpoint: gen_regfile_ff.register_file_i.rf_reg_q\[734\]$_DFFE_PN0P_/D, endpoint slack:-3.1723357e-10
      136 |       0 |       4 |       10 |      2 |     5 |   -0.321 |     -127.4 |    772 | gen_regfile_ff.register_file_i.rf_reg_q\[510\]$_DFFE_PN0P_/D
      137 |       0 |       4 |       10 |      2 |     5 |   -0.321 |     -127.4 |    772 | gen_regfile_ff.register_file_i.rf_reg_q\[510\]$_DFFE_PN0P_/D
iter:137, pass:1, current fixing endpoint: gen_regfile_ff.register_file_i.rf_reg_q\[670\]$_DFFE_PN0P_/D, endpoint slack:-3.1692537e-10
      138 |       0 |       5 |       10 |      2 |     5 |   -0.321 |     -127.6 |    772 | gen_regfile_ff.register_file_i.rf_reg_q\[510\]$_DFFE_PN0P_/D
iter:138, pass:2, current fixing endpoint: gen_regfile_ff.register_file_i.rf_reg_q\[670\]$_DFFE_PN0P_/D, endpoint slack:-3.1707215e-10
      138 |       0 |       4 |       10 |      2 |     5 |   -0.321 |     -127.4 |    772 | gen_regfile_ff.register_file_i.rf_reg_q\[510\]$_DFFE_PN0P_/D
      139 |       0 |       4 |       10 |      2 |     5 |   -0.321 |     -127.4 |    772 | gen_regfile_ff.register_file_i.rf_reg_q\[510\]$_DFFE_PN0P_/D
iter:139, pass:1, current fixing endpoint: gen_regfile_ff.register_file_i.rf_reg_q\[254\]$_DFFE_PN0P_/D, endpoint slack:-3.1685543e-10
      140 |       0 |       5 |       10 |      2 |     5 |   -0.321 |     -127.6 |    772 | gen_regfile_ff.register_file_i.rf_reg_q\[510\]$_DFFE_PN0P_/D
iter:140, pass:2, current fixing endpoint: gen_regfile_ff.register_file_i.rf_reg_q\[254\]$_DFFE_PN0P_/D, endpoint slack:-3.170022e-10
      140 |       0 |       4 |       10 |      2 |     5 |   -0.321 |     -127.4 |    772 | gen_regfile_ff.register_file_i.rf_reg_q\[510\]$_DFFE_PN0P_/D
      141 |       0 |       4 |       10 |      2 |     5 |   -0.321 |     -127.4 |    772 | gen_regfile_ff.register_file_i.rf_reg_q\[510\]$_DFFE_PN0P_/D
iter:141, pass:1, current fixing endpoint: gen_regfile_ff.register_file_i.rf_reg_q\[350\]$_DFFE_PN0P_/D, endpoint slack:-3.1684788e-10
      142 |       0 |       5 |       10 |      2 |     5 |   -0.321 |     -127.6 |    772 | gen_regfile_ff.register_file_i.rf_reg_q\[510\]$_DFFE_PN0P_/D
iter:142, pass:2, current fixing endpoint: gen_regfile_ff.register_file_i.rf_reg_q\[350\]$_DFFE_PN0P_/D, endpoint slack:-3.1699465e-10
      142 |       0 |       4 |       10 |      2 |     5 |   -0.321 |     -127.4 |    772 | gen_regfile_ff.register_file_i.rf_reg_q\[510\]$_DFFE_PN0P_/D
      143 |       0 |       4 |       10 |      2 |     5 |   -0.321 |     -127.4 |    772 | gen_regfile_ff.register_file_i.rf_reg_q\[510\]$_DFFE_PN0P_/D
iter:143, pass:1, current fixing endpoint: gen_regfile_ff.register_file_i.rf_reg_q\[286\]$_DFFE_PN0P_/D, endpoint slack:-3.167666e-10
      144 |       0 |       5 |       10 |      2 |     5 |   -0.321 |     -127.6 |    772 | gen_regfile_ff.register_file_i.rf_reg_q\[510\]$_DFFE_PN0P_/D
iter:144, pass:2, current fixing endpoint: gen_regfile_ff.register_file_i.rf_reg_q\[286\]$_DFFE_PN0P_/D, endpoint slack:-3.1691338e-10
      144 |       0 |       4 |       10 |      2 |     5 |   -0.321 |     -127.4 |    772 | gen_regfile_ff.register_file_i.rf_reg_q\[510\]$_DFFE_PN0P_/D
      145 |       0 |       4 |       10 |      2 |     5 |   -0.321 |     -127.4 |    772 | gen_regfile_ff.register_file_i.rf_reg_q\[510\]$_DFFE_PN0P_/D
iter:145, pass:1, current fixing endpoint: gen_regfile_ff.register_file_i.rf_reg_q\[638\]$_DFFE_PN0P_/D, endpoint slack:-3.1667513e-10
      146 |       0 |       5 |       10 |      2 |     5 |   -0.321 |     -127.6 |    772 | gen_regfile_ff.register_file_i.rf_reg_q\[510\]$_DFFE_PN0P_/D
iter:146, pass:2, current fixing endpoint: gen_regfile_ff.register_file_i.rf_reg_q\[638\]$_DFFE_PN0P_/D, endpoint slack:-3.168219e-10
      146 |       0 |       4 |       10 |      2 |     5 |   -0.321 |     -127.4 |    772 | gen_regfile_ff.register_file_i.rf_reg_q\[510\]$_DFFE_PN0P_/D
      147 |       0 |       4 |       10 |      2 |     5 |   -0.321 |     -127.4 |    772 | gen_regfile_ff.register_file_i.rf_reg_q\[510\]$_DFFE_PN0P_/D
iter:147, pass:1, current fixing endpoint: gen_regfile_ff.register_file_i.rf_reg_q\[382\]$_DFFE_PN0P_/D, endpoint slack:-3.1554048e-10
      148 |       0 |       5 |       10 |      2 |     5 |   -0.321 |     -127.6 |    772 | gen_regfile_ff.register_file_i.rf_reg_q\[510\]$_DFFE_PN0P_/D
iter:148, pass:2, current fixing endpoint: gen_regfile_ff.register_file_i.rf_reg_q\[382\]$_DFFE_PN0P_/D, endpoint slack:-3.1568725e-10
      148 |       0 |       4 |       10 |      2 |     5 |   -0.321 |     -127.4 |    772 | gen_regfile_ff.register_file_i.rf_reg_q\[510\]$_DFFE_PN0P_/D
      149 |       0 |       4 |       10 |      2 |     5 |   -0.321 |     -127.4 |    772 | gen_regfile_ff.register_file_i.rf_reg_q\[510\]$_DFFE_PN0P_/D
iter:149, pass:1, current fixing endpoint: gen_regfile_ff.register_file_i.rf_reg_q\[222\]$_DFFE_PN0P_/D, endpoint slack:-3.1552205e-10
      150 |       0 |       5 |       10 |      2 |     5 |   -0.321 |     -127.6 |    772 | gen_regfile_ff.register_file_i.rf_reg_q\[510\]$_DFFE_PN0P_/D
iter:150, pass:2, current fixing endpoint: gen_regfile_ff.register_file_i.rf_reg_q\[222\]$_DFFE_PN0P_/D, endpoint slack:-3.1566882e-10
      150 |       0 |       4 |       10 |      2 |     5 |   -0.321 |     -127.4 |    772 | gen_regfile_ff.register_file_i.rf_reg_q\[510\]$_DFFE_PN0P_/D
      151 |       0 |       4 |       10 |      2 |     5 |   -0.321 |     -127.4 |    772 | gen_regfile_ff.register_file_i.rf_reg_q\[510\]$_DFFE_PN0P_/D
iter:151, pass:1, current fixing endpoint: gen_regfile_ff.register_file_i.rf_reg_q\[478\]$_DFFE_PN0P_/D, endpoint slack:-3.1546188e-10
      152 |       0 |       5 |       10 |      2 |     5 |   -0.321 |     -127.6 |    772 | gen_regfile_ff.register_file_i.rf_reg_q\[510\]$_DFFE_PN0P_/D
iter:152, pass:2, current fixing endpoint: gen_regfile_ff.register_file_i.rf_reg_q\[478\]$_DFFE_PN0P_/D, endpoint slack:-3.1560865e-10
      152 |       0 |       4 |       10 |      2 |     5 |   -0.321 |     -127.4 |    772 | gen_regfile_ff.register_file_i.rf_reg_q\[510\]$_DFFE_PN0P_/D
      153 |       0 |       4 |       10 |      2 |     5 |   -0.321 |     -127.4 |    772 | gen_regfile_ff.register_file_i.rf_reg_q\[510\]$_DFFE_PN0P_/D
iter:153, pass:1, current fixing endpoint: gen_regfile_ff.register_file_i.rf_reg_q\[158\]$_DFFE_PN0P_/D, endpoint slack:-3.150129e-10
      154 |       0 |       5 |       10 |      2 |     5 |   -0.321 |     -127.6 |    772 | gen_regfile_ff.register_file_i.rf_reg_q\[510\]$_DFFE_PN0P_/D
iter:154, pass:2, current fixing endpoint: gen_regfile_ff.register_file_i.rf_reg_q\[158\]$_DFFE_PN0P_/D, endpoint slack:-3.1515968e-10
      154 |       0 |       4 |       10 |      2 |     5 |   -0.321 |     -127.4 |    772 | gen_regfile_ff.register_file_i.rf_reg_q\[510\]$_DFFE_PN0P_/D
      155 |       0 |       4 |       10 |      2 |     5 |   -0.321 |     -127.4 |    772 | gen_regfile_ff.register_file_i.rf_reg_q\[510\]$_DFFE_PN0P_/D
iter:155, pass:1, current fixing endpoint: gen_regfile_ff.register_file_i.rf_reg_q\[990\]$_DFFE_PN0P_/D, endpoint slack:-3.1466407e-10
      156 |       0 |       5 |       10 |      2 |     5 |   -0.321 |     -127.6 |    772 | gen_regfile_ff.register_file_i.rf_reg_q\[510\]$_DFFE_PN0P_/D
iter:156, pass:2, current fixing endpoint: gen_regfile_ff.register_file_i.rf_reg_q\[990\]$_DFFE_PN0P_/D, endpoint slack:-3.1481062e-10
      156 |       0 |       4 |       10 |      2 |     5 |   -0.321 |     -127.4 |    772 | gen_regfile_ff.register_file_i.rf_reg_q\[510\]$_DFFE_PN0P_/D
      157 |       0 |       4 |       10 |      2 |     5 |   -0.321 |     -127.4 |    772 | gen_regfile_ff.register_file_i.rf_reg_q\[510\]$_DFFE_PN0P_/D
iter:157, pass:1, current fixing endpoint: gen_regfile_ff.register_file_i.rf_reg_q\[606\]$_DFFE_PN0P_/D, endpoint slack:-3.144336e-10
      158 |       0 |       5 |       10 |      2 |     5 |   -0.321 |     -127.6 |    772 | gen_regfile_ff.register_file_i.rf_reg_q\[510\]$_DFFE_PN0P_/D
iter:158, pass:2, current fixing endpoint: gen_regfile_ff.register_file_i.rf_reg_q\[606\]$_DFFE_PN0P_/D, endpoint slack:-3.1458036e-10
      158 |       0 |       4 |       10 |      2 |     5 |   -0.321 |     -127.4 |    772 | gen_regfile_ff.register_file_i.rf_reg_q\[510\]$_DFFE_PN0P_/D
      159 |       0 |       4 |       10 |      2 |     5 |   -0.321 |     -127.4 |    772 | gen_regfile_ff.register_file_i.rf_reg_q\[510\]$_DFFE_PN0P_/D
iter:159, pass:1, current fixing endpoint: gen_regfile_ff.register_file_i.rf_reg_q\[766\]$_DFFE_PN0P_/D, endpoint slack:-3.143248e-10
      160 |       0 |       5 |       10 |      2 |     5 |   -0.321 |     -127.6 |    772 | gen_regfile_ff.register_file_i.rf_reg_q\[510\]$_DFFE_PN0P_/D
iter:160, pass:2, current fixing endpoint: gen_regfile_ff.register_file_i.rf_reg_q\[766\]$_DFFE_PN0P_/D, endpoint slack:-3.1447156e-10
      160 |       0 |       4 |       10 |      2 |     5 |   -0.321 |     -127.4 |    772 | gen_regfile_ff.register_file_i.rf_reg_q\[510\]$_DFFE_PN0P_/D
      161 |       0 |       4 |       10 |      2 |     5 |   -0.321 |     -127.4 |    772 | gen_regfile_ff.register_file_i.rf_reg_q\[510\]$_DFFE_PN0P_/D
iter:161, pass:1, current fixing endpoint: gen_regfile_ff.register_file_i.rf_reg_q\[862\]$_DFFE_PN0P_/D, endpoint slack:-3.141547e-10
      162 |       0 |       5 |       10 |      2 |     5 |   -0.321 |     -127.6 |    772 | gen_regfile_ff.register_file_i.rf_reg_q\[510\]$_DFFE_PN0P_/D
iter:162, pass:2, current fixing endpoint: gen_regfile_ff.register_file_i.rf_reg_q\[862\]$_DFFE_PN0P_/D, endpoint slack:-3.1430147e-10
      162 |       0 |       4 |       10 |      2 |     5 |   -0.321 |     -127.4 |    772 | gen_regfile_ff.register_file_i.rf_reg_q\[510\]$_DFFE_PN0P_/D
      163 |       0 |       4 |       10 |      2 |     5 |   -0.321 |     -127.4 |    772 | gen_regfile_ff.register_file_i.rf_reg_q\[510\]$_DFFE_PN0P_/D
iter:163, pass:1, current fixing endpoint: gen_regfile_ff.register_file_i.rf_reg_q\[446\]$_DFFE_PN0P_/D, endpoint slack:-3.1397285e-10
      164 |       0 |       5 |       10 |      2 |     5 |   -0.321 |     -127.6 |    772 | gen_regfile_ff.register_file_i.rf_reg_q\[510\]$_DFFE_PN0P_/D
iter:164, pass:2, current fixing endpoint: gen_regfile_ff.register_file_i.rf_reg_q\[446\]$_DFFE_PN0P_/D, endpoint slack:-3.1411962e-10
      164 |       0 |       4 |       10 |      2 |     5 |   -0.321 |     -127.4 |    772 | gen_regfile_ff.register_file_i.rf_reg_q\[510\]$_DFFE_PN0P_/D
      165 |       0 |       4 |       10 |      2 |     5 |   -0.321 |     -127.4 |    772 | gen_regfile_ff.register_file_i.rf_reg_q\[510\]$_DFFE_PN0P_/D
iter:165, pass:1, current fixing endpoint: gen_regfile_ff.register_file_i.rf_reg_q\[798\]$_DFFE_PN0P_/D, endpoint slack:-3.1384473e-10
      166 |       0 |       5 |       10 |      2 |     5 |   -0.321 |     -127.6 |    772 | gen_regfile_ff.register_file_i.rf_reg_q\[510\]$_DFFE_PN0P_/D
iter:166, pass:2, current fixing endpoint: gen_regfile_ff.register_file_i.rf_reg_q\[798\]$_DFFE_PN0P_/D, endpoint slack:-3.139915e-10
      166 |       0 |       4 |       10 |      2 |     5 |   -0.321 |     -127.4 |    772 | gen_regfile_ff.register_file_i.rf_reg_q\[510\]$_DFFE_PN0P_/D
      167 |       0 |       4 |       10 |      2 |     5 |   -0.321 |     -127.4 |    772 | gen_regfile_ff.register_file_i.rf_reg_q\[510\]$_DFFE_PN0P_/D
iter:167, pass:1, current fixing endpoint: gen_regfile_ff.register_file_i.rf_reg_q\[830\]$_DFFE_PN0P_/D, endpoint slack:-3.1380387e-10
      168 |       0 |       5 |       10 |      2 |     5 |   -0.321 |     -127.6 |    772 | gen_regfile_ff.register_file_i.rf_reg_q\[510\]$_DFFE_PN0P_/D
iter:168, pass:2, current fixing endpoint: gen_regfile_ff.register_file_i.rf_reg_q\[830\]$_DFFE_PN0P_/D, endpoint slack:-3.1395064e-10
      168 |       0 |       4 |       10 |      2 |     5 |   -0.321 |     -127.4 |    772 | gen_regfile_ff.register_file_i.rf_reg_q\[510\]$_DFFE_PN0P_/D
      169 |       0 |       4 |       10 |      2 |     5 |   -0.321 |     -127.4 |    772 | gen_regfile_ff.register_file_i.rf_reg_q\[510\]$_DFFE_PN0P_/D
iter:169, pass:1, current fixing endpoint: gen_regfile_ff.register_file_i.rf_reg_q\[318\]$_DFFE_PN0P_/D, endpoint slack:-3.1378056e-10
      170 |       0 |       5 |       10 |      2 |     5 |   -0.321 |     -127.6 |    772 | gen_regfile_ff.register_file_i.rf_reg_q\[510\]$_DFFE_PN0P_/D
iter:170, pass:2, current fixing endpoint: gen_regfile_ff.register_file_i.rf_reg_q\[318\]$_DFFE_PN0P_/D, endpoint slack:-3.1392733e-10
      170 |       0 |       4 |       10 |      2 |     5 |   -0.321 |     -127.4 |    772 | gen_regfile_ff.register_file_i.rf_reg_q\[510\]$_DFFE_PN0P_/D
      171 |       0 |       4 |       10 |      2 |     5 |   -0.321 |     -127.4 |    772 | gen_regfile_ff.register_file_i.rf_reg_q\[510\]$_DFFE_PN0P_/D
iter:171, pass:1, current fixing endpoint: gen_regfile_ff.register_file_i.rf_reg_q\[414\]$_DFFE_PN0P_/D, endpoint slack:-3.131937e-10
      172 |       0 |       5 |       10 |      2 |     5 |   -0.321 |     -127.6 |    772 | gen_regfile_ff.register_file_i.rf_reg_q\[510\]$_DFFE_PN0P_/D
iter:172, pass:2, current fixing endpoint: gen_regfile_ff.register_file_i.rf_reg_q\[414\]$_DFFE_PN0P_/D, endpoint slack:-3.1334046e-10
      172 |       0 |       4 |       10 |      2 |     5 |   -0.321 |     -127.4 |    772 | gen_regfile_ff.register_file_i.rf_reg_q\[510\]$_DFFE_PN0P_/D
      173 |       0 |       4 |       10 |      2 |     5 |   -0.321 |     -127.4 |    772 | gen_regfile_ff.register_file_i.rf_reg_q\[510\]$_DFFE_PN0P_/D
iter:173, pass:1, current fixing endpoint: gen_regfile_ff.register_file_i.rf_reg_q\[894\]$_DFFE_PN0P_/D, endpoint slack:-2.905025e-10
      174 |       0 |       5 |       10 |      2 |     5 |   -0.321 |     -127.6 |    772 | gen_regfile_ff.register_file_i.rf_reg_q\[510\]$_DFFE_PN0P_/D
iter:174, pass:2, current fixing endpoint: gen_regfile_ff.register_file_i.rf_reg_q\[894\]$_DFFE_PN0P_/D, endpoint slack:-2.9064928e-10
      174 |       0 |       4 |       10 |      2 |     5 |   -0.321 |     -127.4 |    772 | gen_regfile_ff.register_file_i.rf_reg_q\[510\]$_DFFE_PN0P_/D
      175 |       0 |       4 |       10 |      2 |     5 |   -0.321 |     -127.4 |    772 | gen_regfile_ff.register_file_i.rf_reg_q\[510\]$_DFFE_PN0P_/D
iter:175, pass:1, current fixing endpoint: gen_regfile_ff.register_file_i.rf_reg_q\[27\]$_DFFE_PN0P_/D, endpoint slack:-2.6809244e-10
      176 |       0 |       4 |       10 |      2 |     6 |   -0.321 |     -126.5 |    772 | gen_regfile_ff.register_file_i.rf_reg_q\[510\]$_DFFE_PN0P_/D
iter:176, pass:2, current fixing endpoint: gen_regfile_ff.register_file_i.rf_reg_q\[27\]$_DFFE_PN0P_/D, endpoint slack:-2.642515e-10
      177 |       0 |       4 |       10 |      2 |     7 |   -0.321 |     -127.4 |    772 | gen_regfile_ff.register_file_i.rf_reg_q\[510\]$_DFFE_PN0P_/D
iter:177, pass:3, current fixing endpoint: gen_regfile_ff.register_file_i.rf_reg_q\[27\]$_DFFE_PN0P_/D, endpoint slack:-2.714564e-10
      178 |       0 |       4 |       10 |      2 |     8 |   -0.321 |     -127.2 |    772 | gen_regfile_ff.register_file_i.rf_reg_q\[510\]$_DFFE_PN0P_/D
iter:178, pass:4, current fixing endpoint: gen_regfile_ff.register_file_i.rf_reg_q\[27\]$_DFFE_PN0P_/D, endpoint slack:-2.6579272e-10
      179 |       0 |       4 |       10 |      2 |     9 |   -0.321 |     -127.3 |    772 | gen_regfile_ff.register_file_i.rf_reg_q\[510\]$_DFFE_PN0P_/D
iter:179, pass:5, current fixing endpoint: gen_regfile_ff.register_file_i.rf_reg_q\[27\]$_DFFE_PN0P_/D, endpoint slack:-2.6587776e-10
      180 |       0 |       4 |       10 |      2 |    10 |   -0.321 |     -125.9 |    772 | gen_regfile_ff.register_file_i.rf_reg_q\[510\]$_DFFE_PN0P_/D
iter:180, pass:6, current fixing endpoint: gen_regfile_ff.register_file_i.rf_reg_q\[27\]$_DFFE_PN0P_/D, endpoint slack:-2.579752e-10
      181 |       0 |       4 |       10 |      2 |    11 |   -0.321 |     -126.0 |    772 | gen_regfile_ff.register_file_i.rf_reg_q\[510\]$_DFFE_PN0P_/D
iter:181, pass:7, current fixing endpoint: gen_regfile_ff.register_file_i.rf_reg_q\[27\]$_DFFE_PN0P_/D, endpoint slack:-2.5970914e-10
      182 |       0 |       4 |       10 |      2 |    12 |   -0.321 |     -127.1 |    772 | gen_regfile_ff.register_file_i.rf_reg_q\[510\]$_DFFE_PN0P_/D
iter:182, pass:8, current fixing endpoint: gen_regfile_ff.register_file_i.rf_reg_q\[27\]$_DFFE_PN0P_/D, endpoint slack:-2.6424285e-10
      183 |       0 |       4 |       10 |      2 |    13 |   -0.321 |     -127.2 |    772 | gen_regfile_ff.register_file_i.rf_reg_q\[510\]$_DFFE_PN0P_/D
iter:183, pass:9, current fixing endpoint: gen_regfile_ff.register_file_i.rf_reg_q\[27\]$_DFFE_PN0P_/D, endpoint slack:-2.6608937e-10
      184 |       0 |       4 |       10 |      2 |    14 |   -0.321 |     -127.3 |    772 | gen_regfile_ff.register_file_i.rf_reg_q\[510\]$_DFFE_PN0P_/D
iter:184, pass:10, current fixing endpoint: gen_regfile_ff.register_file_i.rf_reg_q\[27\]$_DFFE_PN0P_/D, endpoint slack:-2.6882874e-10
      185 |       0 |       4 |       10 |      2 |    15 |   -0.321 |     -126.7 |    772 | gen_regfile_ff.register_file_i.rf_reg_q\[510\]$_DFFE_PN0P_/D
iter:185, pass:11, current fixing endpoint: gen_regfile_ff.register_file_i.rf_reg_q\[27\]$_DFFE_PN0P_/D, endpoint slack:-2.6545832e-10
      186 |       0 |       4 |       10 |      2 |    16 |   -0.321 |     -126.9 |    772 | gen_regfile_ff.register_file_i.rf_reg_q\[510\]$_DFFE_PN0P_/D
iter:186, pass:12, current fixing endpoint: gen_regfile_ff.register_file_i.rf_reg_q\[27\]$_DFFE_PN0P_/D, endpoint slack:-2.7000513e-10
      187 |       0 |       4 |       10 |      2 |    17 |   -0.321 |     -126.8 |    772 | gen_regfile_ff.register_file_i.rf_reg_q\[510\]$_DFFE_PN0P_/D
iter:187, pass:13, current fixing endpoint: gen_regfile_ff.register_file_i.rf_reg_q\[27\]$_DFFE_PN0P_/D, endpoint slack:-2.6967895e-10
      188 |       0 |       5 |       10 |      2 |    17 |   -0.323 |     -127.3 |    772 | gen_regfile_ff.register_file_i.rf_reg_q\[510\]$_DFFE_PN0P_/D
iter:188, pass:14, current fixing endpoint: gen_regfile_ff.register_file_i.rf_reg_q\[27\]$_DFFE_PN0P_/D, endpoint slack:-2.687437e-10
      188 |       0 |       4 |       10 |      2 |    12 |   -0.321 |     -127.1 |    772 | gen_regfile_ff.register_file_i.rf_reg_q\[510\]$_DFFE_PN0P_/D
      189 |       0 |       4 |       10 |      2 |    12 |   -0.321 |     -127.1 |    772 | gen_regfile_ff.register_file_i.rf_reg_q\[510\]$_DFFE_PN0P_/D
iter:189, pass:1, current fixing endpoint: gen_regfile_ff.register_file_i.rf_reg_q\[155\]$_DFFE_PN0P_/D, endpoint slack:-2.6253066e-10
      190 |       0 |       5 |       10 |      2 |    12 |   -0.323 |     -127.6 |    772 | gen_regfile_ff.register_file_i.rf_reg_q\[510\]$_DFFE_PN0P_/D
iter:190, pass:2, current fixing endpoint: gen_regfile_ff.register_file_i.rf_reg_q\[155\]$_DFFE_PN0P_/D, endpoint slack:-2.615954e-10
      190 |       0 |       4 |       10 |      2 |    12 |   -0.321 |     -127.1 |    772 | gen_regfile_ff.register_file_i.rf_reg_q\[510\]$_DFFE_PN0P_/D
      191 |       0 |       4 |       10 |      2 |    12 |   -0.321 |     -127.1 |    772 | gen_regfile_ff.register_file_i.rf_reg_q\[510\]$_DFFE_PN0P_/D
iter:191, pass:1, current fixing endpoint: gen_regfile_ff.register_file_i.rf_reg_q\[123\]$_DFFE_PN0P_/D, endpoint slack:-2.6161429e-10
      192 |       0 |       5 |       10 |      2 |    12 |   -0.323 |     -127.6 |    772 | gen_regfile_ff.register_file_i.rf_reg_q\[510\]$_DFFE_PN0P_/D
iter:192, pass:2, current fixing endpoint: gen_regfile_ff.register_file_i.rf_reg_q\[123\]$_DFFE_PN0P_/D, endpoint slack:-2.6067903e-10
      192 |       0 |       4 |       10 |      2 |    12 |   -0.321 |     -127.1 |    772 | gen_regfile_ff.register_file_i.rf_reg_q\[510\]$_DFFE_PN0P_/D
      193 |       0 |       4 |       10 |      2 |    12 |   -0.321 |     -127.1 |    772 | gen_regfile_ff.register_file_i.rf_reg_q\[510\]$_DFFE_PN0P_/D
iter:193, pass:1, current fixing endpoint: gen_regfile_ff.register_file_i.rf_reg_q\[219\]$_DFFE_PN0P_/D, endpoint slack:-2.613414e-10
      194 |       0 |       5 |       10 |      2 |    12 |   -0.323 |     -127.6 |    772 | gen_regfile_ff.register_file_i.rf_reg_q\[510\]$_DFFE_PN0P_/D
iter:194, pass:2, current fixing endpoint: gen_regfile_ff.register_file_i.rf_reg_q\[219\]$_DFFE_PN0P_/D, endpoint slack:-2.6040614e-10
      194 |       0 |       4 |       10 |      2 |    12 |   -0.321 |     -127.1 |    772 | gen_regfile_ff.register_file_i.rf_reg_q\[510\]$_DFFE_PN0P_/D
      195 |       0 |       4 |       10 |      2 |    12 |   -0.321 |     -127.1 |    772 | gen_regfile_ff.register_file_i.rf_reg_q\[510\]$_DFFE_PN0P_/D
iter:195, pass:1, current fixing endpoint: gen_regfile_ff.register_file_i.rf_reg_q\[603\]$_DFFE_PN0P_/D, endpoint slack:-2.609688e-10
      196 |       0 |       5 |       10 |      2 |    12 |   -0.323 |     -127.6 |    772 | gen_regfile_ff.register_file_i.rf_reg_q\[510\]$_DFFE_PN0P_/D
iter:196, pass:2, current fixing endpoint: gen_regfile_ff.register_file_i.rf_reg_q\[603\]$_DFFE_PN0P_/D, endpoint slack:-2.6003355e-10
      196 |       0 |       4 |       10 |      2 |    12 |   -0.321 |     -127.1 |    772 | gen_regfile_ff.register_file_i.rf_reg_q\[510\]$_DFFE_PN0P_/D
      197 |       0 |       4 |       10 |      2 |    12 |   -0.321 |     -127.1 |    772 | gen_regfile_ff.register_file_i.rf_reg_q\[510\]$_DFFE_PN0P_/D
iter:197, pass:1, current fixing endpoint: gen_regfile_ff.register_file_i.rf_reg_q\[187\]$_DFFE_PN0P_/D, endpoint slack:-2.6078317e-10
      198 |       0 |       5 |       10 |      2 |    12 |   -0.323 |     -127.6 |    772 | gen_regfile_ff.register_file_i.rf_reg_q\[510\]$_DFFE_PN0P_/D
iter:198, pass:2, current fixing endpoint: gen_regfile_ff.register_file_i.rf_reg_q\[187\]$_DFFE_PN0P_/D, endpoint slack:-2.5984792e-10
      198 |       0 |       4 |       10 |      2 |    12 |   -0.321 |     -127.1 |    772 | gen_regfile_ff.register_file_i.rf_reg_q\[510\]$_DFFE_PN0P_/D
      199 |       0 |       4 |       10 |      2 |    12 |   -0.321 |     -127.1 |    772 | gen_regfile_ff.register_file_i.rf_reg_q\[510\]$_DFFE_PN0P_/D
iter:199, pass:1, current fixing endpoint: gen_regfile_ff.register_file_i.rf_reg_q\[731\]$_DFFE_PN0P_/D, endpoint slack:-2.607814e-10
      200 |       0 |       5 |       10 |      2 |    12 |   -0.323 |     -127.6 |    772 | gen_regfile_ff.register_file_i.rf_reg_q\[510\]$_DFFE_PN0P_/D
iter:200, pass:2, current fixing endpoint: gen_regfile_ff.register_file_i.rf_reg_q\[731\]$_DFFE_PN0P_/D, endpoint slack:-2.5984614e-10
      200 |       0 |       4 |       10 |      2 |    12 |   -0.321 |     -127.1 |    772 | gen_regfile_ff.register_file_i.rf_reg_q\[510\]$_DFFE_PN0P_/D
      201 |       0 |       4 |       10 |      2 |    12 |   -0.321 |     -127.1 |    772 | gen_regfile_ff.register_file_i.rf_reg_q\[510\]$_DFFE_PN0P_/D
iter:201, pass:1, current fixing endpoint: gen_regfile_ff.register_file_i.rf_reg_q\[59\]$_DFFE_PN0P_/D, endpoint slack:-2.6066216e-10
      202 |       0 |       5 |       10 |      2 |    12 |   -0.323 |     -127.6 |    772 | gen_regfile_ff.register_file_i.rf_reg_q\[510\]$_DFFE_PN0P_/D
iter:202, pass:2, current fixing endpoint: gen_regfile_ff.register_file_i.rf_reg_q\[59\]$_DFFE_PN0P_/D, endpoint slack:-2.597269e-10
      202 |       0 |       4 |       10 |      2 |    12 |   -0.321 |     -127.1 |    772 | gen_regfile_ff.register_file_i.rf_reg_q\[510\]$_DFFE_PN0P_/D
      203 |       0 |       4 |       10 |      2 |    12 |   -0.321 |     -127.1 |    772 | gen_regfile_ff.register_file_i.rf_reg_q\[510\]$_DFFE_PN0P_/D
iter:203, pass:1, current fixing endpoint: gen_regfile_ff.register_file_i.rf_reg_q\[699\]$_DFFE_PN0P_/D, endpoint slack:-2.6038327e-10
      204 |       0 |       5 |       10 |      2 |    12 |   -0.323 |     -127.6 |    772 | gen_regfile_ff.register_file_i.rf_reg_q\[510\]$_DFFE_PN0P_/D
iter:204, pass:2, current fixing endpoint: gen_regfile_ff.register_file_i.rf_reg_q\[699\]$_DFFE_PN0P_/D, endpoint slack:-2.5944802e-10
      204 |       0 |       4 |       10 |      2 |    12 |   -0.321 |     -127.1 |    772 | gen_regfile_ff.register_file_i.rf_reg_q\[510\]$_DFFE_PN0P_/D
      205 |       0 |       4 |       10 |      2 |    12 |   -0.321 |     -127.1 |    772 | gen_regfile_ff.register_file_i.rf_reg_q\[510\]$_DFFE_PN0P_/D
iter:205, pass:1, current fixing endpoint: gen_regfile_ff.register_file_i.rf_reg_q\[539\]$_DFFE_PN0P_/D, endpoint slack:-2.602849e-10
      206 |       0 |       5 |       10 |      2 |    12 |   -0.323 |     -127.6 |    772 | gen_regfile_ff.register_file_i.rf_reg_q\[510\]$_DFFE_PN0P_/D
iter:206, pass:2, current fixing endpoint: gen_regfile_ff.register_file_i.rf_reg_q\[539\]$_DFFE_PN0P_/D, endpoint slack:-2.5934965e-10
      206 |       0 |       4 |       10 |      2 |    12 |   -0.321 |     -127.1 |    772 | gen_regfile_ff.register_file_i.rf_reg_q\[510\]$_DFFE_PN0P_/D
      207 |       0 |       4 |       10 |      2 |    12 |   -0.321 |     -127.1 |    772 | gen_regfile_ff.register_file_i.rf_reg_q\[510\]$_DFFE_PN0P_/D
iter:207, pass:1, current fixing endpoint: gen_regfile_ff.register_file_i.rf_reg_q\[91\]$_DFFE_PN0P_/D, endpoint slack:-2.602416e-10
      208 |       0 |       5 |       10 |      2 |    12 |   -0.323 |     -127.6 |    772 | gen_regfile_ff.register_file_i.rf_reg_q\[510\]$_DFFE_PN0P_/D
iter:208, pass:2, current fixing endpoint: gen_regfile_ff.register_file_i.rf_reg_q\[91\]$_DFFE_PN0P_/D, endpoint slack:-2.5930635e-10
      208 |       0 |       4 |       10 |      2 |    12 |   -0.321 |     -127.1 |    772 | gen_regfile_ff.register_file_i.rf_reg_q\[510\]$_DFFE_PN0P_/D
      209 |       0 |       4 |       10 |      2 |    12 |   -0.321 |     -127.1 |    772 | gen_regfile_ff.register_file_i.rf_reg_q\[510\]$_DFFE_PN0P_/D
iter:209, pass:1, current fixing endpoint: gen_regfile_ff.register_file_i.rf_reg_q\[667\]$_DFFE_PN0P_/D, endpoint slack:-2.6024072e-10
      210 |       0 |       5 |       10 |      2 |    12 |   -0.323 |     -127.6 |    772 | gen_regfile_ff.register_file_i.rf_reg_q\[510\]$_DFFE_PN0P_/D
iter:210, pass:2, current fixing endpoint: gen_regfile_ff.register_file_i.rf_reg_q\[667\]$_DFFE_PN0P_/D, endpoint slack:-2.5930547e-10
      210 |       0 |       4 |       10 |      2 |    12 |   -0.321 |     -127.1 |    772 | gen_regfile_ff.register_file_i.rf_reg_q\[510\]$_DFFE_PN0P_/D
      211 |       0 |       4 |       10 |      2 |    12 |   -0.321 |     -127.1 |    772 | gen_regfile_ff.register_file_i.rf_reg_q\[510\]$_DFFE_PN0P_/D
iter:211, pass:1, current fixing endpoint: gen_regfile_ff.register_file_i.rf_reg_q\[859\]$_DFFE_PN0P_/D, endpoint slack:-2.6014257e-10
      212 |       0 |       5 |       10 |      2 |    12 |   -0.323 |     -127.6 |    772 | gen_regfile_ff.register_file_i.rf_reg_q\[510\]$_DFFE_PN0P_/D
iter:212, pass:2, current fixing endpoint: gen_regfile_ff.register_file_i.rf_reg_q\[859\]$_DFFE_PN0P_/D, endpoint slack:-2.5920732e-10
      212 |       0 |       4 |       10 |      2 |    12 |   -0.321 |     -127.1 |    772 | gen_regfile_ff.register_file_i.rf_reg_q\[510\]$_DFFE_PN0P_/D
      213 |       0 |       4 |       10 |      2 |    12 |   -0.321 |     -127.1 |    772 | gen_regfile_ff.register_file_i.rf_reg_q\[510\]$_DFFE_PN0P_/D
iter:213, pass:1, current fixing endpoint: gen_regfile_ff.register_file_i.rf_reg_q\[923\]$_DFFE_PN0P_/D, endpoint slack:-2.6011704e-10
      214 |       0 |       5 |       10 |      2 |    12 |   -0.323 |     -127.6 |    772 | gen_regfile_ff.register_file_i.rf_reg_q\[510\]$_DFFE_PN0P_/D
iter:214, pass:2, current fixing endpoint: gen_regfile_ff.register_file_i.rf_reg_q\[923\]$_DFFE_PN0P_/D, endpoint slack:-2.591818e-10
      214 |       0 |       4 |       10 |      2 |    12 |   -0.321 |     -127.1 |    772 | gen_regfile_ff.register_file_i.rf_reg_q\[510\]$_DFFE_PN0P_/D
      215 |       0 |       4 |       10 |      2 |    12 |   -0.321 |     -127.1 |    772 | gen_regfile_ff.register_file_i.rf_reg_q\[510\]$_DFFE_PN0P_/D
iter:215, pass:1, current fixing endpoint: gen_regfile_ff.register_file_i.rf_reg_q\[411\]$_DFFE_PN0P_/D, endpoint slack:-2.5995073e-10
      216 |       0 |       5 |       10 |      2 |    12 |   -0.323 |     -127.6 |    772 | gen_regfile_ff.register_file_i.rf_reg_q\[510\]$_DFFE_PN0P_/D
iter:216, pass:2, current fixing endpoint: gen_regfile_ff.register_file_i.rf_reg_q\[411\]$_DFFE_PN0P_/D, endpoint slack:-2.5901548e-10
      216 |       0 |       4 |       10 |      2 |    12 |   -0.321 |     -127.1 |    772 | gen_regfile_ff.register_file_i.rf_reg_q\[510\]$_DFFE_PN0P_/D
      217 |       0 |       4 |       10 |      2 |    12 |   -0.321 |     -127.1 |    772 | gen_regfile_ff.register_file_i.rf_reg_q\[510\]$_DFFE_PN0P_/D
iter:217, pass:1, current fixing endpoint: gen_regfile_ff.register_file_i.rf_reg_q\[635\]$_DFFE_PN0P_/D, endpoint slack:-2.5988522e-10
      218 |       0 |       5 |       10 |      2 |    12 |   -0.323 |     -127.6 |    772 | gen_regfile_ff.register_file_i.rf_reg_q\[510\]$_DFFE_PN0P_/D
iter:218, pass:2, current fixing endpoint: gen_regfile_ff.register_file_i.rf_reg_q\[635\]$_DFFE_PN0P_/D, endpoint slack:-2.5894997e-10
      218 |       0 |       4 |       10 |      2 |    12 |   -0.321 |     -127.1 |    772 | gen_regfile_ff.register_file_i.rf_reg_q\[510\]$_DFFE_PN0P_/D
      219 |       0 |       4 |       10 |      2 |    12 |   -0.321 |     -127.1 |    772 | gen_regfile_ff.register_file_i.rf_reg_q\[510\]$_DFFE_PN0P_/D
iter:219, pass:1, current fixing endpoint: gen_regfile_ff.register_file_i.rf_reg_q\[763\]$_DFFE_PN0P_/D, endpoint slack:-2.5970248e-10
      220 |       0 |       5 |       10 |      2 |    12 |   -0.323 |     -127.6 |    772 | gen_regfile_ff.register_file_i.rf_reg_q\[510\]$_DFFE_PN0P_/D
iter:220, pass:2, current fixing endpoint: gen_regfile_ff.register_file_i.rf_reg_q\[763\]$_DFFE_PN0P_/D, endpoint slack:-2.5876723e-10
      220 |       0 |       4 |       10 |      2 |    12 |   -0.321 |     -127.1 |    772 | gen_regfile_ff.register_file_i.rf_reg_q\[510\]$_DFFE_PN0P_/D
      221 |       0 |       4 |       10 |      2 |    12 |   -0.321 |     -127.1 |    772 | gen_regfile_ff.register_file_i.rf_reg_q\[510\]$_DFFE_PN0P_/D
iter:221, pass:1, current fixing endpoint: gen_regfile_ff.register_file_i.rf_reg_q\[475\]$_DFFE_PN0P_/D, endpoint slack:-2.5955638e-10
      222 |       0 |       5 |       10 |      2 |    12 |   -0.323 |     -127.6 |    772 | gen_regfile_ff.register_file_i.rf_reg_q\[510\]$_DFFE_PN0P_/D
iter:222, pass:2, current fixing endpoint: gen_regfile_ff.register_file_i.rf_reg_q\[475\]$_DFFE_PN0P_/D, endpoint slack:-2.5862112e-10
      222 |       0 |       4 |       10 |      2 |    12 |   -0.321 |     -127.1 |    772 | gen_regfile_ff.register_file_i.rf_reg_q\[510\]$_DFFE_PN0P_/D
      223 |       0 |       4 |       10 |      2 |    12 |   -0.321 |     -127.1 |    772 | gen_regfile_ff.register_file_i.rf_reg_q\[510\]$_DFFE_PN0P_/D
iter:223, pass:1, current fixing endpoint: gen_regfile_ff.register_file_i.rf_reg_q\[571\]$_DFFE_PN0P_/D, endpoint slack:-2.594649e-10
      224 |       0 |       5 |       10 |      2 |    12 |   -0.323 |     -127.6 |    772 | gen_regfile_ff.register_file_i.rf_reg_q\[510\]$_DFFE_PN0P_/D
iter:224, pass:2, current fixing endpoint: gen_regfile_ff.register_file_i.rf_reg_q\[571\]$_DFFE_PN0P_/D, endpoint slack:-2.5852964e-10
      224 |       0 |       4 |       10 |      2 |    12 |   -0.321 |     -127.1 |    772 | gen_regfile_ff.register_file_i.rf_reg_q\[510\]$_DFFE_PN0P_/D
      225 |       0 |       4 |       10 |      2 |    12 |   -0.321 |     -127.1 |    772 | gen_regfile_ff.register_file_i.rf_reg_q\[510\]$_DFFE_PN0P_/D
iter:225, pass:1, current fixing endpoint: gen_regfile_ff.register_file_i.rf_reg_q\[955\]$_DFFE_PN0P_/D, endpoint slack:-2.5942803e-10
      226 |       0 |       5 |       10 |      2 |    12 |   -0.323 |     -127.6 |    772 | gen_regfile_ff.register_file_i.rf_reg_q\[510\]$_DFFE_PN0P_/D
iter:226, pass:2, current fixing endpoint: gen_regfile_ff.register_file_i.rf_reg_q\[955\]$_DFFE_PN0P_/D, endpoint slack:-2.5849278e-10
      226 |       0 |       4 |       10 |      2 |    12 |   -0.321 |     -127.1 |    772 | gen_regfile_ff.register_file_i.rf_reg_q\[510\]$_DFFE_PN0P_/D
      227 |       0 |       4 |       10 |      2 |    12 |   -0.321 |     -127.1 |    772 | gen_regfile_ff.register_file_i.rf_reg_q\[510\]$_DFFE_PN0P_/D
iter:227, pass:1, current fixing endpoint: gen_regfile_ff.register_file_i.rf_reg_q\[987\]$_DFFE_PN0P_/D, endpoint slack:-2.5872282e-10
      228 |       0 |       5 |       10 |      2 |    12 |   -0.323 |     -127.6 |    772 | gen_regfile_ff.register_file_i.rf_reg_q\[510\]$_DFFE_PN0P_/D
iter:228, pass:2, current fixing endpoint: gen_regfile_ff.register_file_i.rf_reg_q\[987\]$_DFFE_PN0P_/D, endpoint slack:-2.5778757e-10
      228 |       0 |       4 |       10 |      2 |    12 |   -0.321 |     -127.1 |    772 | gen_regfile_ff.register_file_i.rf_reg_q\[510\]$_DFFE_PN0P_/D
      229 |       0 |       4 |       10 |      2 |    12 |   -0.321 |     -127.1 |    772 | gen_regfile_ff.register_file_i.rf_reg_q\[510\]$_DFFE_PN0P_/D
iter:229, pass:1, current fixing endpoint: gen_regfile_ff.register_file_i.rf_reg_q\[443\]$_DFFE_PN0P_/D, endpoint slack:-2.5859004e-10
      230 |       0 |       5 |       10 |      2 |    12 |   -0.323 |     -127.6 |    772 | gen_regfile_ff.register_file_i.rf_reg_q\[510\]$_DFFE_PN0P_/D
iter:230, pass:2, current fixing endpoint: gen_regfile_ff.register_file_i.rf_reg_q\[443\]$_DFFE_PN0P_/D, endpoint slack:-2.576548e-10
      230 |       0 |       4 |       10 |      2 |    12 |   -0.321 |     -127.1 |    772 | gen_regfile_ff.register_file_i.rf_reg_q\[510\]$_DFFE_PN0P_/D
      231 |       0 |       4 |       10 |      2 |    12 |   -0.321 |     -127.1 |    772 | gen_regfile_ff.register_file_i.rf_reg_q\[510\]$_DFFE_PN0P_/D
iter:231, pass:1, current fixing endpoint: gen_regfile_ff.register_file_i.rf_reg_q\[507\]$_DFFE_PN0P_/D, endpoint slack:-2.585785e-10
      232 |       0 |       5 |       10 |      2 |    12 |   -0.323 |     -127.6 |    772 | gen_regfile_ff.register_file_i.rf_reg_q\[510\]$_DFFE_PN0P_/D
iter:232, pass:2, current fixing endpoint: gen_regfile_ff.register_file_i.rf_reg_q\[507\]$_DFFE_PN0P_/D, endpoint slack:-2.5764324e-10
      232 |       0 |       4 |       10 |      2 |    12 |   -0.321 |     -127.1 |    772 | gen_regfile_ff.register_file_i.rf_reg_q\[510\]$_DFFE_PN0P_/D
      233 |       0 |       4 |       10 |      2 |    12 |   -0.321 |     -127.1 |    772 | gen_regfile_ff.register_file_i.rf_reg_q\[510\]$_DFFE_PN0P_/D
iter:233, pass:1, current fixing endpoint: gen_regfile_ff.register_file_i.rf_reg_q\[379\]$_DFFE_PN0P_/D, endpoint slack:-2.5853764e-10
      234 |       0 |       5 |       10 |      2 |    12 |   -0.323 |     -127.6 |    772 | gen_regfile_ff.register_file_i.rf_reg_q\[510\]$_DFFE_PN0P_/D
iter:234, pass:2, current fixing endpoint: gen_regfile_ff.register_file_i.rf_reg_q\[379\]$_DFFE_PN0P_/D, endpoint slack:-2.5760238e-10
      234 |       0 |       4 |       10 |      2 |    12 |   -0.321 |     -127.1 |    772 | gen_regfile_ff.register_file_i.rf_reg_q\[510\]$_DFFE_PN0P_/D
      235 |       0 |       4 |       10 |      2 |    12 |   -0.321 |     -127.1 |    772 | gen_regfile_ff.register_file_i.rf_reg_q\[510\]$_DFFE_PN0P_/D
iter:235, pass:1, current fixing endpoint: gen_regfile_ff.register_file_i.rf_reg_q\[315\]$_DFFE_PN0P_/D, endpoint slack:-2.5816904e-10
      236 |       0 |       5 |       10 |      2 |    12 |   -0.323 |     -127.6 |    772 | gen_regfile_ff.register_file_i.rf_reg_q\[510\]$_DFFE_PN0P_/D
iter:236, pass:2, current fixing endpoint: gen_regfile_ff.register_file_i.rf_reg_q\[315\]$_DFFE_PN0P_/D, endpoint slack:-2.572338e-10
      236 |       0 |       4 |       10 |      2 |    12 |   -0.321 |     -127.1 |    772 | gen_regfile_ff.register_file_i.rf_reg_q\[510\]$_DFFE_PN0P_/D
      237 |       0 |       4 |       10 |      2 |    12 |   -0.321 |     -127.1 |    772 | gen_regfile_ff.register_file_i.rf_reg_q\[510\]$_DFFE_PN0P_/D
iter:237, pass:1, current fixing endpoint: gen_regfile_ff.register_file_i.rf_reg_q\[347\]$_DFFE_PN0P_/D, endpoint slack:-2.579572e-10
      238 |       0 |       5 |       10 |      2 |    12 |   -0.323 |     -127.6 |    772 | gen_regfile_ff.register_file_i.rf_reg_q\[510\]$_DFFE_PN0P_/D
iter:238, pass:2, current fixing endpoint: gen_regfile_ff.register_file_i.rf_reg_q\[347\]$_DFFE_PN0P_/D, endpoint slack:-2.5702196e-10
      238 |       0 |       4 |       10 |      2 |    12 |   -0.321 |     -127.1 |    772 | gen_regfile_ff.register_file_i.rf_reg_q\[510\]$_DFFE_PN0P_/D
      239 |       0 |       4 |       10 |      2 |    12 |   -0.321 |     -127.1 |    772 | gen_regfile_ff.register_file_i.rf_reg_q\[510\]$_DFFE_PN0P_/D
iter:239, pass:1, current fixing endpoint: gen_regfile_ff.register_file_i.rf_reg_q\[795\]$_DFFE_PN0P_/D, endpoint slack:-2.578171e-10
      240 |       0 |       5 |       10 |      2 |    12 |   -0.323 |     -127.6 |    772 | gen_regfile_ff.register_file_i.rf_reg_q\[510\]$_DFFE_PN0P_/D
iter:240, pass:2, current fixing endpoint: gen_regfile_ff.register_file_i.rf_reg_q\[795\]$_DFFE_PN0P_/D, endpoint slack:-2.5688185e-10
      240 |       0 |       4 |       10 |      2 |    12 |   -0.321 |     -127.1 |    772 | gen_regfile_ff.register_file_i.rf_reg_q\[510\]$_DFFE_PN0P_/D
      241 |       0 |       4 |       10 |      2 |    12 |   -0.321 |     -127.1 |    772 | gen_regfile_ff.register_file_i.rf_reg_q\[510\]$_DFFE_PN0P_/D
iter:241, pass:1, current fixing endpoint: gen_regfile_ff.register_file_i.rf_reg_q\[251\]$_DFFE_PN0P_/D, endpoint slack:-2.5703484e-10
      242 |       0 |       5 |       10 |      2 |    12 |   -0.323 |     -127.6 |    772 | gen_regfile_ff.register_file_i.rf_reg_q\[510\]$_DFFE_PN0P_/D
iter:242, pass:2, current fixing endpoint: gen_regfile_ff.register_file_i.rf_reg_q\[251\]$_DFFE_PN0P_/D, endpoint slack:-2.5609959e-10
      242 |       0 |       4 |       10 |      2 |    12 |   -0.321 |     -127.1 |    772 | gen_regfile_ff.register_file_i.rf_reg_q\[510\]$_DFFE_PN0P_/D
      243 |       0 |       4 |       10 |      2 |    12 |   -0.321 |     -127.1 |    772 | gen_regfile_ff.register_file_i.rf_reg_q\[510\]$_DFFE_PN0P_/D
iter:243, pass:1, current fixing endpoint: gen_regfile_ff.register_file_i.rf_reg_q\[283\]$_DFFE_PN0P_/D, endpoint slack:-2.5671665e-10
      244 |       0 |       5 |       10 |      2 |    12 |   -0.323 |     -127.6 |    772 | gen_regfile_ff.register_file_i.rf_reg_q\[510\]$_DFFE_PN0P_/D
iter:244, pass:2, current fixing endpoint: gen_regfile_ff.register_file_i.rf_reg_q\[283\]$_DFFE_PN0P_/D, endpoint slack:-2.557814e-10
      244 |       0 |       4 |       10 |      2 |    12 |   -0.321 |     -127.1 |    772 | gen_regfile_ff.register_file_i.rf_reg_q\[510\]$_DFFE_PN0P_/D
      245 |       0 |       4 |       10 |      2 |    12 |   -0.321 |     -127.1 |    772 | gen_regfile_ff.register_file_i.rf_reg_q\[510\]$_DFFE_PN0P_/D
iter:245, pass:1, current fixing endpoint: gen_regfile_ff.register_file_i.rf_reg_q\[827\]$_DFFE_PN0P_/D, endpoint slack:-2.5669644e-10
      246 |       0 |       5 |       10 |      2 |    12 |   -0.323 |     -127.6 |    772 | gen_regfile_ff.register_file_i.rf_reg_q\[510\]$_DFFE_PN0P_/D
iter:246, pass:2, current fixing endpoint: gen_regfile_ff.register_file_i.rf_reg_q\[827\]$_DFFE_PN0P_/D, endpoint slack:-2.557612e-10
      246 |       0 |       4 |       10 |      2 |    12 |   -0.321 |     -127.1 |    772 | gen_regfile_ff.register_file_i.rf_reg_q\[510\]$_DFFE_PN0P_/D
      247 |       0 |       4 |       10 |      2 |    12 |   -0.321 |     -127.1 |    772 | gen_regfile_ff.register_file_i.rf_reg_q\[510\]$_DFFE_PN0P_/D
iter:247, pass:1, current fixing endpoint: gen_regfile_ff.register_file_i.rf_reg_q\[822\]$_DFFE_PN0P_/D, endpoint slack:-2.480134e-10
      248 |       0 |       4 |       10 |      2 |    13 |   -0.321 |     -127.5 |    772 | gen_regfile_ff.register_file_i.rf_reg_q\[510\]$_DFFE_PN0P_/D
iter:248, pass:2, current fixing endpoint: gen_regfile_ff.register_file_i.rf_reg_q\[822\]$_DFFE_PN0P_/D, endpoint slack:-2.6162805e-10
      249 |       0 |       4 |       10 |      2 |    14 |   -0.321 |     -127.5 |    772 | gen_regfile_ff.register_file_i.rf_reg_q\[510\]$_DFFE_PN0P_/D
iter:249, pass:3, current fixing endpoint: gen_regfile_ff.register_file_i.rf_reg_q\[822\]$_DFFE_PN0P_/D, endpoint slack:-2.6089508e-10
      250 |       0 |       4 |       10 |      2 |    15 |   -0.321 |     -127.6 |    772 | gen_regfile_ff.register_file_i.rf_reg_q\[510\]$_DFFE_PN0P_/D
iter:250, pass:4, current fixing endpoint: gen_regfile_ff.register_file_i.rf_reg_q\[822\]$_DFFE_PN0P_/D, endpoint slack:-2.6411828e-10
      251 |       0 |       4 |       10 |      2 |    16 |   -0.321 |     -127.6 |    772 | gen_regfile_ff.register_file_i.rf_reg_q\[510\]$_DFFE_PN0P_/D
iter:251, pass:5, current fixing endpoint: gen_regfile_ff.register_file_i.rf_reg_q\[822\]$_DFFE_PN0P_/D, endpoint slack:-2.6234814e-10
      252 |       0 |       4 |       10 |      2 |    17 |   -0.321 |     -127.7 |    772 | gen_regfile_ff.register_file_i.rf_reg_q\[510\]$_DFFE_PN0P_/D
iter:252, pass:6, current fixing endpoint: gen_regfile_ff.register_file_i.rf_reg_q\[822\]$_DFFE_PN0P_/D, endpoint slack:-2.677789e-10
      253 |       0 |       5 |       10 |      2 |    17 |   -0.321 |     -128.4 |    772 | gen_regfile_ff.register_file_i.rf_reg_q\[510\]$_DFFE_PN0P_/D
iter:253, pass:7, current fixing endpoint: gen_regfile_ff.register_file_i.rf_reg_q\[822\]$_DFFE_PN0P_/D, endpoint slack:-2.6792568e-10
      253 |       0 |       4 |       10 |      2 |    12 |   -0.321 |     -127.1 |    772 | gen_regfile_ff.register_file_i.rf_reg_q\[510\]$_DFFE_PN0P_/D
      254 |       0 |       4 |       10 |      2 |    12 |   -0.321 |     -127.1 |    772 | gen_regfile_ff.register_file_i.rf_reg_q\[510\]$_DFFE_PN0P_/D
iter:254, pass:1, current fixing endpoint: gen_regfile_ff.register_file_i.rf_reg_q\[438\]$_DFFE_PN0P_/D, endpoint slack:-2.4676394e-10
      255 |       0 |       5 |       10 |      2 |    12 |   -0.321 |     -127.8 |    772 | gen_regfile_ff.register_file_i.rf_reg_q\[510\]$_DFFE_PN0P_/D
iter:255, pass:2, current fixing endpoint: gen_regfile_ff.register_file_i.rf_reg_q\[438\]$_DFFE_PN0P_/D, endpoint slack:-2.4691094e-10
      255 |       0 |       4 |       10 |      2 |    12 |   -0.321 |     -127.1 |    772 | gen_regfile_ff.register_file_i.rf_reg_q\[510\]$_DFFE_PN0P_/D
      256 |       0 |       4 |       10 |      2 |    12 |   -0.321 |     -127.1 |    772 | gen_regfile_ff.register_file_i.rf_reg_q\[510\]$_DFFE_PN0P_/D
iter:256, pass:1, current fixing endpoint: gen_regfile_ff.register_file_i.rf_reg_q\[118\]$_DFFE_PN0P_/D, endpoint slack:-2.464724e-10
      257 |       0 |       5 |       10 |      2 |    12 |   -0.321 |     -127.8 |    772 | gen_regfile_ff.register_file_i.rf_reg_q\[510\]$_DFFE_PN0P_/D
iter:257, pass:2, current fixing endpoint: gen_regfile_ff.register_file_i.rf_reg_q\[118\]$_DFFE_PN0P_/D, endpoint slack:-2.466194e-10
      257 |       0 |       4 |       10 |      2 |    12 |   -0.321 |     -127.1 |    772 | gen_regfile_ff.register_file_i.rf_reg_q\[510\]$_DFFE_PN0P_/D
      258 |       0 |       4 |       10 |      2 |    12 |   -0.321 |     -127.1 |    772 | gen_regfile_ff.register_file_i.rf_reg_q\[510\]$_DFFE_PN0P_/D
iter:258, pass:1, current fixing endpoint: gen_regfile_ff.register_file_i.rf_reg_q\[758\]$_DFFE_PN0P_/D, endpoint slack:-2.4618974e-10
      259 |       0 |       5 |       10 |      2 |    12 |   -0.321 |     -127.8 |    772 | gen_regfile_ff.register_file_i.rf_reg_q\[510\]$_DFFE_PN0P_/D
iter:259, pass:2, current fixing endpoint: gen_regfile_ff.register_file_i.rf_reg_q\[758\]$_DFFE_PN0P_/D, endpoint slack:-2.4633673e-10
      259 |       0 |       4 |       10 |      2 |    12 |   -0.321 |     -127.1 |    772 | gen_regfile_ff.register_file_i.rf_reg_q\[510\]$_DFFE_PN0P_/D
      260 |       0 |       4 |       10 |      2 |    12 |   -0.321 |     -127.1 |    772 | gen_regfile_ff.register_file_i.rf_reg_q\[510\]$_DFFE_PN0P_/D
iter:260, pass:1, current fixing endpoint: gen_regfile_ff.register_file_i.rf_reg_q\[662\]$_DFFE_PN0P_/D, endpoint slack:-2.460092e-10
      261 |       0 |       5 |       10 |      2 |    12 |   -0.321 |     -127.8 |    772 | gen_regfile_ff.register_file_i.rf_reg_q\[510\]$_DFFE_PN0P_/D
iter:261, pass:2, current fixing endpoint: gen_regfile_ff.register_file_i.rf_reg_q\[662\]$_DFFE_PN0P_/D, endpoint slack:-2.461562e-10
      261 |       0 |       4 |       10 |      2 |    12 |   -0.321 |     -127.1 |    772 | gen_regfile_ff.register_file_i.rf_reg_q\[510\]$_DFFE_PN0P_/D
      262 |       0 |       4 |       10 |      2 |    12 |   -0.321 |     -127.1 |    772 | gen_regfile_ff.register_file_i.rf_reg_q\[510\]$_DFFE_PN0P_/D
iter:262, pass:1, current fixing endpoint: gen_regfile_ff.register_file_i.rf_reg_q\[374\]$_DFFE_PN0P_/D, endpoint slack:-2.4587354e-10
      263 |       0 |       5 |       10 |      2 |    12 |   -0.321 |     -127.8 |    772 | gen_regfile_ff.register_file_i.rf_reg_q\[510\]$_DFFE_PN0P_/D
iter:263, pass:2, current fixing endpoint: gen_regfile_ff.register_file_i.rf_reg_q\[374\]$_DFFE_PN0P_/D, endpoint slack:-2.4602054e-10
      263 |       0 |       4 |       10 |      2 |    12 |   -0.321 |     -127.1 |    772 | gen_regfile_ff.register_file_i.rf_reg_q\[510\]$_DFFE_PN0P_/D
      264 |       0 |       4 |       10 |      2 |    12 |   -0.321 |     -127.1 |    772 | gen_regfile_ff.register_file_i.rf_reg_q\[510\]$_DFFE_PN0P_/D
iter:264, pass:1, current fixing endpoint: gen_regfile_ff.register_file_i.rf_reg_q\[150\]$_DFFE_PN0P_/D, endpoint slack:-2.457643e-10
      265 |       0 |       5 |       10 |      2 |    12 |   -0.321 |     -127.8 |    772 | gen_regfile_ff.register_file_i.rf_reg_q\[510\]$_DFFE_PN0P_/D
iter:265, pass:2, current fixing endpoint: gen_regfile_ff.register_file_i.rf_reg_q\[150\]$_DFFE_PN0P_/D, endpoint slack:-2.459113e-10
      265 |       0 |       4 |       10 |      2 |    12 |   -0.321 |     -127.1 |    772 | gen_regfile_ff.register_file_i.rf_reg_q\[510\]$_DFFE_PN0P_/D
      266 |       0 |       4 |       10 |      2 |    12 |   -0.321 |     -127.1 |    772 | gen_regfile_ff.register_file_i.rf_reg_q\[510\]$_DFFE_PN0P_/D
iter:266, pass:1, current fixing endpoint: gen_regfile_ff.register_file_i.rf_reg_q\[790\]$_DFFE_PN0P_/D, endpoint slack:-2.4559266e-10
      267 |       0 |       5 |       10 |      2 |    12 |   -0.321 |     -127.8 |    772 | gen_regfile_ff.register_file_i.rf_reg_q\[510\]$_DFFE_PN0P_/D
iter:267, pass:2, current fixing endpoint: gen_regfile_ff.register_file_i.rf_reg_q\[790\]$_DFFE_PN0P_/D, endpoint slack:-2.4573965e-10
      267 |       0 |       4 |       10 |      2 |    12 |   -0.321 |     -127.1 |    772 | gen_regfile_ff.register_file_i.rf_reg_q\[510\]$_DFFE_PN0P_/D
      268 |       0 |       4 |       10 |      2 |    12 |   -0.321 |     -127.1 |    772 | gen_regfile_ff.register_file_i.rf_reg_q\[510\]$_DFFE_PN0P_/D
iter:268, pass:1, current fixing endpoint: gen_regfile_ff.register_file_i.rf_reg_q\[950\]$_DFFE_PN0P_/D, endpoint slack:-2.454883e-10
      269 |       0 |       5 |       10 |      2 |    12 |   -0.321 |     -127.8 |    772 | gen_regfile_ff.register_file_i.rf_reg_q\[510\]$_DFFE_PN0P_/D
iter:269, pass:2, current fixing endpoint: gen_regfile_ff.register_file_i.rf_reg_q\[950\]$_DFFE_PN0P_/D, endpoint slack:-2.456353e-10
      269 |       0 |       4 |       10 |      2 |    12 |   -0.321 |     -127.1 |    772 | gen_regfile_ff.register_file_i.rf_reg_q\[510\]$_DFFE_PN0P_/D
      270 |       0 |       4 |       10 |      2 |    12 |   -0.321 |     -127.1 |    772 | gen_regfile_ff.register_file_i.rf_reg_q\[510\]$_DFFE_PN0P_/D
iter:270, pass:1, current fixing endpoint: gen_regfile_ff.register_file_i.rf_reg_q\[854\]$_DFFE_PN0P_/D, endpoint slack:-2.4544522e-10
      271 |       0 |       5 |       10 |      2 |    12 |   -0.321 |     -127.8 |    772 | gen_regfile_ff.register_file_i.rf_reg_q\[510\]$_DFFE_PN0P_/D
iter:271, pass:2, current fixing endpoint: gen_regfile_ff.register_file_i.rf_reg_q\[854\]$_DFFE_PN0P_/D, endpoint slack:-2.455922e-10
      271 |       0 |       4 |       10 |      2 |    12 |   -0.321 |     -127.1 |    772 | gen_regfile_ff.register_file_i.rf_reg_q\[510\]$_DFFE_PN0P_/D
      272 |       0 |       4 |       10 |      2 |    12 |   -0.321 |     -127.1 |    772 | gen_regfile_ff.register_file_i.rf_reg_q\[510\]$_DFFE_PN0P_/D
iter:272, pass:1, current fixing endpoint: gen_regfile_ff.register_file_i.rf_reg_q\[982\]$_DFFE_PN0P_/D, endpoint slack:-2.4525537e-10
      273 |       0 |       5 |       10 |      2 |    12 |   -0.321 |     -127.8 |    772 | gen_regfile_ff.register_file_i.rf_reg_q\[510\]$_DFFE_PN0P_/D
iter:273, pass:2, current fixing endpoint: gen_regfile_ff.register_file_i.rf_reg_q\[982\]$_DFFE_PN0P_/D, endpoint slack:-2.4540237e-10
      273 |       0 |       4 |       10 |      2 |    12 |   -0.321 |     -127.1 |    772 | gen_regfile_ff.register_file_i.rf_reg_q\[510\]$_DFFE_PN0P_/D
      274 |       0 |       4 |       10 |      2 |    12 |   -0.321 |     -127.1 |    772 | gen_regfile_ff.register_file_i.rf_reg_q\[510\]$_DFFE_PN0P_/D
iter:274, pass:1, current fixing endpoint: gen_regfile_ff.register_file_i.rf_reg_q\[470\]$_DFFE_PN0P_/D, endpoint slack:-2.4484015e-10
      275 |       0 |       5 |       10 |      2 |    12 |   -0.321 |     -127.8 |    772 | gen_regfile_ff.register_file_i.rf_reg_q\[510\]$_DFFE_PN0P_/D
iter:275, pass:2, current fixing endpoint: gen_regfile_ff.register_file_i.rf_reg_q\[470\]$_DFFE_PN0P_/D, endpoint slack:-2.4498714e-10
      275 |       0 |       4 |       10 |      2 |    12 |   -0.321 |     -127.1 |    772 | gen_regfile_ff.register_file_i.rf_reg_q\[510\]$_DFFE_PN0P_/D
      276 |       0 |       4 |       10 |      2 |    12 |   -0.321 |     -127.1 |    772 | gen_regfile_ff.register_file_i.rf_reg_q\[510\]$_DFFE_PN0P_/D
iter:276, pass:1, current fixing endpoint: gen_regfile_ff.register_file_i.rf_reg_q\[918\]$_DFFE_PN0P_/D, endpoint slack:-2.447662e-10
      277 |       0 |       5 |       10 |      2 |    12 |   -0.321 |     -127.8 |    772 | gen_regfile_ff.register_file_i.rf_reg_q\[510\]$_DFFE_PN0P_/D
iter:277, pass:2, current fixing endpoint: gen_regfile_ff.register_file_i.rf_reg_q\[918\]$_DFFE_PN0P_/D, endpoint slack:-2.449132e-10
      277 |       0 |       4 |       10 |      2 |    12 |   -0.321 |     -127.1 |    772 | gen_regfile_ff.register_file_i.rf_reg_q\[510\]$_DFFE_PN0P_/D
      278 |       0 |       4 |       10 |      2 |    12 |   -0.321 |     -127.1 |    772 | gen_regfile_ff.register_file_i.rf_reg_q\[510\]$_DFFE_PN0P_/D
iter:278, pass:1, current fixing endpoint: gen_regfile_ff.register_file_i.rf_reg_q\[694\]$_DFFE_PN0P_/D, endpoint slack:-2.443319e-10
      279 |       0 |       5 |       10 |      2 |    12 |   -0.321 |     -127.8 |    772 | gen_regfile_ff.register_file_i.rf_reg_q\[510\]$_DFFE_PN0P_/D
iter:279, pass:2, current fixing endpoint: gen_regfile_ff.register_file_i.rf_reg_q\[694\]$_DFFE_PN0P_/D, endpoint slack:-2.4447888e-10
      279 |       0 |       4 |       10 |      2 |    12 |   -0.321 |     -127.1 |    772 | gen_regfile_ff.register_file_i.rf_reg_q\[510\]$_DFFE_PN0P_/D
      280 |       0 |       4 |       10 |      2 |    12 |   -0.321 |     -127.1 |    772 | gen_regfile_ff.register_file_i.rf_reg_q\[510\]$_DFFE_PN0P_/D
iter:280, pass:1, current fixing endpoint: gen_regfile_ff.register_file_i.rf_reg_q\[566\]$_DFFE_PN0P_/D, endpoint slack:-2.4412938e-10
      281 |       0 |       5 |       10 |      2 |    12 |   -0.321 |     -127.8 |    772 | gen_regfile_ff.register_file_i.rf_reg_q\[510\]$_DFFE_PN0P_/D
iter:281, pass:2, current fixing endpoint: gen_regfile_ff.register_file_i.rf_reg_q\[566\]$_DFFE_PN0P_/D, endpoint slack:-2.4427638e-10
      281 |       0 |       4 |       10 |      2 |    12 |   -0.321 |     -127.1 |    772 | gen_regfile_ff.register_file_i.rf_reg_q\[510\]$_DFFE_PN0P_/D
      282 |       0 |       4 |       10 |      2 |    12 |   -0.321 |     -127.1 |    772 | gen_regfile_ff.register_file_i.rf_reg_q\[510\]$_DFFE_PN0P_/D
iter:282, pass:1, current fixing endpoint: gen_regfile_ff.register_file_i.rf_reg_q\[342\]$_DFFE_PN0P_/D, endpoint slack:-2.4396796e-10
      283 |       0 |       5 |       10 |      2 |    12 |   -0.321 |     -127.8 |    772 | gen_regfile_ff.register_file_i.rf_reg_q\[510\]$_DFFE_PN0P_/D
iter:283, pass:2, current fixing endpoint: gen_regfile_ff.register_file_i.rf_reg_q\[342\]$_DFFE_PN0P_/D, endpoint slack:-2.4411495e-10
      283 |       0 |       4 |       10 |      2 |    12 |   -0.321 |     -127.1 |    772 | gen_regfile_ff.register_file_i.rf_reg_q\[510\]$_DFFE_PN0P_/D
      284 |       0 |       4 |       10 |      2 |    12 |   -0.321 |     -127.1 |    772 | gen_regfile_ff.register_file_i.rf_reg_q\[510\]$_DFFE_PN0P_/D
iter:284, pass:1, current fixing endpoint: gen_regfile_ff.register_file_i.rf_reg_q\[310\]$_DFFE_PN0P_/D, endpoint slack:-2.4370106e-10
      285 |       0 |       5 |       10 |      2 |    12 |   -0.321 |     -127.8 |    772 | gen_regfile_ff.register_file_i.rf_reg_q\[510\]$_DFFE_PN0P_/D
iter:285, pass:2, current fixing endpoint: gen_regfile_ff.register_file_i.rf_reg_q\[310\]$_DFFE_PN0P_/D, endpoint slack:-2.4384805e-10
      285 |       0 |       4 |       10 |      2 |    12 |   -0.321 |     -127.1 |    772 | gen_regfile_ff.register_file_i.rf_reg_q\[510\]$_DFFE_PN0P_/D
      286 |       0 |       4 |       10 |      2 |    12 |   -0.321 |     -127.1 |    772 | gen_regfile_ff.register_file_i.rf_reg_q\[510\]$_DFFE_PN0P_/D
iter:286, pass:1, current fixing endpoint: gen_regfile_ff.register_file_i.rf_reg_q\[54\]$_DFFE_PN0P_/D, endpoint slack:-2.4365754e-10
      287 |       0 |       5 |       10 |      2 |    12 |   -0.321 |     -127.8 |    772 | gen_regfile_ff.register_file_i.rf_reg_q\[510\]$_DFFE_PN0P_/D
iter:287, pass:2, current fixing endpoint: gen_regfile_ff.register_file_i.rf_reg_q\[54\]$_DFFE_PN0P_/D, endpoint slack:-2.4380453e-10
      287 |       0 |       4 |       10 |      2 |    12 |   -0.321 |     -127.1 |    772 | gen_regfile_ff.register_file_i.rf_reg_q\[510\]$_DFFE_PN0P_/D
      288 |       0 |       4 |       10 |      2 |    12 |   -0.321 |     -127.1 |    772 | gen_regfile_ff.register_file_i.rf_reg_q\[510\]$_DFFE_PN0P_/D
iter:288, pass:1, current fixing endpoint: gen_regfile_ff.register_file_i.rf_reg_q\[406\]$_DFFE_PN0P_/D, endpoint slack:-2.4354363e-10
      289 |       0 |       5 |       10 |      2 |    12 |   -0.321 |     -127.8 |    772 | gen_regfile_ff.register_file_i.rf_reg_q\[510\]$_DFFE_PN0P_/D
iter:289, pass:2, current fixing endpoint: gen_regfile_ff.register_file_i.rf_reg_q\[406\]$_DFFE_PN0P_/D, endpoint slack:-2.4369062e-10
      289 |       0 |       4 |       10 |      2 |    12 |   -0.321 |     -127.1 |    772 | gen_regfile_ff.register_file_i.rf_reg_q\[510\]$_DFFE_PN0P_/D
      290 |       0 |       4 |       10 |      2 |    12 |   -0.321 |     -127.1 |    772 | gen_regfile_ff.register_file_i.rf_reg_q\[510\]$_DFFE_PN0P_/D
iter:290, pass:1, current fixing endpoint: gen_regfile_ff.register_file_i.rf_reg_q\[22\]$_DFFE_PN0P_/D, endpoint slack:-2.43505e-10
      291 |       0 |       5 |       10 |      2 |    12 |   -0.321 |     -127.8 |    772 | gen_regfile_ff.register_file_i.rf_reg_q\[510\]$_DFFE_PN0P_/D
iter:291, pass:2, current fixing endpoint: gen_regfile_ff.register_file_i.rf_reg_q\[22\]$_DFFE_PN0P_/D, endpoint slack:-2.43652e-10
      291 |       0 |       4 |       10 |      2 |    12 |   -0.321 |     -127.1 |    772 | gen_regfile_ff.register_file_i.rf_reg_q\[510\]$_DFFE_PN0P_/D
      292 |       0 |       4 |       10 |      2 |    12 |   -0.321 |     -127.1 |    772 | gen_regfile_ff.register_file_i.rf_reg_q\[510\]$_DFFE_PN0P_/D
iter:292, pass:1, current fixing endpoint: gen_regfile_ff.register_file_i.rf_reg_q\[214\]$_DFFE_PN0P_/D, endpoint slack:-2.4339375e-10
      293 |       0 |       5 |       10 |      2 |    12 |   -0.321 |     -127.8 |    772 | gen_regfile_ff.register_file_i.rf_reg_q\[510\]$_DFFE_PN0P_/D
iter:293, pass:2, current fixing endpoint: gen_regfile_ff.register_file_i.rf_reg_q\[214\]$_DFFE_PN0P_/D, endpoint slack:-2.4354074e-10
      293 |       0 |       4 |       10 |      2 |    12 |   -0.321 |     -127.1 |    772 | gen_regfile_ff.register_file_i.rf_reg_q\[510\]$_DFFE_PN0P_/D
      294 |       0 |       4 |       10 |      2 |    12 |   -0.321 |     -127.1 |    772 | gen_regfile_ff.register_file_i.rf_reg_q\[510\]$_DFFE_PN0P_/D
iter:294, pass:1, current fixing endpoint: gen_regfile_ff.register_file_i.rf_reg_q\[182\]$_DFFE_PN0P_/D, endpoint slack:-2.433267e-10
      295 |       0 |       5 |       10 |      2 |    12 |   -0.321 |     -127.8 |    772 | gen_regfile_ff.register_file_i.rf_reg_q\[510\]$_DFFE_PN0P_/D
iter:295, pass:2, current fixing endpoint: gen_regfile_ff.register_file_i.rf_reg_q\[182\]$_DFFE_PN0P_/D, endpoint slack:-2.4347369e-10
      295 |       0 |       4 |       10 |      2 |    12 |   -0.321 |     -127.1 |    772 | gen_regfile_ff.register_file_i.rf_reg_q\[510\]$_DFFE_PN0P_/D
      296 |       0 |       4 |       10 |      2 |    12 |   -0.321 |     -127.1 |    772 | gen_regfile_ff.register_file_i.rf_reg_q\[510\]$_DFFE_PN0P_/D
iter:296, pass:1, current fixing endpoint: gen_regfile_ff.register_file_i.rf_reg_q\[726\]$_DFFE_PN0P_/D, endpoint slack:-2.4315572e-10
      297 |       0 |       5 |       10 |      2 |    12 |   -0.321 |     -127.8 |    772 | gen_regfile_ff.register_file_i.rf_reg_q\[510\]$_DFFE_PN0P_/D
iter:297, pass:2, current fixing endpoint: gen_regfile_ff.register_file_i.rf_reg_q\[726\]$_DFFE_PN0P_/D, endpoint slack:-2.433027e-10
      297 |       0 |       4 |       10 |      2 |    12 |   -0.321 |     -127.1 |    772 | gen_regfile_ff.register_file_i.rf_reg_q\[510\]$_DFFE_PN0P_/D
      298 |       0 |       4 |       10 |      2 |    12 |   -0.321 |     -127.1 |    772 | gen_regfile_ff.register_file_i.rf_reg_q\[510\]$_DFFE_PN0P_/D
iter:298, pass:1, current fixing endpoint: gen_regfile_ff.register_file_i.rf_reg_q\[502\]$_DFFE_PN0P_/D, endpoint slack:-2.4272406e-10
      299 |       0 |       5 |       10 |      2 |    12 |   -0.321 |     -127.8 |    772 | gen_regfile_ff.register_file_i.rf_reg_q\[510\]$_DFFE_PN0P_/D
iter:299, pass:2, current fixing endpoint: gen_regfile_ff.register_file_i.rf_reg_q\[502\]$_DFFE_PN0P_/D, endpoint slack:-2.4287106e-10
      299 |       0 |       4 |       10 |      2 |    12 |   -0.321 |     -127.1 |    772 | gen_regfile_ff.register_file_i.rf_reg_q\[510\]$_DFFE_PN0P_/D
      300 |       0 |       4 |       10 |      2 |    12 |   -0.321 |     -127.1 |    772 | gen_regfile_ff.register_file_i.rf_reg_q\[510\]$_DFFE_PN0P_/D
iter:300, pass:1, current fixing endpoint: gen_regfile_ff.register_file_i.rf_reg_q\[534\]$_DFFE_PN0P_/D, endpoint slack:-2.4238012e-10
      301 |       0 |       5 |       10 |      2 |    12 |   -0.321 |     -127.8 |    772 | gen_regfile_ff.register_file_i.rf_reg_q\[510\]$_DFFE_PN0P_/D
iter:301, pass:2, current fixing endpoint: gen_regfile_ff.register_file_i.rf_reg_q\[534\]$_DFFE_PN0P_/D, endpoint slack:-2.425271e-10
      301 |       0 |       4 |       10 |      2 |    12 |   -0.321 |     -127.1 |    772 | gen_regfile_ff.register_file_i.rf_reg_q\[510\]$_DFFE_PN0P_/D
      302 |       0 |       4 |       10 |      2 |    12 |   -0.321 |     -127.1 |    772 | gen_regfile_ff.register_file_i.rf_reg_q\[510\]$_DFFE_PN0P_/D
iter:302, pass:1, current fixing endpoint: gen_regfile_ff.register_file_i.rf_reg_q\[246\]$_DFFE_PN0P_/D, endpoint slack:-2.4233726e-10
      303 |       0 |       5 |       10 |      2 |    12 |   -0.321 |     -127.8 |    772 | gen_regfile_ff.register_file_i.rf_reg_q\[510\]$_DFFE_PN0P_/D
iter:303, pass:2, current fixing endpoint: gen_regfile_ff.register_file_i.rf_reg_q\[246\]$_DFFE_PN0P_/D, endpoint slack:-2.4248425e-10
      303 |       0 |       4 |       10 |      2 |    12 |   -0.321 |     -127.1 |    772 | gen_regfile_ff.register_file_i.rf_reg_q\[510\]$_DFFE_PN0P_/D
      304 |       0 |       4 |       10 |      2 |    12 |   -0.321 |     -127.1 |    772 | gen_regfile_ff.register_file_i.rf_reg_q\[510\]$_DFFE_PN0P_/D
iter:304, pass:1, current fixing endpoint: gen_regfile_ff.register_file_i.rf_reg_q\[278\]$_DFFE_PN0P_/D, endpoint slack:-2.4222868e-10
      305 |       0 |       5 |       10 |      2 |    12 |   -0.321 |     -127.8 |    772 | gen_regfile_ff.register_file_i.rf_reg_q\[510\]$_DFFE_PN0P_/D
iter:305, pass:2, current fixing endpoint: gen_regfile_ff.register_file_i.rf_reg_q\[278\]$_DFFE_PN0P_/D, endpoint slack:-2.4237568e-10
      305 |       0 |       4 |       10 |      2 |    12 |   -0.321 |     -127.1 |    772 | gen_regfile_ff.register_file_i.rf_reg_q\[510\]$_DFFE_PN0P_/D
      306 |       0 |       4 |       10 |      2 |    12 |   -0.321 |     -127.1 |    772 | gen_regfile_ff.register_file_i.rf_reg_q\[510\]$_DFFE_PN0P_/D
iter:306, pass:1, current fixing endpoint: gen_regfile_ff.register_file_i.rf_reg_q\[598\]$_DFFE_PN0P_/D, endpoint slack:-2.4205948e-10
      307 |       0 |       5 |       10 |      2 |    12 |   -0.321 |     -127.8 |    772 | gen_regfile_ff.register_file_i.rf_reg_q\[510\]$_DFFE_PN0P_/D
iter:307, pass:2, current fixing endpoint: gen_regfile_ff.register_file_i.rf_reg_q\[598\]$_DFFE_PN0P_/D, endpoint slack:-2.4220648e-10
      307 |       0 |       4 |       10 |      2 |    12 |   -0.321 |     -127.1 |    772 | gen_regfile_ff.register_file_i.rf_reg_q\[510\]$_DFFE_PN0P_/D
      308 |       0 |       4 |       10 |      2 |    12 |   -0.321 |     -127.1 |    772 | gen_regfile_ff.register_file_i.rf_reg_q\[510\]$_DFFE_PN0P_/D
iter:308, pass:1, current fixing endpoint: gen_regfile_ff.register_file_i.rf_reg_q\[630\]$_DFFE_PN0P_/D, endpoint slack:-2.4153657e-10
      309 |       0 |       5 |       10 |      2 |    12 |   -0.321 |     -127.8 |    772 | gen_regfile_ff.register_file_i.rf_reg_q\[510\]$_DFFE_PN0P_/D
iter:309, pass:2, current fixing endpoint: gen_regfile_ff.register_file_i.rf_reg_q\[630\]$_DFFE_PN0P_/D, endpoint slack:-2.4168356e-10
      309 |       0 |       4 |       10 |      2 |    12 |   -0.321 |     -127.1 |    772 | gen_regfile_ff.register_file_i.rf_reg_q\[510\]$_DFFE_PN0P_/D
      310 |       0 |       4 |       10 |      2 |    12 |   -0.321 |     -127.1 |    772 | gen_regfile_ff.register_file_i.rf_reg_q\[510\]$_DFFE_PN0P_/D
iter:310, pass:1, current fixing endpoint: gen_regfile_ff.register_file_i.rf_reg_q\[86\]$_DFFE_PN0P_/D, endpoint slack:-2.4099234e-10
      311 |       0 |       5 |       10 |      2 |    12 |   -0.321 |     -127.8 |    772 | gen_regfile_ff.register_file_i.rf_reg_q\[510\]$_DFFE_PN0P_/D
iter:311, pass:2, current fixing endpoint: gen_regfile_ff.register_file_i.rf_reg_q\[86\]$_DFFE_PN0P_/D, endpoint slack:-2.4113933e-10
      311 |       0 |       4 |       10 |      2 |    12 |   -0.321 |     -127.1 |    772 | gen_regfile_ff.register_file_i.rf_reg_q\[510\]$_DFFE_PN0P_/D
      312 |       0 |       4 |       10 |      2 |    12 |   -0.321 |     -127.1 |    772 | gen_regfile_ff.register_file_i.rf_reg_q\[510\]$_DFFE_PN0P_/D
iter:312, pass:1, current fixing endpoint: instr_addr_o[28], endpoint slack:-2.2751756e-10
      313 |       0 |       4 |       10 |      2 |    13 |   -0.321 |     -126.9 |    772 | gen_regfile_ff.register_file_i.rf_reg_q\[510\]$_DFFE_PN0P_/D
iter:313, pass:2, current fixing endpoint: instr_addr_o[28], endpoint slack:-2.2585578e-10
      314 |       0 |       4 |       10 |      2 |    14 |   -0.321 |     -127.0 |    772 | gen_regfile_ff.register_file_i.rf_reg_q\[510\]$_DFFE_PN0P_/D
iter:314, pass:3, current fixing endpoint: instr_addr_o[28], endpoint slack:-2.3730173e-10
      315 |       0 |       4 |       12 |      2 |    14 |   -0.330 |     -127.4 |    772 | instr_addr_o[31]
iter:315, pass:4, current fixing endpoint: instr_addr_o[28], endpoint slack:-2.496101e-10
      316 |       0 |       4 |       12 |      2 |    15 |   -0.330 |     -127.5 |    772 | instr_addr_o[31]
iter:316, pass:5, current fixing endpoint: instr_addr_o[28], endpoint slack:-2.5487124e-10
      317 |       0 |       4 |       12 |      2 |    16 |   -0.330 |     -127.6 |    772 | instr_addr_o[31]
iter:317, pass:6, current fixing endpoint: instr_addr_o[28], endpoint slack:-2.6231062e-10
      318 |       0 |       5 |       12 |      2 |    16 |   -0.328 |     -127.5 |    772 | instr_addr_o[31]
iter:318, pass:7, current fixing endpoint: instr_addr_o[28], endpoint slack:-2.597429e-10
      319 |       0 |       6 |       12 |      2 |    16 |   -0.324 |     -127.3 |    772 | instr_addr_o[31]
iter:319, pass:8, current fixing endpoint: instr_addr_o[28], endpoint slack:-2.5562819e-10
      320 |       0 |       6 |       12 |      2 |    17 |   -0.324 |     -127.4 |    772 | instr_addr_o[31]
iter:320, pass:9, current fixing endpoint: instr_addr_o[28], endpoint slack:-2.6038505e-10
      321 |       0 |       6 |       12 |      2 |    18 |   -0.324 |     -127.4 |    772 | instr_addr_o[31]
iter:321, pass:10, current fixing endpoint: instr_addr_o[28], endpoint slack:-2.6290436e-10
      322 |       0 |       6 |       15 |      2 |    18 |   -0.323 |     -127.3 |    772 | instr_addr_o[31]
iter:322, pass:11, current fixing endpoint: instr_addr_o[28], endpoint slack:-2.6186964e-10
      323 |       0 |       6 |       15 |      2 |    19 |   -0.323 |     -127.3 |    772 | instr_addr_o[31]
iter:323, pass:12, current fixing endpoint: instr_addr_o[28], endpoint slack:-2.5856628e-10
      324 |       0 |       6 |       15 |      2 |    20 |   -0.323 |     -127.4 |    772 | instr_addr_o[31]
iter:324, pass:13, current fixing endpoint: instr_addr_o[28], endpoint slack:-2.6139046e-10
      325 |       0 |       7 |       15 |      2 |    20 |   -0.321 |     -127.2 |    772 | gen_regfile_ff.register_file_i.rf_reg_q\[510\]$_DFFE_PN0P_/D
iter:325, pass:14, current fixing endpoint: instr_addr_o[28], endpoint slack:-2.556586e-10
      326 |       0 |       7 |       15 |      2 |    21 |   -0.321 |     -127.3 |    772 | gen_regfile_ff.register_file_i.rf_reg_q\[510\]$_DFFE_PN0P_/D
iter:326, pass:15, current fixing endpoint: instr_addr_o[28], endpoint slack:-2.590197e-10
      327 |       0 |       7 |       15 |      2 |    22 |   -0.321 |     -127.3 |    772 | gen_regfile_ff.register_file_i.rf_reg_q\[510\]$_DFFE_PN0P_/D
iter:327, pass:16, current fixing endpoint: instr_addr_o[28], endpoint slack:-2.5796032e-10
      328 |       0 |       8 |       15 |      2 |    22 |   -0.321 |     -127.2 |    772 | gen_regfile_ff.register_file_i.rf_reg_q\[510\]$_DFFE_PN0P_/D
iter:328, pass:17, current fixing endpoint: instr_addr_o[28], endpoint slack:-2.565994e-10
      329 |       0 |       8 |       15 |      2 |    23 |   -0.321 |     -127.2 |    772 | gen_regfile_ff.register_file_i.rf_reg_q\[510\]$_DFFE_PN0P_/D
iter:329, pass:18, current fixing endpoint: instr_addr_o[28], endpoint slack:-2.5649594e-10
      330 |       0 |       9 |       15 |      2 |    23 |   -0.321 |     -127.0 |    772 | gen_regfile_ff.register_file_i.rf_reg_q\[510\]$_DFFE_PN0P_/D
iter:330, pass:19, current fixing endpoint: instr_addr_o[28], endpoint slack:-2.4928837e-10
      331 |       0 |      10 |       15 |      2 |    23 |   -0.321 |     -127.0 |    772 | gen_regfile_ff.register_file_i.rf_reg_q\[510\]$_DFFE_PN0P_/D
iter:331, pass:20, current fixing endpoint: instr_addr_o[28], endpoint slack:-2.4712388e-10
      332 |       0 |      11 |       15 |      2 |    23 |   -0.321 |     -127.0 |    772 | gen_regfile_ff.register_file_i.rf_reg_q\[510\]$_DFFE_PN0P_/D
iter:332, pass:21, current fixing endpoint: instr_addr_o[28], endpoint slack:-2.4771873e-10
      333 |       0 |      12 |       15 |      2 |    23 |   -0.321 |     -126.9 |    772 | gen_regfile_ff.register_file_i.rf_reg_q\[510\]$_DFFE_PN0P_/D
iter:333, pass:22, current fixing endpoint: instr_addr_o[28], endpoint slack:-2.4468028e-10
      334 |       0 |      13 |       15 |      2 |    23 |   -0.321 |     -126.9 |    772 | gen_regfile_ff.register_file_i.rf_reg_q\[510\]$_DFFE_PN0P_/D
iter:334, pass:23, current fixing endpoint: instr_addr_o[28], endpoint slack:-2.4379898e-10
      335 |       0 |      14 |       15 |      2 |    23 |   -0.321 |     -126.9 |    772 | gen_regfile_ff.register_file_i.rf_reg_q\[510\]$_DFFE_PN0P_/D
iter:335, pass:24, current fixing endpoint: instr_addr_o[28], endpoint slack:-2.4094104e-10
      336 |       0 |      14 |       15 |      2 |    24 |   -0.321 |     -126.9 |    772 | gen_regfile_ff.register_file_i.rf_reg_q\[510\]$_DFFE_PN0P_/D
iter:336, pass:25, current fixing endpoint: instr_addr_o[28], endpoint slack:-2.4011038e-10
      337 |       0 |      15 |       15 |      2 |    24 |   -0.321 |     -126.8 |    772 | gen_regfile_ff.register_file_i.rf_reg_q\[510\]$_DFFE_PN0P_/D
iter:337, pass:26, current fixing endpoint: instr_addr_o[28], endpoint slack:-2.388998e-10
      338 |       0 |      15 |       15 |      2 |    25 |   -0.321 |     -127.1 |    772 | gen_regfile_ff.register_file_i.rf_reg_q\[510\]$_DFFE_PN0P_/D
iter:338, pass:27, current fixing endpoint: instr_addr_o[28], endpoint slack:-2.5048896e-10
      339 |       0 |      15 |       18 |      2 |    25 |   -0.321 |     -126.8 |    772 | gen_regfile_ff.register_file_i.rf_reg_q\[510\]$_DFFE_PN0P_/D
iter:339, pass:28, current fixing endpoint: instr_addr_o[28], endpoint slack:-2.382985e-10
      340 |       0 |      15 |       18 |      2 |    26 |   -0.321 |     -126.6 |    772 | gen_regfile_ff.register_file_i.rf_reg_q\[510\]$_DFFE_PN0P_/D
iter:340, pass:29, current fixing endpoint: instr_addr_o[28], endpoint slack:-2.3751645e-10
      341 |       0 |      15 |       18 |      2 |    27 |   -0.321 |     -126.5 |    772 | gen_regfile_ff.register_file_i.rf_reg_q\[510\]$_DFFE_PN0P_/D
iter:341, pass:30, current fixing endpoint: instr_addr_o[28], endpoint slack:-2.3622704e-10
      342 |       0 |      16 |       18 |      2 |    27 |   -0.321 |     -126.5 |    772 | gen_regfile_ff.register_file_i.rf_reg_q\[510\]$_DFFE_PN0P_/D
iter:342, pass:31, current fixing endpoint: instr_addr_o[28], endpoint slack:-2.3541147e-10
      343 |       0 |      17 |       18 |      2 |    27 |   -0.321 |     -126.6 |    772 | gen_regfile_ff.register_file_i.rf_reg_q\[510\]$_DFFE_PN0P_/D
iter:343, pass:32, current fixing endpoint: instr_addr_o[28], endpoint slack:-2.3688762e-10
      344 |       0 |      17 |       18 |      2 |    28 |   -0.334 |     -127.1 |    772 | instr_addr_o[31]
iter:344, pass:33, current fixing endpoint: instr_addr_o[28], endpoint slack:-2.547791e-10
      345 |       0 |      17 |       18 |      2 |    29 |   -0.329 |     -126.9 |    772 | instr_addr_o[31]
iter:345, pass:34, current fixing endpoint: instr_addr_o[28], endpoint slack:-2.4931368e-10
      346 |       0 |      17 |       18 |      3 |    29 |   -0.333 |     -127.0 |    772 | instr_addr_o[31]
iter:346, pass:35, current fixing endpoint: instr_addr_o[28], endpoint slack:-2.531837e-10
      347 |       0 |      17 |       20 |      3 |    29 |   -0.326 |     -126.8 |    772 | instr_addr_o[31]
iter:347, pass:36, current fixing endpoint: instr_addr_o[28], endpoint slack:-2.469227e-10
      348 |       0 |      17 |       20 |      3 |    30 |   -0.326 |     -126.8 |    772 | instr_addr_o[31]
iter:348, pass:37, current fixing endpoint: instr_addr_o[28], endpoint slack:-2.4684765e-10
      349 |       0 |      17 |       20 |      3 |    31 |   -0.332 |     -127.0 |    772 | instr_addr_o[31]
iter:349, pass:38, current fixing endpoint: instr_addr_o[28], endpoint slack:-2.5282887e-10
      350 |       0 |      17 |       20 |      3 |    32 |   -0.328 |     -126.9 |    772 | instr_addr_o[31]
iter:350, pass:39, current fixing endpoint: instr_addr_o[28], endpoint slack:-2.48632e-10
      351 |       0 |      17 |       22 |      3 |    32 |   -0.337 |     -127.2 |    772 | instr_addr_o[31]
iter:351, pass:40, current fixing endpoint: instr_addr_o[28], endpoint slack:-2.5798408e-10
      352 |       0 |      18 |       22 |      3 |    32 |   -0.324 |     -126.8 |    772 | instr_addr_o[31]
iter:352, pass:41, current fixing endpoint: instr_addr_o[28], endpoint slack:-2.450271e-10
      353 |       0 |      18 |       22 |      3 |    33 |   -0.328 |     -126.9 |    772 | instr_addr_o[31]
iter:353, pass:42, current fixing endpoint: instr_addr_o[28], endpoint slack:-2.487508e-10
      354 |       0 |      18 |       22 |      3 |    34 |   -0.328 |     -126.8 |    772 | instr_addr_o[31]
iter:354, pass:43, current fixing endpoint: instr_addr_o[28], endpoint slack:-2.469318e-10
      354 |       0 |       5 |       15 |      2 |    13 |   -0.321 |     -126.9 |    772 | gen_regfile_ff.register_file_i.rf_reg_q\[510\]$_DFFE_PN0P_/D
      355 |       0 |       5 |       15 |      2 |    13 |   -0.321 |     -126.9 |    772 | gen_regfile_ff.register_file_i.rf_reg_q\[510\]$_DFFE_PN0P_/D
iter:355, pass:1, current fixing endpoint: instr_addr_o[25], endpoint slack:-2.2143531e-10
      356 |       0 |       5 |       15 |      2 |    14 |   -0.321 |     -126.9 |    772 | gen_regfile_ff.register_file_i.rf_reg_q\[510\]$_DFFE_PN0P_/D
iter:356, pass:2, current fixing endpoint: instr_addr_o[25], endpoint slack:-2.135363e-10
      357 |       0 |       5 |       15 |      2 |    15 |   -0.321 |     -126.9 |    772 | gen_regfile_ff.register_file_i.rf_reg_q\[510\]$_DFFE_PN0P_/D
iter:357, pass:3, current fixing endpoint: instr_addr_o[25], endpoint slack:-2.1677349e-10
      358 |       0 |       6 |       15 |      2 |    15 |   -0.321 |     -126.9 |    772 | gen_regfile_ff.register_file_i.rf_reg_q\[510\]$_DFFE_PN0P_/D
iter:358, pass:4, current fixing endpoint: instr_addr_o[25], endpoint slack:-2.1356694e-10
      359 |       0 |       6 |       18 |      2 |    15 |   -0.321 |     -126.9 |    772 | gen_regfile_ff.register_file_i.rf_reg_q\[510\]$_DFFE_PN0P_/D
iter:359, pass:5, current fixing endpoint: instr_addr_o[25], endpoint slack:-1.9170998e-10
      360 |       0 |       6 |       18 |      2 |    16 |   -0.321 |     -126.9 |    772 | gen_regfile_ff.register_file_i.rf_reg_q\[510\]$_DFFE_PN0P_/D
iter:360, pass:6, current fixing endpoint: instr_addr_o[25], endpoint slack:-1.8549273e-10
      361 |       0 |       6 |       20 |      2 |    16 |   -0.321 |     -126.3 |    772 | gen_regfile_ff.register_file_i.rf_reg_q\[510\]$_DFFE_PN0P_/D
iter:361, pass:7, current fixing endpoint: instr_addr_o[25], endpoint slack:-1.8249002e-10
      362 |       0 |       7 |       20 |      2 |    16 |   -0.321 |     -126.3 |    772 | gen_regfile_ff.register_file_i.rf_reg_q\[510\]$_DFFE_PN0P_/D
iter:362, pass:8, current fixing endpoint: instr_addr_o[25], endpoint slack:-1.8004265e-10
      363 |       0 |       8 |       20 |      2 |    16 |   -0.321 |     -126.3 |    772 | gen_regfile_ff.register_file_i.rf_reg_q\[510\]$_DFFE_PN0P_/D
iter:363, pass:9, current fixing endpoint: instr_addr_o[25], endpoint slack:-1.7913715e-10
      364 |       0 |       9 |       20 |      2 |    16 |   -0.321 |     -126.3 |    772 | gen_regfile_ff.register_file_i.rf_reg_q\[510\]$_DFFE_PN0P_/D
iter:364, pass:10, current fixing endpoint: instr_addr_o[25], endpoint slack:-1.7899437e-10
      365 |       0 |      10 |       20 |      2 |    16 |   -0.321 |     -126.2 |    772 | gen_regfile_ff.register_file_i.rf_reg_q\[510\]$_DFFE_PN0P_/D
iter:365, pass:11, current fixing endpoint: instr_addr_o[25], endpoint slack:-1.7718538e-10
      366 |       0 |      10 |       20 |      2 |    17 |   -0.321 |     -126.2 |    772 | gen_regfile_ff.register_file_i.rf_reg_q\[510\]$_DFFE_PN0P_/D
iter:366, pass:12, current fixing endpoint: instr_addr_o[25], endpoint slack:-1.8217916e-10
      367 |       0 |      10 |       23 |      2 |    17 |   -0.321 |     -126.2 |    772 | gen_regfile_ff.register_file_i.rf_reg_q\[510\]$_DFFE_PN0P_/D
iter:367, pass:13, current fixing endpoint: instr_addr_o[25], endpoint slack:-1.7362689e-10
      368 |       0 |      10 |       25 |      2 |    17 |   -0.332 |     -126.7 |    772 | instr_addr_o[31]
iter:368, pass:14, current fixing endpoint: instr_addr_o[25], endpoint slack:-1.8593527e-10
      369 |       0 |      11 |       25 |      2 |    17 |   -0.330 |     -126.6 |    772 | instr_addr_o[31]
iter:369, pass:15, current fixing endpoint: instr_addr_o[25], endpoint slack:-1.8336754e-10
      370 |       0 |      12 |       25 |      2 |    17 |   -0.326 |     -126.4 |    772 | instr_addr_o[31]
iter:370, pass:16, current fixing endpoint: instr_addr_o[25], endpoint slack:-1.7925283e-10
      371 |       0 |      12 |       28 |      2 |    17 |   -0.325 |     -126.4 |    772 | instr_addr_o[31]
iter:371, pass:17, current fixing endpoint: instr_addr_o[25], endpoint slack:-1.782181e-10
      372 |       0 |      13 |       28 |      2 |    17 |   -0.325 |     -126.4 |    772 | instr_addr_o[31]
iter:372, pass:18, current fixing endpoint: instr_addr_o[25], endpoint slack:-1.7372082e-10
      373 |       0 |      14 |       28 |      2 |    17 |   -0.321 |     -126.2 |    772 | gen_regfile_ff.register_file_i.rf_reg_q\[510\]$_DFFE_PN0P_/D
iter:373, pass:19, current fixing endpoint: instr_addr_o[25], endpoint slack:-1.6798918e-10
      374 |       0 |      14 |       30 |      2 |    17 |   -0.321 |     -126.2 |    772 | gen_regfile_ff.register_file_i.rf_reg_q\[510\]$_DFFE_PN0P_/D
iter:374, pass:20, current fixing endpoint: instr_addr_o[25], endpoint slack:-1.6773938e-10
      375 |       0 |      15 |       30 |      2 |    17 |   -0.321 |     -126.1 |    772 | gen_regfile_ff.register_file_i.rf_reg_q\[510\]$_DFFE_PN0P_/D
iter:375, pass:21, current fixing endpoint: instr_addr_o[25], endpoint slack:-1.675704e-10
      376 |       0 |      16 |       30 |      2 |    17 |   -0.321 |     -126.0 |    772 | gen_regfile_ff.register_file_i.rf_reg_q\[510\]$_DFFE_PN0P_/D
iter:376, pass:22, current fixing endpoint: instr_addr_o[25], endpoint slack:-1.6641e-10
      377 |       0 |      16 |       30 |      2 |    18 |   -0.321 |     -126.0 |    772 | gen_regfile_ff.register_file_i.rf_reg_q\[510\]$_DFFE_PN0P_/D
iter:377, pass:23, current fixing endpoint: instr_addr_o[25], endpoint slack:-1.6752355e-10
      378 |       0 |      17 |       30 |      2 |    18 |   -0.321 |     -126.1 |    772 | gen_regfile_ff.register_file_i.rf_reg_q\[510\]$_DFFE_PN0P_/D
iter:378, pass:24, current fixing endpoint: instr_addr_o[25], endpoint slack:-1.6625568e-10
      379 |       0 |      17 |       30 |      2 |    19 |   -0.321 |     -126.1 |    772 | gen_regfile_ff.register_file_i.rf_reg_q\[510\]$_DFFE_PN0P_/D
iter:379, pass:25, current fixing endpoint: instr_addr_o[25], endpoint slack:-1.6624524e-10
      380 |       0 |      18 |       30 |      2 |    19 |   -0.321 |     -126.0 |    772 | gen_regfile_ff.register_file_i.rf_reg_q\[510\]$_DFFE_PN0P_/D
iter:380, pass:26, current fixing endpoint: instr_addr_o[25], endpoint slack:-1.6276691e-10
      381 |       0 |      18 |       30 |      2 |    20 |   -0.321 |     -126.0 |    772 | gen_regfile_ff.register_file_i.rf_reg_q\[510\]$_DFFE_PN0P_/D
iter:381, pass:27, current fixing endpoint: instr_addr_o[25], endpoint slack:-1.5711366e-10
      382 |       0 |      18 |       30 |      3 |    20 |   -0.322 |     -126.1 |    772 | instr_addr_o[31]
iter:382, pass:28, current fixing endpoint: instr_addr_o[25], endpoint slack:-1.609004e-10
      383 |       0 |      18 |       32 |      3 |    20 |   -0.321 |     -126.0 |    772 | gen_regfile_ff.register_file_i.rf_reg_q\[510\]$_DFFE_PN0P_/D
iter:383, pass:29, current fixing endpoint: instr_addr_o[25], endpoint slack:-1.5694468e-10
      384 |       0 |      18 |       32 |      3 |    21 |   -0.321 |     -126.0 |    772 | gen_regfile_ff.register_file_i.rf_reg_q\[510\]$_DFFE_PN0P_/D
iter:384, pass:30, current fixing endpoint: instr_addr_o[25], endpoint slack:-1.5807111e-10
      385 |       0 |      18 |       32 |      3 |    22 |   -0.321 |     -126.0 |    772 | gen_regfile_ff.register_file_i.rf_reg_q\[510\]$_DFFE_PN0P_/D
iter:385, pass:31, current fixing endpoint: instr_addr_o[25], endpoint slack:-1.5686408e-10
      386 |       0 |      19 |       32 |      3 |    22 |   -0.321 |     -126.1 |    772 | gen_regfile_ff.register_file_i.rf_reg_q\[510\]$_DFFE_PN0P_/D
iter:386, pass:32, current fixing endpoint: instr_addr_o[25], endpoint slack:-1.588496e-10
      387 |       0 |      19 |       32 |      3 |    23 |   -0.325 |     -126.2 |    772 | instr_addr_o[31]
iter:387, pass:33, current fixing endpoint: instr_addr_o[25], endpoint slack:-1.6299118e-10
      388 |       0 |      19 |       32 |      3 |    24 |   -0.325 |     -126.2 |    772 | instr_addr_o[31]
iter:388, pass:34, current fixing endpoint: instr_addr_o[25], endpoint slack:-1.6384827e-10
      389 |       0 |      19 |       32 |      3 |    25 |   -0.328 |     -126.4 |    772 | instr_addr_o[31]
iter:389, pass:35, current fixing endpoint: instr_addr_o[25], endpoint slack:-1.6767543e-10
      390 |       0 |      20 |       32 |      3 |    25 |   -0.328 |     -126.4 |    772 | instr_addr_o[31]
iter:390, pass:36, current fixing endpoint: instr_addr_o[25], endpoint slack:-1.6762858e-10
      391 |       0 |      20 |       32 |      3 |    26 |   -0.327 |     -126.3 |    772 | instr_addr_o[31]
iter:391, pass:37, current fixing endpoint: instr_addr_o[25], endpoint slack:-1.6612267e-10
      391 |       0 |      18 |       32 |      3 |    22 |   -0.321 |     -126.0 |    772 | gen_regfile_ff.register_file_i.rf_reg_q\[510\]$_DFFE_PN0P_/D
      392 |       0 |      18 |       32 |      3 |    22 |   -0.321 |     -126.0 |    772 | gen_regfile_ff.register_file_i.rf_reg_q\[510\]$_DFFE_PN0P_/D
iter:392, pass:1, current fixing endpoint: gen_regfile_ff.register_file_i.rf_reg_q\[891\]$_DFFE_PN0P_/D, endpoint slack:-2.34456e-10
      393 |       0 |      19 |       32 |      3 |    22 |   -0.323 |     -126.4 |    772 | gen_regfile_ff.register_file_i.rf_reg_q\[510\]$_DFFE_PN0P_/D
iter:393, pass:2, current fixing endpoint: gen_regfile_ff.register_file_i.rf_reg_q\[891\]$_DFFE_PN0P_/D, endpoint slack:-2.3352076e-10
      393 |       0 |      18 |       32 |      3 |    22 |   -0.321 |     -126.0 |    772 | gen_regfile_ff.register_file_i.rf_reg_q\[510\]$_DFFE_PN0P_/D
      394 |       0 |      18 |       32 |      3 |    22 |   -0.321 |     -126.0 |    772 | gen_regfile_ff.register_file_i.rf_reg_q\[510\]$_DFFE_PN0P_/D
iter:394, pass:1, current fixing endpoint: gen_regfile_ff.register_file_i.rf_reg_q\[317\]$_DFFE_PN0P_/D, endpoint slack:-2.37806e-10
      395 |       0 |      18 |       32 |      3 |    23 |   -0.321 |     -125.9 |    772 | gen_regfile_ff.register_file_i.rf_reg_q\[510\]$_DFFE_PN0P_/D
iter:395, pass:2, current fixing endpoint: gen_regfile_ff.register_file_i.rf_reg_q\[317\]$_DFFE_PN0P_/D, endpoint slack:-2.3311197e-10
      396 |       0 |      18 |       32 |      3 |    24 |   -0.321 |     -125.9 |    772 | gen_regfile_ff.register_file_i.rf_reg_q\[510\]$_DFFE_PN0P_/D
iter:396, pass:3, current fixing endpoint: gen_regfile_ff.register_file_i.rf_reg_q\[317\]$_DFFE_PN0P_/D, endpoint slack:-2.345082e-10
      397 |       0 |      19 |       32 |      3 |    24 |   -0.321 |     -125.9 |    772 | gen_regfile_ff.register_file_i.rf_reg_q\[510\]$_DFFE_PN0P_/D
iter:397, pass:4, current fixing endpoint: gen_regfile_ff.register_file_i.rf_reg_q\[317\]$_DFFE_PN0P_/D, endpoint slack:-2.3046032e-10
      398 |       0 |      19 |       32 |      3 |    25 |   -0.321 |     -126.1 |    772 | gen_regfile_ff.register_file_i.rf_reg_q\[510\]$_DFFE_PN0P_/D
iter:398, pass:5, current fixing endpoint: gen_regfile_ff.register_file_i.rf_reg_q\[317\]$_DFFE_PN0P_/D, endpoint slack:-2.3597746e-10
      399 |       0 |      19 |       32 |      3 |    26 |   -0.321 |     -126.2 |    772 | gen_regfile_ff.register_file_i.rf_reg_q\[510\]$_DFFE_PN0P_/D
iter:399, pass:6, current fixing endpoint: gen_regfile_ff.register_file_i.rf_reg_q\[317\]$_DFFE_PN0P_/D, endpoint slack:-2.3942226e-10
      400 |       0 |      19 |       32 |      3 |    27 |   -0.321 |     -126.1 |    772 | gen_regfile_ff.register_file_i.rf_reg_q\[510\]$_DFFE_PN0P_/D
iter:400, pass:7, current fixing endpoint: gen_regfile_ff.register_file_i.rf_reg_q\[317\]$_DFFE_PN0P_/D, endpoint slack:-2.368774e-10
      401 |       0 |      20 |       32 |      3 |    27 |   -0.323 |     -126.6 |    772 | gen_regfile_ff.register_file_i.rf_reg_q\[510\]$_DFFE_PN0P_/D
iter:401, pass:8, current fixing endpoint: gen_regfile_ff.register_file_i.rf_reg_q\[317\]$_DFFE_PN0P_/D, endpoint slack:-2.3594215e-10
      401 |       0 |      19 |       32 |      3 |    24 |   -0.321 |     -125.9 |    772 | gen_regfile_ff.register_file_i.rf_reg_q\[510\]$_DFFE_PN0P_/D
      402 |       0 |      19 |       32 |      3 |    24 |   -0.321 |     -125.9 |    772 | gen_regfile_ff.register_file_i.rf_reg_q\[510\]$_DFFE_PN0P_/D
iter:402, pass:1, current fixing endpoint: gen_regfile_ff.register_file_i.rf_reg_q\[701\]$_DFFE_PN0P_/D, endpoint slack:-2.3529845e-10
      403 |       0 |      19 |       32 |      4 |    24 |   -0.321 |     -125.9 |    772 | gen_regfile_ff.register_file_i.rf_reg_q\[510\]$_DFFE_PN0P_/D
iter:403, pass:2, current fixing endpoint: gen_regfile_ff.register_file_i.rf_reg_q\[701\]$_DFFE_PN0P_/D, endpoint slack:-2.3146485e-10
      404 |       0 |      20 |       32 |      4 |    24 |   -0.323 |     -126.4 |    772 | gen_regfile_ff.register_file_i.rf_reg_q\[510\]$_DFFE_PN0P_/D
iter:404, pass:3, current fixing endpoint: gen_regfile_ff.register_file_i.rf_reg_q\[701\]$_DFFE_PN0P_/D, endpoint slack:-2.305296e-10
      404 |       0 |      19 |       32 |      4 |    24 |   -0.321 |     -125.9 |    772 | gen_regfile_ff.register_file_i.rf_reg_q\[510\]$_DFFE_PN0P_/D
      405 |       0 |      19 |       32 |      4 |    24 |   -0.321 |     -125.9 |    772 | gen_regfile_ff.register_file_i.rf_reg_q\[510\]$_DFFE_PN0P_/D
iter:405, pass:1, current fixing endpoint: gen_regfile_ff.register_file_i.rf_reg_q\[605\]$_DFFE_PN0P_/D, endpoint slack:-2.3065194e-10
      406 |       0 |      20 |       32 |      4 |    24 |   -0.323 |     -126.4 |    772 | gen_regfile_ff.register_file_i.rf_reg_q\[510\]$_DFFE_PN0P_/D
iter:406, pass:2, current fixing endpoint: gen_regfile_ff.register_file_i.rf_reg_q\[605\]$_DFFE_PN0P_/D, endpoint slack:-2.2971669e-10
      406 |       0 |      19 |       32 |      4 |    24 |   -0.321 |     -125.9 |    772 | gen_regfile_ff.register_file_i.rf_reg_q\[510\]$_DFFE_PN0P_/D
      407 |       0 |      19 |       32 |      4 |    24 |   -0.321 |     -125.9 |    772 | gen_regfile_ff.register_file_i.rf_reg_q\[510\]$_DFFE_PN0P_/D
iter:407, pass:1, current fixing endpoint: gen_regfile_ff.register_file_i.rf_reg_q\[733\]$_DFFE_PN0P_/D, endpoint slack:-2.3026936e-10
      408 |       0 |      20 |       32 |      4 |    24 |   -0.323 |     -126.4 |    772 | gen_regfile_ff.register_file_i.rf_reg_q\[510\]$_DFFE_PN0P_/D
iter:408, pass:2, current fixing endpoint: gen_regfile_ff.register_file_i.rf_reg_q\[733\]$_DFFE_PN0P_/D, endpoint slack:-2.2933411e-10
      408 |       0 |      19 |       32 |      4 |    24 |   -0.321 |     -125.9 |    772 | gen_regfile_ff.register_file_i.rf_reg_q\[510\]$_DFFE_PN0P_/D
      409 |       0 |      19 |       32 |      4 |    24 |   -0.321 |     -125.9 |    772 | gen_regfile_ff.register_file_i.rf_reg_q\[510\]$_DFFE_PN0P_/D
iter:409, pass:1, current fixing endpoint: gen_regfile_ff.register_file_i.rf_reg_q\[381\]$_DFFE_PN0P_/D, endpoint slack:-2.3061286e-10
      410 |       0 |      20 |       32 |      4 |    24 |   -0.323 |     -126.4 |    772 | gen_regfile_ff.register_file_i.rf_reg_q\[510\]$_DFFE_PN0P_/D
iter:410, pass:2, current fixing endpoint: gen_regfile_ff.register_file_i.rf_reg_q\[381\]$_DFFE_PN0P_/D, endpoint slack:-2.2967761e-10
      410 |       0 |      19 |       32 |      4 |    24 |   -0.321 |     -125.9 |    772 | gen_regfile_ff.register_file_i.rf_reg_q\[510\]$_DFFE_PN0P_/D
      411 |       0 |      19 |       32 |      4 |    24 |   -0.321 |     -125.9 |    772 | gen_regfile_ff.register_file_i.rf_reg_q\[510\]$_DFFE_PN0P_/D
iter:411, pass:1, current fixing endpoint: gen_regfile_ff.register_file_i.rf_reg_q\[989\]$_DFFE_PN0P_/D, endpoint slack:-2.3005775e-10
      412 |       0 |      20 |       32 |      4 |    24 |   -0.323 |     -126.4 |    772 | gen_regfile_ff.register_file_i.rf_reg_q\[510\]$_DFFE_PN0P_/D
iter:412, pass:2, current fixing endpoint: gen_regfile_ff.register_file_i.rf_reg_q\[989\]$_DFFE_PN0P_/D, endpoint slack:-2.291225e-10
      412 |       0 |      19 |       32 |      4 |    24 |   -0.321 |     -125.9 |    772 | gen_regfile_ff.register_file_i.rf_reg_q\[510\]$_DFFE_PN0P_/D
      413 |       0 |      19 |       32 |      4 |    24 |   -0.321 |     -125.9 |    772 | gen_regfile_ff.register_file_i.rf_reg_q\[510\]$_DFFE_PN0P_/D
iter:413, pass:1, current fixing endpoint: gen_regfile_ff.register_file_i.rf_reg_q\[61\]$_DFFE_PN0P_/D, endpoint slack:-2.3026359e-10
      414 |       0 |      20 |       32 |      4 |    24 |   -0.323 |     -126.4 |    772 | gen_regfile_ff.register_file_i.rf_reg_q\[510\]$_DFFE_PN0P_/D
iter:414, pass:2, current fixing endpoint: gen_regfile_ff.register_file_i.rf_reg_q\[61\]$_DFFE_PN0P_/D, endpoint slack:-2.2932833e-10
      414 |       0 |      19 |       32 |      4 |    24 |   -0.321 |     -125.9 |    772 | gen_regfile_ff.register_file_i.rf_reg_q\[510\]$_DFFE_PN0P_/D
      415 |       0 |      19 |       32 |      4 |    24 |   -0.321 |     -125.9 |    772 | gen_regfile_ff.register_file_i.rf_reg_q\[510\]$_DFFE_PN0P_/D
iter:415, pass:1, current fixing endpoint: gen_regfile_ff.register_file_i.rf_reg_q\[637\]$_DFFE_PN0P_/D, endpoint slack:-2.3686852e-10
      416 |       0 |      20 |       32 |      4 |    24 |   -0.321 |     -126.0 |    772 | gen_regfile_ff.register_file_i.rf_reg_q\[510\]$_DFFE_PN0P_/D
iter:416, pass:2, current fixing endpoint: gen_regfile_ff.register_file_i.rf_reg_q\[637\]$_DFFE_PN0P_/D, endpoint slack:-2.333873e-10
      417 |       0 |      21 |       32 |      4 |    24 |   -0.323 |     -126.4 |    772 | gen_regfile_ff.register_file_i.rf_reg_q\[510\]$_DFFE_PN0P_/D
iter:417, pass:3, current fixing endpoint: gen_regfile_ff.register_file_i.rf_reg_q\[637\]$_DFFE_PN0P_/D, endpoint slack:-2.3245206e-10
      417 |       0 |      20 |       32 |      4 |    24 |   -0.321 |     -126.0 |    772 | gen_regfile_ff.register_file_i.rf_reg_q\[510\]$_DFFE_PN0P_/D
      418 |       0 |      20 |       32 |      4 |    24 |   -0.321 |     -126.0 |    772 | gen_regfile_ff.register_file_i.rf_reg_q\[510\]$_DFFE_PN0P_/D
iter:418, pass:1, current fixing endpoint: gen_regfile_ff.register_file_i.rf_reg_q\[669\]$_DFFE_PN0P_/D, endpoint slack:-2.3326252e-10
      419 |       0 |      21 |       32 |      4 |    24 |   -0.323 |     -126.4 |    772 | gen_regfile_ff.register_file_i.rf_reg_q\[510\]$_DFFE_PN0P_/D
iter:419, pass:2, current fixing endpoint: gen_regfile_ff.register_file_i.rf_reg_q\[669\]$_DFFE_PN0P_/D, endpoint slack:-2.3232727e-10
      419 |       0 |      20 |       32 |      4 |    24 |   -0.321 |     -126.0 |    772 | gen_regfile_ff.register_file_i.rf_reg_q\[510\]$_DFFE_PN0P_/D
      420 |       0 |      20 |       32 |      4 |    24 |   -0.321 |     -126.0 |    772 | gen_regfile_ff.register_file_i.rf_reg_q\[510\]$_DFFE_PN0P_/D
iter:420, pass:1, current fixing endpoint: gen_regfile_ff.register_file_i.rf_reg_q\[319\]$_DFFE_PN0P_/D, endpoint slack:-2.354612e-10
      421 |       0 |      20 |       32 |      4 |    25 |   -0.321 |     -125.8 |    772 | gen_regfile_ff.register_file_i.rf_reg_q\[510\]$_DFFE_PN0P_/D
iter:421, pass:2, current fixing endpoint: gen_regfile_ff.register_file_i.rf_reg_q\[319\]$_DFFE_PN0P_/D, endpoint slack:-2.3028801e-10
      422 |       0 |      20 |       32 |      4 |    26 |   -0.321 |     -126.0 |    772 | gen_regfile_ff.register_file_i.rf_reg_q\[510\]$_DFFE_PN0P_/D
iter:422, pass:3, current fixing endpoint: gen_regfile_ff.register_file_i.rf_reg_q\[319\]$_DFFE_PN0P_/D, endpoint slack:-2.357532e-10
      423 |       0 |      20 |       32 |      4 |    27 |   -0.321 |     -125.8 |    772 | gen_regfile_ff.register_file_i.rf_reg_q\[510\]$_DFFE_PN0P_/D
iter:423, pass:4, current fixing endpoint: gen_regfile_ff.register_file_i.rf_reg_q\[319\]$_DFFE_PN0P_/D, endpoint slack:-2.3011659e-10
      424 |       0 |      20 |       32 |      4 |    28 |   -0.321 |     -125.9 |    772 | gen_regfile_ff.register_file_i.rf_reg_q\[510\]$_DFFE_PN0P_/D
iter:424, pass:5, current fixing endpoint: gen_regfile_ff.register_file_i.rf_reg_q\[319\]$_DFFE_PN0P_/D, endpoint slack:-2.3130164e-10
      425 |       0 |      20 |       32 |      4 |    29 |   -0.321 |     -126.0 |    772 | gen_regfile_ff.register_file_i.rf_reg_q\[510\]$_DFFE_PN0P_/D
iter:425, pass:6, current fixing endpoint: gen_regfile_ff.register_file_i.rf_reg_q\[319\]$_DFFE_PN0P_/D, endpoint slack:-2.3608981e-10
      426 |       0 |      21 |       32 |      4 |    29 |   -0.323 |     -126.5 |    772 | gen_regfile_ff.register_file_i.rf_reg_q\[510\]$_DFFE_PN0P_/D
iter:426, pass:7, current fixing endpoint: gen_regfile_ff.register_file_i.rf_reg_q\[319\]$_DFFE_PN0P_/D, endpoint slack:-2.3515456e-10
      426 |       0 |      20 |       32 |      4 |    27 |   -0.321 |     -125.8 |    772 | gen_regfile_ff.register_file_i.rf_reg_q\[510\]$_DFFE_PN0P_/D
      427 |       0 |      20 |       32 |      4 |    27 |   -0.321 |     -125.8 |    772 | gen_regfile_ff.register_file_i.rf_reg_q\[510\]$_DFFE_PN0P_/D
iter:427, pass:1, current fixing endpoint: gen_regfile_ff.register_file_i.rf_reg_q\[63\]$_DFFE_PN0P_/D, endpoint slack:-2.2961344e-10
      428 |       0 |      21 |       32 |      4 |    27 |   -0.323 |     -126.3 |    772 | gen_regfile_ff.register_file_i.rf_reg_q\[510\]$_DFFE_PN0P_/D
iter:428, pass:2, current fixing endpoint: gen_regfile_ff.register_file_i.rf_reg_q\[63\]$_DFFE_PN0P_/D, endpoint slack:-2.2867819e-10
      428 |       0 |      20 |       32 |      4 |    27 |   -0.321 |     -125.8 |    772 | gen_regfile_ff.register_file_i.rf_reg_q\[510\]$_DFFE_PN0P_/D
      429 |       0 |      20 |       32 |      4 |    27 |   -0.321 |     -125.8 |    772 | gen_regfile_ff.register_file_i.rf_reg_q\[510\]$_DFFE_PN0P_/D
iter:429, pass:1, current fixing endpoint: gen_regfile_ff.register_file_i.rf_reg_q\[221\]$_DFFE_PN0P_/D, endpoint slack:-2.3580715e-10
      430 |       0 |      21 |       32 |      4 |    27 |   -0.323 |     -126.3 |    772 | gen_regfile_ff.register_file_i.rf_reg_q\[510\]$_DFFE_PN0P_/D
iter:430, pass:2, current fixing endpoint: gen_regfile_ff.register_file_i.rf_reg_q\[221\]$_DFFE_PN0P_/D, endpoint slack:-2.348719e-10
      430 |       0 |      20 |       32 |      4 |    27 |   -0.321 |     -125.8 |    772 | gen_regfile_ff.register_file_i.rf_reg_q\[510\]$_DFFE_PN0P_/D
      431 |       0 |      20 |       32 |      4 |    27 |   -0.321 |     -125.8 |    772 | gen_regfile_ff.register_file_i.rf_reg_q\[510\]$_DFFE_PN0P_/D
iter:431, pass:1, current fixing endpoint: gen_regfile_ff.register_file_i.rf_reg_q\[349\]$_DFFE_PN0P_/D, endpoint slack:-2.306515e-10
      432 |       0 |      21 |       32 |      4 |    27 |   -0.323 |     -126.3 |    772 | gen_regfile_ff.register_file_i.rf_reg_q\[510\]$_DFFE_PN0P_/D
iter:432, pass:2, current fixing endpoint: gen_regfile_ff.register_file_i.rf_reg_q\[349\]$_DFFE_PN0P_/D, endpoint slack:-2.2971625e-10
      432 |       0 |      20 |       32 |      4 |    27 |   -0.321 |     -125.8 |    772 | gen_regfile_ff.register_file_i.rf_reg_q\[510\]$_DFFE_PN0P_/D
      433 |       0 |      20 |       32 |      4 |    27 |   -0.321 |     -125.8 |    772 | gen_regfile_ff.register_file_i.rf_reg_q\[510\]$_DFFE_PN0P_/D
iter:433, pass:1, current fixing endpoint: gen_regfile_ff.register_file_i.rf_reg_q\[157\]$_DFFE_PN0P_/D, endpoint slack:-2.3557756e-10
      434 |       0 |      21 |       32 |      4 |    27 |   -0.323 |     -126.3 |    772 | gen_regfile_ff.register_file_i.rf_reg_q\[510\]$_DFFE_PN0P_/D
iter:434, pass:2, current fixing endpoint: gen_regfile_ff.register_file_i.rf_reg_q\[157\]$_DFFE_PN0P_/D, endpoint slack:-2.346423e-10
      434 |       0 |      20 |       32 |      4 |    27 |   -0.321 |     -125.8 |    772 | gen_regfile_ff.register_file_i.rf_reg_q\[510\]$_DFFE_PN0P_/D
      435 |       0 |      20 |       32 |      4 |    27 |   -0.321 |     -125.8 |    772 | gen_regfile_ff.register_file_i.rf_reg_q\[510\]$_DFFE_PN0P_/D
iter:435, pass:1, current fixing endpoint: gen_regfile_ff.register_file_i.rf_reg_q\[829\]$_DFFE_PN0P_/D, endpoint slack:-2.3052449e-10
      436 |       0 |      21 |       32 |      4 |    27 |   -0.323 |     -126.3 |    772 | gen_regfile_ff.register_file_i.rf_reg_q\[510\]$_DFFE_PN0P_/D
iter:436, pass:2, current fixing endpoint: gen_regfile_ff.register_file_i.rf_reg_q\[829\]$_DFFE_PN0P_/D, endpoint slack:-2.2958924e-10
      436 |       0 |      20 |       32 |      4 |    27 |   -0.321 |     -125.8 |    772 | gen_regfile_ff.register_file_i.rf_reg_q\[510\]$_DFFE_PN0P_/D
      437 |       0 |      20 |       32 |      4 |    27 |   -0.321 |     -125.8 |    772 | gen_regfile_ff.register_file_i.rf_reg_q\[510\]$_DFFE_PN0P_/D
iter:437, pass:1, current fixing endpoint: gen_regfile_ff.register_file_i.rf_reg_q\[925\]$_DFFE_PN0P_/D, endpoint slack:-2.35433e-10
      438 |       0 |      21 |       32 |      4 |    27 |   -0.323 |     -126.3 |    772 | gen_regfile_ff.register_file_i.rf_reg_q\[510\]$_DFFE_PN0P_/D
iter:438, pass:2, current fixing endpoint: gen_regfile_ff.register_file_i.rf_reg_q\[925\]$_DFFE_PN0P_/D, endpoint slack:-2.3449775e-10
      438 |       0 |      20 |       32 |      4 |    27 |   -0.321 |     -125.8 |    772 | gen_regfile_ff.register_file_i.rf_reg_q\[510\]$_DFFE_PN0P_/D
      439 |       0 |      20 |       32 |      4 |    27 |   -0.321 |     -125.8 |    772 | gen_regfile_ff.register_file_i.rf_reg_q\[510\]$_DFFE_PN0P_/D
iter:439, pass:1, current fixing endpoint: gen_regfile_ff.register_file_i.rf_reg_q\[93\]$_DFFE_PN0P_/D, endpoint slack:-2.3503444e-10
      440 |       0 |      21 |       32 |      4 |    27 |   -0.323 |     -126.3 |    772 | gen_regfile_ff.register_file_i.rf_reg_q\[510\]$_DFFE_PN0P_/D
iter:440, pass:2, current fixing endpoint: gen_regfile_ff.register_file_i.rf_reg_q\[93\]$_DFFE_PN0P_/D, endpoint slack:-2.3409918e-10
      440 |       0 |      20 |       32 |      4 |    27 |   -0.321 |     -125.8 |    772 | gen_regfile_ff.register_file_i.rf_reg_q\[510\]$_DFFE_PN0P_/D
      441 |       0 |      20 |       32 |      4 |    27 |   -0.321 |     -125.8 |    772 | gen_regfile_ff.register_file_i.rf_reg_q\[510\]$_DFFE_PN0P_/D
iter:441, pass:1, current fixing endpoint: gen_regfile_ff.register_file_i.rf_reg_q\[957\]$_DFFE_PN0P_/D, endpoint slack:-2.320526e-10
      442 |       0 |      21 |       32 |      4 |    27 |   -0.323 |     -126.3 |    772 | gen_regfile_ff.register_file_i.rf_reg_q\[510\]$_DFFE_PN0P_/D
iter:442, pass:2, current fixing endpoint: gen_regfile_ff.register_file_i.rf_reg_q\[957\]$_DFFE_PN0P_/D, endpoint slack:-2.3111735e-10
      442 |       0 |      20 |       32 |      4 |    27 |   -0.321 |     -125.8 |    772 | gen_regfile_ff.register_file_i.rf_reg_q\[510\]$_DFFE_PN0P_/D
      443 |       0 |      20 |       32 |      4 |    27 |   -0.321 |     -125.8 |    772 | gen_regfile_ff.register_file_i.rf_reg_q\[510\]$_DFFE_PN0P_/D
iter:443, pass:1, current fixing endpoint: gen_regfile_ff.register_file_i.rf_reg_q\[255\]$_DFFE_PN0P_/D, endpoint slack:-2.2875701e-10
      444 |       0 |      21 |       32 |      4 |    27 |   -0.323 |     -126.3 |    772 | gen_regfile_ff.register_file_i.rf_reg_q\[510\]$_DFFE_PN0P_/D
iter:444, pass:2, current fixing endpoint: gen_regfile_ff.register_file_i.rf_reg_q\[255\]$_DFFE_PN0P_/D, endpoint slack:-2.2782176e-10
      444 |       0 |      20 |       32 |      4 |    27 |   -0.321 |     -125.8 |    772 | gen_regfile_ff.register_file_i.rf_reg_q\[510\]$_DFFE_PN0P_/D
      445 |       0 |      20 |       32 |      4 |    27 |   -0.321 |     -125.8 |    772 | gen_regfile_ff.register_file_i.rf_reg_q\[510\]$_DFFE_PN0P_/D
iter:445, pass:1, current fixing endpoint: gen_regfile_ff.register_file_i.rf_reg_q\[447\]$_DFFE_PN0P_/D, endpoint slack:-2.287488e-10
      446 |       0 |      21 |       32 |      4 |    27 |   -0.323 |     -126.3 |    772 | gen_regfile_ff.register_file_i.rf_reg_q\[510\]$_DFFE_PN0P_/D
iter:446, pass:2, current fixing endpoint: gen_regfile_ff.register_file_i.rf_reg_q\[447\]$_DFFE_PN0P_/D, endpoint slack:-2.2781355e-10
      446 |       0 |      20 |       32 |      4 |    27 |   -0.321 |     -125.8 |    772 | gen_regfile_ff.register_file_i.rf_reg_q\[510\]$_DFFE_PN0P_/D
      447 |       0 |      20 |       32 |      4 |    27 |   -0.321 |     -125.8 |    772 | gen_regfile_ff.register_file_i.rf_reg_q\[510\]$_DFFE_PN0P_/D
iter:447, pass:1, current fixing endpoint: gen_regfile_ff.register_file_i.rf_reg_q\[189\]$_DFFE_PN0P_/D, endpoint slack:-2.3484792e-10
      448 |       0 |      21 |       32 |      4 |    27 |   -0.323 |     -126.3 |    772 | gen_regfile_ff.register_file_i.rf_reg_q\[510\]$_DFFE_PN0P_/D
iter:448, pass:2, current fixing endpoint: gen_regfile_ff.register_file_i.rf_reg_q\[189\]$_DFFE_PN0P_/D, endpoint slack:-2.3391267e-10
      448 |       0 |      20 |       32 |      4 |    27 |   -0.321 |     -125.8 |    772 | gen_regfile_ff.register_file_i.rf_reg_q\[510\]$_DFFE_PN0P_/D
      449 |       0 |      20 |       32 |      4 |    27 |   -0.321 |     -125.8 |    772 | gen_regfile_ff.register_file_i.rf_reg_q\[510\]$_DFFE_PN0P_/D
iter:449, pass:1, current fixing endpoint: gen_regfile_ff.register_file_i.rf_reg_q\[29\]$_DFFE_PN0P_/D, endpoint slack:-2.3485303e-10
      450 |       0 |      21 |       32 |      4 |    27 |   -0.323 |     -126.3 |    772 | gen_regfile_ff.register_file_i.rf_reg_q\[510\]$_DFFE_PN0P_/D
iter:450, pass:2, current fixing endpoint: gen_regfile_ff.register_file_i.rf_reg_q\[29\]$_DFFE_PN0P_/D, endpoint slack:-2.3391777e-10
      450 |       0 |      20 |       32 |      4 |    27 |   -0.321 |     -125.8 |    772 | gen_regfile_ff.register_file_i.rf_reg_q\[510\]$_DFFE_PN0P_/D
      451 |       0 |      20 |       32 |      4 |    27 |   -0.321 |     -125.8 |    772 | gen_regfile_ff.register_file_i.rf_reg_q\[510\]$_DFFE_PN0P_/D
iter:451, pass:1, current fixing endpoint: gen_regfile_ff.register_file_i.rf_reg_q\[861\]$_DFFE_PN0P_/D, endpoint slack:-2.2952773e-10
      452 |       0 |      21 |       32 |      4 |    27 |   -0.323 |     -126.3 |    772 | gen_regfile_ff.register_file_i.rf_reg_q\[510\]$_DFFE_PN0P_/D
iter:452, pass:2, current fixing endpoint: gen_regfile_ff.register_file_i.rf_reg_q\[861\]$_DFFE_PN0P_/D, endpoint slack:-2.2859248e-10
      452 |       0 |      20 |       32 |      4 |    27 |   -0.321 |     -125.8 |    772 | gen_regfile_ff.register_file_i.rf_reg_q\[510\]$_DFFE_PN0P_/D
      453 |       0 |      20 |       32 |      4 |    27 |   -0.321 |     -125.8 |    772 | gen_regfile_ff.register_file_i.rf_reg_q\[510\]$_DFFE_PN0P_/D
iter:453, pass:1, current fixing endpoint: gen_regfile_ff.register_file_i.rf_reg_q\[125\]$_DFFE_PN0P_/D, endpoint slack:-2.3448354e-10
      454 |       0 |      21 |       32 |      4 |    27 |   -0.323 |     -126.3 |    772 | gen_regfile_ff.register_file_i.rf_reg_q\[510\]$_DFFE_PN0P_/D
iter:454, pass:2, current fixing endpoint: gen_regfile_ff.register_file_i.rf_reg_q\[125\]$_DFFE_PN0P_/D, endpoint slack:-2.335483e-10
      454 |       0 |      20 |       32 |      4 |    27 |   -0.321 |     -125.8 |    772 | gen_regfile_ff.register_file_i.rf_reg_q\[510\]$_DFFE_PN0P_/D
      455 |       0 |      20 |       32 |      4 |    27 |   -0.321 |     -125.8 |    772 | gen_regfile_ff.register_file_i.rf_reg_q\[510\]$_DFFE_PN0P_/D
iter:455, pass:1, current fixing endpoint: gen_regfile_ff.register_file_i.rf_reg_q\[383\]$_DFFE_PN0P_/D, endpoint slack:-2.2825764e-10
      456 |       0 |      21 |       32 |      4 |    27 |   -0.323 |     -126.3 |    772 | gen_regfile_ff.register_file_i.rf_reg_q\[510\]$_DFFE_PN0P_/D
iter:456, pass:2, current fixing endpoint: gen_regfile_ff.register_file_i.rf_reg_q\[383\]$_DFFE_PN0P_/D, endpoint slack:-2.2732238e-10
      456 |       0 |      20 |       32 |      4 |    27 |   -0.321 |     -125.8 |    772 | gen_regfile_ff.register_file_i.rf_reg_q\[510\]$_DFFE_PN0P_/D
      457 |       0 |      20 |       32 |      4 |    27 |   -0.321 |     -125.8 |    772 | gen_regfile_ff.register_file_i.rf_reg_q\[510\]$_DFFE_PN0P_/D
iter:457, pass:1, current fixing endpoint: gen_regfile_ff.register_file_i.rf_reg_q\[797\]$_DFFE_PN0P_/D, endpoint slack:-2.3462232e-10
      458 |       0 |      21 |       32 |      4 |    27 |   -0.323 |     -126.3 |    772 | gen_regfile_ff.register_file_i.rf_reg_q\[510\]$_DFFE_PN0P_/D
iter:458, pass:2, current fixing endpoint: gen_regfile_ff.register_file_i.rf_reg_q\[797\]$_DFFE_PN0P_/D, endpoint slack:-2.3368707e-10
      458 |       0 |      20 |       32 |      4 |    27 |   -0.321 |     -125.8 |    772 | gen_regfile_ff.register_file_i.rf_reg_q\[510\]$_DFFE_PN0P_/D
      459 |       0 |      20 |       32 |      4 |    27 |   -0.321 |     -125.8 |    772 | gen_regfile_ff.register_file_i.rf_reg_q\[510\]$_DFFE_PN0P_/D
iter:459, pass:1, current fixing endpoint: gen_regfile_ff.register_file_i.rf_reg_q\[253\]$_DFFE_PN0P_/D, endpoint slack:-2.321634e-10
      460 |       0 |      21 |       32 |      4 |    27 |   -0.323 |     -126.3 |    772 | gen_regfile_ff.register_file_i.rf_reg_q\[510\]$_DFFE_PN0P_/D
iter:460, pass:2, current fixing endpoint: gen_regfile_ff.register_file_i.rf_reg_q\[253\]$_DFFE_PN0P_/D, endpoint slack:-2.3122815e-10
      460 |       0 |      20 |       32 |      4 |    27 |   -0.321 |     -125.8 |    772 | gen_regfile_ff.register_file_i.rf_reg_q\[510\]$_DFFE_PN0P_/D
      461 |       0 |      20 |       32 |      4 |    27 |   -0.321 |     -125.8 |    772 | gen_regfile_ff.register_file_i.rf_reg_q\[510\]$_DFFE_PN0P_/D
iter:461, pass:1, current fixing endpoint: gen_regfile_ff.register_file_i.rf_reg_q\[477\]$_DFFE_PN0P_/D, endpoint slack:-2.3430902e-10
      462 |       0 |      21 |       32 |      4 |    27 |   -0.323 |     -126.3 |    772 | gen_regfile_ff.register_file_i.rf_reg_q\[510\]$_DFFE_PN0P_/D
iter:462, pass:2, current fixing endpoint: gen_regfile_ff.register_file_i.rf_reg_q\[477\]$_DFFE_PN0P_/D, endpoint slack:-2.3337376e-10
      462 |       0 |      20 |       32 |      4 |    27 |   -0.321 |     -125.8 |    772 | gen_regfile_ff.register_file_i.rf_reg_q\[510\]$_DFFE_PN0P_/D
      463 |       0 |      20 |       32 |      4 |    27 |   -0.321 |     -125.8 |    772 | gen_regfile_ff.register_file_i.rf_reg_q\[510\]$_DFFE_PN0P_/D
iter:463, pass:1, current fixing endpoint: gen_regfile_ff.register_file_i.rf_reg_q\[863\]$_DFFE_PN0P_/D, endpoint slack:-2.2786062e-10
      464 |       0 |      21 |       32 |      4 |    27 |   -0.323 |     -126.3 |    772 | gen_regfile_ff.register_file_i.rf_reg_q\[510\]$_DFFE_PN0P_/D
iter:464, pass:2, current fixing endpoint: gen_regfile_ff.register_file_i.rf_reg_q\[863\]$_DFFE_PN0P_/D, endpoint slack:-2.2692537e-10
      464 |       0 |      20 |       32 |      4 |    27 |   -0.321 |     -125.8 |    772 | gen_regfile_ff.register_file_i.rf_reg_q\[510\]$_DFFE_PN0P_/D
      465 |       0 |      20 |       32 |      4 |    27 |   -0.321 |     -125.8 |    772 | gen_regfile_ff.register_file_i.rf_reg_q\[510\]$_DFFE_PN0P_/D
iter:465, pass:1, current fixing endpoint: gen_regfile_ff.register_file_i.rf_reg_q\[765\]$_DFFE_PN0P_/D, endpoint slack:-2.3370927e-10
      466 |       0 |      21 |       32 |      4 |    27 |   -0.323 |     -126.3 |    772 | gen_regfile_ff.register_file_i.rf_reg_q\[510\]$_DFFE_PN0P_/D
iter:466, pass:2, current fixing endpoint: gen_regfile_ff.register_file_i.rf_reg_q\[765\]$_DFFE_PN0P_/D, endpoint slack:-2.3277402e-10
      466 |       0 |      20 |       32 |      4 |    27 |   -0.321 |     -125.8 |    772 | gen_regfile_ff.register_file_i.rf_reg_q\[510\]$_DFFE_PN0P_/D
      467 |       0 |      20 |       32 |      4 |    27 |   -0.321 |     -125.8 |    772 | gen_regfile_ff.register_file_i.rf_reg_q\[510\]$_DFFE_PN0P_/D
iter:467, pass:1, current fixing endpoint: gen_regfile_ff.register_file_i.rf_reg_q\[351\]$_DFFE_PN0P_/D, endpoint slack:-2.272127e-10
      468 |       0 |      21 |       32 |      4 |    27 |   -0.323 |     -126.3 |    772 | gen_regfile_ff.register_file_i.rf_reg_q\[510\]$_DFFE_PN0P_/D
iter:468, pass:2, current fixing endpoint: gen_regfile_ff.register_file_i.rf_reg_q\[351\]$_DFFE_PN0P_/D, endpoint slack:-2.2627744e-10
      468 |       0 |      20 |       32 |      4 |    27 |   -0.321 |     -125.8 |    772 | gen_regfile_ff.register_file_i.rf_reg_q\[510\]$_DFFE_PN0P_/D
      469 |       0 |      20 |       32 |      4 |    27 |   -0.321 |     -125.8 |    772 | gen_regfile_ff.register_file_i.rf_reg_q\[510\]$_DFFE_PN0P_/D
iter:469, pass:1, current fixing endpoint: gen_regfile_ff.register_file_i.rf_reg_q\[82\]$_DFFE_PN0P_/D, endpoint slack:-2.2770208e-10
      470 |       0 |      20 |       32 |      4 |    28 |   -0.321 |     -125.4 |    772 | gen_regfile_ff.register_file_i.rf_reg_q\[510\]$_DFFE_PN0P_/D
iter:470, pass:2, current fixing endpoint: gen_regfile_ff.register_file_i.rf_reg_q\[82\]$_DFFE_PN0P_/D, endpoint slack:-2.1407942e-10
      471 |       0 |      21 |       32 |      4 |    28 |   -0.321 |     -125.4 |    772 | gen_regfile_ff.register_file_i.rf_reg_q\[510\]$_DFFE_PN0P_/D
iter:471, pass:3, current fixing endpoint: gen_regfile_ff.register_file_i.rf_reg_q\[82\]$_DFFE_PN0P_/D, endpoint slack:-2.0768964e-10
      472 |       0 |      21 |       32 |      4 |    29 |   -0.321 |     -125.5 |    772 | gen_regfile_ff.register_file_i.rf_reg_q\[510\]$_DFFE_PN0P_/D
iter:472, pass:4, current fixing endpoint: gen_regfile_ff.register_file_i.rf_reg_q\[82\]$_DFFE_PN0P_/D, endpoint slack:-2.1263724e-10
      473 |       0 |      21 |       32 |      4 |    30 |   -0.321 |     -125.4 |    772 | gen_regfile_ff.register_file_i.rf_reg_q\[510\]$_DFFE_PN0P_/D
iter:473, pass:5, current fixing endpoint: gen_regfile_ff.register_file_i.rf_reg_q\[82\]$_DFFE_PN0P_/D, endpoint slack:-2.0921953e-10
      474 |       0 |      22 |       32 |      4 |    30 |   -0.321 |     -125.3 |    772 | gen_regfile_ff.register_file_i.rf_reg_q\[510\]$_DFFE_PN0P_/D
iter:474, pass:6, current fixing endpoint: gen_regfile_ff.register_file_i.rf_reg_q\[82\]$_DFFE_PN0P_/D, endpoint slack:-2.055256e-10
      475 |       0 |      22 |       32 |      4 |    31 |   -0.321 |     -125.2 |    772 | gen_regfile_ff.register_file_i.rf_reg_q\[510\]$_DFFE_PN0P_/D
iter:475, pass:7, current fixing endpoint: gen_regfile_ff.register_file_i.rf_reg_q\[82\]$_DFFE_PN0P_/D, endpoint slack:-2.0072877e-10
      476 |       0 |      22 |       32 |      5 |    31 |   -0.321 |     -125.2 |    772 | gen_regfile_ff.register_file_i.rf_reg_q\[510\]$_DFFE_PN0P_/D
iter:476, pass:8, current fixing endpoint: gen_regfile_ff.register_file_i.rf_reg_q\[82\]$_DFFE_PN0P_/D, endpoint slack:-1.9556223e-10
      477 |       0 |      23 |       32 |      5 |    31 |   -0.321 |     -125.3 |    772 | gen_regfile_ff.register_file_i.rf_reg_q\[510\]$_DFFE_PN0P_/D
iter:477, pass:9, current fixing endpoint: gen_regfile_ff.register_file_i.rf_reg_q\[82\]$_DFFE_PN0P_/D, endpoint slack:-1.9668511e-10
      478 |       0 |      24 |       32 |      5 |    31 |   -0.323 |     -125.6 |    772 | gen_regfile_ff.register_file_i.rf_reg_q\[510\]$_DFFE_PN0P_/D
iter:478, pass:10, current fixing endpoint: gen_regfile_ff.register_file_i.rf_reg_q\[82\]$_DFFE_PN0P_/D, endpoint slack:-1.9464563e-10
      479 |       0 |      25 |       32 |      5 |    31 |   -0.323 |     -125.5 |    772 | gen_regfile_ff.register_file_i.rf_reg_q\[510\]$_DFFE_PN0P_/D
iter:479, pass:11, current fixing endpoint: gen_regfile_ff.register_file_i.rf_reg_q\[82\]$_DFFE_PN0P_/D, endpoint slack:-1.9110336e-10
      480 |       0 |      26 |       32 |      5 |    31 |   -0.327 |     -127.4 |    772 | gen_regfile_ff.register_file_i.rf_reg_q\[510\]$_DFFE_PN0P_/D
iter:480, pass:12, current fixing endpoint: gen_regfile_ff.register_file_i.rf_reg_q\[82\]$_DFFE_PN0P_/D, endpoint slack:-1.9218516e-10
      481 |       0 |      26 |       32 |      5 |    32 |   -0.327 |     -127.3 |    772 | gen_regfile_ff.register_file_i.rf_reg_q\[510\]$_DFFE_PN0P_/D
iter:481, pass:13, current fixing endpoint: gen_regfile_ff.register_file_i.rf_reg_q\[82\]$_DFFE_PN0P_/D, endpoint slack:-1.9045476e-10
      482 |       0 |      27 |       32 |      5 |    32 |   -0.327 |     -127.4 |    772 | gen_regfile_ff.register_file_i.rf_reg_q\[510\]$_DFFE_PN0P_/D
iter:482, pass:14, current fixing endpoint: gen_regfile_ff.register_file_i.rf_reg_q\[82\]$_DFFE_PN0P_/D, endpoint slack:-1.9260638e-10
      483 |       0 |      28 |       32 |      5 |    32 |   -0.327 |     -127.3 |    772 | gen_regfile_ff.register_file_i.rf_reg_q\[510\]$_DFFE_PN0P_/D
iter:483, pass:15, current fixing endpoint: gen_regfile_ff.register_file_i.rf_reg_q\[82\]$_DFFE_PN0P_/D, endpoint slack:-1.8914004e-10
      484 |       0 |      28 |       32 |      5 |    33 |   -0.327 |     -127.2 |    772 | gen_regfile_ff.register_file_i.rf_reg_q\[510\]$_DFFE_PN0P_/D
iter:484, pass:16, current fixing endpoint: gen_regfile_ff.register_file_i.rf_reg_q\[82\]$_DFFE_PN0P_/D, endpoint slack:-1.8615331e-10
      485 |       0 |      28 |       32 |      5 |    34 |   -0.327 |     -127.1 |    772 | gen_regfile_ff.register_file_i.rf_reg_q\[510\]$_DFFE_PN0P_/D
iter:485, pass:17, current fixing endpoint: gen_regfile_ff.register_file_i.rf_reg_q\[82\]$_DFFE_PN0P_/D, endpoint slack:-1.8412893e-10
      486 |       0 |      28 |       32 |      5 |    35 |   -0.326 |     -126.9 |    772 | gen_regfile_ff.register_file_i.rf_reg_q\[510\]$_DFFE_PN0P_/D
iter:486, pass:18, current fixing endpoint: gen_regfile_ff.register_file_i.rf_reg_q\[82\]$_DFFE_PN0P_/D, endpoint slack:-1.8100765e-10
      487 |       0 |      29 |       32 |      5 |    35 |   -0.326 |     -127.3 |    772 | gen_regfile_ff.register_file_i.rf_reg_q\[510\]$_DFFE_PN0P_/D
iter:487, pass:19, current fixing endpoint: gen_regfile_ff.register_file_i.rf_reg_q\[82\]$_DFFE_PN0P_/D, endpoint slack:-1.8115442e-10
      487 |       0 |      23 |       32 |      5 |    31 |   -0.321 |     -125.3 |    772 | gen_regfile_ff.register_file_i.rf_reg_q\[510\]$_DFFE_PN0P_/D
      488 |       0 |      23 |       32 |      5 |    31 |   -0.321 |     -125.3 |    772 | gen_regfile_ff.register_file_i.rf_reg_q\[510\]$_DFFE_PN0P_/D
iter:488, pass:1, current fixing endpoint: gen_regfile_ff.register_file_i.rf_reg_q\[445\]$_DFFE_PN0P_/D, endpoint slack:-2.3310953e-10
      489 |       0 |      24 |       32 |      5 |    31 |   -0.323 |     -125.7 |    772 | gen_regfile_ff.register_file_i.rf_reg_q\[510\]$_DFFE_PN0P_/D
iter:489, pass:2, current fixing endpoint: gen_regfile_ff.register_file_i.rf_reg_q\[445\]$_DFFE_PN0P_/D, endpoint slack:-2.3217073e-10
      489 |       0 |      23 |       32 |      5 |    31 |   -0.321 |     -125.3 |    772 | gen_regfile_ff.register_file_i.rf_reg_q\[510\]$_DFFE_PN0P_/D
      490 |       0 |      23 |       32 |      5 |    31 |   -0.321 |     -125.3 |    772 | gen_regfile_ff.register_file_i.rf_reg_q\[510\]$_DFFE_PN0P_/D
iter:490, pass:1, current fixing endpoint: gen_regfile_ff.register_file_i.rf_reg_q\[886\]$_DFFE_PN0P_/D, endpoint slack:-2.275029e-10
      491 |       0 |      24 |       32 |      5 |    31 |   -0.321 |     -126.0 |    772 | gen_regfile_ff.register_file_i.rf_reg_q\[510\]$_DFFE_PN0P_/D
iter:491, pass:2, current fixing endpoint: gen_regfile_ff.register_file_i.rf_reg_q\[886\]$_DFFE_PN0P_/D, endpoint slack:-2.2766411e-10
      491 |       0 |      23 |       32 |      5 |    31 |   -0.321 |     -125.3 |    772 | gen_regfile_ff.register_file_i.rf_reg_q\[510\]$_DFFE_PN0P_/D
      492 |       0 |      23 |       32 |      5 |    31 |   -0.321 |     -125.3 |    772 | gen_regfile_ff.register_file_i.rf_reg_q\[510\]$_DFFE_PN0P_/D
iter:492, pass:1, current fixing endpoint: gen_regfile_ff.register_file_i.rf_reg_q\[413\]$_DFFE_PN0P_/D, endpoint slack:-2.3300606e-10
      493 |       0 |      24 |       32 |      5 |    31 |   -0.324 |     -125.8 |    772 | gen_regfile_ff.register_file_i.rf_reg_q\[510\]$_DFFE_PN0P_/D
iter:493, pass:2, current fixing endpoint: gen_regfile_ff.register_file_i.rf_reg_q\[413\]$_DFFE_PN0P_/D, endpoint slack:-2.3207081e-10
      493 |       0 |      23 |       32 |      5 |    31 |   -0.321 |     -125.3 |    772 | gen_regfile_ff.register_file_i.rf_reg_q\[510\]$_DFFE_PN0P_/D
      494 |       0 |      23 |       32 |      5 |    31 |   -0.321 |     -125.3 |    772 | gen_regfile_ff.register_file_i.rf_reg_q\[510\]$_DFFE_PN0P_/D
iter:494, pass:1, current fixing endpoint: gen_regfile_ff.register_file_i.rf_reg_q\[722\]$_DFFE_PN0P_/D, endpoint slack:-1.9538082e-10
      495 |       0 |      24 |       32 |      5 |    31 |   -0.323 |     -125.7 |    772 | gen_regfile_ff.register_file_i.rf_reg_q\[510\]$_DFFE_PN0P_/D
iter:495, pass:2, current fixing endpoint: gen_regfile_ff.register_file_i.rf_reg_q\[722\]$_DFFE_PN0P_/D, endpoint slack:-1.9323054e-10
      496 |       0 |      25 |       32 |      5 |    31 |   -0.323 |     -125.6 |    772 | gen_regfile_ff.register_file_i.rf_reg_q\[510\]$_DFFE_PN0P_/D
iter:496, pass:3, current fixing endpoint: gen_regfile_ff.register_file_i.rf_reg_q\[722\]$_DFFE_PN0P_/D, endpoint slack:-1.8970536e-10
      497 |       0 |      26 |       32 |      5 |    31 |   -0.323 |     -125.6 |    772 | gen_regfile_ff.register_file_i.rf_reg_q\[510\]$_DFFE_PN0P_/D
iter:497, pass:4, current fixing endpoint: gen_regfile_ff.register_file_i.rf_reg_q\[722\]$_DFFE_PN0P_/D, endpoint slack:-1.9082824e-10
      498 |       0 |      27 |       32 |      5 |    31 |   -0.327 |     -127.4 |    772 | gen_regfile_ff.register_file_i.rf_reg_q\[510\]$_DFFE_PN0P_/D
iter:498, pass:5, current fixing endpoint: gen_regfile_ff.register_file_i.rf_reg_q\[722\]$_DFFE_PN0P_/D, endpoint slack:-1.9167601e-10
      499 |       0 |      28 |       32 |      5 |    31 |   -0.327 |     -127.4 |    772 | gen_regfile_ff.register_file_i.rf_reg_q\[510\]$_DFFE_PN0P_/D
iter:499, pass:6, current fixing endpoint: gen_regfile_ff.register_file_i.rf_reg_q\[722\]$_DFFE_PN0P_/D, endpoint slack:-1.9330604e-10
      500 |       0 |      29 |       32 |      5 |    31 |   -0.327 |     -127.3 |    772 | gen_regfile_ff.register_file_i.rf_reg_q\[510\]$_DFFE_PN0P_/D
iter:500, pass:7, current fixing endpoint: gen_regfile_ff.register_file_i.rf_reg_q\[722\]$_DFFE_PN0P_/D, endpoint slack:-1.899052e-10
      501 |       0 |      30 |       32 |      5 |    31 |   -0.327 |     -127.7 |    772 | gen_regfile_ff.register_file_i.rf_reg_q\[510\]$_DFFE_PN0P_/D
iter:501, pass:8, current fixing endpoint: gen_regfile_ff.register_file_i.rf_reg_q\[722\]$_DFFE_PN0P_/D, endpoint slack:-1.9005197e-10
      501 |       0 |      24 |       32 |      5 |    31 |   -0.321 |     -125.3 |    772 | gen_regfile_ff.register_file_i.rf_reg_q\[510\]$_DFFE_PN0P_/D
      502 |       0 |      24 |       32 |      5 |    31 |   -0.321 |     -125.3 |    772 | gen_regfile_ff.register_file_i.rf_reg_q\[510\]$_DFFE_PN0P_/D
iter:502, pass:1, current fixing endpoint: gen_regfile_ff.register_file_i.rf_reg_q\[658\]$_DFFE_PN0P_/D, endpoint slack:-1.954863e-10
      503 |       0 |      25 |       32 |      5 |    31 |   -0.323 |     -125.7 |    772 | gen_regfile_ff.register_file_i.rf_reg_q\[510\]$_DFFE_PN0P_/D
iter:503, pass:2, current fixing endpoint: gen_regfile_ff.register_file_i.rf_reg_q\[658\]$_DFFE_PN0P_/D, endpoint slack:-1.9333601e-10
      504 |       0 |      26 |       32 |      5 |    31 |   -0.323 |     -125.5 |    772 | gen_regfile_ff.register_file_i.rf_reg_q\[510\]$_DFFE_PN0P_/D
iter:504, pass:3, current fixing endpoint: gen_regfile_ff.register_file_i.rf_reg_q\[658\]$_DFFE_PN0P_/D, endpoint slack:-1.8981083e-10
      505 |       0 |      27 |       32 |      5 |    31 |   -0.323 |     -125.6 |    772 | gen_regfile_ff.register_file_i.rf_reg_q\[510\]$_DFFE_PN0P_/D
iter:505, pass:4, current fixing endpoint: gen_regfile_ff.register_file_i.rf_reg_q\[658\]$_DFFE_PN0P_/D, endpoint slack:-1.9093371e-10
      506 |       0 |      28 |       32 |      5 |    31 |   -0.327 |     -127.3 |    772 | gen_regfile_ff.register_file_i.rf_reg_q\[510\]$_DFFE_PN0P_/D
iter:506, pass:5, current fixing endpoint: gen_regfile_ff.register_file_i.rf_reg_q\[658\]$_DFFE_PN0P_/D, endpoint slack:-1.9178148e-10
      507 |       0 |      29 |       32 |      5 |    31 |   -0.327 |     -127.4 |    772 | gen_regfile_ff.register_file_i.rf_reg_q\[510\]$_DFFE_PN0P_/D
iter:507, pass:6, current fixing endpoint: gen_regfile_ff.register_file_i.rf_reg_q\[658\]$_DFFE_PN0P_/D, endpoint slack:-1.9341151e-10
      508 |       0 |      30 |       32 |      5 |    31 |   -0.327 |     -127.3 |    772 | gen_regfile_ff.register_file_i.rf_reg_q\[510\]$_DFFE_PN0P_/D
iter:508, pass:7, current fixing endpoint: gen_regfile_ff.register_file_i.rf_reg_q\[658\]$_DFFE_PN0P_/D, endpoint slack:-1.9001067e-10
      509 |       0 |      31 |       32 |      5 |    31 |   -0.327 |     -127.7 |    772 | gen_regfile_ff.register_file_i.rf_reg_q\[510\]$_DFFE_PN0P_/D
iter:509, pass:8, current fixing endpoint: gen_regfile_ff.register_file_i.rf_reg_q\[658\]$_DFFE_PN0P_/D, endpoint slack:-1.9017166e-10
      509 |       0 |      25 |       32 |      5 |    31 |   -0.321 |     -125.3 |    772 | gen_regfile_ff.register_file_i.rf_reg_q\[510\]$_DFFE_PN0P_/D
      510 |       0 |      25 |       32 |      5 |    31 |   -0.321 |     -125.3 |    772 | gen_regfile_ff.register_file_i.rf_reg_q\[510\]$_DFFE_PN0P_/D
iter:510, pass:1, current fixing endpoint: gen_regfile_ff.register_file_i.rf_reg_q\[285\]$_DFFE_PN0P_/D, endpoint slack:-2.3005975e-10
      511 |       0 |      26 |       32 |      5 |    31 |   -0.323 |     -125.7 |    772 | gen_regfile_ff.register_file_i.rf_reg_q\[510\]$_DFFE_PN0P_/D
iter:511, pass:2, current fixing endpoint: gen_regfile_ff.register_file_i.rf_reg_q\[285\]$_DFFE_PN0P_/D, endpoint slack:-2.2912094e-10
      511 |       0 |      25 |       32 |      5 |    31 |   -0.321 |     -125.3 |    772 | gen_regfile_ff.register_file_i.rf_reg_q\[510\]$_DFFE_PN0P_/D
      512 |       0 |      25 |       32 |      5 |    31 |   -0.321 |     -125.3 |    772 | gen_regfile_ff.register_file_i.rf_reg_q\[510\]$_DFFE_PN0P_/D
iter:512, pass:1, current fixing endpoint: gen_regfile_ff.register_file_i.rf_reg_q\[690\]$_DFFE_PN0P_/D, endpoint slack:-1.9478352e-10
      513 |       0 |      26 |       32 |      5 |    31 |   -0.323 |     -125.7 |    772 | gen_regfile_ff.register_file_i.rf_reg_q\[510\]$_DFFE_PN0P_/D
iter:513, pass:2, current fixing endpoint: gen_regfile_ff.register_file_i.rf_reg_q\[690\]$_DFFE_PN0P_/D, endpoint slack:-1.9263324e-10
      514 |       0 |      27 |       32 |      5 |    31 |   -0.323 |     -125.5 |    772 | gen_regfile_ff.register_file_i.rf_reg_q\[510\]$_DFFE_PN0P_/D
iter:514, pass:3, current fixing endpoint: gen_regfile_ff.register_file_i.rf_reg_q\[690\]$_DFFE_PN0P_/D, endpoint slack:-1.8910806e-10
      515 |       0 |      28 |       32 |      5 |    31 |   -0.323 |     -125.6 |    772 | gen_regfile_ff.register_file_i.rf_reg_q\[510\]$_DFFE_PN0P_/D
iter:515, pass:4, current fixing endpoint: gen_regfile_ff.register_file_i.rf_reg_q\[690\]$_DFFE_PN0P_/D, endpoint slack:-1.9023094e-10
      516 |       0 |      29 |       32 |      5 |    31 |   -0.327 |     -127.3 |    772 | gen_regfile_ff.register_file_i.rf_reg_q\[510\]$_DFFE_PN0P_/D
iter:516, pass:5, current fixing endpoint: gen_regfile_ff.register_file_i.rf_reg_q\[690\]$_DFFE_PN0P_/D, endpoint slack:-1.9107871e-10
      517 |       0 |      30 |       32 |      5 |    31 |   -0.327 |     -127.4 |    772 | gen_regfile_ff.register_file_i.rf_reg_q\[510\]$_DFFE_PN0P_/D
iter:517, pass:6, current fixing endpoint: gen_regfile_ff.register_file_i.rf_reg_q\[690\]$_DFFE_PN0P_/D, endpoint slack:-1.9270874e-10
      518 |       0 |      31 |       32 |      5 |    31 |   -0.327 |     -127.3 |    772 | gen_regfile_ff.register_file_i.rf_reg_q\[510\]$_DFFE_PN0P_/D
iter:518, pass:7, current fixing endpoint: gen_regfile_ff.register_file_i.rf_reg_q\[690\]$_DFFE_PN0P_/D, endpoint slack:-1.893079e-10
      519 |       0 |      32 |       32 |      5 |    31 |   -0.327 |     -127.7 |    772 | gen_regfile_ff.register_file_i.rf_reg_q\[510\]$_DFFE_PN0P_/D
iter:519, pass:8, current fixing endpoint: gen_regfile_ff.register_file_i.rf_reg_q\[690\]$_DFFE_PN0P_/D, endpoint slack:-1.8946889e-10
      519 |       0 |      26 |       32 |      5 |    31 |   -0.321 |     -125.3 |    772 | gen_regfile_ff.register_file_i.rf_reg_q\[510\]$_DFFE_PN0P_/D
      520 |       0 |      26 |       32 |      5 |    31 |   -0.321 |     -125.3 |    772 | gen_regfile_ff.register_file_i.rf_reg_q\[510\]$_DFFE_PN0P_/D
iter:520, pass:1, current fixing endpoint: gen_regfile_ff.register_file_i.rf_reg_q\[988\]$_DFFE_PN0P_/D, endpoint slack:-2.2637425e-10
      521 |       0 |      26 |       32 |      5 |    32 |   -0.321 |     -125.2 |    772 | gen_regfile_ff.register_file_i.rf_reg_q\[510\]$_DFFE_PN0P_/D
iter:521, pass:2, current fixing endpoint: gen_regfile_ff.register_file_i.rf_reg_q\[988\]$_DFFE_PN0P_/D, endpoint slack:-2.2127344e-10
      522 |       0 |      26 |       32 |      5 |    33 |   -0.321 |     -125.0 |    772 | gen_regfile_ff.register_file_i.rf_reg_q\[510\]$_DFFE_PN0P_/D
iter:522, pass:3, current fixing endpoint: gen_regfile_ff.register_file_i.rf_reg_q\[988\]$_DFFE_PN0P_/D, endpoint slack:-2.1558644e-10
      523 |       0 |      26 |       32 |      5 |    34 |   -0.321 |     -125.3 |    772 | gen_regfile_ff.register_file_i.rf_reg_q\[510\]$_DFFE_PN0P_/D
iter:523, pass:4, current fixing endpoint: gen_regfile_ff.register_file_i.rf_reg_q\[988\]$_DFFE_PN0P_/D, endpoint slack:-2.2008417e-10
      524 |       0 |      26 |       32 |      5 |    35 |   -0.321 |     -125.4 |    772 | gen_regfile_ff.register_file_i.rf_reg_q\[510\]$_DFFE_PN0P_/D
iter:524, pass:5, current fixing endpoint: gen_regfile_ff.register_file_i.rf_reg_q\[988\]$_DFFE_PN0P_/D, endpoint slack:-2.2484836e-10
      525 |       0 |      27 |       32 |      5 |    35 |   -0.321 |     -125.5 |    772 | gen_regfile_ff.register_file_i.rf_reg_q\[510\]$_DFFE_PN0P_/D
iter:525, pass:6, current fixing endpoint: gen_regfile_ff.register_file_i.rf_reg_q\[988\]$_DFFE_PN0P_/D, endpoint slack:-2.2730684e-10
      526 |       0 |      27 |       32 |      5 |    36 |   -0.321 |     -125.5 |    772 | gen_regfile_ff.register_file_i.rf_reg_q\[510\]$_DFFE_PN0P_/D
iter:526, pass:7, current fixing endpoint: gen_regfile_ff.register_file_i.rf_reg_q\[988\]$_DFFE_PN0P_/D, endpoint slack:-2.292102e-10
      527 |       0 |      27 |       32 |      5 |    37 |   -0.321 |     -125.6 |    772 | gen_regfile_ff.register_file_i.rf_reg_q\[510\]$_DFFE_PN0P_/D
iter:527, pass:8, current fixing endpoint: gen_regfile_ff.register_file_i.rf_reg_q\[988\]$_DFFE_PN0P_/D, endpoint slack:-2.3044633e-10
      528 |       0 |      27 |       32 |      5 |    38 |   -0.321 |     -125.6 |    772 | gen_regfile_ff.register_file_i.rf_reg_q\[510\]$_DFFE_PN0P_/D
iter:528, pass:9, current fixing endpoint: gen_regfile_ff.register_file_i.rf_reg_q\[988\]$_DFFE_PN0P_/D, endpoint slack:-2.317373e-10
      529 |       0 |      28 |       32 |      5 |    38 |   -0.321 |     -126.3 |    772 | gen_regfile_ff.register_file_i.rf_reg_q\[510\]$_DFFE_PN0P_/D
iter:529, pass:10, current fixing endpoint: gen_regfile_ff.register_file_i.rf_reg_q\[988\]$_DFFE_PN0P_/D, endpoint slack:-2.3189828e-10
      529 |       0 |      26 |       32 |      5 |    33 |   -0.321 |     -125.0 |    772 | gen_regfile_ff.register_file_i.rf_reg_q\[510\]$_DFFE_PN0P_/D
      530 |       0 |      26 |       32 |      5 |    33 |   -0.321 |     -125.0 |    772 | gen_regfile_ff.register_file_i.rf_reg_q\[510\]$_DFFE_PN0P_/D
iter:530, pass:1, current fixing endpoint: gen_regfile_ff.register_file_i.rf_reg_q\[927\]$_DFFE_PN0P_/D, endpoint slack:-2.2542723e-10
      531 |       0 |      27 |       32 |      5 |    33 |   -0.321 |     -124.9 |    772 | gen_regfile_ff.register_file_i.rf_reg_q\[510\]$_DFFE_PN0P_/D
iter:531, pass:2, current fixing endpoint: gen_regfile_ff.register_file_i.rf_reg_q\[927\]$_DFFE_PN0P_/D, endpoint slack:-2.1609337e-10
      532 |       0 |      27 |       32 |      6 |    33 |   -0.321 |     -125.0 |    772 | gen_regfile_ff.register_file_i.rf_reg_q\[510\]$_DFFE_PN0P_/D
iter:532, pass:3, current fixing endpoint: gen_regfile_ff.register_file_i.rf_reg_q\[927\]$_DFFE_PN0P_/D, endpoint slack:-2.1134783e-10
      533 |       0 |      28 |       32 |      6 |    33 |   -0.323 |     -125.5 |    772 | gen_regfile_ff.register_file_i.rf_reg_q\[510\]$_DFFE_PN0P_/D
iter:533, pass:4, current fixing endpoint: gen_regfile_ff.register_file_i.rf_reg_q\[927\]$_DFFE_PN0P_/D, endpoint slack:-2.1040902e-10
      533 |       0 |      27 |       32 |      6 |    33 |   -0.321 |     -125.0 |    772 | gen_regfile_ff.register_file_i.rf_reg_q\[510\]$_DFFE_PN0P_/D
      534 |       0 |      27 |       32 |      6 |    33 |   -0.321 |     -125.0 |    772 | gen_regfile_ff.register_file_i.rf_reg_q\[510\]$_DFFE_PN0P_/D
iter:534, pass:1, current fixing endpoint: gen_regfile_ff.register_file_i.rf_reg_q\[274\]$_DFFE_PN0P_/D, endpoint slack:-1.9406876e-10
      535 |       0 |      28 |       32 |      6 |    33 |   -0.323 |     -125.4 |    772 | gen_regfile_ff.register_file_i.rf_reg_q\[510\]$_DFFE_PN0P_/D
iter:535, pass:2, current fixing endpoint: gen_regfile_ff.register_file_i.rf_reg_q\[274\]$_DFFE_PN0P_/D, endpoint slack:-1.9191848e-10
      536 |       0 |      29 |       32 |      6 |    33 |   -0.323 |     -125.3 |    772 | gen_regfile_ff.register_file_i.rf_reg_q\[510\]$_DFFE_PN0P_/D
iter:536, pass:3, current fixing endpoint: gen_regfile_ff.register_file_i.rf_reg_q\[274\]$_DFFE_PN0P_/D, endpoint slack:-1.883933e-10
      537 |       0 |      30 |       32 |      6 |    33 |   -0.323 |     -125.3 |    772 | gen_regfile_ff.register_file_i.rf_reg_q\[510\]$_DFFE_PN0P_/D
iter:537, pass:4, current fixing endpoint: gen_regfile_ff.register_file_i.rf_reg_q\[274\]$_DFFE_PN0P_/D, endpoint slack:-1.8951618e-10
      538 |       0 |      31 |       32 |      6 |    33 |   -0.327 |     -127.1 |    772 | gen_regfile_ff.register_file_i.rf_reg_q\[510\]$_DFFE_PN0P_/D
iter:538, pass:5, current fixing endpoint: gen_regfile_ff.register_file_i.rf_reg_q\[274\]$_DFFE_PN0P_/D, endpoint slack:-1.9036395e-10
      539 |       0 |      32 |       32 |      6 |    33 |   -0.327 |     -127.1 |    772 | gen_regfile_ff.register_file_i.rf_reg_q\[510\]$_DFFE_PN0P_/D
iter:539, pass:6, current fixing endpoint: gen_regfile_ff.register_file_i.rf_reg_q\[274\]$_DFFE_PN0P_/D, endpoint slack:-1.9199398e-10
      540 |       0 |      33 |       32 |      6 |    33 |   -0.327 |     -127.0 |    772 | gen_regfile_ff.register_file_i.rf_reg_q\[510\]$_DFFE_PN0P_/D
iter:540, pass:7, current fixing endpoint: gen_regfile_ff.register_file_i.rf_reg_q\[274\]$_DFFE_PN0P_/D, endpoint slack:-1.8859314e-10
      541 |       0 |      34 |       32 |      6 |    33 |   -0.327 |     -127.4 |    772 | gen_regfile_ff.register_file_i.rf_reg_q\[510\]$_DFFE_PN0P_/D
iter:541, pass:8, current fixing endpoint: gen_regfile_ff.register_file_i.rf_reg_q\[274\]$_DFFE_PN0P_/D, endpoint slack:-1.8875412e-10
      541 |       0 |      28 |       32 |      6 |    33 |   -0.321 |     -125.0 |    772 | gen_regfile_ff.register_file_i.rf_reg_q\[510\]$_DFFE_PN0P_/D
      542 |       0 |      28 |       32 |      6 |    33 |   -0.321 |     -125.0 |    772 | gen_regfile_ff.register_file_i.rf_reg_q\[510\]$_DFFE_PN0P_/D
iter:542, pass:1, current fixing endpoint: gen_regfile_ff.register_file_i.rf_reg_q\[509\]$_DFFE_PN0P_/D, endpoint slack:-2.3177238e-10
      543 |       0 |      29 |       32 |      6 |    33 |   -0.323 |     -125.5 |    772 | gen_regfile_ff.register_file_i.rf_reg_q\[510\]$_DFFE_PN0P_/D
iter:543, pass:2, current fixing endpoint: gen_regfile_ff.register_file_i.rf_reg_q\[509\]$_DFFE_PN0P_/D, endpoint slack:-2.3083357e-10
      543 |       0 |      28 |       32 |      6 |    33 |   -0.321 |     -125.0 |    772 | gen_regfile_ff.register_file_i.rf_reg_q\[510\]$_DFFE_PN0P_/D
      544 |       0 |      28 |       32 |      6 |    33 |   -0.321 |     -125.0 |    772 | gen_regfile_ff.register_file_i.rf_reg_q\[510\]$_DFFE_PN0P_/D
iter:544, pass:1, current fixing endpoint: gen_regfile_ff.register_file_i.rf_reg_q\[410\]$_DFFE_PN0P_/D, endpoint slack:-2.2606583e-10
      545 |       0 |      28 |       32 |      6 |    34 |   -0.321 |     -125.2 |    772 | gen_regfile_ff.register_file_i.rf_reg_q\[510\]$_DFFE_PN0P_/D
iter:545, pass:2, current fixing endpoint: gen_regfile_ff.register_file_i.rf_reg_q\[410\]$_DFFE_PN0P_/D, endpoint slack:-2.3130409e-10
      546 |       0 |      29 |       32 |      6 |    34 |   -0.321 |     -125.1 |    772 | gen_regfile_ff.register_file_i.rf_reg_q\[510\]$_DFFE_PN0P_/D
iter:546, pass:3, current fixing endpoint: gen_regfile_ff.register_file_i.rf_reg_q\[410\]$_DFFE_PN0P_/D, endpoint slack:-2.2092728e-10
      547 |       0 |      30 |       32 |      6 |    34 |   -0.321 |     -125.0 |    772 | gen_regfile_ff.register_file_i.rf_reg_q\[510\]$_DFFE_PN0P_/D
iter:547, pass:4, current fixing endpoint: gen_regfile_ff.register_file_i.rf_reg_q\[410\]$_DFFE_PN0P_/D, endpoint slack:-2.144811e-10
      548 |       0 |      31 |       32 |      6 |    34 |   -0.321 |     -124.7 |    772 | gen_regfile_ff.register_file_i.rf_reg_q\[510\]$_DFFE_PN0P_/D
iter:548, pass:5, current fixing endpoint: gen_regfile_ff.register_file_i.rf_reg_q\[410\]$_DFFE_PN0P_/D, endpoint slack:-2.0624524e-10
      549 |       0 |      32 |       32 |      6 |    34 |   -0.321 |     -125.0 |    772 | gen_regfile_ff.register_file_i.rf_reg_q\[510\]$_DFFE_PN0P_/D
iter:549, pass:6, current fixing endpoint: gen_regfile_ff.register_file_i.rf_reg_q\[410\]$_DFFE_PN0P_/D, endpoint slack:-2.133973e-10
      550 |       0 |      33 |       32 |      6 |    34 |   -0.326 |     -124.9 |    772 | gen_regfile_ff.register_file_i.rf_reg_q\[510\]$_DFFE_PN0P_/D
iter:550, pass:7, current fixing endpoint: gen_regfile_ff.register_file_i.rf_reg_q\[410\]$_DFFE_PN0P_/D, endpoint slack:-2.0562996e-10
      551 |       0 |      34 |       32 |      6 |    34 |   -0.326 |     -124.8 |    772 | gen_regfile_ff.register_file_i.rf_reg_q\[510\]$_DFFE_PN0P_/D
iter:551, pass:8, current fixing endpoint: gen_regfile_ff.register_file_i.rf_reg_q\[410\]$_DFFE_PN0P_/D, endpoint slack:-2.0143909e-10
      552 |       0 |      34 |       32 |      6 |    35 |   -0.324 |     -124.5 |    772 | gen_regfile_ff.register_file_i.rf_reg_q\[510\]$_DFFE_PN0P_/D
iter:552, pass:9, current fixing endpoint: gen_regfile_ff.register_file_i.rf_reg_q\[410\]$_DFFE_PN0P_/D, endpoint slack:-1.9561708e-10
      553 |       0 |      34 |       32 |      7 |    35 |   -0.324 |     -124.6 |    772 | gen_regfile_ff.register_file_i.rf_reg_q\[510\]$_DFFE_PN0P_/D
iter:553, pass:10, current fixing endpoint: gen_regfile_ff.register_file_i.rf_reg_q\[410\]$_DFFE_PN0P_/D, endpoint slack:-1.9025181e-10
      554 |       0 |      35 |       32 |      7 |    35 |   -0.324 |     -124.5 |    772 | gen_regfile_ff.register_file_i.rf_reg_q\[510\]$_DFFE_PN0P_/D
iter:554, pass:11, current fixing endpoint: gen_regfile_ff.register_file_i.rf_reg_q\[410\]$_DFFE_PN0P_/D, endpoint slack:-1.8647128e-10
      555 |       0 |      36 |       32 |      7 |    35 |   -0.324 |     -124.5 |    772 | gen_regfile_ff.register_file_i.rf_reg_q\[510\]$_DFFE_PN0P_/D
iter:555, pass:12, current fixing endpoint: gen_regfile_ff.register_file_i.rf_reg_q\[410\]$_DFFE_PN0P_/D, endpoint slack:-1.8312374e-10
      556 |       0 |      36 |       32 |      7 |    36 |   -0.324 |     -124.4 |    772 | gen_regfile_ff.register_file_i.rf_reg_q\[510\]$_DFFE_PN0P_/D
iter:556, pass:13, current fixing endpoint: gen_regfile_ff.register_file_i.rf_reg_q\[410\]$_DFFE_PN0P_/D, endpoint slack:-1.813627e-10
      557 |       0 |      36 |       32 |      7 |    37 |   -0.324 |     -124.3 |    772 | gen_regfile_ff.register_file_i.rf_reg_q\[510\]$_DFFE_PN0P_/D
iter:557, pass:14, current fixing endpoint: gen_regfile_ff.register_file_i.rf_reg_q\[410\]$_DFFE_PN0P_/D, endpoint slack:-1.7859558e-10
      558 |       0 |      36 |       32 |      7 |    38 |   -0.324 |     -124.2 |    772 | gen_regfile_ff.register_file_i.rf_reg_q\[510\]$_DFFE_PN0P_/D
iter:558, pass:15, current fixing endpoint: gen_regfile_ff.register_file_i.rf_reg_q\[410\]$_DFFE_PN0P_/D, endpoint slack:-1.7526602e-10
      559 |       0 |      37 |       32 |      7 |    38 |   -0.325 |     -124.9 |    772 | gen_regfile_ff.register_file_i.rf_reg_q\[510\]$_DFFE_PN0P_/D
iter:559, pass:16, current fixing endpoint: gen_regfile_ff.register_file_i.rf_reg_q\[410\]$_DFFE_PN0P_/D, endpoint slack:-1.75427e-10
      559 |       0 |      31 |       32 |      6 |    34 |   -0.321 |     -124.7 |    772 | gen_regfile_ff.register_file_i.rf_reg_q\[510\]$_DFFE_PN0P_/D
      560 |       0 |      31 |       32 |      6 |    34 |   -0.321 |     -124.7 |    772 | gen_regfile_ff.register_file_i.rf_reg_q\[510\]$_DFFE_PN0P_/D
iter:560, pass:1, current fixing endpoint: gen_regfile_ff.register_file_i.rf_reg_q\[474\]$_DFFE_PN0P_/D, endpoint slack:-2.0589686e-10
      561 |       0 |      32 |       32 |      6 |    34 |   -0.321 |     -125.0 |    772 | gen_regfile_ff.register_file_i.rf_reg_q\[510\]$_DFFE_PN0P_/D
iter:561, pass:2, current fixing endpoint: gen_regfile_ff.register_file_i.rf_reg_q\[474\]$_DFFE_PN0P_/D, endpoint slack:-2.1277824e-10
      562 |       0 |      33 |       32 |      6 |    34 |   -0.326 |     -124.9 |    772 | gen_regfile_ff.register_file_i.rf_reg_q\[510\]$_DFFE_PN0P_/D
iter:562, pass:3, current fixing endpoint: gen_regfile_ff.register_file_i.rf_reg_q\[474\]$_DFFE_PN0P_/D, endpoint slack:-2.050109e-10
      563 |       0 |      34 |       32 |      6 |    34 |   -0.326 |     -124.7 |    772 | gen_regfile_ff.register_file_i.rf_reg_q\[510\]$_DFFE_PN0P_/D
iter:563, pass:4, current fixing endpoint: gen_regfile_ff.register_file_i.rf_reg_q\[474\]$_DFFE_PN0P_/D, endpoint slack:-2.0082003e-10
      564 |       0 |      34 |       32 |      7 |    34 |   -0.326 |     -124.8 |    772 | gen_regfile_ff.register_file_i.rf_reg_q\[510\]$_DFFE_PN0P_/D
iter:564, pass:5, current fixing endpoint: gen_regfile_ff.register_file_i.rf_reg_q\[474\]$_DFFE_PN0P_/D, endpoint slack:-1.953373e-10
      565 |       0 |      35 |       32 |      7 |    34 |   -0.326 |     -124.8 |    772 | gen_regfile_ff.register_file_i.rf_reg_q\[510\]$_DFFE_PN0P_/D
iter:565, pass:6, current fixing endpoint: gen_regfile_ff.register_file_i.rf_reg_q\[474\]$_DFFE_PN0P_/D, endpoint slack:-1.9218827e-10
      566 |       0 |      36 |       32 |      7 |    34 |   -0.326 |     -124.7 |    772 | gen_regfile_ff.register_file_i.rf_reg_q\[510\]$_DFFE_PN0P_/D
iter:566, pass:7, current fixing endpoint: gen_regfile_ff.register_file_i.rf_reg_q\[474\]$_DFFE_PN0P_/D, endpoint slack:-1.8884072e-10
      567 |       0 |      37 |       32 |      7 |    34 |   -0.326 |     -125.3 |    772 | gen_regfile_ff.register_file_i.rf_reg_q\[510\]$_DFFE_PN0P_/D
iter:567, pass:8, current fixing endpoint: gen_regfile_ff.register_file_i.rf_reg_q\[474\]$_DFFE_PN0P_/D, endpoint slack:-1.890017e-10
      567 |       0 |      31 |       32 |      6 |    34 |   -0.321 |     -124.7 |    772 | gen_regfile_ff.register_file_i.rf_reg_q\[510\]$_DFFE_PN0P_/D
      568 |       0 |      31 |       32 |      6 |    34 |   -0.321 |     -124.7 |    772 | gen_regfile_ff.register_file_i.rf_reg_q\[510\]$_DFFE_PN0P_/D
iter:568, pass:1, current fixing endpoint: gen_regfile_ff.register_file_i.rf_reg_q\[242\]$_DFFE_PN0P_/D, endpoint slack:-2.0434654e-10
      569 |       0 |      32 |       32 |      6 |    34 |   -0.321 |     -124.7 |    772 | gen_regfile_ff.register_file_i.rf_reg_q\[510\]$_DFFE_PN0P_/D
iter:569, pass:2, current fixing endpoint: gen_regfile_ff.register_file_i.rf_reg_q\[242\]$_DFFE_PN0P_/D, endpoint slack:-1.9943447e-10
      570 |       0 |      33 |       32 |      6 |    34 |   -0.323 |     -125.1 |    772 | gen_regfile_ff.register_file_i.rf_reg_q\[510\]$_DFFE_PN0P_/D
iter:570, pass:3, current fixing endpoint: gen_regfile_ff.register_file_i.rf_reg_q\[242\]$_DFFE_PN0P_/D, endpoint slack:-1.9728419e-10
      571 |       0 |      34 |       32 |      6 |    34 |   -0.323 |     -125.0 |    772 | gen_regfile_ff.register_file_i.rf_reg_q\[510\]$_DFFE_PN0P_/D
iter:571, pass:4, current fixing endpoint: gen_regfile_ff.register_file_i.rf_reg_q\[242\]$_DFFE_PN0P_/D, endpoint slack:-1.9375901e-10
      572 |       0 |      35 |       32 |      6 |    34 |   -0.323 |     -125.0 |    772 | gen_regfile_ff.register_file_i.rf_reg_q\[510\]$_DFFE_PN0P_/D
iter:572, pass:5, current fixing endpoint: gen_regfile_ff.register_file_i.rf_reg_q\[242\]$_DFFE_PN0P_/D, endpoint slack:-1.9488189e-10
      573 |       0 |      36 |       32 |      6 |    34 |   -0.327 |     -126.8 |    772 | gen_regfile_ff.register_file_i.rf_reg_q\[510\]$_DFFE_PN0P_/D
iter:573, pass:6, current fixing endpoint: gen_regfile_ff.register_file_i.rf_reg_q\[242\]$_DFFE_PN0P_/D, endpoint slack:-1.9572965e-10
      574 |       0 |      37 |       32 |      6 |    34 |   -0.327 |     -126.8 |    772 | gen_regfile_ff.register_file_i.rf_reg_q\[510\]$_DFFE_PN0P_/D
iter:574, pass:7, current fixing endpoint: gen_regfile_ff.register_file_i.rf_reg_q\[242\]$_DFFE_PN0P_/D, endpoint slack:-1.9735968e-10
      575 |       0 |      38 |       32 |      6 |    34 |   -0.327 |     -126.7 |    772 | gen_regfile_ff.register_file_i.rf_reg_q\[510\]$_DFFE_PN0P_/D
iter:575, pass:8, current fixing endpoint: gen_regfile_ff.register_file_i.rf_reg_q\[242\]$_DFFE_PN0P_/D, endpoint slack:-1.9395885e-10
      576 |       0 |      39 |       32 |      6 |    34 |   -0.327 |     -127.1 |    772 | gen_regfile_ff.register_file_i.rf_reg_q\[510\]$_DFFE_PN0P_/D
iter:576, pass:9, current fixing endpoint: gen_regfile_ff.register_file_i.rf_reg_q\[242\]$_DFFE_PN0P_/D, endpoint slack:-1.9411983e-10
      576 |       0 |      33 |       32 |      6 |    34 |   -0.321 |     -124.7 |    772 | gen_regfile_ff.register_file_i.rf_reg_q\[510\]$_DFFE_PN0P_/D
      577 |       0 |      33 |       32 |      6 |    34 |   -0.321 |     -124.7 |    772 | gen_regfile_ff.register_file_i.rf_reg_q\[510\]$_DFFE_PN0P_/D
iter:577, pass:1, current fixing endpoint: gen_regfile_ff.register_file_i.rf_reg_q\[636\]$_DFFE_PN0P_/D, endpoint slack:-2.151852e-10
      578 |       0 |      34 |       32 |      6 |    34 |   -0.321 |     -124.8 |    772 | gen_regfile_ff.register_file_i.rf_reg_q\[510\]$_DFFE_PN0P_/D
iter:578, pass:2, current fixing endpoint: gen_regfile_ff.register_file_i.rf_reg_q\[636\]$_DFFE_PN0P_/D, endpoint slack:-2.1764368e-10
      579 |       0 |      35 |       32 |      6 |    34 |   -0.321 |     -125.5 |    772 | gen_regfile_ff.register_file_i.rf_reg_q\[510\]$_DFFE_PN0P_/D
iter:579, pass:3, current fixing endpoint: gen_regfile_ff.register_file_i.rf_reg_q\[636\]$_DFFE_PN0P_/D, endpoint slack:-2.1780444e-10
      579 |       0 |      33 |       32 |      6 |    34 |   -0.321 |     -124.7 |    772 | gen_regfile_ff.register_file_i.rf_reg_q\[510\]$_DFFE_PN0P_/D
      580 |       0 |      33 |       32 |      6 |    34 |   -0.321 |     -124.7 |    772 | gen_regfile_ff.register_file_i.rf_reg_q\[510\]$_DFFE_PN0P_/D
iter:580, pass:1, current fixing endpoint: gen_regfile_ff.register_file_i.rf_reg_q\[626\]$_DFFE_PN0P_/D, endpoint slack:-1.9943824e-10
      581 |       0 |      34 |       32 |      6 |    34 |   -0.323 |     -125.1 |    772 | gen_regfile_ff.register_file_i.rf_reg_q\[510\]$_DFFE_PN0P_/D
iter:581, pass:2, current fixing endpoint: gen_regfile_ff.register_file_i.rf_reg_q\[626\]$_DFFE_PN0P_/D, endpoint slack:-1.9728796e-10
      582 |       0 |      35 |       32 |      6 |    34 |   -0.323 |     -125.0 |    772 | gen_regfile_ff.register_file_i.rf_reg_q\[510\]$_DFFE_PN0P_/D
iter:582, pass:3, current fixing endpoint: gen_regfile_ff.register_file_i.rf_reg_q\[626\]$_DFFE_PN0P_/D, endpoint slack:-1.9376278e-10
      583 |       0 |      36 |       32 |      6 |    34 |   -0.323 |     -125.0 |    772 | gen_regfile_ff.register_file_i.rf_reg_q\[510\]$_DFFE_PN0P_/D
iter:583, pass:4, current fixing endpoint: gen_regfile_ff.register_file_i.rf_reg_q\[626\]$_DFFE_PN0P_/D, endpoint slack:-1.9488566e-10
      584 |       0 |      37 |       32 |      6 |    34 |   -0.327 |     -126.8 |    772 | gen_regfile_ff.register_file_i.rf_reg_q\[510\]$_DFFE_PN0P_/D
iter:584, pass:5, current fixing endpoint: gen_regfile_ff.register_file_i.rf_reg_q\[626\]$_DFFE_PN0P_/D, endpoint slack:-1.9573343e-10
      585 |       0 |      38 |       32 |      6 |    34 |   -0.327 |     -126.8 |    772 | gen_regfile_ff.register_file_i.rf_reg_q\[510\]$_DFFE_PN0P_/D
iter:585, pass:6, current fixing endpoint: gen_regfile_ff.register_file_i.rf_reg_q\[626\]$_DFFE_PN0P_/D, endpoint slack:-1.9736346e-10
      586 |       0 |      39 |       32 |      6 |    34 |   -0.327 |     -126.7 |    772 | gen_regfile_ff.register_file_i.rf_reg_q\[510\]$_DFFE_PN0P_/D
iter:586, pass:7, current fixing endpoint: gen_regfile_ff.register_file_i.rf_reg_q\[626\]$_DFFE_PN0P_/D, endpoint slack:-1.9396262e-10
      587 |       0 |      40 |       32 |      6 |    34 |   -0.327 |     -127.1 |    772 | gen_regfile_ff.register_file_i.rf_reg_q\[510\]$_DFFE_PN0P_/D
iter:587, pass:8, current fixing endpoint: gen_regfile_ff.register_file_i.rf_reg_q\[626\]$_DFFE_PN0P_/D, endpoint slack:-1.941094e-10
      587 |       0 |      34 |       32 |      6 |    34 |   -0.321 |     -124.7 |    772 | gen_regfile_ff.register_file_i.rf_reg_q\[510\]$_DFFE_PN0P_/D
      588 |       0 |      34 |       32 |      6 |    34 |   -0.321 |     -124.7 |    772 | gen_regfile_ff.register_file_i.rf_reg_q\[510\]$_DFFE_PN0P_/D
iter:588, pass:1, current fixing endpoint: gen_regfile_ff.register_file_i.rf_reg_q\[378\]$_DFFE_PN0P_/D, endpoint slack:-2.0557178e-10
      589 |       0 |      35 |       32 |      6 |    34 |   -0.321 |     -125.0 |    772 | gen_regfile_ff.register_file_i.rf_reg_q\[510\]$_DFFE_PN0P_/D
iter:589, pass:2, current fixing endpoint: gen_regfile_ff.register_file_i.rf_reg_q\[378\]$_DFFE_PN0P_/D, endpoint slack:-2.124183e-10
      590 |       0 |      36 |       32 |      6 |    34 |   -0.326 |     -124.9 |    772 | gen_regfile_ff.register_file_i.rf_reg_q\[510\]$_DFFE_PN0P_/D
iter:590, pass:3, current fixing endpoint: gen_regfile_ff.register_file_i.rf_reg_q\[378\]$_DFFE_PN0P_/D, endpoint slack:-2.0465096e-10
      591 |       0 |      37 |       32 |      6 |    34 |   -0.326 |     -124.7 |    772 | gen_regfile_ff.register_file_i.rf_reg_q\[510\]$_DFFE_PN0P_/D
iter:591, pass:4, current fixing endpoint: gen_regfile_ff.register_file_i.rf_reg_q\[378\]$_DFFE_PN0P_/D, endpoint slack:-2.0046009e-10
      592 |       0 |      37 |       32 |      7 |    34 |   -0.326 |     -124.9 |    772 | gen_regfile_ff.register_file_i.rf_reg_q\[510\]$_DFFE_PN0P_/D
iter:592, pass:5, current fixing endpoint: gen_regfile_ff.register_file_i.rf_reg_q\[378\]$_DFFE_PN0P_/D, endpoint slack:-1.950149e-10
      593 |       0 |      38 |       32 |      7 |    34 |   -0.326 |     -124.8 |    772 | gen_regfile_ff.register_file_i.rf_reg_q\[510\]$_DFFE_PN0P_/D
iter:593, pass:6, current fixing endpoint: gen_regfile_ff.register_file_i.rf_reg_q\[378\]$_DFFE_PN0P_/D, endpoint slack:-1.9186586e-10
      594 |       0 |      39 |       32 |      7 |    34 |   -0.326 |     -124.7 |    772 | gen_regfile_ff.register_file_i.rf_reg_q\[510\]$_DFFE_PN0P_/D
iter:594, pass:7, current fixing endpoint: gen_regfile_ff.register_file_i.rf_reg_q\[378\]$_DFFE_PN0P_/D, endpoint slack:-1.8851831e-10
      595 |       0 |      40 |       32 |      7 |    34 |   -0.326 |     -125.3 |    772 | gen_regfile_ff.register_file_i.rf_reg_q\[510\]$_DFFE_PN0P_/D
iter:595, pass:8, current fixing endpoint: gen_regfile_ff.register_file_i.rf_reg_q\[378\]$_DFFE_PN0P_/D, endpoint slack:-1.886793e-10
      595 |       0 |      34 |       32 |      6 |    34 |   -0.321 |     -124.7 |    772 | gen_regfile_ff.register_file_i.rf_reg_q\[510\]$_DFFE_PN0P_/D
      596 |       0 |      34 |       32 |      6 |    34 |   -0.321 |     -124.7 |    772 | gen_regfile_ff.register_file_i.rf_reg_q\[510\]$_DFFE_PN0P_/D
iter:596, pass:1, current fixing endpoint: gen_regfile_ff.register_file_i.rf_reg_q\[573\]$_DFFE_PN0P_/D, endpoint slack:-2.3116598e-10
      597 |       0 |      35 |       32 |      6 |    34 |   -0.323 |     -125.2 |    772 | gen_regfile_ff.register_file_i.rf_reg_q\[510\]$_DFFE_PN0P_/D
iter:597, pass:2, current fixing endpoint: gen_regfile_ff.register_file_i.rf_reg_q\[573\]$_DFFE_PN0P_/D, endpoint slack:-2.3022717e-10
      597 |       0 |      34 |       32 |      6 |    34 |   -0.321 |     -124.7 |    772 | gen_regfile_ff.register_file_i.rf_reg_q\[510\]$_DFFE_PN0P_/D
      598 |       0 |      34 |       32 |      6 |    34 |   -0.321 |     -124.7 |    772 | gen_regfile_ff.register_file_i.rf_reg_q\[510\]$_DFFE_PN0P_/D
iter:598, pass:1, current fixing endpoint: gen_regfile_ff.register_file_i.rf_reg_q\[946\]$_DFFE_PN0P_/D, endpoint slack:-1.9914381e-10
      599 |       0 |      35 |       32 |      6 |    34 |   -0.323 |     -125.1 |    772 | gen_regfile_ff.register_file_i.rf_reg_q\[510\]$_DFFE_PN0P_/D
iter:599, pass:2, current fixing endpoint: gen_regfile_ff.register_file_i.rf_reg_q\[946\]$_DFFE_PN0P_/D, endpoint slack:-1.9699353e-10
      600 |       0 |      36 |       32 |      6 |    34 |   -0.323 |     -125.0 |    772 | gen_regfile_ff.register_file_i.rf_reg_q\[510\]$_DFFE_PN0P_/D
iter:600, pass:3, current fixing endpoint: gen_regfile_ff.register_file_i.rf_reg_q\[946\]$_DFFE_PN0P_/D, endpoint slack:-1.9346835e-10
      601 |       0 |      37 |       32 |      6 |    34 |   -0.323 |     -125.0 |    772 | gen_regfile_ff.register_file_i.rf_reg_q\[510\]$_DFFE_PN0P_/D
iter:601, pass:4, current fixing endpoint: gen_regfile_ff.register_file_i.rf_reg_q\[946\]$_DFFE_PN0P_/D, endpoint slack:-1.9459123e-10
      602 |       0 |      38 |       32 |      6 |    34 |   -0.327 |     -126.8 |    772 | gen_regfile_ff.register_file_i.rf_reg_q\[510\]$_DFFE_PN0P_/D
iter:602, pass:5, current fixing endpoint: gen_regfile_ff.register_file_i.rf_reg_q\[946\]$_DFFE_PN0P_/D, endpoint slack:-1.95439e-10
      603 |       0 |      39 |       32 |      6 |    34 |   -0.327 |     -126.8 |    772 | gen_regfile_ff.register_file_i.rf_reg_q\[510\]$_DFFE_PN0P_/D
iter:603, pass:6, current fixing endpoint: gen_regfile_ff.register_file_i.rf_reg_q\[946\]$_DFFE_PN0P_/D, endpoint slack:-1.9706903e-10
      604 |       0 |      40 |       32 |      6 |    34 |   -0.327 |     -126.7 |    772 | gen_regfile_ff.register_file_i.rf_reg_q\[510\]$_DFFE_PN0P_/D
iter:604, pass:7, current fixing endpoint: gen_regfile_ff.register_file_i.rf_reg_q\[946\]$_DFFE_PN0P_/D, endpoint slack:-1.9366819e-10
      605 |       0 |      41 |       32 |      6 |    34 |   -0.327 |     -127.1 |    772 | gen_regfile_ff.register_file_i.rf_reg_q\[510\]$_DFFE_PN0P_/D
iter:605, pass:8, current fixing endpoint: gen_regfile_ff.register_file_i.rf_reg_q\[946\]$_DFFE_PN0P_/D, endpoint slack:-1.9382917e-10
      605 |       0 |      35 |       32 |      6 |    34 |   -0.321 |     -124.7 |    772 | gen_regfile_ff.register_file_i.rf_reg_q\[510\]$_DFFE_PN0P_/D
      606 |       0 |      35 |       32 |      6 |    34 |   -0.321 |     -124.7 |    772 | gen_regfile_ff.register_file_i.rf_reg_q\[510\]$_DFFE_PN0P_/D
iter:606, pass:1, current fixing endpoint: gen_regfile_ff.register_file_i.rf_reg_q\[159\]$_DFFE_PN0P_/D, endpoint slack:-2.1018165e-10
      607 |       0 |      36 |       32 |      6 |    34 |   -0.323 |     -125.2 |    772 | gen_regfile_ff.register_file_i.rf_reg_q\[510\]$_DFFE_PN0P_/D
iter:607, pass:2, current fixing endpoint: gen_regfile_ff.register_file_i.rf_reg_q\[159\]$_DFFE_PN0P_/D, endpoint slack:-2.0924285e-10
      607 |       0 |      35 |       32 |      6 |    34 |   -0.321 |     -124.7 |    772 | gen_regfile_ff.register_file_i.rf_reg_q\[510\]$_DFFE_PN0P_/D
      608 |       0 |      35 |       32 |      6 |    34 |   -0.321 |     -124.7 |    772 | gen_regfile_ff.register_file_i.rf_reg_q\[510\]$_DFFE_PN0P_/D
iter:608, pass:1, current fixing endpoint: gen_regfile_ff.register_file_i.rf_reg_q\[442\]$_DFFE_PN0P_/D, endpoint slack:-2.0544655e-10
      609 |       0 |      36 |       32 |      6 |    34 |   -0.321 |     -125.0 |    772 | gen_regfile_ff.register_file_i.rf_reg_q\[510\]$_DFFE_PN0P_/D
iter:609, pass:2, current fixing endpoint: gen_regfile_ff.register_file_i.rf_reg_q\[442\]$_DFFE_PN0P_/D, endpoint slack:-2.1228241e-10
      610 |       0 |      37 |       32 |      6 |    34 |   -0.326 |     -124.9 |    772 | gen_regfile_ff.register_file_i.rf_reg_q\[510\]$_DFFE_PN0P_/D
iter:610, pass:3, current fixing endpoint: gen_regfile_ff.register_file_i.rf_reg_q\[442\]$_DFFE_PN0P_/D, endpoint slack:-2.0451507e-10
      611 |       0 |      38 |       32 |      6 |    34 |   -0.326 |     -124.7 |    772 | gen_regfile_ff.register_file_i.rf_reg_q\[510\]$_DFFE_PN0P_/D
iter:611, pass:4, current fixing endpoint: gen_regfile_ff.register_file_i.rf_reg_q\[442\]$_DFFE_PN0P_/D, endpoint slack:-2.003242e-10
      612 |       0 |      38 |       32 |      7 |    34 |   -0.326 |     -124.9 |    772 | gen_regfile_ff.register_file_i.rf_reg_q\[510\]$_DFFE_PN0P_/D
iter:612, pass:5, current fixing endpoint: gen_regfile_ff.register_file_i.rf_reg_q\[442\]$_DFFE_PN0P_/D, endpoint slack:-1.9491675e-10
      613 |       0 |      39 |       32 |      7 |    34 |   -0.326 |     -124.8 |    772 | gen_regfile_ff.register_file_i.rf_reg_q\[510\]$_DFFE_PN0P_/D
iter:613, pass:6, current fixing endpoint: gen_regfile_ff.register_file_i.rf_reg_q\[442\]$_DFFE_PN0P_/D, endpoint slack:-1.9176771e-10
      614 |       0 |      40 |       32 |      7 |    34 |   -0.326 |     -124.7 |    772 | gen_regfile_ff.register_file_i.rf_reg_q\[510\]$_DFFE_PN0P_/D
iter:614, pass:7, current fixing endpoint: gen_regfile_ff.register_file_i.rf_reg_q\[442\]$_DFFE_PN0P_/D, endpoint slack:-1.8842017e-10
      615 |       0 |      41 |       32 |      7 |    34 |   -0.326 |     -125.3 |    772 | gen_regfile_ff.register_file_i.rf_reg_q\[510\]$_DFFE_PN0P_/D
iter:615, pass:8, current fixing endpoint: gen_regfile_ff.register_file_i.rf_reg_q\[442\]$_DFFE_PN0P_/D, endpoint slack:-1.8858115e-10
      615 |       0 |      35 |       32 |      6 |    34 |   -0.321 |     -124.7 |    772 | gen_regfile_ff.register_file_i.rf_reg_q\[510\]$_DFFE_PN0P_/D
      616 |       0 |      35 |       32 |      6 |    34 |   -0.321 |     -124.7 |    772 | gen_regfile_ff.register_file_i.rf_reg_q\[510\]$_DFFE_PN0P_/D
iter:616, pass:1, current fixing endpoint: gen_regfile_ff.register_file_i.rf_reg_q\[914\]$_DFFE_PN0P_/D, endpoint slack:-1.9897306e-10
      617 |       0 |      36 |       32 |      6 |    34 |   -0.323 |     -125.1 |    772 | gen_regfile_ff.register_file_i.rf_reg_q\[510\]$_DFFE_PN0P_/D
iter:617, pass:2, current fixing endpoint: gen_regfile_ff.register_file_i.rf_reg_q\[914\]$_DFFE_PN0P_/D, endpoint slack:-1.9682278e-10
      618 |       0 |      37 |       32 |      6 |    34 |   -0.323 |     -125.0 |    772 | gen_regfile_ff.register_file_i.rf_reg_q\[510\]$_DFFE_PN0P_/D
iter:618, pass:3, current fixing endpoint: gen_regfile_ff.register_file_i.rf_reg_q\[914\]$_DFFE_PN0P_/D, endpoint slack:-1.932976e-10
      619 |       0 |      38 |       32 |      6 |    34 |   -0.323 |     -125.0 |    772 | gen_regfile_ff.register_file_i.rf_reg_q\[510\]$_DFFE_PN0P_/D
iter:619, pass:4, current fixing endpoint: gen_regfile_ff.register_file_i.rf_reg_q\[914\]$_DFFE_PN0P_/D, endpoint slack:-1.9442048e-10
      620 |       0 |      39 |       32 |      6 |    34 |   -0.327 |     -126.8 |    772 | gen_regfile_ff.register_file_i.rf_reg_q\[510\]$_DFFE_PN0P_/D
iter:620, pass:5, current fixing endpoint: gen_regfile_ff.register_file_i.rf_reg_q\[914\]$_DFFE_PN0P_/D, endpoint slack:-1.9526825e-10
      621 |       0 |      40 |       32 |      6 |    34 |   -0.327 |     -126.8 |    772 | gen_regfile_ff.register_file_i.rf_reg_q\[510\]$_DFFE_PN0P_/D
iter:621, pass:6, current fixing endpoint: gen_regfile_ff.register_file_i.rf_reg_q\[914\]$_DFFE_PN0P_/D, endpoint slack:-1.9689828e-10
      622 |       0 |      41 |       32 |      6 |    34 |   -0.327 |     -126.7 |    772 | gen_regfile_ff.register_file_i.rf_reg_q\[510\]$_DFFE_PN0P_/D
iter:622, pass:7, current fixing endpoint: gen_regfile_ff.register_file_i.rf_reg_q\[914\]$_DFFE_PN0P_/D, endpoint slack:-1.9349744e-10
      623 |       0 |      42 |       32 |      6 |    34 |   -0.327 |     -127.1 |    772 | gen_regfile_ff.register_file_i.rf_reg_q\[510\]$_DFFE_PN0P_/D
iter:623, pass:8, current fixing endpoint: gen_regfile_ff.register_file_i.rf_reg_q\[914\]$_DFFE_PN0P_/D, endpoint slack:-1.9365842e-10
      623 |       0 |      36 |       32 |      6 |    34 |   -0.321 |     -124.7 |    772 | gen_regfile_ff.register_file_i.rf_reg_q\[510\]$_DFFE_PN0P_/D
      624 |       0 |      36 |       32 |      6 |    34 |   -0.321 |     -124.7 |    772 | gen_regfile_ff.register_file_i.rf_reg_q\[510\]$_DFFE_PN0P_/D
iter:624, pass:1, current fixing endpoint: gen_regfile_ff.register_file_i.rf_reg_q\[511\]$_DFFE_PN0P_/D, endpoint slack:-2.1094371e-10
      625 |       0 |      37 |       32 |      6 |    34 |   -0.323 |     -125.2 |    772 | gen_regfile_ff.register_file_i.rf_reg_q\[510\]$_DFFE_PN0P_/D
iter:625, pass:2, current fixing endpoint: gen_regfile_ff.register_file_i.rf_reg_q\[511\]$_DFFE_PN0P_/D, endpoint slack:-2.100049e-10
      625 |       0 |      36 |       32 |      6 |    34 |   -0.321 |     -124.7 |    772 | gen_regfile_ff.register_file_i.rf_reg_q\[510\]$_DFFE_PN0P_/D
      626 |       0 |      36 |       32 |      6 |    34 |   -0.321 |     -124.7 |    772 | gen_regfile_ff.register_file_i.rf_reg_q\[510\]$_DFFE_PN0P_/D
iter:626, pass:1, current fixing endpoint: gen_regfile_ff.register_file_i.rf_reg_q\[575\]$_DFFE_PN0P_/D, endpoint slack:-2.1111424e-10
      627 |       0 |      37 |       32 |      6 |    34 |   -0.323 |     -125.2 |    772 | gen_regfile_ff.register_file_i.rf_reg_q\[510\]$_DFFE_PN0P_/D
iter:627, pass:2, current fixing endpoint: gen_regfile_ff.register_file_i.rf_reg_q\[575\]$_DFFE_PN0P_/D, endpoint slack:-2.1017543e-10
      627 |       0 |      36 |       32 |      6 |    34 |   -0.321 |     -124.7 |    772 | gen_regfile_ff.register_file_i.rf_reg_q\[510\]$_DFFE_PN0P_/D
      628 |       0 |      36 |       32 |      6 |    34 |   -0.321 |     -124.7 |    772 | gen_regfile_ff.register_file_i.rf_reg_q\[510\]$_DFFE_PN0P_/D
iter:628, pass:1, current fixing endpoint: gen_regfile_ff.register_file_i.rf_reg_q\[95\]$_DFFE_PN0P_/D, endpoint slack:-2.1005064e-10
      629 |       0 |      37 |       32 |      6 |    34 |   -0.323 |     -125.2 |    772 | gen_regfile_ff.register_file_i.rf_reg_q\[510\]$_DFFE_PN0P_/D
iter:629, pass:2, current fixing endpoint: gen_regfile_ff.register_file_i.rf_reg_q\[95\]$_DFFE_PN0P_/D, endpoint slack:-2.0911184e-10
      629 |       0 |      36 |       32 |      6 |    34 |   -0.321 |     -124.7 |    772 | gen_regfile_ff.register_file_i.rf_reg_q\[510\]$_DFFE_PN0P_/D
      630 |       0 |      36 |       32 |      6 |    34 |   -0.321 |     -124.7 |    772 | gen_regfile_ff.register_file_i.rf_reg_q\[510\]$_DFFE_PN0P_/D
iter:630, pass:1, current fixing endpoint: gen_regfile_ff.register_file_i.rf_reg_q\[978\]$_DFFE_PN0P_/D, endpoint slack:-1.98906e-10
      631 |       0 |      37 |       32 |      6 |    34 |   -0.323 |     -125.1 |    772 | gen_regfile_ff.register_file_i.rf_reg_q\[510\]$_DFFE_PN0P_/D
iter:631, pass:2, current fixing endpoint: gen_regfile_ff.register_file_i.rf_reg_q\[978\]$_DFFE_PN0P_/D, endpoint slack:-1.9675572e-10
      632 |       0 |      38 |       32 |      6 |    34 |   -0.323 |     -125.0 |    772 | gen_regfile_ff.register_file_i.rf_reg_q\[510\]$_DFFE_PN0P_/D
iter:632, pass:3, current fixing endpoint: gen_regfile_ff.register_file_i.rf_reg_q\[978\]$_DFFE_PN0P_/D, endpoint slack:-1.9323054e-10
      633 |       0 |      39 |       32 |      6 |    34 |   -0.323 |     -125.0 |    772 | gen_regfile_ff.register_file_i.rf_reg_q\[510\]$_DFFE_PN0P_/D
iter:633, pass:4, current fixing endpoint: gen_regfile_ff.register_file_i.rf_reg_q\[978\]$_DFFE_PN0P_/D, endpoint slack:-1.9435342e-10
      634 |       0 |      40 |       32 |      6 |    34 |   -0.327 |     -126.8 |    772 | gen_regfile_ff.register_file_i.rf_reg_q\[510\]$_DFFE_PN0P_/D
iter:634, pass:5, current fixing endpoint: gen_regfile_ff.register_file_i.rf_reg_q\[978\]$_DFFE_PN0P_/D, endpoint slack:-1.9520119e-10
      635 |       0 |      41 |       32 |      6 |    34 |   -0.327 |     -126.8 |    772 | gen_regfile_ff.register_file_i.rf_reg_q\[510\]$_DFFE_PN0P_/D
iter:635, pass:6, current fixing endpoint: gen_regfile_ff.register_file_i.rf_reg_q\[978\]$_DFFE_PN0P_/D, endpoint slack:-1.9683122e-10
      636 |       0 |      42 |       32 |      6 |    34 |   -0.327 |     -126.7 |    772 | gen_regfile_ff.register_file_i.rf_reg_q\[510\]$_DFFE_PN0P_/D
iter:636, pass:7, current fixing endpoint: gen_regfile_ff.register_file_i.rf_reg_q\[978\]$_DFFE_PN0P_/D, endpoint slack:-1.9343038e-10
      637 |       0 |      43 |       32 |      6 |    34 |   -0.327 |     -127.1 |    772 | gen_regfile_ff.register_file_i.rf_reg_q\[510\]$_DFFE_PN0P_/D
iter:637, pass:8, current fixing endpoint: gen_regfile_ff.register_file_i.rf_reg_q\[978\]$_DFFE_PN0P_/D, endpoint slack:-1.9359137e-10
      637 |       0 |      37 |       32 |      6 |    34 |   -0.321 |     -124.7 |    772 | gen_regfile_ff.register_file_i.rf_reg_q\[510\]$_DFFE_PN0P_/D
      638 |       0 |      37 |       32 |      6 |    34 |   -0.321 |     -124.7 |    772 | gen_regfile_ff.register_file_i.rf_reg_q\[510\]$_DFFE_PN0P_/D
iter:638, pass:1, current fixing endpoint: gen_regfile_ff.register_file_i.rf_reg_q\[543\]$_DFFE_PN0P_/D, endpoint slack:-2.2370328e-10
      639 |       0 |      38 |       32 |      6 |    34 |   -0.321 |     -124.8 |    772 | gen_regfile_ff.register_file_i.rf_reg_q\[510\]$_DFFE_PN0P_/D
iter:639, pass:2, current fixing endpoint: gen_regfile_ff.register_file_i.rf_reg_q\[543\]$_DFFE_PN0P_/D, endpoint slack:-2.1823343e-10
      640 |       0 |      39 |       32 |      6 |    34 |   -0.323 |     -125.2 |    772 | gen_regfile_ff.register_file_i.rf_reg_q\[510\]$_DFFE_PN0P_/D
iter:640, pass:3, current fixing endpoint: gen_regfile_ff.register_file_i.rf_reg_q\[543\]$_DFFE_PN0P_/D, endpoint slack:-2.1729463e-10
      640 |       0 |      38 |       32 |      6 |    34 |   -0.321 |     -124.8 |    772 | gen_regfile_ff.register_file_i.rf_reg_q\[510\]$_DFFE_PN0P_/D
      641 |       0 |      38 |       32 |      6 |    34 |   -0.321 |     -124.8 |    772 | gen_regfile_ff.register_file_i.rf_reg_q\[510\]$_DFFE_PN0P_/D
iter:641, pass:1, current fixing endpoint: gen_regfile_ff.register_file_i.rf_reg_q\[127\]$_DFFE_PN0P_/D, endpoint slack:-2.1709212e-10
      642 |       0 |      39 |       32 |      6 |    34 |   -0.323 |     -125.2 |    772 | gen_regfile_ff.register_file_i.rf_reg_q\[510\]$_DFFE_PN0P_/D
iter:642, pass:2, current fixing endpoint: gen_regfile_ff.register_file_i.rf_reg_q\[127\]$_DFFE_PN0P_/D, endpoint slack:-2.1615332e-10
      642 |       0 |      38 |       32 |      6 |    34 |   -0.321 |     -124.8 |    772 | gen_regfile_ff.register_file_i.rf_reg_q\[510\]$_DFFE_PN0P_/D
      643 |       0 |      38 |       32 |      6 |    34 |   -0.321 |     -124.8 |    772 | gen_regfile_ff.register_file_i.rf_reg_q\[510\]$_DFFE_PN0P_/D
iter:643, pass:1, current fixing endpoint: gen_regfile_ff.register_file_i.rf_reg_q\[668\]$_DFFE_PN0P_/D, endpoint slack:-2.1439561e-10
      644 |       0 |      39 |       32 |      6 |    34 |   -0.321 |     -124.8 |    772 | gen_regfile_ff.register_file_i.rf_reg_q\[510\]$_DFFE_PN0P_/D
iter:644, pass:2, current fixing endpoint: gen_regfile_ff.register_file_i.rf_reg_q\[668\]$_DFFE_PN0P_/D, endpoint slack:-2.1685409e-10
      645 |       0 |      40 |       32 |      6 |    34 |   -0.321 |     -125.5 |    772 | gen_regfile_ff.register_file_i.rf_reg_q\[510\]$_DFFE_PN0P_/D
iter:645, pass:3, current fixing endpoint: gen_regfile_ff.register_file_i.rf_reg_q\[668\]$_DFFE_PN0P_/D, endpoint slack:-2.1701485e-10
      645 |       0 |      38 |       32 |      6 |    34 |   -0.321 |     -124.8 |    772 | gen_regfile_ff.register_file_i.rf_reg_q\[510\]$_DFFE_PN0P_/D
      646 |       0 |      38 |       32 |      6 |    34 |   -0.321 |     -124.8 |    772 | gen_regfile_ff.register_file_i.rf_reg_q\[510\]$_DFFE_PN0P_/D
iter:646, pass:1, current fixing endpoint: gen_regfile_ff.register_file_i.rf_reg_q\[191\]$_DFFE_PN0P_/D, endpoint slack:-2.1704949e-10
      647 |       0 |      39 |       32 |      6 |    34 |   -0.324 |     -125.2 |    772 | gen_regfile_ff.register_file_i.rf_reg_q\[510\]$_DFFE_PN0P_/D
iter:647, pass:2, current fixing endpoint: gen_regfile_ff.register_file_i.rf_reg_q\[191\]$_DFFE_PN0P_/D, endpoint slack:-2.1611424e-10
      647 |       0 |      38 |       32 |      6 |    34 |   -0.321 |     -124.8 |    772 | gen_regfile_ff.register_file_i.rf_reg_q\[510\]$_DFFE_PN0P_/D
      648 |       0 |      38 |       32 |      6 |    34 |   -0.321 |     -124.8 |    772 | gen_regfile_ff.register_file_i.rf_reg_q\[510\]$_DFFE_PN0P_/D
iter:648, pass:1, current fixing endpoint: gen_regfile_ff.register_file_i.rf_reg_q\[858\]$_DFFE_PN0P_/D, endpoint slack:-2.0490742e-10
      649 |       0 |      39 |       32 |      6 |    34 |   -0.321 |     -125.0 |    772 | gen_regfile_ff.register_file_i.rf_reg_q\[510\]$_DFFE_PN0P_/D
iter:649, pass:2, current fixing endpoint: gen_regfile_ff.register_file_i.rf_reg_q\[858\]$_DFFE_PN0P_/D, endpoint slack:-2.1188229e-10
      650 |       0 |      40 |       32 |      6 |    34 |   -0.326 |     -124.9 |    772 | gen_regfile_ff.register_file_i.rf_reg_q\[510\]$_DFFE_PN0P_/D
iter:650, pass:3, current fixing endpoint: gen_regfile_ff.register_file_i.rf_reg_q\[858\]$_DFFE_PN0P_/D, endpoint slack:-2.0411495e-10
      651 |       0 |      41 |       32 |      6 |    34 |   -0.326 |     -124.8 |    772 | gen_regfile_ff.register_file_i.rf_reg_q\[510\]$_DFFE_PN0P_/D
iter:651, pass:4, current fixing endpoint: gen_regfile_ff.register_file_i.rf_reg_q\[858\]$_DFFE_PN0P_/D, endpoint slack:-1.9992408e-10
      652 |       0 |      41 |       32 |      7 |    34 |   -0.326 |     -124.9 |    772 | gen_regfile_ff.register_file_i.rf_reg_q\[510\]$_DFFE_PN0P_/D
iter:652, pass:5, current fixing endpoint: gen_regfile_ff.register_file_i.rf_reg_q\[858\]$_DFFE_PN0P_/D, endpoint slack:-1.9497981e-10
      653 |       0 |      42 |       32 |      7 |    34 |   -0.326 |     -124.8 |    772 | gen_regfile_ff.register_file_i.rf_reg_q\[510\]$_DFFE_PN0P_/D
iter:653, pass:6, current fixing endpoint: gen_regfile_ff.register_file_i.rf_reg_q\[858\]$_DFFE_PN0P_/D, endpoint slack:-1.9183077e-10
      654 |       0 |      43 |       32 |      7 |    34 |   -0.326 |     -124.7 |    772 | gen_regfile_ff.register_file_i.rf_reg_q\[510\]$_DFFE_PN0P_/D
iter:654, pass:7, current fixing endpoint: gen_regfile_ff.register_file_i.rf_reg_q\[858\]$_DFFE_PN0P_/D, endpoint slack:-1.8848323e-10
      655 |       0 |      44 |       32 |      7 |    34 |   -0.326 |     -125.4 |    772 | gen_regfile_ff.register_file_i.rf_reg_q\[510\]$_DFFE_PN0P_/D
iter:655, pass:8, current fixing endpoint: gen_regfile_ff.register_file_i.rf_reg_q\[858\]$_DFFE_PN0P_/D, endpoint slack:-1.8863e-10
      655 |       0 |      38 |       32 |      6 |    34 |   -0.321 |     -124.8 |    772 | gen_regfile_ff.register_file_i.rf_reg_q\[510\]$_DFFE_PN0P_/D
      656 |       0 |      38 |       32 |      6 |    34 |   -0.321 |     -124.8 |    772 | gen_regfile_ff.register_file_i.rf_reg_q\[510\]$_DFFE_PN0P_/D
iter:656, pass:1, current fixing endpoint: gen_regfile_ff.register_file_i.rf_reg_q\[826\]$_DFFE_PN0P_/D, endpoint slack:-2.0489188e-10
      657 |       0 |      39 |       32 |      6 |    34 |   -0.321 |     -125.0 |    772 | gen_regfile_ff.register_file_i.rf_reg_q\[510\]$_DFFE_PN0P_/D
iter:657, pass:2, current fixing endpoint: gen_regfile_ff.register_file_i.rf_reg_q\[826\]$_DFFE_PN0P_/D, endpoint slack:-2.1184987e-10
      658 |       0 |      40 |       32 |      6 |    34 |   -0.326 |     -124.9 |    772 | gen_regfile_ff.register_file_i.rf_reg_q\[510\]$_DFFE_PN0P_/D
iter:658, pass:3, current fixing endpoint: gen_regfile_ff.register_file_i.rf_reg_q\[826\]$_DFFE_PN0P_/D, endpoint slack:-2.0408253e-10
      659 |       0 |      41 |       32 |      6 |    34 |   -0.326 |     -124.8 |    772 | gen_regfile_ff.register_file_i.rf_reg_q\[510\]$_DFFE_PN0P_/D
iter:659, pass:4, current fixing endpoint: gen_regfile_ff.register_file_i.rf_reg_q\[826\]$_DFFE_PN0P_/D, endpoint slack:-1.9989166e-10
      660 |       0 |      41 |       32 |      7 |    34 |   -0.326 |     -124.9 |    772 | gen_regfile_ff.register_file_i.rf_reg_q\[510\]$_DFFE_PN0P_/D
iter:660, pass:5, current fixing endpoint: gen_regfile_ff.register_file_i.rf_reg_q\[826\]$_DFFE_PN0P_/D, endpoint slack:-2.0770252e-10
      661 |       0 |      42 |       32 |      7 |    34 |   -0.326 |     -124.9 |    772 | gen_regfile_ff.register_file_i.rf_reg_q\[510\]$_DFFE_PN0P_/D
iter:661, pass:6, current fixing endpoint: gen_regfile_ff.register_file_i.rf_reg_q\[826\]$_DFFE_PN0P_/D, endpoint slack:-2.0174173e-10
      662 |       0 |      43 |       32 |      7 |    34 |   -0.326 |     -124.8 |    772 | gen_regfile_ff.register_file_i.rf_reg_q\[510\]$_DFFE_PN0P_/D
iter:662, pass:7, current fixing endpoint: gen_regfile_ff.register_file_i.rf_reg_q\[826\]$_DFFE_PN0P_/D, endpoint slack:-1.985927e-10
      663 |       0 |      44 |       32 |      7 |    34 |   -0.326 |     -124.7 |    772 | gen_regfile_ff.register_file_i.rf_reg_q\[510\]$_DFFE_PN0P_/D
iter:663, pass:8, current fixing endpoint: gen_regfile_ff.register_file_i.rf_reg_q\[826\]$_DFFE_PN0P_/D, endpoint slack:-1.952487e-10
      664 |       0 |      45 |       32 |      7 |    34 |   -0.326 |     -125.4 |    772 | gen_regfile_ff.register_file_i.rf_reg_q\[510\]$_DFFE_PN0P_/D
iter:664, pass:9, current fixing endpoint: gen_regfile_ff.register_file_i.rf_reg_q\[826\]$_DFFE_PN0P_/D, endpoint slack:-1.9540969e-10
      664 |       0 |      38 |       32 |      6 |    34 |   -0.321 |     -124.8 |    772 | gen_regfile_ff.register_file_i.rf_reg_q\[510\]$_DFFE_PN0P_/D
      665 |       0 |      38 |       32 |      6 |    34 |   -0.321 |     -124.8 |    772 | gen_regfile_ff.register_file_i.rf_reg_q\[510\]$_DFFE_PN0P_/D
iter:665, pass:1, current fixing endpoint: gen_regfile_ff.register_file_i.rf_reg_q\[794\]$_DFFE_PN0P_/D, endpoint slack:-2.0481195e-10
      666 |       0 |      39 |       32 |      6 |    34 |   -0.321 |     -125.0 |    772 | gen_regfile_ff.register_file_i.rf_reg_q\[510\]$_DFFE_PN0P_/D
iter:666, pass:2, current fixing endpoint: gen_regfile_ff.register_file_i.rf_reg_q\[794\]$_DFFE_PN0P_/D, endpoint slack:-2.1178725e-10
      667 |       0 |      40 |       32 |      6 |    34 |   -0.326 |     -124.9 |    772 | gen_regfile_ff.register_file_i.rf_reg_q\[510\]$_DFFE_PN0P_/D
iter:667, pass:3, current fixing endpoint: gen_regfile_ff.register_file_i.rf_reg_q\[794\]$_DFFE_PN0P_/D, endpoint slack:-2.0401991e-10
      668 |       0 |      41 |       32 |      6 |    34 |   -0.326 |     -124.8 |    772 | gen_regfile_ff.register_file_i.rf_reg_q\[510\]$_DFFE_PN0P_/D
iter:668, pass:4, current fixing endpoint: gen_regfile_ff.register_file_i.rf_reg_q\[794\]$_DFFE_PN0P_/D, endpoint slack:-1.9982904e-10
      669 |       0 |      41 |       32 |      7 |    34 |   -0.326 |     -124.9 |    772 | gen_regfile_ff.register_file_i.rf_reg_q\[510\]$_DFFE_PN0P_/D
iter:669, pass:5, current fixing endpoint: gen_regfile_ff.register_file_i.rf_reg_q\[794\]$_DFFE_PN0P_/D, endpoint slack:-2.0778623e-10
      670 |       0 |      42 |       32 |      7 |    34 |   -0.326 |     -124.9 |    772 | gen_regfile_ff.register_file_i.rf_reg_q\[510\]$_DFFE_PN0P_/D
iter:670, pass:6, current fixing endpoint: gen_regfile_ff.register_file_i.rf_reg_q\[794\]$_DFFE_PN0P_/D, endpoint slack:-2.0182545e-10
      671 |       0 |      43 |       32 |      7 |    34 |   -0.326 |     -124.8 |    772 | gen_regfile_ff.register_file_i.rf_reg_q\[510\]$_DFFE_PN0P_/D
iter:671, pass:7, current fixing endpoint: gen_regfile_ff.register_file_i.rf_reg_q\[794\]$_DFFE_PN0P_/D, endpoint slack:-1.9867641e-10
      672 |       0 |      44 |       32 |      7 |    34 |   -0.326 |     -124.7 |    772 | gen_regfile_ff.register_file_i.rf_reg_q\[510\]$_DFFE_PN0P_/D
iter:672, pass:8, current fixing endpoint: gen_regfile_ff.register_file_i.rf_reg_q\[794\]$_DFFE_PN0P_/D, endpoint slack:-1.9533242e-10
      673 |       0 |      45 |       32 |      7 |    34 |   -0.326 |     -125.4 |    772 | gen_regfile_ff.register_file_i.rf_reg_q\[510\]$_DFFE_PN0P_/D
iter:673, pass:9, current fixing endpoint: gen_regfile_ff.register_file_i.rf_reg_q\[794\]$_DFFE_PN0P_/D, endpoint slack:-1.954934e-10
      673 |       0 |      38 |       32 |      6 |    34 |   -0.321 |     -124.8 |    772 | gen_regfile_ff.register_file_i.rf_reg_q\[510\]$_DFFE_PN0P_/D
      674 |       0 |      38 |       32 |      6 |    34 |   -0.321 |     -124.8 |    772 | gen_regfile_ff.register_file_i.rf_reg_q\[510\]$_DFFE_PN0P_/D
iter:674, pass:1, current fixing endpoint: gen_regfile_ff.register_file_i.rf_reg_q\[210\]$_DFFE_PN0P_/D, endpoint slack:-2.103826e-10
      675 |       0 |      39 |       32 |      6 |    34 |   -0.321 |     -124.7 |    772 | gen_regfile_ff.register_file_i.rf_reg_q\[510\]$_DFFE_PN0P_/D
iter:675, pass:2, current fixing endpoint: gen_regfile_ff.register_file_i.rf_reg_q\[210\]$_DFFE_PN0P_/D, endpoint slack:-2.0381474e-10
      676 |       0 |      39 |       32 |      7 |    34 |   -0.321 |     -124.8 |    772 | gen_regfile_ff.register_file_i.rf_reg_q\[510\]$_DFFE_PN0P_/D
iter:676, pass:3, current fixing endpoint: gen_regfile_ff.register_file_i.rf_reg_q\[210\]$_DFFE_PN0P_/D, endpoint slack:-1.9889046e-10
      677 |       0 |      40 |       32 |      7 |    34 |   -0.323 |     -125.1 |    772 | gen_regfile_ff.register_file_i.rf_reg_q\[510\]$_DFFE_PN0P_/D
iter:677, pass:4, current fixing endpoint: gen_regfile_ff.register_file_i.rf_reg_q\[210\]$_DFFE_PN0P_/D, endpoint slack:-1.9674018e-10
      678 |       0 |      41 |       32 |      7 |    34 |   -0.323 |     -125.0 |    772 | gen_regfile_ff.register_file_i.rf_reg_q\[510\]$_DFFE_PN0P_/D
iter:678, pass:5, current fixing endpoint: gen_regfile_ff.register_file_i.rf_reg_q\[210\]$_DFFE_PN0P_/D, endpoint slack:-1.93215e-10
      679 |       0 |      42 |       32 |      7 |    34 |   -0.323 |     -125.0 |    772 | gen_regfile_ff.register_file_i.rf_reg_q\[510\]$_DFFE_PN0P_/D
iter:679, pass:6, current fixing endpoint: gen_regfile_ff.register_file_i.rf_reg_q\[210\]$_DFFE_PN0P_/D, endpoint slack:-1.9433788e-10
      680 |       0 |      43 |       32 |      7 |    34 |   -0.327 |     -126.8 |    772 | gen_regfile_ff.register_file_i.rf_reg_q\[510\]$_DFFE_PN0P_/D
iter:680, pass:7, current fixing endpoint: gen_regfile_ff.register_file_i.rf_reg_q\[210\]$_DFFE_PN0P_/D, endpoint slack:-1.9518565e-10
      681 |       0 |      44 |       32 |      7 |    34 |   -0.327 |     -126.8 |    772 | gen_regfile_ff.register_file_i.rf_reg_q\[510\]$_DFFE_PN0P_/D
iter:681, pass:8, current fixing endpoint: gen_regfile_ff.register_file_i.rf_reg_q\[210\]$_DFFE_PN0P_/D, endpoint slack:-1.9681567e-10
      682 |       0 |      45 |       32 |      7 |    34 |   -0.327 |     -126.7 |    772 | gen_regfile_ff.register_file_i.rf_reg_q\[510\]$_DFFE_PN0P_/D
iter:682, pass:9, current fixing endpoint: gen_regfile_ff.register_file_i.rf_reg_q\[210\]$_DFFE_PN0P_/D, endpoint slack:-1.9341484e-10
      683 |       0 |      46 |       32 |      7 |    34 |   -0.327 |     -127.1 |    772 | gen_regfile_ff.register_file_i.rf_reg_q\[510\]$_DFFE_PN0P_/D
iter:683, pass:10, current fixing endpoint: gen_regfile_ff.register_file_i.rf_reg_q\[210\]$_DFFE_PN0P_/D, endpoint slack:-1.9357582e-10
      683 |       0 |      40 |       32 |      7 |    34 |   -0.321 |     -124.8 |    772 | gen_regfile_ff.register_file_i.rf_reg_q\[510\]$_DFFE_PN0P_/D
      684 |       0 |      40 |       32 |      7 |    34 |   -0.321 |     -124.8 |    772 | gen_regfile_ff.register_file_i.rf_reg_q\[510\]$_DFFE_PN0P_/D
iter:684, pass:1, current fixing endpoint: gen_regfile_ff.register_file_i.rf_reg_q\[594\]$_DFFE_PN0P_/D, endpoint slack:-1.9961033e-10
      685 |       0 |      41 |       32 |      7 |    34 |   -0.323 |     -125.1 |    772 | gen_regfile_ff.register_file_i.rf_reg_q\[510\]$_DFFE_PN0P_/D
iter:685, pass:2, current fixing endpoint: gen_regfile_ff.register_file_i.rf_reg_q\[594\]$_DFFE_PN0P_/D, endpoint slack:-1.9746005e-10
      686 |       0 |      42 |       32 |      7 |    34 |   -0.323 |     -125.0 |    772 | gen_regfile_ff.register_file_i.rf_reg_q\[510\]$_DFFE_PN0P_/D
iter:686, pass:3, current fixing endpoint: gen_regfile_ff.register_file_i.rf_reg_q\[594\]$_DFFE_PN0P_/D, endpoint slack:-1.9393487e-10
      687 |       0 |      43 |       32 |      7 |    34 |   -0.323 |     -125.0 |    772 | gen_regfile_ff.register_file_i.rf_reg_q\[510\]$_DFFE_PN0P_/D
iter:687, pass:4, current fixing endpoint: gen_regfile_ff.register_file_i.rf_reg_q\[594\]$_DFFE_PN0P_/D, endpoint slack:-1.9505775e-10
      688 |       0 |      44 |       32 |      7 |    34 |   -0.327 |     -126.8 |    772 | gen_regfile_ff.register_file_i.rf_reg_q\[510\]$_DFFE_PN0P_/D
iter:688, pass:5, current fixing endpoint: gen_regfile_ff.register_file_i.rf_reg_q\[594\]$_DFFE_PN0P_/D, endpoint slack:-1.9590551e-10
      689 |       0 |      45 |       32 |      7 |    34 |   -0.327 |     -126.8 |    772 | gen_regfile_ff.register_file_i.rf_reg_q\[510\]$_DFFE_PN0P_/D
iter:689, pass:6, current fixing endpoint: gen_regfile_ff.register_file_i.rf_reg_q\[594\]$_DFFE_PN0P_/D, endpoint slack:-1.9753554e-10
      690 |       0 |      46 |       32 |      7 |    34 |   -0.327 |     -126.7 |    772 | gen_regfile_ff.register_file_i.rf_reg_q\[510\]$_DFFE_PN0P_/D
iter:690, pass:7, current fixing endpoint: gen_regfile_ff.register_file_i.rf_reg_q\[594\]$_DFFE_PN0P_/D, endpoint slack:-1.9413471e-10
      691 |       0 |      47 |       32 |      7 |    34 |   -0.327 |     -127.1 |    772 | gen_regfile_ff.register_file_i.rf_reg_q\[510\]$_DFFE_PN0P_/D
iter:691, pass:8, current fixing endpoint: gen_regfile_ff.register_file_i.rf_reg_q\[594\]$_DFFE_PN0P_/D, endpoint slack:-1.9429569e-10
      691 |       0 |      41 |       32 |      7 |    34 |   -0.321 |     -124.8 |    772 | gen_regfile_ff.register_file_i.rf_reg_q\[510\]$_DFFE_PN0P_/D
      692 |       0 |      41 |       32 |      7 |    34 |   -0.321 |     -124.8 |    772 | gen_regfile_ff.register_file_i.rf_reg_q\[510\]$_DFFE_PN0P_/D
iter:692, pass:1, current fixing endpoint: gen_regfile_ff.register_file_i.rf_reg_q\[18\]$_DFFE_PN0P_/D, endpoint slack:-1.9865332e-10
      693 |       0 |      42 |       32 |      7 |    34 |   -0.323 |     -125.1 |    772 | gen_regfile_ff.register_file_i.rf_reg_q\[510\]$_DFFE_PN0P_/D
iter:693, pass:2, current fixing endpoint: gen_regfile_ff.register_file_i.rf_reg_q\[18\]$_DFFE_PN0P_/D, endpoint slack:-1.9650304e-10
      694 |       0 |      43 |       32 |      7 |    34 |   -0.323 |     -125.0 |    772 | gen_regfile_ff.register_file_i.rf_reg_q\[510\]$_DFFE_PN0P_/D
iter:694, pass:3, current fixing endpoint: gen_regfile_ff.register_file_i.rf_reg_q\[18\]$_DFFE_PN0P_/D, endpoint slack:-1.9297786e-10
      695 |       0 |      44 |       32 |      7 |    34 |   -0.323 |     -125.0 |    772 | gen_regfile_ff.register_file_i.rf_reg_q\[510\]$_DFFE_PN0P_/D
iter:695, pass:4, current fixing endpoint: gen_regfile_ff.register_file_i.rf_reg_q\[18\]$_DFFE_PN0P_/D, endpoint slack:-1.9410074e-10
      696 |       0 |      45 |       32 |      7 |    34 |   -0.327 |     -126.8 |    772 | gen_regfile_ff.register_file_i.rf_reg_q\[510\]$_DFFE_PN0P_/D
iter:696, pass:5, current fixing endpoint: gen_regfile_ff.register_file_i.rf_reg_q\[18\]$_DFFE_PN0P_/D, endpoint slack:-1.949485e-10
      697 |       0 |      46 |       32 |      7 |    34 |   -0.327 |     -126.8 |    772 | gen_regfile_ff.register_file_i.rf_reg_q\[510\]$_DFFE_PN0P_/D
iter:697, pass:6, current fixing endpoint: gen_regfile_ff.register_file_i.rf_reg_q\[18\]$_DFFE_PN0P_/D, endpoint slack:-1.9657853e-10
      698 |       0 |      47 |       32 |      7 |    34 |   -0.327 |     -126.7 |    772 | gen_regfile_ff.register_file_i.rf_reg_q\[510\]$_DFFE_PN0P_/D
iter:698, pass:7, current fixing endpoint: gen_regfile_ff.register_file_i.rf_reg_q\[18\]$_DFFE_PN0P_/D, endpoint slack:-1.931777e-10
      699 |       0 |      48 |       32 |      7 |    34 |   -0.327 |     -127.1 |    772 | gen_regfile_ff.register_file_i.rf_reg_q\[510\]$_DFFE_PN0P_/D
iter:699, pass:8, current fixing endpoint: gen_regfile_ff.register_file_i.rf_reg_q\[18\]$_DFFE_PN0P_/D, endpoint slack:-1.9333868e-10
      699 |       0 |      42 |       32 |      7 |    34 |   -0.321 |     -124.8 |    772 | gen_regfile_ff.register_file_i.rf_reg_q\[510\]$_DFFE_PN0P_/D
      700 |       0 |      42 |       32 |      7 |    34 |   -0.321 |     -124.8 |    772 | gen_regfile_ff.register_file_i.rf_reg_q\[510\]$_DFFE_PN0P_/D
iter:700, pass:1, current fixing endpoint: gen_regfile_ff.register_file_i.rf_reg_q\[50\]$_DFFE_PN0P_/D, endpoint slack:-1.9848856e-10
      701 |       0 |      43 |       32 |      7 |    34 |   -0.323 |     -125.1 |    772 | gen_regfile_ff.register_file_i.rf_reg_q\[510\]$_DFFE_PN0P_/D
iter:701, pass:2, current fixing endpoint: gen_regfile_ff.register_file_i.rf_reg_q\[50\]$_DFFE_PN0P_/D, endpoint slack:-1.9633828e-10
      702 |       0 |      44 |       32 |      7 |    34 |   -0.323 |     -125.0 |    772 | gen_regfile_ff.register_file_i.rf_reg_q\[510\]$_DFFE_PN0P_/D
iter:702, pass:3, current fixing endpoint: gen_regfile_ff.register_file_i.rf_reg_q\[50\]$_DFFE_PN0P_/D, endpoint slack:-1.928131e-10
      703 |       0 |      45 |       32 |      7 |    34 |   -0.323 |     -125.0 |    772 | gen_regfile_ff.register_file_i.rf_reg_q\[510\]$_DFFE_PN0P_/D
iter:703, pass:4, current fixing endpoint: gen_regfile_ff.register_file_i.rf_reg_q\[50\]$_DFFE_PN0P_/D, endpoint slack:-1.9393598e-10
      704 |       0 |      46 |       32 |      7 |    34 |   -0.327 |     -126.8 |    772 | gen_regfile_ff.register_file_i.rf_reg_q\[510\]$_DFFE_PN0P_/D
iter:704, pass:5, current fixing endpoint: gen_regfile_ff.register_file_i.rf_reg_q\[50\]$_DFFE_PN0P_/D, endpoint slack:-1.9478374e-10
      705 |       0 |      47 |       32 |      7 |    34 |   -0.327 |     -126.8 |    772 | gen_regfile_ff.register_file_i.rf_reg_q\[510\]$_DFFE_PN0P_/D
iter:705, pass:6, current fixing endpoint: gen_regfile_ff.register_file_i.rf_reg_q\[50\]$_DFFE_PN0P_/D, endpoint slack:-1.9641377e-10
      706 |       0 |      48 |       32 |      7 |    34 |   -0.327 |     -126.7 |    772 | gen_regfile_ff.register_file_i.rf_reg_q\[510\]$_DFFE_PN0P_/D
iter:706, pass:7, current fixing endpoint: gen_regfile_ff.register_file_i.rf_reg_q\[50\]$_DFFE_PN0P_/D, endpoint slack:-1.9301294e-10
      707 |       0 |      49 |       32 |      7 |    34 |   -0.327 |     -127.1 |    772 | gen_regfile_ff.register_file_i.rf_reg_q\[510\]$_DFFE_PN0P_/D
iter:707, pass:8, current fixing endpoint: gen_regfile_ff.register_file_i.rf_reg_q\[50\]$_DFFE_PN0P_/D, endpoint slack:-1.9317392e-10
      707 |       0 |      43 |       32 |      7 |    34 |   -0.321 |     -124.8 |    772 | gen_regfile_ff.register_file_i.rf_reg_q\[510\]$_DFFE_PN0P_/D
      708 |       0 |      43 |       32 |      7 |    34 |   -0.321 |     -124.8 |    772 | gen_regfile_ff.register_file_i.rf_reg_q\[510\]$_DFFE_PN0P_/D
iter:708, pass:1, current fixing endpoint: gen_regfile_ff.register_file_i.rf_reg_q\[541\]$_DFFE_PN0P_/D, endpoint slack:-2.3012792e-10
      709 |       0 |      44 |       32 |      7 |    34 |   -0.323 |     -125.2 |    772 | gen_regfile_ff.register_file_i.rf_reg_q\[510\]$_DFFE_PN0P_/D
iter:709, pass:2, current fixing endpoint: gen_regfile_ff.register_file_i.rf_reg_q\[541\]$_DFFE_PN0P_/D, endpoint slack:-2.2918911e-10
      709 |       0 |      43 |       32 |      7 |    34 |   -0.321 |     -124.8 |    772 | gen_regfile_ff.register_file_i.rf_reg_q\[510\]$_DFFE_PN0P_/D
      710 |       0 |      43 |       32 |      7 |    34 |   -0.321 |     -124.8 |    772 | gen_regfile_ff.register_file_i.rf_reg_q\[510\]$_DFFE_PN0P_/D
iter:710, pass:1, current fixing endpoint: gen_regfile_ff.register_file_i.rf_reg_q\[314\]$_DFFE_PN0P_/D, endpoint slack:-2.0433366e-10
      711 |       0 |      44 |       32 |      7 |    34 |   -0.321 |     -125.0 |    772 | gen_regfile_ff.register_file_i.rf_reg_q\[510\]$_DFFE_PN0P_/D
iter:711, pass:2, current fixing endpoint: gen_regfile_ff.register_file_i.rf_reg_q\[314\]$_DFFE_PN0P_/D, endpoint slack:-2.1130453e-10
      712 |       0 |      45 |       32 |      7 |    34 |   -0.326 |     -124.9 |    772 | gen_regfile_ff.register_file_i.rf_reg_q\[510\]$_DFFE_PN0P_/D
iter:712, pass:3, current fixing endpoint: gen_regfile_ff.register_file_i.rf_reg_q\[314\]$_DFFE_PN0P_/D, endpoint slack:-2.0353719e-10
      713 |       0 |      46 |       32 |      7 |    34 |   -0.326 |     -124.8 |    772 | gen_regfile_ff.register_file_i.rf_reg_q\[510\]$_DFFE_PN0P_/D
iter:713, pass:4, current fixing endpoint: gen_regfile_ff.register_file_i.rf_reg_q\[314\]$_DFFE_PN0P_/D, endpoint slack:-1.9934632e-10
      714 |       0 |      46 |       32 |      8 |    34 |   -0.326 |     -124.9 |    772 | gen_regfile_ff.register_file_i.rf_reg_q\[510\]$_DFFE_PN0P_/D
iter:714, pass:5, current fixing endpoint: gen_regfile_ff.register_file_i.rf_reg_q\[314\]$_DFFE_PN0P_/D, endpoint slack:-2.082099e-10
      715 |       0 |      47 |       32 |      8 |    34 |   -0.326 |     -124.9 |    772 | gen_regfile_ff.register_file_i.rf_reg_q\[510\]$_DFFE_PN0P_/D
iter:715, pass:6, current fixing endpoint: gen_regfile_ff.register_file_i.rf_reg_q\[314\]$_DFFE_PN0P_/D, endpoint slack:-2.022491e-10
      716 |       0 |      48 |       32 |      8 |    34 |   -0.326 |     -124.8 |    772 | gen_regfile_ff.register_file_i.rf_reg_q\[510\]$_DFFE_PN0P_/D
iter:716, pass:7, current fixing endpoint: gen_regfile_ff.register_file_i.rf_reg_q\[314\]$_DFFE_PN0P_/D, endpoint slack:-1.9910007e-10
      717 |       0 |      49 |       32 |      8 |    34 |   -0.326 |     -124.7 |    772 | gen_regfile_ff.register_file_i.rf_reg_q\[510\]$_DFFE_PN0P_/D
iter:717, pass:8, current fixing endpoint: gen_regfile_ff.register_file_i.rf_reg_q\[314\]$_DFFE_PN0P_/D, endpoint slack:-1.9575608e-10
      718 |       0 |      50 |       32 |      8 |    34 |   -0.326 |     -125.4 |    772 | gen_regfile_ff.register_file_i.rf_reg_q\[510\]$_DFFE_PN0P_/D
iter:718, pass:9, current fixing endpoint: gen_regfile_ff.register_file_i.rf_reg_q\[314\]$_DFFE_PN0P_/D, endpoint slack:-1.9591706e-10
      718 |       0 |      43 |       32 |      7 |    34 |   -0.321 |     -124.8 |    772 | gen_regfile_ff.register_file_i.rf_reg_q\[510\]$_DFFE_PN0P_/D
      719 |       0 |      43 |       32 |      7 |    34 |   -0.321 |     -124.8 |    772 | gen_regfile_ff.register_file_i.rf_reg_q\[510\]$_DFFE_PN0P_/D
iter:719, pass:1, current fixing endpoint: gen_regfile_ff.register_file_i.rf_reg_q\[505\]$_DFFE_PN0P_/D, endpoint slack:-2.3042235e-10
      720 |       0 |      43 |       32 |      7 |    35 |   -0.321 |     -124.9 |    772 | gen_regfile_ff.register_file_i.rf_reg_q\[510\]$_DFFE_PN0P_/D
iter:720, pass:2, current fixing endpoint: gen_regfile_ff.register_file_i.rf_reg_q\[505\]$_DFFE_PN0P_/D, endpoint slack:-2.3558422e-10
      721 |       0 |      43 |       32 |      8 |    35 |   -0.321 |     -125.0 |    772 | gen_regfile_ff.register_file_i.rf_reg_q\[510\]$_DFFE_PN0P_/D
iter:721, pass:3, current fixing endpoint: gen_regfile_ff.register_file_i.rf_reg_q\[505\]$_DFFE_PN0P_/D, endpoint slack:-2.302123e-10
      722 |       0 |      43 |       32 |      8 |    36 |   -0.321 |     -125.0 |    772 | gen_regfile_ff.register_file_i.rf_reg_q\[510\]$_DFFE_PN0P_/D
iter:722, pass:4, current fixing endpoint: gen_regfile_ff.register_file_i.rf_reg_q\[505\]$_DFFE_PN0P_/D, endpoint slack:-2.3197066e-10
      723 |       0 |      43 |       32 |      8 |    37 |   -0.321 |     -124.9 |    772 | gen_regfile_ff.register_file_i.rf_reg_q\[510\]$_DFFE_PN0P_/D
iter:723, pass:5, current fixing endpoint: gen_regfile_ff.register_file_i.rf_reg_q\[505\]$_DFFE_PN0P_/D, endpoint slack:-2.2932545e-10
      724 |       0 |      43 |       32 |      8 |    38 |   -0.321 |     -124.9 |    772 | gen_regfile_ff.register_file_i.rf_reg_q\[510\]$_DFFE_PN0P_/D
iter:724, pass:6, current fixing endpoint: gen_regfile_ff.register_file_i.rf_reg_q\[505\]$_DFFE_PN0P_/D, endpoint slack:-2.2848101e-10
      725 |       0 |      44 |       32 |      8 |    38 |   -0.323 |     -125.3 |    772 | gen_regfile_ff.register_file_i.rf_reg_q\[510\]$_DFFE_PN0P_/D
iter:725, pass:7, current fixing endpoint: gen_regfile_ff.register_file_i.rf_reg_q\[505\]$_DFFE_PN0P_/D, endpoint slack:-2.2754221e-10
      725 |       0 |      43 |       32 |      8 |    38 |   -0.321 |     -124.9 |    772 | gen_regfile_ff.register_file_i.rf_reg_q\[510\]$_DFFE_PN0P_/D
      726 |       0 |      43 |       32 |      8 |    38 |   -0.321 |     -124.9 |    772 | gen_regfile_ff.register_file_i.rf_reg_q\[510\]$_DFFE_PN0P_/D
iter:726, pass:1, current fixing endpoint: gen_regfile_ff.register_file_i.rf_reg_q\[146\]$_DFFE_PN0P_/D, endpoint slack:-1.984839e-10
      727 |       0 |      44 |       32 |      8 |    38 |   -0.323 |     -125.3 |    772 | gen_regfile_ff.register_file_i.rf_reg_q\[510\]$_DFFE_PN0P_/D
iter:727, pass:2, current fixing endpoint: gen_regfile_ff.register_file_i.rf_reg_q\[146\]$_DFFE_PN0P_/D, endpoint slack:-1.9633362e-10
      728 |       0 |      45 |       32 |      8 |    38 |   -0.323 |     -125.1 |    772 | gen_regfile_ff.register_file_i.rf_reg_q\[510\]$_DFFE_PN0P_/D
iter:728, pass:3, current fixing endpoint: gen_regfile_ff.register_file_i.rf_reg_q\[146\]$_DFFE_PN0P_/D, endpoint slack:-1.9280844e-10
      729 |       0 |      46 |       32 |      8 |    38 |   -0.323 |     -125.2 |    772 | gen_regfile_ff.register_file_i.rf_reg_q\[510\]$_DFFE_PN0P_/D
iter:729, pass:4, current fixing endpoint: gen_regfile_ff.register_file_i.rf_reg_q\[146\]$_DFFE_PN0P_/D, endpoint slack:-1.9393132e-10
      730 |       0 |      47 |       32 |      8 |    38 |   -0.327 |     -126.9 |    772 | gen_regfile_ff.register_file_i.rf_reg_q\[510\]$_DFFE_PN0P_/D
iter:730, pass:5, current fixing endpoint: gen_regfile_ff.register_file_i.rf_reg_q\[146\]$_DFFE_PN0P_/D, endpoint slack:-1.9477908e-10
      731 |       0 |      48 |       32 |      8 |    38 |   -0.327 |     -127.0 |    772 | gen_regfile_ff.register_file_i.rf_reg_q\[510\]$_DFFE_PN0P_/D
iter:731, pass:6, current fixing endpoint: gen_regfile_ff.register_file_i.rf_reg_q\[146\]$_DFFE_PN0P_/D, endpoint slack:-1.9640911e-10
      732 |       0 |      49 |       32 |      8 |    38 |   -0.327 |     -126.9 |    772 | gen_regfile_ff.register_file_i.rf_reg_q\[510\]$_DFFE_PN0P_/D
iter:732, pass:7, current fixing endpoint: gen_regfile_ff.register_file_i.rf_reg_q\[146\]$_DFFE_PN0P_/D, endpoint slack:-1.9300828e-10
      733 |       0 |      50 |       32 |      8 |    38 |   -0.327 |     -127.3 |    772 | gen_regfile_ff.register_file_i.rf_reg_q\[510\]$_DFFE_PN0P_/D
iter:733, pass:8, current fixing endpoint: gen_regfile_ff.register_file_i.rf_reg_q\[146\]$_DFFE_PN0P_/D, endpoint slack:-1.9316926e-10
      733 |       0 |      44 |       32 |      8 |    38 |   -0.321 |     -124.9 |    772 | gen_regfile_ff.register_file_i.rf_reg_q\[510\]$_DFFE_PN0P_/D
      734 |       0 |      44 |       32 |      8 |    38 |   -0.321 |     -124.9 |    772 | gen_regfile_ff.register_file_i.rf_reg_q\[510\]$_DFFE_PN0P_/D
iter:734, pass:1, current fixing endpoint: gen_regfile_ff.register_file_i.rf_reg_q\[732\]$_DFFE_PN0P_/D, endpoint slack:-2.1364821e-10
      735 |       0 |      45 |       32 |      8 |    38 |   -0.321 |     -125.0 |    772 | gen_regfile_ff.register_file_i.rf_reg_q\[510\]$_DFFE_PN0P_/D
iter:735, pass:2, current fixing endpoint: gen_regfile_ff.register_file_i.rf_reg_q\[732\]$_DFFE_PN0P_/D, endpoint slack:-2.1610669e-10
      736 |       0 |      46 |       32 |      8 |    38 |   -0.321 |     -125.7 |    772 | gen_regfile_ff.register_file_i.rf_reg_q\[510\]$_DFFE_PN0P_/D
iter:736, pass:3, current fixing endpoint: gen_regfile_ff.register_file_i.rf_reg_q\[732\]$_DFFE_PN0P_/D, endpoint slack:-2.1626745e-10
      736 |       0 |      44 |       32 |      8 |    38 |   -0.321 |     -124.9 |    772 | gen_regfile_ff.register_file_i.rf_reg_q\[510\]$_DFFE_PN0P_/D
      737 |       0 |      44 |       32 |      8 |    38 |   -0.321 |     -124.9 |    772 | gen_regfile_ff.register_file_i.rf_reg_q\[510\]$_DFFE_PN0P_/D
iter:737, pass:1, current fixing endpoint: gen_regfile_ff.register_file_i.rf_reg_q\[498\]$_DFFE_PN0P_/D, endpoint slack:-2.0649527e-10
      738 |       0 |      45 |       32 |      8 |    38 |   -0.321 |     -124.9 |    772 | gen_regfile_ff.register_file_i.rf_reg_q\[510\]$_DFFE_PN0P_/D
iter:738, pass:2, current fixing endpoint: gen_regfile_ff.register_file_i.rf_reg_q\[498\]$_DFFE_PN0P_/D, endpoint slack:-2.029461e-10
      739 |       0 |      46 |       32 |      8 |    38 |   -0.323 |     -125.3 |    772 | gen_regfile_ff.register_file_i.rf_reg_q\[510\]$_DFFE_PN0P_/D
iter:739, pass:3, current fixing endpoint: gen_regfile_ff.register_file_i.rf_reg_q\[498\]$_DFFE_PN0P_/D, endpoint slack:-2.0079582e-10
      740 |       0 |      47 |       32 |      8 |    38 |   -0.323 |     -125.2 |    772 | gen_regfile_ff.register_file_i.rf_reg_q\[510\]$_DFFE_PN0P_/D
iter:740, pass:4, current fixing endpoint: gen_regfile_ff.register_file_i.rf_reg_q\[498\]$_DFFE_PN0P_/D, endpoint slack:-1.9727064e-10
      741 |       0 |      48 |       32 |      8 |    38 |   -0.323 |     -125.2 |    772 | gen_regfile_ff.register_file_i.rf_reg_q\[510\]$_DFFE_PN0P_/D
iter:741, pass:5, current fixing endpoint: gen_regfile_ff.register_file_i.rf_reg_q\[498\]$_DFFE_PN0P_/D, endpoint slack:-1.9839352e-10
      742 |       0 |      49 |       32 |      8 |    38 |   -0.327 |     -127.0 |    772 | gen_regfile_ff.register_file_i.rf_reg_q\[510\]$_DFFE_PN0P_/D
iter:742, pass:6, current fixing endpoint: gen_regfile_ff.register_file_i.rf_reg_q\[498\]$_DFFE_PN0P_/D, endpoint slack:-1.9924129e-10
      743 |       0 |      50 |       32 |      8 |    38 |   -0.327 |     -127.0 |    772 | gen_regfile_ff.register_file_i.rf_reg_q\[510\]$_DFFE_PN0P_/D
iter:743, pass:7, current fixing endpoint: gen_regfile_ff.register_file_i.rf_reg_q\[498\]$_DFFE_PN0P_/D, endpoint slack:-2.0087132e-10
      744 |       0 |      51 |       32 |      8 |    38 |   -0.327 |     -126.9 |    772 | gen_regfile_ff.register_file_i.rf_reg_q\[510\]$_DFFE_PN0P_/D
iter:744, pass:8, current fixing endpoint: gen_regfile_ff.register_file_i.rf_reg_q\[498\]$_DFFE_PN0P_/D, endpoint slack:-1.9747048e-10
      745 |       0 |      52 |       32 |      8 |    38 |   -0.327 |     -127.3 |    772 | gen_regfile_ff.register_file_i.rf_reg_q\[510\]$_DFFE_PN0P_/D
iter:745, pass:9, current fixing endpoint: gen_regfile_ff.register_file_i.rf_reg_q\[498\]$_DFFE_PN0P_/D, endpoint slack:-1.9761726e-10
      745 |       0 |      46 |       32 |      8 |    38 |   -0.321 |     -124.9 |    772 | gen_regfile_ff.register_file_i.rf_reg_q\[510\]$_DFFE_PN0P_/D
      746 |       0 |      46 |       32 |      8 |    38 |   -0.321 |     -124.9 |    772 | gen_regfile_ff.register_file_i.rf_reg_q\[510\]$_DFFE_PN0P_/D
iter:746, pass:1, current fixing endpoint: gen_regfile_ff.register_file_i.rf_reg_q\[223\]$_DFFE_PN0P_/D, endpoint slack:-2.1605984e-10
      747 |       0 |      47 |       32 |      8 |    38 |   -0.323 |     -125.4 |    772 | gen_regfile_ff.register_file_i.rf_reg_q\[510\]$_DFFE_PN0P_/D
iter:747, pass:2, current fixing endpoint: gen_regfile_ff.register_file_i.rf_reg_q\[223\]$_DFFE_PN0P_/D, endpoint slack:-2.1512103e-10
      747 |       0 |      46 |       32 |      8 |    38 |   -0.321 |     -124.9 |    772 | gen_regfile_ff.register_file_i.rf_reg_q\[510\]$_DFFE_PN0P_/D
      748 |       0 |      46 |       32 |      8 |    38 |   -0.321 |     -124.9 |    772 | gen_regfile_ff.register_file_i.rf_reg_q\[510\]$_DFFE_PN0P_/D
iter:748, pass:1, current fixing endpoint: gen_regfile_ff.register_file_i.rf_reg_q\[178\]$_DFFE_PN0P_/D, endpoint slack:-2.0206103e-10
      749 |       0 |      47 |       32 |      8 |    38 |   -0.323 |     -125.3 |    772 | gen_regfile_ff.register_file_i.rf_reg_q\[510\]$_DFFE_PN0P_/D
iter:749, pass:2, current fixing endpoint: gen_regfile_ff.register_file_i.rf_reg_q\[178\]$_DFFE_PN0P_/D, endpoint slack:-1.9991075e-10
      750 |       0 |      48 |       32 |      8 |    38 |   -0.323 |     -125.2 |    772 | gen_regfile_ff.register_file_i.rf_reg_q\[510\]$_DFFE_PN0P_/D
iter:750, pass:3, current fixing endpoint: gen_regfile_ff.register_file_i.rf_reg_q\[178\]$_DFFE_PN0P_/D, endpoint slack:-1.9638557e-10
      751 |       0 |      49 |       32 |      8 |    38 |   -0.323 |     -125.2 |    772 | gen_regfile_ff.register_file_i.rf_reg_q\[510\]$_DFFE_PN0P_/D
iter:751, pass:4, current fixing endpoint: gen_regfile_ff.register_file_i.rf_reg_q\[178\]$_DFFE_PN0P_/D, endpoint slack:-1.9750845e-10
      752 |       0 |      50 |       32 |      8 |    38 |   -0.327 |     -127.0 |    772 | gen_regfile_ff.register_file_i.rf_reg_q\[510\]$_DFFE_PN0P_/D
iter:752, pass:5, current fixing endpoint: gen_regfile_ff.register_file_i.rf_reg_q\[178\]$_DFFE_PN0P_/D, endpoint slack:-1.9835622e-10
      753 |       0 |      51 |       32 |      8 |    38 |   -0.327 |     -127.0 |    772 | gen_regfile_ff.register_file_i.rf_reg_q\[510\]$_DFFE_PN0P_/D
iter:753, pass:6, current fixing endpoint: gen_regfile_ff.register_file_i.rf_reg_q\[178\]$_DFFE_PN0P_/D, endpoint slack:-1.9998625e-10
      754 |       0 |      52 |       32 |      8 |    38 |   -0.327 |     -126.9 |    772 | gen_regfile_ff.register_file_i.rf_reg_q\[510\]$_DFFE_PN0P_/D
iter:754, pass:7, current fixing endpoint: gen_regfile_ff.register_file_i.rf_reg_q\[178\]$_DFFE_PN0P_/D, endpoint slack:-1.9658541e-10
      755 |       0 |      53 |       32 |      8 |    38 |   -0.327 |     -127.3 |    772 | gen_regfile_ff.register_file_i.rf_reg_q\[510\]$_DFFE_PN0P_/D
iter:755, pass:8, current fixing endpoint: gen_regfile_ff.register_file_i.rf_reg_q\[178\]$_DFFE_PN0P_/D, endpoint slack:-1.967464e-10
      755 |       0 |      47 |       32 |      8 |    38 |   -0.321 |     -124.9 |    772 | gen_regfile_ff.register_file_i.rf_reg_q\[510\]$_DFFE_PN0P_/D
      756 |       0 |      47 |       32 |      8 |    38 |   -0.321 |     -124.9 |    772 | gen_regfile_ff.register_file_i.rf_reg_q\[510\]$_DFFE_PN0P_/D
iter:756, pass:1, current fixing endpoint: gen_regfile_ff.register_file_i.rf_reg_q\[346\]$_DFFE_PN0P_/D, endpoint slack:-2.0410962e-10
      757 |       0 |      48 |       32 |      8 |    38 |   -0.321 |     -125.2 |    772 | gen_regfile_ff.register_file_i.rf_reg_q\[510\]$_DFFE_PN0P_/D
iter:757, pass:2, current fixing endpoint: gen_regfile_ff.register_file_i.rf_reg_q\[346\]$_DFFE_PN0P_/D, endpoint slack:-2.1108115e-10
      758 |       0 |      49 |       32 |      8 |    38 |   -0.326 |     -125.1 |    772 | gen_regfile_ff.register_file_i.rf_reg_q\[510\]$_DFFE_PN0P_/D
iter:758, pass:3, current fixing endpoint: gen_regfile_ff.register_file_i.rf_reg_q\[346\]$_DFFE_PN0P_/D, endpoint slack:-2.0331359e-10
      759 |       0 |      50 |       32 |      8 |    38 |   -0.326 |     -124.9 |    772 | gen_regfile_ff.register_file_i.rf_reg_q\[510\]$_DFFE_PN0P_/D
iter:759, pass:4, current fixing endpoint: gen_regfile_ff.register_file_i.rf_reg_q\[346\]$_DFFE_PN0P_/D, endpoint slack:-1.9912183e-10
      760 |       0 |      50 |       32 |      9 |    38 |   -0.326 |     -125.1 |    772 | gen_regfile_ff.register_file_i.rf_reg_q\[510\]$_DFFE_PN0P_/D
iter:760, pass:5, current fixing endpoint: gen_regfile_ff.register_file_i.rf_reg_q\[346\]$_DFFE_PN0P_/D, endpoint slack:-2.0795743e-10
      761 |       0 |      51 |       32 |      9 |    38 |   -0.326 |     -125.1 |    772 | gen_regfile_ff.register_file_i.rf_reg_q\[510\]$_DFFE_PN0P_/D
iter:761, pass:6, current fixing endpoint: gen_regfile_ff.register_file_i.rf_reg_q\[346\]$_DFFE_PN0P_/D, endpoint slack:-2.019962e-10
      762 |       0 |      52 |       32 |      9 |    38 |   -0.326 |     -125.0 |    772 | gen_regfile_ff.register_file_i.rf_reg_q\[510\]$_DFFE_PN0P_/D
iter:762, pass:7, current fixing endpoint: gen_regfile_ff.register_file_i.rf_reg_q\[346\]$_DFFE_PN0P_/D, endpoint slack:-1.988476e-10
      763 |       0 |      53 |       32 |      9 |    38 |   -0.326 |     -124.9 |    772 | gen_regfile_ff.register_file_i.rf_reg_q\[510\]$_DFFE_PN0P_/D
iter:763, pass:8, current fixing endpoint: gen_regfile_ff.register_file_i.rf_reg_q\[346\]$_DFFE_PN0P_/D, endpoint slack:-1.9550339e-10
      764 |       0 |      54 |       32 |      9 |    38 |   -0.326 |     -125.6 |    772 | gen_regfile_ff.register_file_i.rf_reg_q\[510\]$_DFFE_PN0P_/D
iter:764, pass:9, current fixing endpoint: gen_regfile_ff.register_file_i.rf_reg_q\[346\]$_DFFE_PN0P_/D, endpoint slack:-1.9566437e-10
      764 |       0 |      47 |       32 |      8 |    38 |   -0.321 |     -124.9 |    772 | gen_regfile_ff.register_file_i.rf_reg_q\[510\]$_DFFE_PN0P_/D
      765 |       0 |      47 |       32 |      8 |    38 |   -0.321 |     -124.9 |    772 | gen_regfile_ff.register_file_i.rf_reg_q\[510\]$_DFFE_PN0P_/D
iter:765, pass:1, current fixing endpoint: gen_regfile_ff.register_file_i.rf_reg_q\[473\]$_DFFE_PN0P_/D, endpoint slack:-2.372189e-10
      766 |       0 |      47 |       32 |      9 |    38 |   -0.321 |     -125.0 |    772 | gen_regfile_ff.register_file_i.rf_reg_q\[510\]$_DFFE_PN0P_/D
iter:766, pass:2, current fixing endpoint: gen_regfile_ff.register_file_i.rf_reg_q\[473\]$_DFFE_PN0P_/D, endpoint slack:-2.3204483e-10
      767 |       0 |      48 |       32 |      9 |    38 |   -0.323 |     -125.4 |    772 | gen_regfile_ff.register_file_i.rf_reg_q\[510\]$_DFFE_PN0P_/D
iter:767, pass:3, current fixing endpoint: gen_regfile_ff.register_file_i.rf_reg_q\[473\]$_DFFE_PN0P_/D, endpoint slack:-2.3110602e-10
      767 |       0 |      47 |       32 |      9 |    38 |   -0.321 |     -125.0 |    772 | gen_regfile_ff.register_file_i.rf_reg_q\[510\]$_DFFE_PN0P_/D
      768 |       0 |      47 |       32 |      9 |    38 |   -0.321 |     -125.0 |    772 | gen_regfile_ff.register_file_i.rf_reg_q\[510\]$_DFFE_PN0P_/D
iter:768, pass:1, current fixing endpoint: gen_regfile_ff.register_file_i.rf_reg_q\[562\]$_DFFE_PN0P_/D, endpoint slack:-2.0283841e-10
      769 |       0 |      48 |       32 |      9 |    38 |   -0.323 |     -125.3 |    772 | gen_regfile_ff.register_file_i.rf_reg_q\[510\]$_DFFE_PN0P_/D
iter:769, pass:2, current fixing endpoint: gen_regfile_ff.register_file_i.rf_reg_q\[562\]$_DFFE_PN0P_/D, endpoint slack:-2.0068813e-10
      770 |       0 |      49 |       32 |      9 |    38 |   -0.323 |     -125.2 |    772 | gen_regfile_ff.register_file_i.rf_reg_q\[510\]$_DFFE_PN0P_/D
iter:770, pass:3, current fixing endpoint: gen_regfile_ff.register_file_i.rf_reg_q\[562\]$_DFFE_PN0P_/D, endpoint slack:-1.9716295e-10
      771 |       0 |      50 |       32 |      9 |    38 |   -0.323 |     -125.3 |    772 | gen_regfile_ff.register_file_i.rf_reg_q\[510\]$_DFFE_PN0P_/D
iter:771, pass:4, current fixing endpoint: gen_regfile_ff.register_file_i.rf_reg_q\[562\]$_DFFE_PN0P_/D, endpoint slack:-1.9828583e-10
      772 |       0 |      51 |       32 |      9 |    38 |   -0.327 |     -127.0 |    772 | gen_regfile_ff.register_file_i.rf_reg_q\[510\]$_DFFE_PN0P_/D
iter:772, pass:5, current fixing endpoint: gen_regfile_ff.register_file_i.rf_reg_q\[562\]$_DFFE_PN0P_/D, endpoint slack:-1.991336e-10
      773 |       0 |      52 |       32 |      9 |    38 |   -0.327 |     -127.1 |    772 | gen_regfile_ff.register_file_i.rf_reg_q\[510\]$_DFFE_PN0P_/D
iter:773, pass:6, current fixing endpoint: gen_regfile_ff.register_file_i.rf_reg_q\[562\]$_DFFE_PN0P_/D, endpoint slack:-2.0076363e-10
      774 |       0 |      53 |       32 |      9 |    38 |   -0.327 |     -127.0 |    772 | gen_regfile_ff.register_file_i.rf_reg_q\[510\]$_DFFE_PN0P_/D
iter:774, pass:7, current fixing endpoint: gen_regfile_ff.register_file_i.rf_reg_q\[562\]$_DFFE_PN0P_/D, endpoint slack:-1.9736279e-10
      775 |       0 |      54 |       32 |      9 |    38 |   -0.327 |     -127.4 |    772 | gen_regfile_ff.register_file_i.rf_reg_q\[510\]$_DFFE_PN0P_/D
iter:775, pass:8, current fixing endpoint: gen_regfile_ff.register_file_i.rf_reg_q\[562\]$_DFFE_PN0P_/D, endpoint slack:-1.9752378e-10
      775 |       0 |      48 |       32 |      9 |    38 |   -0.321 |     -125.0 |    772 | gen_regfile_ff.register_file_i.rf_reg_q\[510\]$_DFFE_PN0P_/D
      776 |       0 |      48 |       32 |      9 |    38 |   -0.321 |     -125.0 |    772 | gen_regfile_ff.register_file_i.rf_reg_q\[510\]$_DFFE_PN0P_/D
iter:776, pass:1, current fixing endpoint: gen_regfile_ff.register_file_i.rf_reg_q\[31\]$_DFFE_PN0P_/D, endpoint slack:-2.1569146e-10
      777 |       0 |      49 |       32 |      9 |    38 |   -0.323 |     -125.4 |    772 | gen_regfile_ff.register_file_i.rf_reg_q\[510\]$_DFFE_PN0P_/D
iter:777, pass:2, current fixing endpoint: gen_regfile_ff.register_file_i.rf_reg_q\[31\]$_DFFE_PN0P_/D, endpoint slack:-2.1475266e-10
      777 |       0 |      48 |       32 |      9 |    38 |   -0.321 |     -125.0 |    772 | gen_regfile_ff.register_file_i.rf_reg_q\[510\]$_DFFE_PN0P_/D
      778 |       0 |      48 |       32 |      9 |    38 |   -0.321 |     -125.0 |    772 | gen_regfile_ff.register_file_i.rf_reg_q\[510\]$_DFFE_PN0P_/D
iter:778, pass:1, current fixing endpoint: gen_regfile_ff.register_file_i.rf_reg_q\[762\]$_DFFE_PN0P_/D, endpoint slack:-2.0392821e-10
      779 |       0 |      49 |       32 |      9 |    38 |   -0.321 |     -125.2 |    772 | gen_regfile_ff.register_file_i.rf_reg_q\[510\]$_DFFE_PN0P_/D
iter:779, pass:2, current fixing endpoint: gen_regfile_ff.register_file_i.rf_reg_q\[762\]$_DFFE_PN0P_/D, endpoint slack:-2.1073387e-10
      780 |       0 |      50 |       32 |      9 |    38 |   -0.326 |     -125.1 |    772 | gen_regfile_ff.register_file_i.rf_reg_q\[510\]$_DFFE_PN0P_/D
iter:780, pass:3, current fixing endpoint: gen_regfile_ff.register_file_i.rf_reg_q\[762\]$_DFFE_PN0P_/D, endpoint slack:-2.0296653e-10
      781 |       0 |      51 |       32 |      9 |    38 |   -0.326 |     -125.0 |    772 | gen_regfile_ff.register_file_i.rf_reg_q\[510\]$_DFFE_PN0P_/D
iter:781, pass:4, current fixing endpoint: gen_regfile_ff.register_file_i.rf_reg_q\[762\]$_DFFE_PN0P_/D, endpoint slack:-1.9877477e-10
      782 |       0 |      51 |       32 |     10 |    38 |   -0.326 |     -125.1 |    772 | gen_regfile_ff.register_file_i.rf_reg_q\[510\]$_DFFE_PN0P_/D
iter:782, pass:5, current fixing endpoint: gen_regfile_ff.register_file_i.rf_reg_q\[762\]$_DFFE_PN0P_/D, endpoint slack:-2.0647084e-10
      783 |       0 |      52 |       32 |     10 |    38 |   -0.326 |     -125.1 |    772 | gen_regfile_ff.register_file_i.rf_reg_q\[510\]$_DFFE_PN0P_/D
iter:783, pass:6, current fixing endpoint: gen_regfile_ff.register_file_i.rf_reg_q\[762\]$_DFFE_PN0P_/D, endpoint slack:-2.0050983e-10
      784 |       0 |      53 |       32 |     10 |    38 |   -0.326 |     -125.0 |    772 | gen_regfile_ff.register_file_i.rf_reg_q\[510\]$_DFFE_PN0P_/D
iter:784, pass:7, current fixing endpoint: gen_regfile_ff.register_file_i.rf_reg_q\[762\]$_DFFE_PN0P_/D, endpoint slack:-1.9736124e-10
      785 |       0 |      54 |       32 |     10 |    38 |   -0.326 |     -125.0 |    772 | gen_regfile_ff.register_file_i.rf_reg_q\[510\]$_DFFE_PN0P_/D
iter:785, pass:8, current fixing endpoint: gen_regfile_ff.register_file_i.rf_reg_q\[762\]$_DFFE_PN0P_/D, endpoint slack:-1.9401702e-10
      786 |       0 |      55 |       32 |     10 |    38 |   -0.326 |     -125.6 |    772 | gen_regfile_ff.register_file_i.rf_reg_q\[510\]$_DFFE_PN0P_/D
iter:786, pass:9, current fixing endpoint: gen_regfile_ff.register_file_i.rf_reg_q\[762\]$_DFFE_PN0P_/D, endpoint slack:-1.9417801e-10
      786 |       0 |      48 |       32 |      9 |    38 |   -0.321 |     -125.0 |    772 | gen_regfile_ff.register_file_i.rf_reg_q\[510\]$_DFFE_PN0P_/D
      787 |       0 |      48 |       32 |      9 |    38 |   -0.321 |     -125.0 |    772 | gen_regfile_ff.register_file_i.rf_reg_q\[510\]$_DFFE_PN0P_/D
iter:787, pass:1, current fixing endpoint: gen_regfile_ff.register_file_i.rf_reg_q\[530\]$_DFFE_PN0P_/D, endpoint slack:-2.0189073e-10
      788 |       0 |      49 |       32 |      9 |    38 |   -0.323 |     -125.3 |    772 | gen_regfile_ff.register_file_i.rf_reg_q\[510\]$_DFFE_PN0P_/D
iter:788, pass:2, current fixing endpoint: gen_regfile_ff.register_file_i.rf_reg_q\[530\]$_DFFE_PN0P_/D, endpoint slack:-1.9974045e-10
      789 |       0 |      50 |       32 |      9 |    38 |   -0.323 |     -125.2 |    772 | gen_regfile_ff.register_file_i.rf_reg_q\[510\]$_DFFE_PN0P_/D
iter:789, pass:3, current fixing endpoint: gen_regfile_ff.register_file_i.rf_reg_q\[530\]$_DFFE_PN0P_/D, endpoint slack:-1.9621527e-10
      790 |       0 |      51 |       32 |      9 |    38 |   -0.323 |     -125.3 |    772 | gen_regfile_ff.register_file_i.rf_reg_q\[510\]$_DFFE_PN0P_/D
iter:790, pass:4, current fixing endpoint: gen_regfile_ff.register_file_i.rf_reg_q\[530\]$_DFFE_PN0P_/D, endpoint slack:-1.9733815e-10
      791 |       0 |      52 |       32 |      9 |    38 |   -0.327 |     -127.0 |    772 | gen_regfile_ff.register_file_i.rf_reg_q\[510\]$_DFFE_PN0P_/D
iter:791, pass:5, current fixing endpoint: gen_regfile_ff.register_file_i.rf_reg_q\[530\]$_DFFE_PN0P_/D, endpoint slack:-1.9818591e-10
      792 |       0 |      53 |       32 |      9 |    38 |   -0.327 |     -127.1 |    772 | gen_regfile_ff.register_file_i.rf_reg_q\[510\]$_DFFE_PN0P_/D
iter:792, pass:6, current fixing endpoint: gen_regfile_ff.register_file_i.rf_reg_q\[530\]$_DFFE_PN0P_/D, endpoint slack:-1.9981594e-10
      793 |       0 |      54 |       32 |      9 |    38 |   -0.327 |     -127.0 |    772 | gen_regfile_ff.register_file_i.rf_reg_q\[510\]$_DFFE_PN0P_/D
iter:793, pass:7, current fixing endpoint: gen_regfile_ff.register_file_i.rf_reg_q\[530\]$_DFFE_PN0P_/D, endpoint slack:-1.964151e-10
      794 |       0 |      55 |       32 |      9 |    38 |   -0.327 |     -127.4 |    772 | gen_regfile_ff.register_file_i.rf_reg_q\[510\]$_DFFE_PN0P_/D
iter:794, pass:8, current fixing endpoint: gen_regfile_ff.register_file_i.rf_reg_q\[530\]$_DFFE_PN0P_/D, endpoint slack:-1.9657609e-10
      794 |       0 |      49 |       32 |      9 |    38 |   -0.321 |     -125.0 |    772 | gen_regfile_ff.register_file_i.rf_reg_q\[510\]$_DFFE_PN0P_/D
      795 |       0 |      49 |       32 |      9 |    38 |   -0.321 |     -125.0 |    772 | gen_regfile_ff.register_file_i.rf_reg_q\[510\]$_DFFE_PN0P_/D
iter:795, pass:1, current fixing endpoint: gen_regfile_ff.register_file_i.rf_reg_q\[114\]$_DFFE_PN0P_/D, endpoint slack:-2.0134494e-10
      796 |       0 |      50 |       32 |      9 |    38 |   -0.323 |     -125.3 |    772 | gen_regfile_ff.register_file_i.rf_reg_q\[510\]$_DFFE_PN0P_/D
iter:796, pass:2, current fixing endpoint: gen_regfile_ff.register_file_i.rf_reg_q\[114\]$_DFFE_PN0P_/D, endpoint slack:-1.9919466e-10
      797 |       0 |      51 |       32 |      9 |    38 |   -0.323 |     -125.2 |    772 | gen_regfile_ff.register_file_i.rf_reg_q\[510\]$_DFFE_PN0P_/D
iter:797, pass:3, current fixing endpoint: gen_regfile_ff.register_file_i.rf_reg_q\[114\]$_DFFE_PN0P_/D, endpoint slack:-1.9566948e-10
      798 |       0 |      52 |       32 |      9 |    38 |   -0.323 |     -125.3 |    772 | gen_regfile_ff.register_file_i.rf_reg_q\[510\]$_DFFE_PN0P_/D
iter:798, pass:4, current fixing endpoint: gen_regfile_ff.register_file_i.rf_reg_q\[114\]$_DFFE_PN0P_/D, endpoint slack:-1.9679236e-10
      799 |       0 |      53 |       32 |      9 |    38 |   -0.327 |     -127.0 |    772 | gen_regfile_ff.register_file_i.rf_reg_q\[510\]$_DFFE_PN0P_/D
iter:799, pass:5, current fixing endpoint: gen_regfile_ff.register_file_i.rf_reg_q\[114\]$_DFFE_PN0P_/D, endpoint slack:-1.9764013e-10
      800 |       0 |      54 |       32 |      9 |    38 |   -0.327 |     -127.1 |    772 | gen_regfile_ff.register_file_i.rf_reg_q\[510\]$_DFFE_PN0P_/D
iter:800, pass:6, current fixing endpoint: gen_regfile_ff.register_file_i.rf_reg_q\[114\]$_DFFE_PN0P_/D, endpoint slack:-1.9927016e-10
      801 |       0 |      55 |       32 |      9 |    38 |   -0.327 |     -127.0 |    772 | gen_regfile_ff.register_file_i.rf_reg_q\[510\]$_DFFE_PN0P_/D
iter:801, pass:7, current fixing endpoint: gen_regfile_ff.register_file_i.rf_reg_q\[114\]$_DFFE_PN0P_/D, endpoint slack:-1.9586932e-10
      802 |       0 |      56 |       32 |      9 |    38 |   -0.327 |     -127.4 |    772 | gen_regfile_ff.register_file_i.rf_reg_q\[510\]$_DFFE_PN0P_/D
iter:802, pass:8, current fixing endpoint: gen_regfile_ff.register_file_i.rf_reg_q\[114\]$_DFFE_PN0P_/D, endpoint slack:-1.960303e-10
      802 |       0 |      50 |       32 |      9 |    38 |   -0.321 |     -125.0 |    772 | gen_regfile_ff.register_file_i.rf_reg_q\[510\]$_DFFE_PN0P_/D
      803 |       0 |      50 |       32 |      9 |    38 |   -0.321 |     -125.0 |    772 | gen_regfile_ff.register_file_i.rf_reg_q\[510\]$_DFFE_PN0P_/D
iter:803, pass:1, current fixing endpoint: gen_regfile_ff.register_file_i.rf_reg_q\[409\]$_DFFE_PN0P_/D, endpoint slack:-2.315037e-10
      804 |       0 |      51 |       32 |      9 |    38 |   -0.323 |     -125.4 |    772 | gen_regfile_ff.register_file_i.rf_reg_q\[510\]$_DFFE_PN0P_/D
iter:804, pass:2, current fixing endpoint: gen_regfile_ff.register_file_i.rf_reg_q\[409\]$_DFFE_PN0P_/D, endpoint slack:-2.305649e-10
      804 |       0 |      50 |       32 |      9 |    38 |   -0.321 |     -125.0 |    772 | gen_regfile_ff.register_file_i.rf_reg_q\[510\]$_DFFE_PN0P_/D
      805 |       0 |      50 |       32 |      9 |    38 |   -0.321 |     -125.0 |    772 | gen_regfile_ff.register_file_i.rf_reg_q\[510\]$_DFFE_PN0P_/D
iter:805, pass:1, current fixing endpoint: gen_regfile_ff.register_file_i.rf_reg_q\[441\]$_DFFE_PN0P_/D, endpoint slack:-2.3140356e-10
      806 |       0 |      51 |       32 |      9 |    38 |   -0.323 |     -125.4 |    772 | gen_regfile_ff.register_file_i.rf_reg_q\[510\]$_DFFE_PN0P_/D
iter:806, pass:2, current fixing endpoint: gen_regfile_ff.register_file_i.rf_reg_q\[441\]$_DFFE_PN0P_/D, endpoint slack:-2.3046476e-10
      806 |       0 |      50 |       32 |      9 |    38 |   -0.321 |     -125.0 |    772 | gen_regfile_ff.register_file_i.rf_reg_q\[510\]$_DFFE_PN0P_/D
      807 |       0 |      50 |       32 |      9 |    38 |   -0.321 |     -125.0 |    772 | gen_regfile_ff.register_file_i.rf_reg_q\[510\]$_DFFE_PN0P_/D
iter:807, pass:1, current fixing endpoint: gen_regfile_ff.register_file_i.rf_reg_q\[57\]$_DFFE_PN0P_/D, endpoint slack:-2.3075164e-10
      808 |       0 |      51 |       32 |      9 |    38 |   -0.323 |     -125.4 |    772 | gen_regfile_ff.register_file_i.rf_reg_q\[510\]$_DFFE_PN0P_/D
iter:808, pass:2, current fixing endpoint: gen_regfile_ff.register_file_i.rf_reg_q\[57\]$_DFFE_PN0P_/D, endpoint slack:-2.2981284e-10
      808 |       0 |      50 |       32 |      9 |    38 |   -0.321 |     -125.0 |    772 | gen_regfile_ff.register_file_i.rf_reg_q\[510\]$_DFFE_PN0P_/D
      809 |       0 |      50 |       32 |      9 |    38 |   -0.321 |     -125.0 |    772 | gen_regfile_ff.register_file_i.rf_reg_q\[510\]$_DFFE_PN0P_/D
iter:809, pass:1, current fixing endpoint: gen_regfile_ff.register_file_i.rf_reg_q\[377\]$_DFFE_PN0P_/D, endpoint slack:-2.3115843e-10
      810 |       0 |      51 |       32 |      9 |    38 |   -0.323 |     -125.4 |    772 | gen_regfile_ff.register_file_i.rf_reg_q\[510\]$_DFFE_PN0P_/D
iter:810, pass:2, current fixing endpoint: gen_regfile_ff.register_file_i.rf_reg_q\[377\]$_DFFE_PN0P_/D, endpoint slack:-2.3021962e-10
      810 |       0 |      50 |       32 |      9 |    38 |   -0.321 |     -125.0 |    772 | gen_regfile_ff.register_file_i.rf_reg_q\[510\]$_DFFE_PN0P_/D
      811 |       0 |      50 |       32 |      9 |    38 |   -0.321 |     -125.0 |    772 | gen_regfile_ff.register_file_i.rf_reg_q\[510\]$_DFFE_PN0P_/D
iter:811, pass:1, current fixing endpoint: gen_regfile_ff.register_file_i.rf_reg_q\[825\]$_DFFE_PN0P_/D, endpoint slack:-2.3123703e-10
      812 |       0 |      51 |       32 |      9 |    38 |   -0.323 |     -125.4 |    772 | gen_regfile_ff.register_file_i.rf_reg_q\[510\]$_DFFE_PN0P_/D
iter:812, pass:2, current fixing endpoint: gen_regfile_ff.register_file_i.rf_reg_q\[825\]$_DFFE_PN0P_/D, endpoint slack:-2.3029822e-10
      812 |       0 |      50 |       32 |      9 |    38 |   -0.321 |     -125.0 |    772 | gen_regfile_ff.register_file_i.rf_reg_q\[510\]$_DFFE_PN0P_/D
      813 |       0 |      50 |       32 |      9 |    38 |   -0.321 |     -125.0 |    772 | gen_regfile_ff.register_file_i.rf_reg_q\[510\]$_DFFE_PN0P_/D
iter:813, pass:1, current fixing endpoint: gen_regfile_ff.register_file_i.rf_reg_q\[338\]$_DFFE_PN0P_/D, endpoint slack:-2.133671e-10
      814 |       0 |      51 |       32 |      9 |    38 |   -0.321 |     -125.0 |    772 | gen_regfile_ff.register_file_i.rf_reg_q\[510\]$_DFFE_PN0P_/D
iter:814, pass:2, current fixing endpoint: gen_regfile_ff.register_file_i.rf_reg_q\[338\]$_DFFE_PN0P_/D, endpoint slack:-2.0724777e-10
      815 |       0 |      51 |       32 |     10 |    38 |   -0.321 |     -125.0 |    772 | gen_regfile_ff.register_file_i.rf_reg_q\[510\]$_DFFE_PN0P_/D
iter:815, pass:3, current fixing endpoint: gen_regfile_ff.register_file_i.rf_reg_q\[338\]$_DFFE_PN0P_/D, endpoint slack:-2.0304203e-10
      816 |       0 |      52 |       32 |     10 |    38 |   -0.323 |     -125.3 |    772 | gen_regfile_ff.register_file_i.rf_reg_q\[510\]$_DFFE_PN0P_/D
iter:816, pass:4, current fixing endpoint: gen_regfile_ff.register_file_i.rf_reg_q\[338\]$_DFFE_PN0P_/D, endpoint slack:-2.0089175e-10
      817 |       0 |      53 |       32 |     10 |    38 |   -0.323 |     -125.2 |    772 | gen_regfile_ff.register_file_i.rf_reg_q\[510\]$_DFFE_PN0P_/D
iter:817, pass:5, current fixing endpoint: gen_regfile_ff.register_file_i.rf_reg_q\[338\]$_DFFE_PN0P_/D, endpoint slack:-1.9736657e-10
      818 |       0 |      54 |       32 |     10 |    38 |   -0.323 |     -125.3 |    772 | gen_regfile_ff.register_file_i.rf_reg_q\[510\]$_DFFE_PN0P_/D
iter:818, pass:6, current fixing endpoint: gen_regfile_ff.register_file_i.rf_reg_q\[338\]$_DFFE_PN0P_/D, endpoint slack:-1.9848945e-10
      819 |       0 |      55 |       32 |     10 |    38 |   -0.327 |     -127.0 |    772 | gen_regfile_ff.register_file_i.rf_reg_q\[510\]$_DFFE_PN0P_/D
iter:819, pass:7, current fixing endpoint: gen_regfile_ff.register_file_i.rf_reg_q\[338\]$_DFFE_PN0P_/D, endpoint slack:-1.9933721e-10
      820 |       0 |      56 |       32 |     10 |    38 |   -0.327 |     -127.1 |    772 | gen_regfile_ff.register_file_i.rf_reg_q\[510\]$_DFFE_PN0P_/D
iter:820, pass:8, current fixing endpoint: gen_regfile_ff.register_file_i.rf_reg_q\[338\]$_DFFE_PN0P_/D, endpoint slack:-2.0096724e-10
      821 |       0 |      57 |       32 |     10 |    38 |   -0.327 |     -127.0 |    772 | gen_regfile_ff.register_file_i.rf_reg_q\[510\]$_DFFE_PN0P_/D
iter:821, pass:9, current fixing endpoint: gen_regfile_ff.register_file_i.rf_reg_q\[338\]$_DFFE_PN0P_/D, endpoint slack:-1.9756641e-10
      822 |       0 |      58 |       32 |     10 |    38 |   -0.327 |     -127.4 |    772 | gen_regfile_ff.register_file_i.rf_reg_q\[510\]$_DFFE_PN0P_/D
iter:822, pass:10, current fixing endpoint: gen_regfile_ff.register_file_i.rf_reg_q\[338\]$_DFFE_PN0P_/D, endpoint slack:-1.9772739e-10
      822 |       0 |      52 |       32 |     10 |    38 |   -0.321 |     -125.0 |    772 | gen_regfile_ff.register_file_i.rf_reg_q\[510\]$_DFFE_PN0P_/D
      823 |       0 |      52 |       32 |     10 |    38 |   -0.321 |     -125.0 |    772 | gen_regfile_ff.register_file_i.rf_reg_q\[510\]$_DFFE_PN0P_/D
iter:823, pass:1, current fixing endpoint: gen_regfile_ff.register_file_i.rf_reg_q\[249\]$_DFFE_PN0P_/D, endpoint slack:-2.3903812e-10
      824 |       0 |      52 |       32 |     11 |    38 |   -0.321 |     -125.0 |    772 | gen_regfile_ff.register_file_i.rf_reg_q\[510\]$_DFFE_PN0P_/D
iter:824, pass:2, current fixing endpoint: gen_regfile_ff.register_file_i.rf_reg_q\[249\]$_DFFE_PN0P_/D, endpoint slack:-2.3517854e-10
      825 |       0 |      53 |       32 |     11 |    38 |   -0.323 |     -125.5 |    772 | gen_regfile_ff.register_file_i.rf_reg_q\[510\]$_DFFE_PN0P_/D
iter:825, pass:3, current fixing endpoint: gen_regfile_ff.register_file_i.rf_reg_q\[249\]$_DFFE_PN0P_/D, endpoint slack:-2.3423974e-10
      825 |       0 |      52 |       32 |     11 |    38 |   -0.321 |     -125.0 |    772 | gen_regfile_ff.register_file_i.rf_reg_q\[510\]$_DFFE_PN0P_/D
      826 |       0 |      52 |       32 |     11 |    38 |   -0.321 |     -125.0 |    772 | gen_regfile_ff.register_file_i.rf_reg_q\[510\]$_DFFE_PN0P_/D
iter:826, pass:1, current fixing endpoint: gen_regfile_ff.register_file_i.rf_reg_q\[921\]$_DFFE_PN0P_/D, endpoint slack:-2.350824e-10
      827 |       0 |      53 |       32 |     11 |    38 |   -0.323 |     -125.5 |    772 | gen_regfile_ff.register_file_i.rf_reg_q\[510\]$_DFFE_PN0P_/D
iter:827, pass:2, current fixing endpoint: gen_regfile_ff.register_file_i.rf_reg_q\[921\]$_DFFE_PN0P_/D, endpoint slack:-2.341436e-10
      827 |       0 |      52 |       32 |     11 |    38 |   -0.321 |     -125.0 |    772 | gen_regfile_ff.register_file_i.rf_reg_q\[510\]$_DFFE_PN0P_/D
      828 |       0 |      52 |       32 |     11 |    38 |   -0.321 |     -125.0 |    772 | gen_regfile_ff.register_file_i.rf_reg_q\[510\]$_DFFE_PN0P_/D
iter:828, pass:1, current fixing endpoint: gen_regfile_ff.register_file_i.rf_reg_q\[850\]$_DFFE_PN0P_/D, endpoint slack:-2.033187e-10
      829 |       0 |      53 |       32 |     11 |    38 |   -0.323 |     -125.4 |    772 | gen_regfile_ff.register_file_i.rf_reg_q\[510\]$_DFFE_PN0P_/D
iter:829, pass:2, current fixing endpoint: gen_regfile_ff.register_file_i.rf_reg_q\[850\]$_DFFE_PN0P_/D, endpoint slack:-2.0116842e-10
      830 |       0 |      54 |       32 |     11 |    38 |   -0.323 |     -125.3 |    772 | gen_regfile_ff.register_file_i.rf_reg_q\[510\]$_DFFE_PN0P_/D
iter:830, pass:3, current fixing endpoint: gen_regfile_ff.register_file_i.rf_reg_q\[850\]$_DFFE_PN0P_/D, endpoint slack:-1.9764324e-10
      831 |       0 |      55 |       32 |     11 |    38 |   -0.323 |     -125.3 |    772 | gen_regfile_ff.register_file_i.rf_reg_q\[510\]$_DFFE_PN0P_/D
iter:831, pass:4, current fixing endpoint: gen_regfile_ff.register_file_i.rf_reg_q\[850\]$_DFFE_PN0P_/D, endpoint slack:-1.9876611e-10
      832 |       0 |      56 |       32 |     11 |    38 |   -0.327 |     -127.1 |    772 | gen_regfile_ff.register_file_i.rf_reg_q\[510\]$_DFFE_PN0P_/D
iter:832, pass:5, current fixing endpoint: gen_regfile_ff.register_file_i.rf_reg_q\[850\]$_DFFE_PN0P_/D, endpoint slack:-1.9961388e-10
      833 |       0 |      57 |       32 |     11 |    38 |   -0.327 |     -127.1 |    772 | gen_regfile_ff.register_file_i.rf_reg_q\[510\]$_DFFE_PN0P_/D
iter:833, pass:6, current fixing endpoint: gen_regfile_ff.register_file_i.rf_reg_q\[850\]$_DFFE_PN0P_/D, endpoint slack:-2.0124391e-10
      834 |       0 |      58 |       32 |     11 |    38 |   -0.327 |     -127.0 |    772 | gen_regfile_ff.register_file_i.rf_reg_q\[510\]$_DFFE_PN0P_/D
iter:834, pass:7, current fixing endpoint: gen_regfile_ff.register_file_i.rf_reg_q\[850\]$_DFFE_PN0P_/D, endpoint slack:-1.9784308e-10
      835 |       0 |      59 |       32 |     11 |    38 |   -0.327 |     -127.4 |    772 | gen_regfile_ff.register_file_i.rf_reg_q\[510\]$_DFFE_PN0P_/D
iter:835, pass:8, current fixing endpoint: gen_regfile_ff.register_file_i.rf_reg_q\[850\]$_DFFE_PN0P_/D, endpoint slack:-1.9800406e-10
      835 |       0 |      53 |       32 |     11 |    38 |   -0.321 |     -125.0 |    772 | gen_regfile_ff.register_file_i.rf_reg_q\[510\]$_DFFE_PN0P_/D
      836 |       0 |      53 |       32 |     11 |    38 |   -0.321 |     -125.0 |    772 | gen_regfile_ff.register_file_i.rf_reg_q\[510\]$_DFFE_PN0P_/D
iter:836, pass:1, current fixing endpoint: gen_regfile_ff.register_file_i.rf_reg_q\[754\]$_DFFE_PN0P_/D, endpoint slack:-2.0295143e-10
      837 |       0 |      54 |       32 |     11 |    38 |   -0.323 |     -125.4 |    772 | gen_regfile_ff.register_file_i.rf_reg_q\[510\]$_DFFE_PN0P_/D
iter:837, pass:2, current fixing endpoint: gen_regfile_ff.register_file_i.rf_reg_q\[754\]$_DFFE_PN0P_/D, endpoint slack:-2.0080115e-10
      838 |       0 |      55 |       32 |     11 |    38 |   -0.323 |     -125.3 |    772 | gen_regfile_ff.register_file_i.rf_reg_q\[510\]$_DFFE_PN0P_/D
iter:838, pass:3, current fixing endpoint: gen_regfile_ff.register_file_i.rf_reg_q\[754\]$_DFFE_PN0P_/D, endpoint slack:-1.9727597e-10
      839 |       0 |      56 |       32 |     11 |    38 |   -0.323 |     -125.3 |    772 | gen_regfile_ff.register_file_i.rf_reg_q\[510\]$_DFFE_PN0P_/D
iter:839, pass:4, current fixing endpoint: gen_regfile_ff.register_file_i.rf_reg_q\[754\]$_DFFE_PN0P_/D, endpoint slack:-1.9839885e-10
      840 |       0 |      57 |       32 |     11 |    38 |   -0.327 |     -127.1 |    772 | gen_regfile_ff.register_file_i.rf_reg_q\[510\]$_DFFE_PN0P_/D
iter:840, pass:5, current fixing endpoint: gen_regfile_ff.register_file_i.rf_reg_q\[754\]$_DFFE_PN0P_/D, endpoint slack:-1.9924662e-10
      841 |       0 |      58 |       32 |     11 |    38 |   -0.327 |     -127.1 |    772 | gen_regfile_ff.register_file_i.rf_reg_q\[510\]$_DFFE_PN0P_/D
iter:841, pass:6, current fixing endpoint: gen_regfile_ff.register_file_i.rf_reg_q\[754\]$_DFFE_PN0P_/D, endpoint slack:-2.0087665e-10
      842 |       0 |      59 |       32 |     11 |    38 |   -0.327 |     -127.0 |    772 | gen_regfile_ff.register_file_i.rf_reg_q\[510\]$_DFFE_PN0P_/D
iter:842, pass:7, current fixing endpoint: gen_regfile_ff.register_file_i.rf_reg_q\[754\]$_DFFE_PN0P_/D, endpoint slack:-1.9747581e-10
      843 |       0 |      60 |       32 |     11 |    38 |   -0.327 |     -127.4 |    772 | gen_regfile_ff.register_file_i.rf_reg_q\[510\]$_DFFE_PN0P_/D
iter:843, pass:8, current fixing endpoint: gen_regfile_ff.register_file_i.rf_reg_q\[754\]$_DFFE_PN0P_/D, endpoint slack:-1.976368e-10
      843 |       0 |      54 |       32 |     11 |    38 |   -0.321 |     -125.0 |    772 | gen_regfile_ff.register_file_i.rf_reg_q\[510\]$_DFFE_PN0P_/D
      844 |       0 |      54 |       32 |     11 |    38 |   -0.321 |     -125.0 |    772 | gen_regfile_ff.register_file_i.rf_reg_q\[510\]$_DFFE_PN0P_/D
iter:844, pass:1, current fixing endpoint: gen_regfile_ff.register_file_i.rf_reg_q\[786\]$_DFFE_PN0P_/D, endpoint slack:-2.0312552e-10
      845 |       0 |      55 |       32 |     11 |    38 |   -0.323 |     -125.4 |    772 | gen_regfile_ff.register_file_i.rf_reg_q\[510\]$_DFFE_PN0P_/D
iter:845, pass:2, current fixing endpoint: gen_regfile_ff.register_file_i.rf_reg_q\[786\]$_DFFE_PN0P_/D, endpoint slack:-2.0097524e-10
      846 |       0 |      56 |       32 |     11 |    38 |   -0.323 |     -125.3 |    772 | gen_regfile_ff.register_file_i.rf_reg_q\[510\]$_DFFE_PN0P_/D
iter:846, pass:3, current fixing endpoint: gen_regfile_ff.register_file_i.rf_reg_q\[786\]$_DFFE_PN0P_/D, endpoint slack:-1.9745006e-10
      847 |       0 |      57 |       32 |     11 |    38 |   -0.323 |     -125.3 |    772 | gen_regfile_ff.register_file_i.rf_reg_q\[510\]$_DFFE_PN0P_/D
iter:847, pass:4, current fixing endpoint: gen_regfile_ff.register_file_i.rf_reg_q\[786\]$_DFFE_PN0P_/D, endpoint slack:-1.9857294e-10
      848 |       0 |      58 |       32 |     11 |    38 |   -0.327 |     -127.1 |    772 | gen_regfile_ff.register_file_i.rf_reg_q\[510\]$_DFFE_PN0P_/D
iter:848, pass:5, current fixing endpoint: gen_regfile_ff.register_file_i.rf_reg_q\[786\]$_DFFE_PN0P_/D, endpoint slack:-1.994207e-10
      849 |       0 |      59 |       32 |     11 |    38 |   -0.327 |     -127.1 |    772 | gen_regfile_ff.register_file_i.rf_reg_q\[510\]$_DFFE_PN0P_/D
iter:849, pass:6, current fixing endpoint: gen_regfile_ff.register_file_i.rf_reg_q\[786\]$_DFFE_PN0P_/D, endpoint slack:-2.0105073e-10
      850 |       0 |      60 |       32 |     11 |    38 |   -0.327 |     -127.0 |    772 | gen_regfile_ff.register_file_i.rf_reg_q\[510\]$_DFFE_PN0P_/D
iter:850, pass:7, current fixing endpoint: gen_regfile_ff.register_file_i.rf_reg_q\[786\]$_DFFE_PN0P_/D, endpoint slack:-1.976499e-10
      851 |       0 |      61 |       32 |     11 |    38 |   -0.327 |     -127.4 |    772 | gen_regfile_ff.register_file_i.rf_reg_q\[510\]$_DFFE_PN0P_/D
iter:851, pass:8, current fixing endpoint: gen_regfile_ff.register_file_i.rf_reg_q\[786\]$_DFFE_PN0P_/D, endpoint slack:-1.9781088e-10
      851 |       0 |      55 |       32 |     11 |    38 |   -0.321 |     -125.0 |    772 | gen_regfile_ff.register_file_i.rf_reg_q\[510\]$_DFFE_PN0P_/D
      852 |       0 |      55 |       32 |     11 |    38 |   -0.321 |     -125.0 |    772 | gen_regfile_ff.register_file_i.rf_reg_q\[510\]$_DFFE_PN0P_/D
iter:852, pass:1, current fixing endpoint: gen_regfile_ff.register_file_i.rf_reg_q\[153\]$_DFFE_PN0P_/D, endpoint slack:-2.32252e-10
      853 |       0 |      56 |       32 |     11 |    38 |   -0.323 |     -125.5 |    772 | gen_regfile_ff.register_file_i.rf_reg_q\[510\]$_DFFE_PN0P_/D
iter:853, pass:2, current fixing endpoint: gen_regfile_ff.register_file_i.rf_reg_q\[153\]$_DFFE_PN0P_/D, endpoint slack:-2.3131319e-10
      853 |       0 |      55 |       32 |     11 |    38 |   -0.321 |     -125.0 |    772 | gen_regfile_ff.register_file_i.rf_reg_q\[510\]$_DFFE_PN0P_/D
      854 |       0 |      55 |       32 |     11 |    38 |   -0.321 |     -125.0 |    772 | gen_regfile_ff.register_file_i.rf_reg_q\[510\]$_DFFE_PN0P_/D
iter:854, pass:1, current fixing endpoint: gen_regfile_ff.register_file_i.rf_reg_q\[90\]$_DFFE_PN0P_/D, endpoint slack:-2.138143e-10
      855 |       0 |      56 |       32 |     11 |    38 |   -0.321 |     -125.0 |    772 | gen_regfile_ff.register_file_i.rf_reg_q\[510\]$_DFFE_PN0P_/D
iter:855, pass:2, current fixing endpoint: gen_regfile_ff.register_file_i.rf_reg_q\[90\]$_DFFE_PN0P_/D, endpoint slack:-2.0719138e-10
      856 |       0 |      57 |       32 |     11 |    38 |   -0.321 |     -125.2 |    772 | gen_regfile_ff.register_file_i.rf_reg_q\[510\]$_DFFE_PN0P_/D
iter:856, pass:3, current fixing endpoint: gen_regfile_ff.register_file_i.rf_reg_q\[90\]$_DFFE_PN0P_/D, endpoint slack:-2.1436497e-10
      857 |       0 |      58 |       32 |     11 |    38 |   -0.326 |     -125.1 |    772 | gen_regfile_ff.register_file_i.rf_reg_q\[510\]$_DFFE_PN0P_/D
iter:857, pass:4, current fixing endpoint: gen_regfile_ff.register_file_i.rf_reg_q\[90\]$_DFFE_PN0P_/D, endpoint slack:-2.0659763e-10
      858 |       0 |      59 |       32 |     11 |    38 |   -0.326 |     -125.0 |    772 | gen_regfile_ff.register_file_i.rf_reg_q\[510\]$_DFFE_PN0P_/D
iter:858, pass:5, current fixing endpoint: gen_regfile_ff.register_file_i.rf_reg_q\[90\]$_DFFE_PN0P_/D, endpoint slack:-2.0240587e-10
      859 |       0 |      60 |       32 |     11 |    38 |   -0.326 |     -124.9 |    772 | gen_regfile_ff.register_file_i.rf_reg_q\[510\]$_DFFE_PN0P_/D
iter:859, pass:6, current fixing endpoint: gen_regfile_ff.register_file_i.rf_reg_q\[90\]$_DFFE_PN0P_/D, endpoint slack:-1.9925728e-10
      860 |       0 |      60 |       32 |     12 |    38 |   -0.326 |     -125.0 |    772 | gen_regfile_ff.register_file_i.rf_reg_q\[510\]$_DFFE_PN0P_/D
iter:860, pass:7, current fixing endpoint: gen_regfile_ff.register_file_i.rf_reg_q\[90\]$_DFFE_PN0P_/D, endpoint slack:-1.9668556e-10
      861 |       0 |      61 |       32 |     12 |    38 |   -0.326 |     -125.0 |    772 | gen_regfile_ff.register_file_i.rf_reg_q\[510\]$_DFFE_PN0P_/D
iter:861, pass:8, current fixing endpoint: gen_regfile_ff.register_file_i.rf_reg_q\[90\]$_DFFE_PN0P_/D, endpoint slack:-1.9334112e-10
      862 |       0 |      62 |       32 |     12 |    38 |   -0.326 |     -125.6 |    772 | gen_regfile_ff.register_file_i.rf_reg_q\[510\]$_DFFE_PN0P_/D
iter:862, pass:9, current fixing endpoint: gen_regfile_ff.register_file_i.rf_reg_q\[90\]$_DFFE_PN0P_/D, endpoint slack:-1.935021e-10
      862 |       0 |      56 |       32 |     11 |    38 |   -0.321 |     -125.0 |    772 | gen_regfile_ff.register_file_i.rf_reg_q\[510\]$_DFFE_PN0P_/D
      863 |       0 |      56 |       32 |     11 |    38 |   -0.321 |     -125.0 |    772 | gen_regfile_ff.register_file_i.rf_reg_q\[510\]$_DFFE_PN0P_/D
iter:863, pass:1, current fixing endpoint: gen_regfile_ff.register_file_i.rf_reg_q\[761\]$_DFFE_PN0P_/D, endpoint slack:-2.436067e-10
      864 |       0 |      57 |       32 |     11 |    38 |   -0.321 |     -125.0 |    772 | gen_regfile_ff.register_file_i.rf_reg_q\[510\]$_DFFE_PN0P_/D
iter:864, pass:2, current fixing endpoint: gen_regfile_ff.register_file_i.rf_reg_q\[761\]$_DFFE_PN0P_/D, endpoint slack:-2.3878277e-10
      865 |       0 |      58 |       32 |     11 |    38 |   -0.323 |     -125.5 |    772 | gen_regfile_ff.register_file_i.rf_reg_q\[510\]$_DFFE_PN0P_/D
iter:865, pass:3, current fixing endpoint: gen_regfile_ff.register_file_i.rf_reg_q\[761\]$_DFFE_PN0P_/D, endpoint slack:-2.3784397e-10
      865 |       0 |      57 |       32 |     11 |    38 |   -0.321 |     -125.0 |    772 | gen_regfile_ff.register_file_i.rf_reg_q\[510\]$_DFFE_PN0P_/D
--------------------
update violating ends at fixEndpointNum 193
top element of violating ends is: gen_regfile_ff.register_file_i.rf_reg_q\[510\]$_DFFE_PN0P_/D
--------------------
      866 |       0 |      57 |       32 |     11 |    38 |   -0.321 |     -125.0 |    772 | gen_regfile_ff.register_file_i.rf_reg_q\[510\]$_DFFE_PN0P_/D
iter:866, pass:1, current fixing endpoint: gen_regfile_ff.register_file_i.rf_reg_q\[510\]$_DFFE_PN0P_/D, endpoint slack:-3.2111203e-10
      867 |       0 |      58 |       32 |     11 |    38 |   -0.321 |     -125.7 |    772 | gen_regfile_ff.register_file_i.rf_reg_q\[510\]$_DFFE_PN0P_/D
iter:867, pass:2, current fixing endpoint: gen_regfile_ff.register_file_i.rf_reg_q\[510\]$_DFFE_PN0P_/D, endpoint slack:-3.21273e-10
      867 |       0 |      57 |       32 |     11 |    38 |   -0.321 |     -125.1 |    772 | gen_regfile_ff.register_file_i.rf_reg_q\[510\]$_DFFE_PN0P_/D
      868 |       0 |      57 |       32 |     11 |    38 |   -0.321 |     -125.1 |    772 | gen_regfile_ff.register_file_i.rf_reg_q\[510\]$_DFFE_PN0P_/D
iter:868, pass:1, current fixing endpoint: gen_regfile_ff.register_file_i.rf_reg_q\[30\]$_DFFE_PN0P_/D, endpoint slack:-3.2111602e-10
      869 |       0 |      58 |       32 |     11 |    38 |   -0.321 |     -125.7 |    772 | gen_regfile_ff.register_file_i.rf_reg_q\[510\]$_DFFE_PN0P_/D
iter:869, pass:2, current fixing endpoint: gen_regfile_ff.register_file_i.rf_reg_q\[30\]$_DFFE_PN0P_/D, endpoint slack:-3.212628e-10
      869 |       0 |      57 |       32 |     11 |    38 |   -0.321 |     -125.1 |    772 | gen_regfile_ff.register_file_i.rf_reg_q\[510\]$_DFFE_PN0P_/D
      870 |       0 |      57 |       32 |     11 |    38 |   -0.321 |     -125.1 |    772 | gen_regfile_ff.register_file_i.rf_reg_q\[510\]$_DFFE_PN0P_/D
iter:870, pass:1, current fixing endpoint: gen_regfile_ff.register_file_i.rf_reg_q\[926\]$_DFFE_PN0P_/D, endpoint slack:-3.20463e-10
      871 |       0 |      58 |       32 |     11 |    38 |   -0.321 |     -125.7 |    772 | gen_regfile_ff.register_file_i.rf_reg_q\[510\]$_DFFE_PN0P_/D
iter:871, pass:2, current fixing endpoint: gen_regfile_ff.register_file_i.rf_reg_q\[926\]$_DFFE_PN0P_/D, endpoint slack:-3.2060976e-10
      871 |       0 |      57 |       32 |     11 |    38 |   -0.321 |     -125.1 |    772 | gen_regfile_ff.register_file_i.rf_reg_q\[510\]$_DFFE_PN0P_/D
      872 |       0 |      57 |       32 |     11 |    38 |   -0.321 |     -125.1 |    772 | gen_regfile_ff.register_file_i.rf_reg_q\[510\]$_DFFE_PN0P_/D
iter:872, pass:1, current fixing endpoint: gen_regfile_ff.register_file_i.rf_reg_q\[574\]$_DFFE_PN0P_/D, endpoint slack:-3.2015346e-10
      873 |       0 |      58 |       32 |     11 |    38 |   -0.321 |     -125.7 |    772 | gen_regfile_ff.register_file_i.rf_reg_q\[510\]$_DFFE_PN0P_/D
iter:873, pass:2, current fixing endpoint: gen_regfile_ff.register_file_i.rf_reg_q\[574\]$_DFFE_PN0P_/D, endpoint slack:-3.2030023e-10
      873 |       0 |      57 |       32 |     11 |    38 |   -0.321 |     -125.1 |    772 | gen_regfile_ff.register_file_i.rf_reg_q\[510\]$_DFFE_PN0P_/D
      874 |       0 |      57 |       32 |     11 |    38 |   -0.321 |     -125.1 |    772 | gen_regfile_ff.register_file_i.rf_reg_q\[510\]$_DFFE_PN0P_/D
iter:874, pass:1, current fixing endpoint: gen_regfile_ff.register_file_i.rf_reg_q\[542\]$_DFFE_PN0P_/D, endpoint slack:-3.1936342e-10
      875 |       0 |      58 |       32 |     11 |    38 |   -0.321 |     -125.7 |    772 | gen_regfile_ff.register_file_i.rf_reg_q\[510\]$_DFFE_PN0P_/D
iter:875, pass:2, current fixing endpoint: gen_regfile_ff.register_file_i.rf_reg_q\[542\]$_DFFE_PN0P_/D, endpoint slack:-3.195102e-10
      875 |       0 |      57 |       32 |     11 |    38 |   -0.321 |     -125.1 |    772 | gen_regfile_ff.register_file_i.rf_reg_q\[510\]$_DFFE_PN0P_/D
      876 |       0 |      57 |       32 |     11 |    38 |   -0.321 |     -125.1 |    772 | gen_regfile_ff.register_file_i.rf_reg_q\[510\]$_DFFE_PN0P_/D
iter:876, pass:1, current fixing endpoint: gen_regfile_ff.register_file_i.rf_reg_q\[126\]$_DFFE_PN0P_/D, endpoint slack:-3.1926684e-10
      877 |       0 |      58 |       32 |     11 |    38 |   -0.321 |     -125.7 |    772 | gen_regfile_ff.register_file_i.rf_reg_q\[510\]$_DFFE_PN0P_/D
iter:877, pass:2, current fixing endpoint: gen_regfile_ff.register_file_i.rf_reg_q\[126\]$_DFFE_PN0P_/D, endpoint slack:-3.194136e-10
      877 |       0 |      57 |       32 |     11 |    38 |   -0.321 |     -125.1 |    772 | gen_regfile_ff.register_file_i.rf_reg_q\[510\]$_DFFE_PN0P_/D
      878 |       0 |      57 |       32 |     11 |    38 |   -0.321 |     -125.1 |    772 | gen_regfile_ff.register_file_i.rf_reg_q\[510\]$_DFFE_PN0P_/D
iter:878, pass:1, current fixing endpoint: gen_regfile_ff.register_file_i.rf_reg_q\[94\]$_DFFE_PN0P_/D, endpoint slack:-3.1890535e-10
      879 |       0 |      58 |       32 |     11 |    38 |   -0.321 |     -125.7 |    772 | gen_regfile_ff.register_file_i.rf_reg_q\[510\]$_DFFE_PN0P_/D
iter:879, pass:2, current fixing endpoint: gen_regfile_ff.register_file_i.rf_reg_q\[94\]$_DFFE_PN0P_/D, endpoint slack:-3.1905212e-10
      879 |       0 |      57 |       32 |     11 |    38 |   -0.321 |     -125.1 |    772 | gen_regfile_ff.register_file_i.rf_reg_q\[510\]$_DFFE_PN0P_/D
      880 |       0 |      57 |       32 |     11 |    38 |   -0.321 |     -125.1 |    772 | gen_regfile_ff.register_file_i.rf_reg_q\[510\]$_DFFE_PN0P_/D
iter:880, pass:1, current fixing endpoint: instr_addr_o[31], endpoint slack:-3.183851e-10
      881 |       0 |      58 |       32 |     11 |    38 |   -0.321 |     -125.0 |    772 | gen_regfile_ff.register_file_i.rf_reg_q\[510\]$_DFFE_PN0P_/D
iter:881, pass:2, current fixing endpoint: instr_addr_o[31], endpoint slack:-3.150391e-10
      882 |       0 |      59 |       32 |     11 |    38 |   -0.321 |     -125.1 |    772 | gen_regfile_ff.register_file_i.rf_reg_q\[510\]$_DFFE_PN0P_/D
iter:882, pass:3, current fixing endpoint: instr_addr_o[31], endpoint slack:-3.1728553e-10
      883 |       0 |      60 |       32 |     11 |    38 |   -0.321 |     -125.1 |    772 | gen_regfile_ff.register_file_i.rf_reg_q\[510\]$_DFFE_PN0P_/D
iter:883, pass:4, current fixing endpoint: instr_addr_o[31], endpoint slack:-3.1927105e-10
      884 |       0 |      60 |       32 |     11 |    39 |   -0.322 |     -125.1 |    772 | instr_addr_o[31]
iter:884, pass:5, current fixing endpoint: instr_addr_o[31], endpoint slack:-3.223466e-10
      884 |       0 |      58 |       32 |     11 |    38 |   -0.321 |     -125.0 |    772 | gen_regfile_ff.register_file_i.rf_reg_q\[510\]$_DFFE_PN0P_/D
      885 |       0 |      58 |       32 |     11 |    38 |   -0.321 |     -125.0 |    772 | gen_regfile_ff.register_file_i.rf_reg_q\[510\]$_DFFE_PN0P_/D
iter:885, pass:1, current fixing endpoint: gen_regfile_ff.register_file_i.rf_reg_q\[190\]$_DFFE_PN0P_/D, endpoint slack:-3.1834513e-10
      886 |       0 |      59 |       32 |     11 |    38 |   -0.321 |     -125.7 |    772 | gen_regfile_ff.register_file_i.rf_reg_q\[510\]$_DFFE_PN0P_/D
iter:886, pass:2, current fixing endpoint: gen_regfile_ff.register_file_i.rf_reg_q\[190\]$_DFFE_PN0P_/D, endpoint slack:-3.184919e-10
      886 |       0 |      58 |       32 |     11 |    38 |   -0.321 |     -125.0 |    772 | gen_regfile_ff.register_file_i.rf_reg_q\[510\]$_DFFE_PN0P_/D
      887 |       0 |      58 |       32 |     11 |    38 |   -0.321 |     -125.0 |    772 | gen_regfile_ff.register_file_i.rf_reg_q\[510\]$_DFFE_PN0P_/D
iter:887, pass:1, current fixing endpoint: gen_regfile_ff.register_file_i.rf_reg_q\[958\]$_DFFE_PN0P_/D, endpoint slack:-3.180347e-10
      888 |       0 |      59 |       32 |     11 |    38 |   -0.321 |     -125.7 |    772 | gen_regfile_ff.register_file_i.rf_reg_q\[510\]$_DFFE_PN0P_/D
iter:888, pass:2, current fixing endpoint: gen_regfile_ff.register_file_i.rf_reg_q\[958\]$_DFFE_PN0P_/D, endpoint slack:-3.1818148e-10
      888 |       0 |      58 |       32 |     11 |    38 |   -0.321 |     -125.0 |    772 | gen_regfile_ff.register_file_i.rf_reg_q\[510\]$_DFFE_PN0P_/D
      889 |       0 |      58 |       32 |     11 |    38 |   -0.321 |     -125.0 |    772 | gen_regfile_ff.register_file_i.rf_reg_q\[510\]$_DFFE_PN0P_/D
iter:889, pass:1, current fixing endpoint: gen_regfile_ff.register_file_i.rf_reg_q\[62\]$_DFFE_PN0P_/D, endpoint slack:-3.178664e-10
      890 |       0 |      59 |       32 |     11 |    38 |   -0.321 |     -125.7 |    772 | gen_regfile_ff.register_file_i.rf_reg_q\[510\]$_DFFE_PN0P_/D
iter:890, pass:2, current fixing endpoint: gen_regfile_ff.register_file_i.rf_reg_q\[62\]$_DFFE_PN0P_/D, endpoint slack:-3.1801317e-10
      890 |       0 |      58 |       32 |     11 |    38 |   -0.321 |     -125.0 |    772 | gen_regfile_ff.register_file_i.rf_reg_q\[510\]$_DFFE_PN0P_/D
      891 |       0 |      58 |       32 |     11 |    38 |   -0.321 |     -125.0 |    772 | gen_regfile_ff.register_file_i.rf_reg_q\[510\]$_DFFE_PN0P_/D
iter:891, pass:1, current fixing endpoint: gen_regfile_ff.register_file_i.rf_reg_q\[702\]$_DFFE_PN0P_/D, endpoint slack:-3.1752467e-10
      892 |       0 |      59 |       32 |     11 |    38 |   -0.321 |     -125.7 |    772 | gen_regfile_ff.register_file_i.rf_reg_q\[510\]$_DFFE_PN0P_/D
iter:892, pass:2, current fixing endpoint: gen_regfile_ff.register_file_i.rf_reg_q\[702\]$_DFFE_PN0P_/D, endpoint slack:-3.1767144e-10
      892 |       0 |      58 |       32 |     11 |    38 |   -0.321 |     -125.0 |    772 | gen_regfile_ff.register_file_i.rf_reg_q\[510\]$_DFFE_PN0P_/D
      893 |       0 |      58 |       32 |     11 |    38 |   -0.321 |     -125.0 |    772 | gen_regfile_ff.register_file_i.rf_reg_q\[510\]$_DFFE_PN0P_/D
iter:893, pass:1, current fixing endpoint: gen_regfile_ff.register_file_i.rf_reg_q\[734\]$_DFFE_PN0P_/D, endpoint slack:-3.174061e-10
      894 |       0 |      59 |       32 |     11 |    38 |   -0.321 |     -125.7 |    772 | gen_regfile_ff.register_file_i.rf_reg_q\[510\]$_DFFE_PN0P_/D
iter:894, pass:2, current fixing endpoint: gen_regfile_ff.register_file_i.rf_reg_q\[734\]$_DFFE_PN0P_/D, endpoint slack:-3.1755287e-10
      894 |       0 |      58 |       32 |     11 |    38 |   -0.321 |     -125.0 |    772 | gen_regfile_ff.register_file_i.rf_reg_q\[510\]$_DFFE_PN0P_/D
      895 |       0 |      58 |       32 |     11 |    38 |   -0.321 |     -125.0 |    772 | gen_regfile_ff.register_file_i.rf_reg_q\[510\]$_DFFE_PN0P_/D
iter:895, pass:1, current fixing endpoint: gen_regfile_ff.register_file_i.rf_reg_q\[670\]$_DFFE_PN0P_/D, endpoint slack:-3.1724467e-10
      896 |       0 |      59 |       32 |     11 |    38 |   -0.321 |     -125.7 |    772 | gen_regfile_ff.register_file_i.rf_reg_q\[510\]$_DFFE_PN0P_/D
iter:896, pass:2, current fixing endpoint: gen_regfile_ff.register_file_i.rf_reg_q\[670\]$_DFFE_PN0P_/D, endpoint slack:-3.1739145e-10
      896 |       0 |      58 |       32 |     11 |    38 |   -0.321 |     -125.0 |    772 | gen_regfile_ff.register_file_i.rf_reg_q\[510\]$_DFFE_PN0P_/D
      897 |       0 |      58 |       32 |     11 |    38 |   -0.321 |     -125.0 |    772 | gen_regfile_ff.register_file_i.rf_reg_q\[510\]$_DFFE_PN0P_/D
iter:897, pass:1, current fixing endpoint: gen_regfile_ff.register_file_i.rf_reg_q\[254\]$_DFFE_PN0P_/D, endpoint slack:-3.1717473e-10
      898 |       0 |      59 |       32 |     11 |    38 |   -0.321 |     -125.7 |    772 | gen_regfile_ff.register_file_i.rf_reg_q\[510\]$_DFFE_PN0P_/D
iter:898, pass:2, current fixing endpoint: gen_regfile_ff.register_file_i.rf_reg_q\[254\]$_DFFE_PN0P_/D, endpoint slack:-3.173215e-10
      898 |       0 |      58 |       32 |     11 |    38 |   -0.321 |     -125.0 |    772 | gen_regfile_ff.register_file_i.rf_reg_q\[510\]$_DFFE_PN0P_/D
      899 |       0 |      58 |       32 |     11 |    38 |   -0.321 |     -125.0 |    772 | gen_regfile_ff.register_file_i.rf_reg_q\[510\]$_DFFE_PN0P_/D
iter:899, pass:1, current fixing endpoint: gen_regfile_ff.register_file_i.rf_reg_q\[350\]$_DFFE_PN0P_/D, endpoint slack:-3.1716718e-10
      900 |       0 |      59 |       32 |     11 |    38 |   -0.321 |     -125.7 |    772 | gen_regfile_ff.register_file_i.rf_reg_q\[510\]$_DFFE_PN0P_/D
iter:900, pass:2, current fixing endpoint: gen_regfile_ff.register_file_i.rf_reg_q\[350\]$_DFFE_PN0P_/D, endpoint slack:-3.1731395e-10
      900 |       0 |      58 |       32 |     11 |    38 |   -0.321 |     -125.0 |    772 | gen_regfile_ff.register_file_i.rf_reg_q\[510\]$_DFFE_PN0P_/D
      901 |       0 |      58 |       32 |     11 |    38 |   -0.321 |     -125.0 |    772 | gen_regfile_ff.register_file_i.rf_reg_q\[510\]$_DFFE_PN0P_/D
iter:901, pass:1, current fixing endpoint: gen_regfile_ff.register_file_i.rf_reg_q\[286\]$_DFFE_PN0P_/D, endpoint slack:-3.170859e-10
      902 |       0 |      59 |       32 |     11 |    38 |   -0.321 |     -125.7 |    772 | gen_regfile_ff.register_file_i.rf_reg_q\[510\]$_DFFE_PN0P_/D
iter:902, pass:2, current fixing endpoint: gen_regfile_ff.register_file_i.rf_reg_q\[286\]$_DFFE_PN0P_/D, endpoint slack:-3.1723268e-10
      902 |       0 |      58 |       32 |     11 |    38 |   -0.321 |     -125.0 |    772 | gen_regfile_ff.register_file_i.rf_reg_q\[510\]$_DFFE_PN0P_/D
      903 |       0 |      58 |       32 |     11 |    38 |   -0.321 |     -125.0 |    772 | gen_regfile_ff.register_file_i.rf_reg_q\[510\]$_DFFE_PN0P_/D
iter:903, pass:1, current fixing endpoint: gen_regfile_ff.register_file_i.rf_reg_q\[638\]$_DFFE_PN0P_/D, endpoint slack:-3.1699443e-10
      904 |       0 |      59 |       32 |     11 |    38 |   -0.321 |     -125.7 |    772 | gen_regfile_ff.register_file_i.rf_reg_q\[510\]$_DFFE_PN0P_/D
iter:904, pass:2, current fixing endpoint: gen_regfile_ff.register_file_i.rf_reg_q\[638\]$_DFFE_PN0P_/D, endpoint slack:-3.171412e-10
      904 |       0 |      58 |       32 |     11 |    38 |   -0.321 |     -125.0 |    772 | gen_regfile_ff.register_file_i.rf_reg_q\[510\]$_DFFE_PN0P_/D
      905 |       0 |      58 |       32 |     11 |    38 |   -0.321 |     -125.0 |    772 | gen_regfile_ff.register_file_i.rf_reg_q\[510\]$_DFFE_PN0P_/D
iter:905, pass:1, current fixing endpoint: gen_regfile_ff.register_file_i.rf_reg_q\[382\]$_DFFE_PN0P_/D, endpoint slack:-3.1585978e-10
      906 |       0 |      59 |       32 |     11 |    38 |   -0.321 |     -125.7 |    772 | gen_regfile_ff.register_file_i.rf_reg_q\[510\]$_DFFE_PN0P_/D
iter:906, pass:2, current fixing endpoint: gen_regfile_ff.register_file_i.rf_reg_q\[382\]$_DFFE_PN0P_/D, endpoint slack:-3.1600655e-10
      906 |       0 |      58 |       32 |     11 |    38 |   -0.321 |     -125.0 |    772 | gen_regfile_ff.register_file_i.rf_reg_q\[510\]$_DFFE_PN0P_/D
      907 |       0 |      58 |       32 |     11 |    38 |   -0.321 |     -125.0 |    772 | gen_regfile_ff.register_file_i.rf_reg_q\[510\]$_DFFE_PN0P_/D
iter:907, pass:1, current fixing endpoint: gen_regfile_ff.register_file_i.rf_reg_q\[222\]$_DFFE_PN0P_/D, endpoint slack:-3.1584135e-10
      908 |       0 |      59 |       32 |     11 |    38 |   -0.321 |     -125.7 |    772 | gen_regfile_ff.register_file_i.rf_reg_q\[510\]$_DFFE_PN0P_/D
iter:908, pass:2, current fixing endpoint: gen_regfile_ff.register_file_i.rf_reg_q\[222\]$_DFFE_PN0P_/D, endpoint slack:-3.1598812e-10
      908 |       0 |      58 |       32 |     11 |    38 |   -0.321 |     -125.0 |    772 | gen_regfile_ff.register_file_i.rf_reg_q\[510\]$_DFFE_PN0P_/D
      909 |       0 |      58 |       32 |     11 |    38 |   -0.321 |     -125.0 |    772 | gen_regfile_ff.register_file_i.rf_reg_q\[510\]$_DFFE_PN0P_/D
iter:909, pass:1, current fixing endpoint: gen_regfile_ff.register_file_i.rf_reg_q\[478\]$_DFFE_PN0P_/D, endpoint slack:-3.1578118e-10
      910 |       0 |      59 |       32 |     11 |    38 |   -0.321 |     -125.7 |    772 | gen_regfile_ff.register_file_i.rf_reg_q\[510\]$_DFFE_PN0P_/D
iter:910, pass:2, current fixing endpoint: gen_regfile_ff.register_file_i.rf_reg_q\[478\]$_DFFE_PN0P_/D, endpoint slack:-3.1592795e-10
      910 |       0 |      58 |       32 |     11 |    38 |   -0.321 |     -125.0 |    772 | gen_regfile_ff.register_file_i.rf_reg_q\[510\]$_DFFE_PN0P_/D
      911 |       0 |      58 |       32 |     11 |    38 |   -0.321 |     -125.0 |    772 | gen_regfile_ff.register_file_i.rf_reg_q\[510\]$_DFFE_PN0P_/D
iter:911, pass:1, current fixing endpoint: gen_regfile_ff.register_file_i.rf_reg_q\[158\]$_DFFE_PN0P_/D, endpoint slack:-3.153322e-10
      912 |       0 |      59 |       32 |     11 |    38 |   -0.321 |     -125.7 |    772 | gen_regfile_ff.register_file_i.rf_reg_q\[510\]$_DFFE_PN0P_/D
iter:912, pass:2, current fixing endpoint: gen_regfile_ff.register_file_i.rf_reg_q\[158\]$_DFFE_PN0P_/D, endpoint slack:-3.1547898e-10
      912 |       0 |      58 |       32 |     11 |    38 |   -0.321 |     -125.0 |    772 | gen_regfile_ff.register_file_i.rf_reg_q\[510\]$_DFFE_PN0P_/D
      913 |       0 |      58 |       32 |     11 |    38 |   -0.321 |     -125.0 |    772 | gen_regfile_ff.register_file_i.rf_reg_q\[510\]$_DFFE_PN0P_/D
iter:913, pass:1, current fixing endpoint: gen_regfile_ff.register_file_i.rf_reg_q\[990\]$_DFFE_PN0P_/D, endpoint slack:-3.1498337e-10
      914 |       0 |      59 |       32 |     11 |    38 |   -0.321 |     -125.7 |    772 | gen_regfile_ff.register_file_i.rf_reg_q\[510\]$_DFFE_PN0P_/D
iter:914, pass:2, current fixing endpoint: gen_regfile_ff.register_file_i.rf_reg_q\[990\]$_DFFE_PN0P_/D, endpoint slack:-3.1512992e-10
      914 |       0 |      58 |       32 |     11 |    38 |   -0.321 |     -125.0 |    772 | gen_regfile_ff.register_file_i.rf_reg_q\[510\]$_DFFE_PN0P_/D
      915 |       0 |      58 |       32 |     11 |    38 |   -0.321 |     -125.0 |    772 | gen_regfile_ff.register_file_i.rf_reg_q\[510\]$_DFFE_PN0P_/D
iter:915, pass:1, current fixing endpoint: gen_regfile_ff.register_file_i.rf_reg_q\[606\]$_DFFE_PN0P_/D, endpoint slack:-3.147529e-10
      916 |       0 |      59 |       32 |     11 |    38 |   -0.321 |     -125.7 |    772 | gen_regfile_ff.register_file_i.rf_reg_q\[510\]$_DFFE_PN0P_/D
iter:916, pass:2, current fixing endpoint: gen_regfile_ff.register_file_i.rf_reg_q\[606\]$_DFFE_PN0P_/D, endpoint slack:-3.1489966e-10
      916 |       0 |      58 |       32 |     11 |    38 |   -0.321 |     -125.0 |    772 | gen_regfile_ff.register_file_i.rf_reg_q\[510\]$_DFFE_PN0P_/D
      917 |       0 |      58 |       32 |     11 |    38 |   -0.321 |     -125.0 |    772 | gen_regfile_ff.register_file_i.rf_reg_q\[510\]$_DFFE_PN0P_/D
iter:917, pass:1, current fixing endpoint: gen_regfile_ff.register_file_i.rf_reg_q\[766\]$_DFFE_PN0P_/D, endpoint slack:-3.146441e-10
      918 |       0 |      59 |       32 |     11 |    38 |   -0.321 |     -125.7 |    772 | gen_regfile_ff.register_file_i.rf_reg_q\[510\]$_DFFE_PN0P_/D
iter:918, pass:2, current fixing endpoint: gen_regfile_ff.register_file_i.rf_reg_q\[766\]$_DFFE_PN0P_/D, endpoint slack:-3.1479086e-10
      918 |       0 |      58 |       32 |     11 |    38 |   -0.321 |     -125.0 |    772 | gen_regfile_ff.register_file_i.rf_reg_q\[510\]$_DFFE_PN0P_/D
      919 |       0 |      58 |       32 |     11 |    38 |   -0.321 |     -125.0 |    772 | gen_regfile_ff.register_file_i.rf_reg_q\[510\]$_DFFE_PN0P_/D
iter:919, pass:1, current fixing endpoint: gen_regfile_ff.register_file_i.rf_reg_q\[862\]$_DFFE_PN0P_/D, endpoint slack:-3.14474e-10
      920 |       0 |      59 |       32 |     11 |    38 |   -0.321 |     -125.7 |    772 | gen_regfile_ff.register_file_i.rf_reg_q\[510\]$_DFFE_PN0P_/D
iter:920, pass:2, current fixing endpoint: gen_regfile_ff.register_file_i.rf_reg_q\[862\]$_DFFE_PN0P_/D, endpoint slack:-3.1462077e-10
      920 |       0 |      58 |       32 |     11 |    38 |   -0.321 |     -125.0 |    772 | gen_regfile_ff.register_file_i.rf_reg_q\[510\]$_DFFE_PN0P_/D
      921 |       0 |      58 |       32 |     11 |    38 |   -0.321 |     -125.0 |    772 | gen_regfile_ff.register_file_i.rf_reg_q\[510\]$_DFFE_PN0P_/D
iter:921, pass:1, current fixing endpoint: gen_regfile_ff.register_file_i.rf_reg_q\[446\]$_DFFE_PN0P_/D, endpoint slack:-3.1429215e-10
      922 |       0 |      59 |       32 |     11 |    38 |   -0.321 |     -125.7 |    772 | gen_regfile_ff.register_file_i.rf_reg_q\[510\]$_DFFE_PN0P_/D
iter:922, pass:2, current fixing endpoint: gen_regfile_ff.register_file_i.rf_reg_q\[446\]$_DFFE_PN0P_/D, endpoint slack:-3.1443892e-10
      922 |       0 |      58 |       32 |     11 |    38 |   -0.321 |     -125.0 |    772 | gen_regfile_ff.register_file_i.rf_reg_q\[510\]$_DFFE_PN0P_/D
      923 |       0 |      58 |       32 |     11 |    38 |   -0.321 |     -125.0 |    772 | gen_regfile_ff.register_file_i.rf_reg_q\[510\]$_DFFE_PN0P_/D
iter:923, pass:1, current fixing endpoint: gen_regfile_ff.register_file_i.rf_reg_q\[798\]$_DFFE_PN0P_/D, endpoint slack:-3.1416403e-10
      924 |       0 |      59 |       32 |     11 |    38 |   -0.321 |     -125.7 |    772 | gen_regfile_ff.register_file_i.rf_reg_q\[510\]$_DFFE_PN0P_/D
iter:924, pass:2, current fixing endpoint: gen_regfile_ff.register_file_i.rf_reg_q\[798\]$_DFFE_PN0P_/D, endpoint slack:-3.143108e-10
      924 |       0 |      58 |       32 |     11 |    38 |   -0.321 |     -125.0 |    772 | gen_regfile_ff.register_file_i.rf_reg_q\[510\]$_DFFE_PN0P_/D
      925 |       0 |      58 |       32 |     11 |    38 |   -0.321 |     -125.0 |    772 | gen_regfile_ff.register_file_i.rf_reg_q\[510\]$_DFFE_PN0P_/D
iter:925, pass:1, current fixing endpoint: gen_regfile_ff.register_file_i.rf_reg_q\[830\]$_DFFE_PN0P_/D, endpoint slack:-3.1412317e-10
      926 |       0 |      59 |       32 |     11 |    38 |   -0.321 |     -125.7 |    772 | gen_regfile_ff.register_file_i.rf_reg_q\[510\]$_DFFE_PN0P_/D
iter:926, pass:2, current fixing endpoint: gen_regfile_ff.register_file_i.rf_reg_q\[830\]$_DFFE_PN0P_/D, endpoint slack:-3.1426994e-10
      926 |       0 |      58 |       32 |     11 |    38 |   -0.321 |     -125.0 |    772 | gen_regfile_ff.register_file_i.rf_reg_q\[510\]$_DFFE_PN0P_/D
      927 |       0 |      58 |       32 |     11 |    38 |   -0.321 |     -125.0 |    772 | gen_regfile_ff.register_file_i.rf_reg_q\[510\]$_DFFE_PN0P_/D
iter:927, pass:1, current fixing endpoint: gen_regfile_ff.register_file_i.rf_reg_q\[318\]$_DFFE_PN0P_/D, endpoint slack:-3.1409986e-10
      928 |       0 |      59 |       32 |     11 |    38 |   -0.321 |     -125.7 |    772 | gen_regfile_ff.register_file_i.rf_reg_q\[510\]$_DFFE_PN0P_/D
iter:928, pass:2, current fixing endpoint: gen_regfile_ff.register_file_i.rf_reg_q\[318\]$_DFFE_PN0P_/D, endpoint slack:-3.1424663e-10
      928 |       0 |      58 |       32 |     11 |    38 |   -0.321 |     -125.0 |    772 | gen_regfile_ff.register_file_i.rf_reg_q\[510\]$_DFFE_PN0P_/D
      929 |       0 |      58 |       32 |     11 |    38 |   -0.321 |     -125.0 |    772 | gen_regfile_ff.register_file_i.rf_reg_q\[510\]$_DFFE_PN0P_/D
iter:929, pass:1, current fixing endpoint: gen_regfile_ff.register_file_i.rf_reg_q\[414\]$_DFFE_PN0P_/D, endpoint slack:-3.13513e-10
      930 |       0 |      59 |       32 |     11 |    38 |   -0.321 |     -125.7 |    772 | gen_regfile_ff.register_file_i.rf_reg_q\[510\]$_DFFE_PN0P_/D
iter:930, pass:2, current fixing endpoint: gen_regfile_ff.register_file_i.rf_reg_q\[414\]$_DFFE_PN0P_/D, endpoint slack:-3.1365976e-10
      930 |       0 |      58 |       32 |     11 |    38 |   -0.321 |     -125.0 |    772 | gen_regfile_ff.register_file_i.rf_reg_q\[510\]$_DFFE_PN0P_/D
      931 |       0 |      58 |       32 |     11 |    38 |   -0.321 |     -125.0 |    772 | gen_regfile_ff.register_file_i.rf_reg_q\[510\]$_DFFE_PN0P_/D
iter:931, pass:1, current fixing endpoint: gen_regfile_ff.register_file_i.rf_reg_q\[894\]$_DFFE_PN0P_/D, endpoint slack:-2.908218e-10
      932 |       0 |      59 |       32 |     11 |    38 |   -0.321 |     -125.7 |    772 | gen_regfile_ff.register_file_i.rf_reg_q\[510\]$_DFFE_PN0P_/D
iter:932, pass:2, current fixing endpoint: gen_regfile_ff.register_file_i.rf_reg_q\[894\]$_DFFE_PN0P_/D, endpoint slack:-2.9096858e-10
      932 |       0 |      58 |       32 |     11 |    38 |   -0.321 |     -125.0 |    772 | gen_regfile_ff.register_file_i.rf_reg_q\[510\]$_DFFE_PN0P_/D
      933 |       0 |      58 |       32 |     11 |    38 |   -0.321 |     -125.0 |    772 | gen_regfile_ff.register_file_i.rf_reg_q\[510\]$_DFFE_PN0P_/D
iter:933, pass:1, current fixing endpoint: gen_regfile_ff.register_file_i.rf_reg_q\[27\]$_DFFE_PN0P_/D, endpoint slack:-2.6457592e-10
      934 |       0 |      59 |       32 |     11 |    38 |   -0.324 |     -125.5 |    772 | gen_regfile_ff.register_file_i.rf_reg_q\[510\]$_DFFE_PN0P_/D
iter:934, pass:2, current fixing endpoint: gen_regfile_ff.register_file_i.rf_reg_q\[27\]$_DFFE_PN0P_/D, endpoint slack:-2.6364066e-10
      934 |       0 |      58 |       32 |     11 |    38 |   -0.321 |     -125.0 |    772 | gen_regfile_ff.register_file_i.rf_reg_q\[510\]$_DFFE_PN0P_/D
      935 |       0 |      58 |       32 |     11 |    38 |   -0.321 |     -125.0 |    772 | gen_regfile_ff.register_file_i.rf_reg_q\[510\]$_DFFE_PN0P_/D
iter:935, pass:1, current fixing endpoint: gen_regfile_ff.register_file_i.rf_reg_q\[155\]$_DFFE_PN0P_/D, endpoint slack:-2.6286373e-10
      936 |       0 |      59 |       32 |     11 |    38 |   -0.324 |     -125.5 |    772 | gen_regfile_ff.register_file_i.rf_reg_q\[510\]$_DFFE_PN0P_/D
iter:936, pass:2, current fixing endpoint: gen_regfile_ff.register_file_i.rf_reg_q\[155\]$_DFFE_PN0P_/D, endpoint slack:-2.6192848e-10
      936 |       0 |      58 |       32 |     11 |    38 |   -0.321 |     -125.0 |    772 | gen_regfile_ff.register_file_i.rf_reg_q\[510\]$_DFFE_PN0P_/D
      937 |       0 |      58 |       32 |     11 |    38 |   -0.321 |     -125.0 |    772 | gen_regfile_ff.register_file_i.rf_reg_q\[510\]$_DFFE_PN0P_/D
iter:937, pass:1, current fixing endpoint: gen_regfile_ff.register_file_i.rf_reg_q\[123\]$_DFFE_PN0P_/D, endpoint slack:-2.6194735e-10
      938 |       0 |      59 |       32 |     11 |    38 |   -0.324 |     -125.5 |    772 | gen_regfile_ff.register_file_i.rf_reg_q\[510\]$_DFFE_PN0P_/D
iter:938, pass:2, current fixing endpoint: gen_regfile_ff.register_file_i.rf_reg_q\[123\]$_DFFE_PN0P_/D, endpoint slack:-2.610121e-10
      938 |       0 |      58 |       32 |     11 |    38 |   -0.321 |     -125.0 |    772 | gen_regfile_ff.register_file_i.rf_reg_q\[510\]$_DFFE_PN0P_/D
      939 |       0 |      58 |       32 |     11 |    38 |   -0.321 |     -125.0 |    772 | gen_regfile_ff.register_file_i.rf_reg_q\[510\]$_DFFE_PN0P_/D
iter:939, pass:1, current fixing endpoint: gen_regfile_ff.register_file_i.rf_reg_q\[219\]$_DFFE_PN0P_/D, endpoint slack:-2.6167446e-10
      940 |       0 |      59 |       32 |     11 |    38 |   -0.324 |     -125.5 |    772 | gen_regfile_ff.register_file_i.rf_reg_q\[510\]$_DFFE_PN0P_/D
iter:940, pass:2, current fixing endpoint: gen_regfile_ff.register_file_i.rf_reg_q\[219\]$_DFFE_PN0P_/D, endpoint slack:-2.607392e-10
      940 |       0 |      58 |       32 |     11 |    38 |   -0.321 |     -125.0 |    772 | gen_regfile_ff.register_file_i.rf_reg_q\[510\]$_DFFE_PN0P_/D
      941 |       0 |      58 |       32 |     11 |    38 |   -0.321 |     -125.0 |    772 | gen_regfile_ff.register_file_i.rf_reg_q\[510\]$_DFFE_PN0P_/D
iter:941, pass:1, current fixing endpoint: gen_regfile_ff.register_file_i.rf_reg_q\[603\]$_DFFE_PN0P_/D, endpoint slack:-2.6130187e-10
      942 |       0 |      59 |       32 |     11 |    38 |   -0.324 |     -125.5 |    772 | gen_regfile_ff.register_file_i.rf_reg_q\[510\]$_DFFE_PN0P_/D
iter:942, pass:2, current fixing endpoint: gen_regfile_ff.register_file_i.rf_reg_q\[603\]$_DFFE_PN0P_/D, endpoint slack:-2.6036662e-10
      942 |       0 |      58 |       32 |     11 |    38 |   -0.321 |     -125.0 |    772 | gen_regfile_ff.register_file_i.rf_reg_q\[510\]$_DFFE_PN0P_/D
      943 |       0 |      58 |       32 |     11 |    38 |   -0.321 |     -125.0 |    772 | gen_regfile_ff.register_file_i.rf_reg_q\[510\]$_DFFE_PN0P_/D
iter:943, pass:1, current fixing endpoint: gen_regfile_ff.register_file_i.rf_reg_q\[187\]$_DFFE_PN0P_/D, endpoint slack:-2.6111624e-10
      944 |       0 |      59 |       32 |     11 |    38 |   -0.324 |     -125.5 |    772 | gen_regfile_ff.register_file_i.rf_reg_q\[510\]$_DFFE_PN0P_/D
iter:944, pass:2, current fixing endpoint: gen_regfile_ff.register_file_i.rf_reg_q\[187\]$_DFFE_PN0P_/D, endpoint slack:-2.60181e-10
      944 |       0 |      58 |       32 |     11 |    38 |   -0.321 |     -125.0 |    772 | gen_regfile_ff.register_file_i.rf_reg_q\[510\]$_DFFE_PN0P_/D
      945 |       0 |      58 |       32 |     11 |    38 |   -0.321 |     -125.0 |    772 | gen_regfile_ff.register_file_i.rf_reg_q\[510\]$_DFFE_PN0P_/D
iter:945, pass:1, current fixing endpoint: gen_regfile_ff.register_file_i.rf_reg_q\[731\]$_DFFE_PN0P_/D, endpoint slack:-2.6111446e-10
      946 |       0 |      59 |       32 |     11 |    38 |   -0.324 |     -125.5 |    772 | gen_regfile_ff.register_file_i.rf_reg_q\[510\]$_DFFE_PN0P_/D
iter:946, pass:2, current fixing endpoint: gen_regfile_ff.register_file_i.rf_reg_q\[731\]$_DFFE_PN0P_/D, endpoint slack:-2.601792e-10
      946 |       0 |      58 |       32 |     11 |    38 |   -0.321 |     -125.0 |    772 | gen_regfile_ff.register_file_i.rf_reg_q\[510\]$_DFFE_PN0P_/D
      947 |       0 |      58 |       32 |     11 |    38 |   -0.321 |     -125.0 |    772 | gen_regfile_ff.register_file_i.rf_reg_q\[510\]$_DFFE_PN0P_/D
iter:947, pass:1, current fixing endpoint: gen_regfile_ff.register_file_i.rf_reg_q\[59\]$_DFFE_PN0P_/D, endpoint slack:-2.6099523e-10
      948 |       0 |      59 |       32 |     11 |    38 |   -0.324 |     -125.5 |    772 | gen_regfile_ff.register_file_i.rf_reg_q\[510\]$_DFFE_PN0P_/D
iter:948, pass:2, current fixing endpoint: gen_regfile_ff.register_file_i.rf_reg_q\[59\]$_DFFE_PN0P_/D, endpoint slack:-2.6005997e-10
      948 |       0 |      58 |       32 |     11 |    38 |   -0.321 |     -125.0 |    772 | gen_regfile_ff.register_file_i.rf_reg_q\[510\]$_DFFE_PN0P_/D
      949 |       0 |      58 |       32 |     11 |    38 |   -0.321 |     -125.0 |    772 | gen_regfile_ff.register_file_i.rf_reg_q\[510\]$_DFFE_PN0P_/D
iter:949, pass:1, current fixing endpoint: gen_regfile_ff.register_file_i.rf_reg_q\[699\]$_DFFE_PN0P_/D, endpoint slack:-2.6071634e-10
      950 |       0 |      59 |       32 |     11 |    38 |   -0.324 |     -125.5 |    772 | gen_regfile_ff.register_file_i.rf_reg_q\[510\]$_DFFE_PN0P_/D
iter:950, pass:2, current fixing endpoint: gen_regfile_ff.register_file_i.rf_reg_q\[699\]$_DFFE_PN0P_/D, endpoint slack:-2.5978109e-10
      950 |       0 |      58 |       32 |     11 |    38 |   -0.321 |     -125.0 |    772 | gen_regfile_ff.register_file_i.rf_reg_q\[510\]$_DFFE_PN0P_/D
      951 |       0 |      58 |       32 |     11 |    38 |   -0.321 |     -125.0 |    772 | gen_regfile_ff.register_file_i.rf_reg_q\[510\]$_DFFE_PN0P_/D
iter:951, pass:1, current fixing endpoint: gen_regfile_ff.register_file_i.rf_reg_q\[539\]$_DFFE_PN0P_/D, endpoint slack:-2.6061797e-10
      952 |       0 |      59 |       32 |     11 |    38 |   -0.324 |     -125.5 |    772 | gen_regfile_ff.register_file_i.rf_reg_q\[510\]$_DFFE_PN0P_/D
iter:952, pass:2, current fixing endpoint: gen_regfile_ff.register_file_i.rf_reg_q\[539\]$_DFFE_PN0P_/D, endpoint slack:-2.5968272e-10
      952 |       0 |      58 |       32 |     11 |    38 |   -0.321 |     -125.0 |    772 | gen_regfile_ff.register_file_i.rf_reg_q\[510\]$_DFFE_PN0P_/D
      953 |       0 |      58 |       32 |     11 |    38 |   -0.321 |     -125.0 |    772 | gen_regfile_ff.register_file_i.rf_reg_q\[510\]$_DFFE_PN0P_/D
iter:953, pass:1, current fixing endpoint: gen_regfile_ff.register_file_i.rf_reg_q\[91\]$_DFFE_PN0P_/D, endpoint slack:-2.6057467e-10
      954 |       0 |      59 |       32 |     11 |    38 |   -0.324 |     -125.5 |    772 | gen_regfile_ff.register_file_i.rf_reg_q\[510\]$_DFFE_PN0P_/D
iter:954, pass:2, current fixing endpoint: gen_regfile_ff.register_file_i.rf_reg_q\[91\]$_DFFE_PN0P_/D, endpoint slack:-2.5963942e-10
      954 |       0 |      58 |       32 |     11 |    38 |   -0.321 |     -125.0 |    772 | gen_regfile_ff.register_file_i.rf_reg_q\[510\]$_DFFE_PN0P_/D
      955 |       0 |      58 |       32 |     11 |    38 |   -0.321 |     -125.0 |    772 | gen_regfile_ff.register_file_i.rf_reg_q\[510\]$_DFFE_PN0P_/D
iter:955, pass:1, current fixing endpoint: gen_regfile_ff.register_file_i.rf_reg_q\[667\]$_DFFE_PN0P_/D, endpoint slack:-2.6057378e-10
      956 |       0 |      59 |       32 |     11 |    38 |   -0.324 |     -125.5 |    772 | gen_regfile_ff.register_file_i.rf_reg_q\[510\]$_DFFE_PN0P_/D
iter:956, pass:2, current fixing endpoint: gen_regfile_ff.register_file_i.rf_reg_q\[667\]$_DFFE_PN0P_/D, endpoint slack:-2.5963853e-10
      956 |       0 |      58 |       32 |     11 |    38 |   -0.321 |     -125.0 |    772 | gen_regfile_ff.register_file_i.rf_reg_q\[510\]$_DFFE_PN0P_/D
      957 |       0 |      58 |       32 |     11 |    38 |   -0.321 |     -125.0 |    772 | gen_regfile_ff.register_file_i.rf_reg_q\[510\]$_DFFE_PN0P_/D
iter:957, pass:1, current fixing endpoint: gen_regfile_ff.register_file_i.rf_reg_q\[859\]$_DFFE_PN0P_/D, endpoint slack:-2.6047564e-10
      958 |       0 |      59 |       32 |     11 |    38 |   -0.324 |     -125.5 |    772 | gen_regfile_ff.register_file_i.rf_reg_q\[510\]$_DFFE_PN0P_/D
iter:958, pass:2, current fixing endpoint: gen_regfile_ff.register_file_i.rf_reg_q\[859\]$_DFFE_PN0P_/D, endpoint slack:-2.595404e-10
      958 |       0 |      58 |       32 |     11 |    38 |   -0.321 |     -125.0 |    772 | gen_regfile_ff.register_file_i.rf_reg_q\[510\]$_DFFE_PN0P_/D
      959 |       0 |      58 |       32 |     11 |    38 |   -0.321 |     -125.0 |    772 | gen_regfile_ff.register_file_i.rf_reg_q\[510\]$_DFFE_PN0P_/D
iter:959, pass:1, current fixing endpoint: gen_regfile_ff.register_file_i.rf_reg_q\[923\]$_DFFE_PN0P_/D, endpoint slack:-2.604501e-10
      960 |       0 |      59 |       32 |     11 |    38 |   -0.324 |     -125.5 |    772 | gen_regfile_ff.register_file_i.rf_reg_q\[510\]$_DFFE_PN0P_/D
iter:960, pass:2, current fixing endpoint: gen_regfile_ff.register_file_i.rf_reg_q\[923\]$_DFFE_PN0P_/D, endpoint slack:-2.5951485e-10
      960 |       0 |      58 |       32 |     11 |    38 |   -0.321 |     -125.0 |    772 | gen_regfile_ff.register_file_i.rf_reg_q\[510\]$_DFFE_PN0P_/D
      961 |       0 |      58 |       32 |     11 |    38 |   -0.321 |     -125.0 |    772 | gen_regfile_ff.register_file_i.rf_reg_q\[510\]$_DFFE_PN0P_/D
iter:961, pass:1, current fixing endpoint: gen_regfile_ff.register_file_i.rf_reg_q\[411\]$_DFFE_PN0P_/D, endpoint slack:-2.602838e-10
      962 |       0 |      59 |       32 |     11 |    38 |   -0.324 |     -125.5 |    772 | gen_regfile_ff.register_file_i.rf_reg_q\[510\]$_DFFE_PN0P_/D
iter:962, pass:2, current fixing endpoint: gen_regfile_ff.register_file_i.rf_reg_q\[411\]$_DFFE_PN0P_/D, endpoint slack:-2.5934854e-10
      962 |       0 |      58 |       32 |     11 |    38 |   -0.321 |     -125.0 |    772 | gen_regfile_ff.register_file_i.rf_reg_q\[510\]$_DFFE_PN0P_/D
      963 |       0 |      58 |       32 |     11 |    38 |   -0.321 |     -125.0 |    772 | gen_regfile_ff.register_file_i.rf_reg_q\[510\]$_DFFE_PN0P_/D
iter:963, pass:1, current fixing endpoint: gen_regfile_ff.register_file_i.rf_reg_q\[635\]$_DFFE_PN0P_/D, endpoint slack:-2.602183e-10
      964 |       0 |      59 |       32 |     11 |    38 |   -0.324 |     -125.5 |    772 | gen_regfile_ff.register_file_i.rf_reg_q\[510\]$_DFFE_PN0P_/D
iter:964, pass:2, current fixing endpoint: gen_regfile_ff.register_file_i.rf_reg_q\[635\]$_DFFE_PN0P_/D, endpoint slack:-2.5928304e-10
      964 |       0 |      58 |       32 |     11 |    38 |   -0.321 |     -125.0 |    772 | gen_regfile_ff.register_file_i.rf_reg_q\[510\]$_DFFE_PN0P_/D
      965 |       0 |      58 |       32 |     11 |    38 |   -0.321 |     -125.0 |    772 | gen_regfile_ff.register_file_i.rf_reg_q\[510\]$_DFFE_PN0P_/D
iter:965, pass:1, current fixing endpoint: gen_regfile_ff.register_file_i.rf_reg_q\[763\]$_DFFE_PN0P_/D, endpoint slack:-2.6003555e-10
      966 |       0 |      59 |       32 |     11 |    38 |   -0.324 |     -125.5 |    772 | gen_regfile_ff.register_file_i.rf_reg_q\[510\]$_DFFE_PN0P_/D
iter:966, pass:2, current fixing endpoint: gen_regfile_ff.register_file_i.rf_reg_q\[763\]$_DFFE_PN0P_/D, endpoint slack:-2.591003e-10
      966 |       0 |      58 |       32 |     11 |    38 |   -0.321 |     -125.0 |    772 | gen_regfile_ff.register_file_i.rf_reg_q\[510\]$_DFFE_PN0P_/D
      967 |       0 |      58 |       32 |     11 |    38 |   -0.321 |     -125.0 |    772 | gen_regfile_ff.register_file_i.rf_reg_q\[510\]$_DFFE_PN0P_/D
iter:967, pass:1, current fixing endpoint: gen_regfile_ff.register_file_i.rf_reg_q\[475\]$_DFFE_PN0P_/D, endpoint slack:-2.5988944e-10
      968 |       0 |      59 |       32 |     11 |    38 |   -0.324 |     -125.5 |    772 | gen_regfile_ff.register_file_i.rf_reg_q\[510\]$_DFFE_PN0P_/D
iter:968, pass:2, current fixing endpoint: gen_regfile_ff.register_file_i.rf_reg_q\[475\]$_DFFE_PN0P_/D, endpoint slack:-2.589542e-10
      968 |       0 |      58 |       32 |     11 |    38 |   -0.321 |     -125.0 |    772 | gen_regfile_ff.register_file_i.rf_reg_q\[510\]$_DFFE_PN0P_/D
      969 |       0 |      58 |       32 |     11 |    38 |   -0.321 |     -125.0 |    772 | gen_regfile_ff.register_file_i.rf_reg_q\[510\]$_DFFE_PN0P_/D
iter:969, pass:1, current fixing endpoint: gen_regfile_ff.register_file_i.rf_reg_q\[571\]$_DFFE_PN0P_/D, endpoint slack:-2.5979796e-10
      970 |       0 |      59 |       32 |     11 |    38 |   -0.324 |     -125.5 |    772 | gen_regfile_ff.register_file_i.rf_reg_q\[510\]$_DFFE_PN0P_/D
iter:970, pass:2, current fixing endpoint: gen_regfile_ff.register_file_i.rf_reg_q\[571\]$_DFFE_PN0P_/D, endpoint slack:-2.588627e-10
      970 |       0 |      58 |       32 |     11 |    38 |   -0.321 |     -125.0 |    772 | gen_regfile_ff.register_file_i.rf_reg_q\[510\]$_DFFE_PN0P_/D
      971 |       0 |      58 |       32 |     11 |    38 |   -0.321 |     -125.0 |    772 | gen_regfile_ff.register_file_i.rf_reg_q\[510\]$_DFFE_PN0P_/D
iter:971, pass:1, current fixing endpoint: gen_regfile_ff.register_file_i.rf_reg_q\[955\]$_DFFE_PN0P_/D, endpoint slack:-2.597611e-10
      972 |       0 |      59 |       32 |     11 |    38 |   -0.324 |     -125.5 |    772 | gen_regfile_ff.register_file_i.rf_reg_q\[510\]$_DFFE_PN0P_/D
iter:972, pass:2, current fixing endpoint: gen_regfile_ff.register_file_i.rf_reg_q\[955\]$_DFFE_PN0P_/D, endpoint slack:-2.5882585e-10
      972 |       0 |      58 |       32 |     11 |    38 |   -0.321 |     -125.0 |    772 | gen_regfile_ff.register_file_i.rf_reg_q\[510\]$_DFFE_PN0P_/D
      973 |       0 |      58 |       32 |     11 |    38 |   -0.321 |     -125.0 |    772 | gen_regfile_ff.register_file_i.rf_reg_q\[510\]$_DFFE_PN0P_/D
iter:973, pass:1, current fixing endpoint: gen_regfile_ff.register_file_i.rf_reg_q\[987\]$_DFFE_PN0P_/D, endpoint slack:-2.590559e-10
      974 |       0 |      59 |       32 |     11 |    38 |   -0.324 |     -125.5 |    772 | gen_regfile_ff.register_file_i.rf_reg_q\[510\]$_DFFE_PN0P_/D
iter:974, pass:2, current fixing endpoint: gen_regfile_ff.register_file_i.rf_reg_q\[987\]$_DFFE_PN0P_/D, endpoint slack:-2.5812064e-10
      974 |       0 |      58 |       32 |     11 |    38 |   -0.321 |     -125.0 |    772 | gen_regfile_ff.register_file_i.rf_reg_q\[510\]$_DFFE_PN0P_/D
      975 |       0 |      58 |       32 |     11 |    38 |   -0.321 |     -125.0 |    772 | gen_regfile_ff.register_file_i.rf_reg_q\[510\]$_DFFE_PN0P_/D
iter:975, pass:1, current fixing endpoint: gen_regfile_ff.register_file_i.rf_reg_q\[443\]$_DFFE_PN0P_/D, endpoint slack:-2.589231e-10
      976 |       0 |      59 |       32 |     11 |    38 |   -0.324 |     -125.5 |    772 | gen_regfile_ff.register_file_i.rf_reg_q\[510\]$_DFFE_PN0P_/D
iter:976, pass:2, current fixing endpoint: gen_regfile_ff.register_file_i.rf_reg_q\[443\]$_DFFE_PN0P_/D, endpoint slack:-2.5798785e-10
      976 |       0 |      58 |       32 |     11 |    38 |   -0.321 |     -125.0 |    772 | gen_regfile_ff.register_file_i.rf_reg_q\[510\]$_DFFE_PN0P_/D
      977 |       0 |      58 |       32 |     11 |    38 |   -0.321 |     -125.0 |    772 | gen_regfile_ff.register_file_i.rf_reg_q\[510\]$_DFFE_PN0P_/D
iter:977, pass:1, current fixing endpoint: gen_regfile_ff.register_file_i.rf_reg_q\[507\]$_DFFE_PN0P_/D, endpoint slack:-2.5891156e-10
      978 |       0 |      59 |       32 |     11 |    38 |   -0.324 |     -125.5 |    772 | gen_regfile_ff.register_file_i.rf_reg_q\[510\]$_DFFE_PN0P_/D
iter:978, pass:2, current fixing endpoint: gen_regfile_ff.register_file_i.rf_reg_q\[507\]$_DFFE_PN0P_/D, endpoint slack:-2.579763e-10
      978 |       0 |      58 |       32 |     11 |    38 |   -0.321 |     -125.0 |    772 | gen_regfile_ff.register_file_i.rf_reg_q\[510\]$_DFFE_PN0P_/D
      979 |       0 |      58 |       32 |     11 |    38 |   -0.321 |     -125.0 |    772 | gen_regfile_ff.register_file_i.rf_reg_q\[510\]$_DFFE_PN0P_/D
iter:979, pass:1, current fixing endpoint: gen_regfile_ff.register_file_i.rf_reg_q\[379\]$_DFFE_PN0P_/D, endpoint slack:-2.588707e-10
      980 |       0 |      59 |       32 |     11 |    38 |   -0.324 |     -125.5 |    772 | gen_regfile_ff.register_file_i.rf_reg_q\[510\]$_DFFE_PN0P_/D
iter:980, pass:2, current fixing endpoint: gen_regfile_ff.register_file_i.rf_reg_q\[379\]$_DFFE_PN0P_/D, endpoint slack:-2.5793545e-10
      980 |       0 |      58 |       32 |     11 |    38 |   -0.321 |     -125.0 |    772 | gen_regfile_ff.register_file_i.rf_reg_q\[510\]$_DFFE_PN0P_/D
      981 |       0 |      58 |       32 |     11 |    38 |   -0.321 |     -125.0 |    772 | gen_regfile_ff.register_file_i.rf_reg_q\[510\]$_DFFE_PN0P_/D
iter:981, pass:1, current fixing endpoint: gen_regfile_ff.register_file_i.rf_reg_q\[315\]$_DFFE_PN0P_/D, endpoint slack:-2.585021e-10
      982 |       0 |      59 |       32 |     11 |    38 |   -0.324 |     -125.5 |    772 | gen_regfile_ff.register_file_i.rf_reg_q\[510\]$_DFFE_PN0P_/D
iter:982, pass:2, current fixing endpoint: gen_regfile_ff.register_file_i.rf_reg_q\[315\]$_DFFE_PN0P_/D, endpoint slack:-2.5756686e-10
      982 |       0 |      58 |       32 |     11 |    38 |   -0.321 |     -125.0 |    772 | gen_regfile_ff.register_file_i.rf_reg_q\[510\]$_DFFE_PN0P_/D
      983 |       0 |      58 |       32 |     11 |    38 |   -0.321 |     -125.0 |    772 | gen_regfile_ff.register_file_i.rf_reg_q\[510\]$_DFFE_PN0P_/D
iter:983, pass:1, current fixing endpoint: gen_regfile_ff.register_file_i.rf_reg_q\[347\]$_DFFE_PN0P_/D, endpoint slack:-2.5829028e-10
      984 |       0 |      59 |       32 |     11 |    38 |   -0.324 |     -125.5 |    772 | gen_regfile_ff.register_file_i.rf_reg_q\[510\]$_DFFE_PN0P_/D
iter:984, pass:2, current fixing endpoint: gen_regfile_ff.register_file_i.rf_reg_q\[347\]$_DFFE_PN0P_/D, endpoint slack:-2.5735503e-10
      984 |       0 |      58 |       32 |     11 |    38 |   -0.321 |     -125.0 |    772 | gen_regfile_ff.register_file_i.rf_reg_q\[510\]$_DFFE_PN0P_/D
      985 |       0 |      58 |       32 |     11 |    38 |   -0.321 |     -125.0 |    772 | gen_regfile_ff.register_file_i.rf_reg_q\[510\]$_DFFE_PN0P_/D
iter:985, pass:1, current fixing endpoint: gen_regfile_ff.register_file_i.rf_reg_q\[795\]$_DFFE_PN0P_/D, endpoint slack:-2.5815017e-10
      986 |       0 |      59 |       32 |     11 |    38 |   -0.324 |     -125.5 |    772 | gen_regfile_ff.register_file_i.rf_reg_q\[510\]$_DFFE_PN0P_/D
iter:986, pass:2, current fixing endpoint: gen_regfile_ff.register_file_i.rf_reg_q\[795\]$_DFFE_PN0P_/D, endpoint slack:-2.5721492e-10
      986 |       0 |      58 |       32 |     11 |    38 |   -0.321 |     -125.0 |    772 | gen_regfile_ff.register_file_i.rf_reg_q\[510\]$_DFFE_PN0P_/D
      987 |       0 |      58 |       32 |     11 |    38 |   -0.321 |     -125.0 |    772 | gen_regfile_ff.register_file_i.rf_reg_q\[510\]$_DFFE_PN0P_/D
iter:987, pass:1, current fixing endpoint: gen_regfile_ff.register_file_i.rf_reg_q\[251\]$_DFFE_PN0P_/D, endpoint slack:-2.573679e-10
      988 |       0 |      59 |       32 |     11 |    38 |   -0.324 |     -125.5 |    772 | gen_regfile_ff.register_file_i.rf_reg_q\[510\]$_DFFE_PN0P_/D
iter:988, pass:2, current fixing endpoint: gen_regfile_ff.register_file_i.rf_reg_q\[251\]$_DFFE_PN0P_/D, endpoint slack:-2.5643265e-10
      988 |       0 |      58 |       32 |     11 |    38 |   -0.321 |     -125.0 |    772 | gen_regfile_ff.register_file_i.rf_reg_q\[510\]$_DFFE_PN0P_/D
      989 |       0 |      58 |       32 |     11 |    38 |   -0.321 |     -125.0 |    772 | gen_regfile_ff.register_file_i.rf_reg_q\[510\]$_DFFE_PN0P_/D
iter:989, pass:1, current fixing endpoint: gen_regfile_ff.register_file_i.rf_reg_q\[283\]$_DFFE_PN0P_/D, endpoint slack:-2.5704971e-10
      990 |       0 |      59 |       32 |     11 |    38 |   -0.324 |     -125.5 |    772 | gen_regfile_ff.register_file_i.rf_reg_q\[510\]$_DFFE_PN0P_/D
iter:990, pass:2, current fixing endpoint: gen_regfile_ff.register_file_i.rf_reg_q\[283\]$_DFFE_PN0P_/D, endpoint slack:-2.5611446e-10
      990 |       0 |      58 |       32 |     11 |    38 |   -0.321 |     -125.0 |    772 | gen_regfile_ff.register_file_i.rf_reg_q\[510\]$_DFFE_PN0P_/D
      991 |       0 |      58 |       32 |     11 |    38 |   -0.321 |     -125.0 |    772 | gen_regfile_ff.register_file_i.rf_reg_q\[510\]$_DFFE_PN0P_/D
iter:991, pass:1, current fixing endpoint: gen_regfile_ff.register_file_i.rf_reg_q\[827\]$_DFFE_PN0P_/D, endpoint slack:-2.570295e-10
      992 |       0 |      59 |       32 |     11 |    38 |   -0.324 |     -125.5 |    772 | gen_regfile_ff.register_file_i.rf_reg_q\[510\]$_DFFE_PN0P_/D
iter:992, pass:2, current fixing endpoint: gen_regfile_ff.register_file_i.rf_reg_q\[827\]$_DFFE_PN0P_/D, endpoint slack:-2.5609426e-10
      992 |       0 |      58 |       32 |     11 |    38 |   -0.321 |     -125.0 |    772 | gen_regfile_ff.register_file_i.rf_reg_q\[510\]$_DFFE_PN0P_/D
      993 |       0 |      58 |       32 |     11 |    38 |   -0.321 |     -125.0 |    772 | gen_regfile_ff.register_file_i.rf_reg_q\[510\]$_DFFE_PN0P_/D
iter:993, pass:1, current fixing endpoint: gen_regfile_ff.register_file_i.rf_reg_q\[822\]$_DFFE_PN0P_/D, endpoint slack:-2.4836377e-10
      994 |       0 |      59 |       32 |     11 |    38 |   -0.321 |     -125.7 |    772 | gen_regfile_ff.register_file_i.rf_reg_q\[510\]$_DFFE_PN0P_/D
iter:994, pass:2, current fixing endpoint: gen_regfile_ff.register_file_i.rf_reg_q\[822\]$_DFFE_PN0P_/D, endpoint slack:-2.4851077e-10
      994 |       0 |      58 |       32 |     11 |    38 |   -0.321 |     -125.0 |    772 | gen_regfile_ff.register_file_i.rf_reg_q\[510\]$_DFFE_PN0P_/D
      995 |       0 |      58 |       32 |     11 |    38 |   -0.321 |     -125.0 |    772 | gen_regfile_ff.register_file_i.rf_reg_q\[510\]$_DFFE_PN0P_/D
iter:995, pass:1, current fixing endpoint: gen_regfile_ff.register_file_i.rf_reg_q\[438\]$_DFFE_PN0P_/D, endpoint slack:-2.4711433e-10
      996 |       0 |      59 |       32 |     11 |    38 |   -0.321 |     -125.7 |    772 | gen_regfile_ff.register_file_i.rf_reg_q\[510\]$_DFFE_PN0P_/D
iter:996, pass:2, current fixing endpoint: gen_regfile_ff.register_file_i.rf_reg_q\[438\]$_DFFE_PN0P_/D, endpoint slack:-2.4726132e-10
      996 |       0 |      58 |       32 |     11 |    38 |   -0.321 |     -125.0 |    772 | gen_regfile_ff.register_file_i.rf_reg_q\[510\]$_DFFE_PN0P_/D
      997 |       0 |      58 |       32 |     11 |    38 |   -0.321 |     -125.0 |    772 | gen_regfile_ff.register_file_i.rf_reg_q\[510\]$_DFFE_PN0P_/D
iter:997, pass:1, current fixing endpoint: gen_regfile_ff.register_file_i.rf_reg_q\[118\]$_DFFE_PN0P_/D, endpoint slack:-2.4682278e-10
      998 |       0 |      59 |       32 |     11 |    38 |   -0.321 |     -125.7 |    772 | gen_regfile_ff.register_file_i.rf_reg_q\[510\]$_DFFE_PN0P_/D
iter:998, pass:2, current fixing endpoint: gen_regfile_ff.register_file_i.rf_reg_q\[118\]$_DFFE_PN0P_/D, endpoint slack:-2.4696978e-10
      998 |       0 |      58 |       32 |     11 |    38 |   -0.321 |     -125.0 |    772 | gen_regfile_ff.register_file_i.rf_reg_q\[510\]$_DFFE_PN0P_/D
      999 |       0 |      58 |       32 |     11 |    38 |   -0.321 |     -125.0 |    772 | gen_regfile_ff.register_file_i.rf_reg_q\[510\]$_DFFE_PN0P_/D
iter:999, pass:1, current fixing endpoint: gen_regfile_ff.register_file_i.rf_reg_q\[758\]$_DFFE_PN0P_/D, endpoint slack:-2.4654012e-10
     1000 |       0 |      59 |       32 |     11 |    38 |   -0.321 |     -125.7 |    772 | gen_regfile_ff.register_file_i.rf_reg_q\[510\]$_DFFE_PN0P_/D
iter:1000, pass:2, current fixing endpoint: gen_regfile_ff.register_file_i.rf_reg_q\[758\]$_DFFE_PN0P_/D, endpoint slack:-2.4668712e-10
     1000 |       0 |      58 |       32 |     11 |    38 |   -0.321 |     -125.0 |    772 | gen_regfile_ff.register_file_i.rf_reg_q\[510\]$_DFFE_PN0P_/D
     1001 |       0 |      58 |       32 |     11 |    38 |   -0.321 |     -125.0 |    772 | gen_regfile_ff.register_file_i.rf_reg_q\[510\]$_DFFE_PN0P_/D
iter:1001, pass:1, current fixing endpoint: gen_regfile_ff.register_file_i.rf_reg_q\[662\]$_DFFE_PN0P_/D, endpoint slack:-2.463596e-10
     1002 |       0 |      59 |       32 |     11 |    38 |   -0.321 |     -125.7 |    772 | gen_regfile_ff.register_file_i.rf_reg_q\[510\]$_DFFE_PN0P_/D
iter:1002, pass:2, current fixing endpoint: gen_regfile_ff.register_file_i.rf_reg_q\[662\]$_DFFE_PN0P_/D, endpoint slack:-2.465066e-10
     1002 |       0 |      58 |       32 |     11 |    38 |   -0.321 |     -125.0 |    772 | gen_regfile_ff.register_file_i.rf_reg_q\[510\]$_DFFE_PN0P_/D
     1003 |       0 |      58 |       32 |     11 |    38 |   -0.321 |     -125.0 |    772 | gen_regfile_ff.register_file_i.rf_reg_q\[510\]$_DFFE_PN0P_/D
iter:1003, pass:1, current fixing endpoint: gen_regfile_ff.register_file_i.rf_reg_q\[374\]$_DFFE_PN0P_/D, endpoint slack:-2.4622393e-10
     1004 |       0 |      59 |       32 |     11 |    38 |   -0.321 |     -125.7 |    772 | gen_regfile_ff.register_file_i.rf_reg_q\[510\]$_DFFE_PN0P_/D
iter:1004, pass:2, current fixing endpoint: gen_regfile_ff.register_file_i.rf_reg_q\[374\]$_DFFE_PN0P_/D, endpoint slack:-2.4637092e-10
     1004 |       0 |      58 |       32 |     11 |    38 |   -0.321 |     -125.0 |    772 | gen_regfile_ff.register_file_i.rf_reg_q\[510\]$_DFFE_PN0P_/D
     1005 |       0 |      58 |       32 |     11 |    38 |   -0.321 |     -125.0 |    772 | gen_regfile_ff.register_file_i.rf_reg_q\[510\]$_DFFE_PN0P_/D
iter:1005, pass:1, current fixing endpoint: gen_regfile_ff.register_file_i.rf_reg_q\[150\]$_DFFE_PN0P_/D, endpoint slack:-2.4611468e-10
     1006 |       0 |      59 |       32 |     11 |    38 |   -0.321 |     -125.7 |    772 | gen_regfile_ff.register_file_i.rf_reg_q\[510\]$_DFFE_PN0P_/D
iter:1006, pass:2, current fixing endpoint: gen_regfile_ff.register_file_i.rf_reg_q\[150\]$_DFFE_PN0P_/D, endpoint slack:-2.4626168e-10
     1006 |       0 |      58 |       32 |     11 |    38 |   -0.321 |     -125.0 |    772 | gen_regfile_ff.register_file_i.rf_reg_q\[510\]$_DFFE_PN0P_/D
     1007 |       0 |      58 |       32 |     11 |    38 |   -0.321 |     -125.0 |    772 | gen_regfile_ff.register_file_i.rf_reg_q\[510\]$_DFFE_PN0P_/D
iter:1007, pass:1, current fixing endpoint: gen_regfile_ff.register_file_i.rf_reg_q\[790\]$_DFFE_PN0P_/D, endpoint slack:-2.4594304e-10
     1008 |       0 |      59 |       32 |     11 |    38 |   -0.321 |     -125.7 |    772 | gen_regfile_ff.register_file_i.rf_reg_q\[510\]$_DFFE_PN0P_/D
iter:1008, pass:2, current fixing endpoint: gen_regfile_ff.register_file_i.rf_reg_q\[790\]$_DFFE_PN0P_/D, endpoint slack:-2.4609004e-10
     1008 |       0 |      58 |       32 |     11 |    38 |   -0.321 |     -125.0 |    772 | gen_regfile_ff.register_file_i.rf_reg_q\[510\]$_DFFE_PN0P_/D
     1009 |       0 |      58 |       32 |     11 |    38 |   -0.321 |     -125.0 |    772 | gen_regfile_ff.register_file_i.rf_reg_q\[510\]$_DFFE_PN0P_/D
iter:1009, pass:1, current fixing endpoint: gen_regfile_ff.register_file_i.rf_reg_q\[950\]$_DFFE_PN0P_/D, endpoint slack:-2.4583868e-10
     1010 |       0 |      59 |       32 |     11 |    38 |   -0.321 |     -125.7 |    772 | gen_regfile_ff.register_file_i.rf_reg_q\[510\]$_DFFE_PN0P_/D
iter:1010, pass:2, current fixing endpoint: gen_regfile_ff.register_file_i.rf_reg_q\[950\]$_DFFE_PN0P_/D, endpoint slack:-2.4598568e-10
     1010 |       0 |      58 |       32 |     11 |    38 |   -0.321 |     -125.0 |    772 | gen_regfile_ff.register_file_i.rf_reg_q\[510\]$_DFFE_PN0P_/D
     1011 |       0 |      58 |       32 |     11 |    38 |   -0.321 |     -125.0 |    772 | gen_regfile_ff.register_file_i.rf_reg_q\[510\]$_DFFE_PN0P_/D
iter:1011, pass:1, current fixing endpoint: gen_regfile_ff.register_file_i.rf_reg_q\[854\]$_DFFE_PN0P_/D, endpoint slack:-2.457956e-10
     1012 |       0 |      59 |       32 |     11 |    38 |   -0.321 |     -125.7 |    772 | gen_regfile_ff.register_file_i.rf_reg_q\[510\]$_DFFE_PN0P_/D
iter:1012, pass:2, current fixing endpoint: gen_regfile_ff.register_file_i.rf_reg_q\[854\]$_DFFE_PN0P_/D, endpoint slack:-2.459426e-10
     1012 |       0 |      58 |       32 |     11 |    38 |   -0.321 |     -125.0 |    772 | gen_regfile_ff.register_file_i.rf_reg_q\[510\]$_DFFE_PN0P_/D
     1013 |       0 |      58 |       32 |     11 |    38 |   -0.321 |     -125.0 |    772 | gen_regfile_ff.register_file_i.rf_reg_q\[510\]$_DFFE_PN0P_/D
iter:1013, pass:1, current fixing endpoint: gen_regfile_ff.register_file_i.rf_reg_q\[982\]$_DFFE_PN0P_/D, endpoint slack:-2.4560576e-10
     1014 |       0 |      59 |       32 |     11 |    38 |   -0.321 |     -125.7 |    772 | gen_regfile_ff.register_file_i.rf_reg_q\[510\]$_DFFE_PN0P_/D
iter:1014, pass:2, current fixing endpoint: gen_regfile_ff.register_file_i.rf_reg_q\[982\]$_DFFE_PN0P_/D, endpoint slack:-2.4575275e-10
     1014 |       0 |      58 |       32 |     11 |    38 |   -0.321 |     -125.0 |    772 | gen_regfile_ff.register_file_i.rf_reg_q\[510\]$_DFFE_PN0P_/D
     1015 |       0 |      58 |       32 |     11 |    38 |   -0.321 |     -125.0 |    772 | gen_regfile_ff.register_file_i.rf_reg_q\[510\]$_DFFE_PN0P_/D
iter:1015, pass:1, current fixing endpoint: gen_regfile_ff.register_file_i.rf_reg_q\[470\]$_DFFE_PN0P_/D, endpoint slack:-2.4519053e-10
     1016 |       0 |      59 |       32 |     11 |    38 |   -0.321 |     -125.7 |    772 | gen_regfile_ff.register_file_i.rf_reg_q\[510\]$_DFFE_PN0P_/D
iter:1016, pass:2, current fixing endpoint: gen_regfile_ff.register_file_i.rf_reg_q\[470\]$_DFFE_PN0P_/D, endpoint slack:-2.4533753e-10
     1016 |       0 |      58 |       32 |     11 |    38 |   -0.321 |     -125.0 |    772 | gen_regfile_ff.register_file_i.rf_reg_q\[510\]$_DFFE_PN0P_/D
     1017 |       0 |      58 |       32 |     11 |    38 |   -0.321 |     -125.0 |    772 | gen_regfile_ff.register_file_i.rf_reg_q\[510\]$_DFFE_PN0P_/D
iter:1017, pass:1, current fixing endpoint: gen_regfile_ff.register_file_i.rf_reg_q\[918\]$_DFFE_PN0P_/D, endpoint slack:-2.451166e-10
     1018 |       0 |      59 |       32 |     11 |    38 |   -0.321 |     -125.7 |    772 | gen_regfile_ff.register_file_i.rf_reg_q\[510\]$_DFFE_PN0P_/D
iter:1018, pass:2, current fixing endpoint: gen_regfile_ff.register_file_i.rf_reg_q\[918\]$_DFFE_PN0P_/D, endpoint slack:-2.452636e-10
     1018 |       0 |      58 |       32 |     11 |    38 |   -0.321 |     -125.0 |    772 | gen_regfile_ff.register_file_i.rf_reg_q\[510\]$_DFFE_PN0P_/D
     1019 |       0 |      58 |       32 |     11 |    38 |   -0.321 |     -125.0 |    772 | gen_regfile_ff.register_file_i.rf_reg_q\[510\]$_DFFE_PN0P_/D
iter:1019, pass:1, current fixing endpoint: gen_regfile_ff.register_file_i.rf_reg_q\[694\]$_DFFE_PN0P_/D, endpoint slack:-2.4468227e-10
     1020 |       0 |      59 |       32 |     11 |    38 |   -0.321 |     -125.7 |    772 | gen_regfile_ff.register_file_i.rf_reg_q\[510\]$_DFFE_PN0P_/D
iter:1020, pass:2, current fixing endpoint: gen_regfile_ff.register_file_i.rf_reg_q\[694\]$_DFFE_PN0P_/D, endpoint slack:-2.4482927e-10
     1020 |       0 |      58 |       32 |     11 |    38 |   -0.321 |     -125.0 |    772 | gen_regfile_ff.register_file_i.rf_reg_q\[510\]$_DFFE_PN0P_/D
     1021 |       0 |      58 |       32 |     11 |    38 |   -0.321 |     -125.0 |    772 | gen_regfile_ff.register_file_i.rf_reg_q\[510\]$_DFFE_PN0P_/D
iter:1021, pass:1, current fixing endpoint: gen_regfile_ff.register_file_i.rf_reg_q\[566\]$_DFFE_PN0P_/D, endpoint slack:-2.4447977e-10
     1022 |       0 |      59 |       32 |     11 |    38 |   -0.321 |     -125.7 |    772 | gen_regfile_ff.register_file_i.rf_reg_q\[510\]$_DFFE_PN0P_/D
iter:1022, pass:2, current fixing endpoint: gen_regfile_ff.register_file_i.rf_reg_q\[566\]$_DFFE_PN0P_/D, endpoint slack:-2.4462676e-10
     1022 |       0 |      58 |       32 |     11 |    38 |   -0.321 |     -125.0 |    772 | gen_regfile_ff.register_file_i.rf_reg_q\[510\]$_DFFE_PN0P_/D
     1023 |       0 |      58 |       32 |     11 |    38 |   -0.321 |     -125.0 |    772 | gen_regfile_ff.register_file_i.rf_reg_q\[510\]$_DFFE_PN0P_/D
iter:1023, pass:1, current fixing endpoint: gen_regfile_ff.register_file_i.rf_reg_q\[342\]$_DFFE_PN0P_/D, endpoint slack:-2.4431834e-10
     1024 |       0 |      59 |       32 |     11 |    38 |   -0.321 |     -125.7 |    772 | gen_regfile_ff.register_file_i.rf_reg_q\[510\]$_DFFE_PN0P_/D
iter:1024, pass:2, current fixing endpoint: gen_regfile_ff.register_file_i.rf_reg_q\[342\]$_DFFE_PN0P_/D, endpoint slack:-2.4446534e-10
     1024 |       0 |      58 |       32 |     11 |    38 |   -0.321 |     -125.0 |    772 | gen_regfile_ff.register_file_i.rf_reg_q\[510\]$_DFFE_PN0P_/D
     1025 |       0 |      58 |       32 |     11 |    38 |   -0.321 |     -125.0 |    772 | gen_regfile_ff.register_file_i.rf_reg_q\[510\]$_DFFE_PN0P_/D
iter:1025, pass:1, current fixing endpoint: gen_regfile_ff.register_file_i.rf_reg_q\[310\]$_DFFE_PN0P_/D, endpoint slack:-2.4405145e-10
     1026 |       0 |      59 |       32 |     11 |    38 |   -0.321 |     -125.7 |    772 | gen_regfile_ff.register_file_i.rf_reg_q\[510\]$_DFFE_PN0P_/D
iter:1026, pass:2, current fixing endpoint: gen_regfile_ff.register_file_i.rf_reg_q\[310\]$_DFFE_PN0P_/D, endpoint slack:-2.4419844e-10
     1026 |       0 |      58 |       32 |     11 |    38 |   -0.321 |     -125.0 |    772 | gen_regfile_ff.register_file_i.rf_reg_q\[510\]$_DFFE_PN0P_/D
     1027 |       0 |      58 |       32 |     11 |    38 |   -0.321 |     -125.0 |    772 | gen_regfile_ff.register_file_i.rf_reg_q\[510\]$_DFFE_PN0P_/D
iter:1027, pass:1, current fixing endpoint: gen_regfile_ff.register_file_i.rf_reg_q\[54\]$_DFFE_PN0P_/D, endpoint slack:-2.4400792e-10
     1028 |       0 |      59 |       32 |     11 |    38 |   -0.321 |     -125.7 |    772 | gen_regfile_ff.register_file_i.rf_reg_q\[510\]$_DFFE_PN0P_/D
iter:1028, pass:2, current fixing endpoint: gen_regfile_ff.register_file_i.rf_reg_q\[54\]$_DFFE_PN0P_/D, endpoint slack:-2.4415492e-10
     1028 |       0 |      58 |       32 |     11 |    38 |   -0.321 |     -125.0 |    772 | gen_regfile_ff.register_file_i.rf_reg_q\[510\]$_DFFE_PN0P_/D
     1029 |       0 |      58 |       32 |     11 |    38 |   -0.321 |     -125.0 |    772 | gen_regfile_ff.register_file_i.rf_reg_q\[510\]$_DFFE_PN0P_/D
iter:1029, pass:1, current fixing endpoint: gen_regfile_ff.register_file_i.rf_reg_q\[406\]$_DFFE_PN0P_/D, endpoint slack:-2.4389402e-10
     1030 |       0 |      59 |       32 |     11 |    38 |   -0.321 |     -125.7 |    772 | gen_regfile_ff.register_file_i.rf_reg_q\[510\]$_DFFE_PN0P_/D
iter:1030, pass:2, current fixing endpoint: gen_regfile_ff.register_file_i.rf_reg_q\[406\]$_DFFE_PN0P_/D, endpoint slack:-2.44041e-10
     1030 |       0 |      58 |       32 |     11 |    38 |   -0.321 |     -125.0 |    772 | gen_regfile_ff.register_file_i.rf_reg_q\[510\]$_DFFE_PN0P_/D
     1031 |       0 |      58 |       32 |     11 |    38 |   -0.321 |     -125.0 |    772 | gen_regfile_ff.register_file_i.rf_reg_q\[510\]$_DFFE_PN0P_/D
iter:1031, pass:1, current fixing endpoint: gen_regfile_ff.register_file_i.rf_reg_q\[22\]$_DFFE_PN0P_/D, endpoint slack:-2.4385538e-10
     1032 |       0 |      59 |       32 |     11 |    38 |   -0.321 |     -125.7 |    772 | gen_regfile_ff.register_file_i.rf_reg_q\[510\]$_DFFE_PN0P_/D
iter:1032, pass:2, current fixing endpoint: gen_regfile_ff.register_file_i.rf_reg_q\[22\]$_DFFE_PN0P_/D, endpoint slack:-2.4400237e-10
     1032 |       0 |      58 |       32 |     11 |    38 |   -0.321 |     -125.0 |    772 | gen_regfile_ff.register_file_i.rf_reg_q\[510\]$_DFFE_PN0P_/D
     1033 |       0 |      58 |       32 |     11 |    38 |   -0.321 |     -125.0 |    772 | gen_regfile_ff.register_file_i.rf_reg_q\[510\]$_DFFE_PN0P_/D
iter:1033, pass:1, current fixing endpoint: gen_regfile_ff.register_file_i.rf_reg_q\[214\]$_DFFE_PN0P_/D, endpoint slack:-2.4374414e-10
     1034 |       0 |      59 |       32 |     11 |    38 |   -0.321 |     -125.7 |    772 | gen_regfile_ff.register_file_i.rf_reg_q\[510\]$_DFFE_PN0P_/D
iter:1034, pass:2, current fixing endpoint: gen_regfile_ff.register_file_i.rf_reg_q\[214\]$_DFFE_PN0P_/D, endpoint slack:-2.4389113e-10
     1034 |       0 |      58 |       32 |     11 |    38 |   -0.321 |     -125.0 |    772 | gen_regfile_ff.register_file_i.rf_reg_q\[510\]$_DFFE_PN0P_/D
     1035 |       0 |      58 |       32 |     11 |    38 |   -0.321 |     -125.0 |    772 | gen_regfile_ff.register_file_i.rf_reg_q\[510\]$_DFFE_PN0P_/D
iter:1035, pass:1, current fixing endpoint: gen_regfile_ff.register_file_i.rf_reg_q\[182\]$_DFFE_PN0P_/D, endpoint slack:-2.4367708e-10
     1036 |       0 |      59 |       32 |     11 |    38 |   -0.321 |     -125.7 |    772 | gen_regfile_ff.register_file_i.rf_reg_q\[510\]$_DFFE_PN0P_/D
iter:1036, pass:2, current fixing endpoint: gen_regfile_ff.register_file_i.rf_reg_q\[182\]$_DFFE_PN0P_/D, endpoint slack:-2.4382407e-10
     1036 |       0 |      58 |       32 |     11 |    38 |   -0.321 |     -125.0 |    772 | gen_regfile_ff.register_file_i.rf_reg_q\[510\]$_DFFE_PN0P_/D
     1037 |       0 |      58 |       32 |     11 |    38 |   -0.321 |     -125.0 |    772 | gen_regfile_ff.register_file_i.rf_reg_q\[510\]$_DFFE_PN0P_/D
iter:1037, pass:1, current fixing endpoint: gen_regfile_ff.register_file_i.rf_reg_q\[726\]$_DFFE_PN0P_/D, endpoint slack:-2.435061e-10
     1038 |       0 |      59 |       32 |     11 |    38 |   -0.321 |     -125.7 |    772 | gen_regfile_ff.register_file_i.rf_reg_q\[510\]$_DFFE_PN0P_/D
iter:1038, pass:2, current fixing endpoint: gen_regfile_ff.register_file_i.rf_reg_q\[726\]$_DFFE_PN0P_/D, endpoint slack:-2.436531e-10
     1038 |       0 |      58 |       32 |     11 |    38 |   -0.321 |     -125.0 |    772 | gen_regfile_ff.register_file_i.rf_reg_q\[510\]$_DFFE_PN0P_/D
     1039 |       0 |      58 |       32 |     11 |    38 |   -0.321 |     -125.0 |    772 | gen_regfile_ff.register_file_i.rf_reg_q\[510\]$_DFFE_PN0P_/D
iter:1039, pass:1, current fixing endpoint: gen_regfile_ff.register_file_i.rf_reg_q\[502\]$_DFFE_PN0P_/D, endpoint slack:-2.4307445e-10
     1040 |       0 |      59 |       32 |     11 |    38 |   -0.321 |     -125.7 |    772 | gen_regfile_ff.register_file_i.rf_reg_q\[510\]$_DFFE_PN0P_/D
iter:1040, pass:2, current fixing endpoint: gen_regfile_ff.register_file_i.rf_reg_q\[502\]$_DFFE_PN0P_/D, endpoint slack:-2.4322144e-10
     1040 |       0 |      58 |       32 |     11 |    38 |   -0.321 |     -125.0 |    772 | gen_regfile_ff.register_file_i.rf_reg_q\[510\]$_DFFE_PN0P_/D
     1041 |       0 |      58 |       32 |     11 |    38 |   -0.321 |     -125.0 |    772 | gen_regfile_ff.register_file_i.rf_reg_q\[510\]$_DFFE_PN0P_/D
iter:1041, pass:1, current fixing endpoint: gen_regfile_ff.register_file_i.rf_reg_q\[569\]$_DFFE_PN0P_/D, endpoint slack:-2.429783e-10
     1042 |       0 |      59 |       32 |     11 |    38 |   -0.321 |     -125.1 |    772 | gen_regfile_ff.register_file_i.rf_reg_q\[510\]$_DFFE_PN0P_/D
iter:1042, pass:2, current fixing endpoint: gen_regfile_ff.register_file_i.rf_reg_q\[569\]$_DFFE_PN0P_/D, endpoint slack:-2.387328e-10
     1043 |       0 |      60 |       32 |     11 |    38 |   -0.324 |     -125.5 |    772 | gen_regfile_ff.register_file_i.rf_reg_q\[510\]$_DFFE_PN0P_/D
iter:1043, pass:3, current fixing endpoint: gen_regfile_ff.register_file_i.rf_reg_q\[569\]$_DFFE_PN0P_/D, endpoint slack:-2.3779756e-10
     1043 |       0 |      59 |       32 |     11 |    38 |   -0.321 |     -125.1 |    772 | gen_regfile_ff.register_file_i.rf_reg_q\[510\]$_DFFE_PN0P_/D
     1044 |       0 |      59 |       32 |     11 |    38 |   -0.321 |     -125.1 |    772 | gen_regfile_ff.register_file_i.rf_reg_q\[510\]$_DFFE_PN0P_/D
iter:1044, pass:1, current fixing endpoint: gen_regfile_ff.register_file_i.rf_reg_q\[534\]$_DFFE_PN0P_/D, endpoint slack:-2.427305e-10
     1045 |       0 |      60 |       32 |     11 |    38 |   -0.321 |     -125.7 |    772 | gen_regfile_ff.register_file_i.rf_reg_q\[510\]$_DFFE_PN0P_/D
iter:1045, pass:2, current fixing endpoint: gen_regfile_ff.register_file_i.rf_reg_q\[534\]$_DFFE_PN0P_/D, endpoint slack:-2.428775e-10
     1045 |       0 |      59 |       32 |     11 |    38 |   -0.321 |     -125.1 |    772 | gen_regfile_ff.register_file_i.rf_reg_q\[510\]$_DFFE_PN0P_/D
     1046 |       0 |      59 |       32 |     11 |    38 |   -0.321 |     -125.1 |    772 | gen_regfile_ff.register_file_i.rf_reg_q\[510\]$_DFFE_PN0P_/D
iter:1046, pass:1, current fixing endpoint: gen_regfile_ff.register_file_i.rf_reg_q\[246\]$_DFFE_PN0P_/D, endpoint slack:-2.4268765e-10
     1047 |       0 |      60 |       32 |     11 |    38 |   -0.321 |     -125.7 |    772 | gen_regfile_ff.register_file_i.rf_reg_q\[510\]$_DFFE_PN0P_/D
iter:1047, pass:2, current fixing endpoint: gen_regfile_ff.register_file_i.rf_reg_q\[246\]$_DFFE_PN0P_/D, endpoint slack:-2.4283464e-10
     1047 |       0 |      59 |       32 |     11 |    38 |   -0.321 |     -125.1 |    772 | gen_regfile_ff.register_file_i.rf_reg_q\[510\]$_DFFE_PN0P_/D
     1048 |       0 |      59 |       32 |     11 |    38 |   -0.321 |     -125.1 |    772 | gen_regfile_ff.register_file_i.rf_reg_q\[510\]$_DFFE_PN0P_/D
iter:1048, pass:1, current fixing endpoint: gen_regfile_ff.register_file_i.rf_reg_q\[217\]$_DFFE_PN0P_/D, endpoint slack:-2.3842217e-10
     1049 |       0 |      60 |       32 |     11 |    38 |   -0.324 |     -125.5 |    772 | gen_regfile_ff.register_file_i.rf_reg_q\[510\]$_DFFE_PN0P_/D
iter:1049, pass:2, current fixing endpoint: gen_regfile_ff.register_file_i.rf_reg_q\[217\]$_DFFE_PN0P_/D, endpoint slack:-2.3748692e-10
     1049 |       0 |      59 |       32 |     11 |    38 |   -0.321 |     -125.1 |    772 | gen_regfile_ff.register_file_i.rf_reg_q\[510\]$_DFFE_PN0P_/D
     1050 |       0 |      59 |       32 |     11 |    38 |   -0.321 |     -125.1 |    772 | gen_regfile_ff.register_file_i.rf_reg_q\[510\]$_DFFE_PN0P_/D
iter:1050, pass:1, current fixing endpoint: gen_regfile_ff.register_file_i.rf_reg_q\[278\]$_DFFE_PN0P_/D, endpoint slack:-2.4257907e-10
     1051 |       0 |      60 |       32 |     11 |    38 |   -0.321 |     -125.7 |    772 | gen_regfile_ff.register_file_i.rf_reg_q\[510\]$_DFFE_PN0P_/D
iter:1051, pass:2, current fixing endpoint: gen_regfile_ff.register_file_i.rf_reg_q\[278\]$_DFFE_PN0P_/D, endpoint slack:-2.4272606e-10
     1051 |       0 |      59 |       32 |     11 |    38 |   -0.321 |     -125.1 |    772 | gen_regfile_ff.register_file_i.rf_reg_q\[510\]$_DFFE_PN0P_/D
     1052 |       0 |      59 |       32 |     11 |    38 |   -0.321 |     -125.1 |    772 | gen_regfile_ff.register_file_i.rf_reg_q\[510\]$_DFFE_PN0P_/D
iter:1052, pass:1, current fixing endpoint: gen_regfile_ff.register_file_i.rf_reg_q\[185\]$_DFFE_PN0P_/D, endpoint slack:-2.3831093e-10
     1053 |       0 |      60 |       32 |     11 |    38 |   -0.324 |     -125.5 |    772 | gen_regfile_ff.register_file_i.rf_reg_q\[510\]$_DFFE_PN0P_/D
iter:1053, pass:2, current fixing endpoint: gen_regfile_ff.register_file_i.rf_reg_q\[185\]$_DFFE_PN0P_/D, endpoint slack:-2.3737567e-10
     1053 |       0 |      59 |       32 |     11 |    38 |   -0.321 |     -125.1 |    772 | gen_regfile_ff.register_file_i.rf_reg_q\[510\]$_DFFE_PN0P_/D
     1054 |       0 |      59 |       32 |     11 |    38 |   -0.321 |     -125.1 |    772 | gen_regfile_ff.register_file_i.rf_reg_q\[510\]$_DFFE_PN0P_/D
iter:1054, pass:1, current fixing endpoint: gen_regfile_ff.register_file_i.rf_reg_q\[598\]$_DFFE_PN0P_/D, endpoint slack:-2.4240987e-10
     1055 |       0 |      60 |       32 |     11 |    38 |   -0.321 |     -125.7 |    772 | gen_regfile_ff.register_file_i.rf_reg_q\[510\]$_DFFE_PN0P_/D
iter:1055, pass:2, current fixing endpoint: gen_regfile_ff.register_file_i.rf_reg_q\[598\]$_DFFE_PN0P_/D, endpoint slack:-2.4255686e-10
     1055 |       0 |      59 |       32 |     11 |    38 |   -0.321 |     -125.1 |    772 | gen_regfile_ff.register_file_i.rf_reg_q\[510\]$_DFFE_PN0P_/D
     1056 |       0 |      59 |       32 |     11 |    38 |   -0.321 |     -125.1 |    772 | gen_regfile_ff.register_file_i.rf_reg_q\[510\]$_DFFE_PN0P_/D
iter:1056, pass:1, current fixing endpoint: gen_regfile_ff.register_file_i.rf_reg_q\[601\]$_DFFE_PN0P_/D, endpoint slack:-2.381888e-10
     1057 |       0 |      60 |       32 |     11 |    38 |   -0.324 |     -125.5 |    772 | gen_regfile_ff.register_file_i.rf_reg_q\[510\]$_DFFE_PN0P_/D
iter:1057, pass:2, current fixing endpoint: gen_regfile_ff.register_file_i.rf_reg_q\[601\]$_DFFE_PN0P_/D, endpoint slack:-2.3725355e-10
     1057 |       0 |      59 |       32 |     11 |    38 |   -0.321 |     -125.1 |    772 | gen_regfile_ff.register_file_i.rf_reg_q\[510\]$_DFFE_PN0P_/D
     1058 |       0 |      59 |       32 |     11 |    38 |   -0.321 |     -125.1 |    772 | gen_regfile_ff.register_file_i.rf_reg_q\[510\]$_DFFE_PN0P_/D
iter:1058, pass:1, current fixing endpoint: gen_regfile_ff.register_file_i.rf_reg_q\[121\]$_DFFE_PN0P_/D, endpoint slack:-2.3817126e-10
     1059 |       0 |      60 |       32 |     11 |    38 |   -0.324 |     -125.5 |    772 | gen_regfile_ff.register_file_i.rf_reg_q\[510\]$_DFFE_PN0P_/D
iter:1059, pass:2, current fixing endpoint: gen_regfile_ff.register_file_i.rf_reg_q\[121\]$_DFFE_PN0P_/D, endpoint slack:-2.37236e-10
     1059 |       0 |      59 |       32 |     11 |    38 |   -0.321 |     -125.1 |    772 | gen_regfile_ff.register_file_i.rf_reg_q\[510\]$_DFFE_PN0P_/D
     1060 |       0 |      59 |       32 |     11 |    38 |   -0.321 |     -125.1 |    772 | gen_regfile_ff.register_file_i.rf_reg_q\[510\]$_DFFE_PN0P_/D
iter:1060, pass:1, current fixing endpoint: gen_regfile_ff.register_file_i.rf_reg_q\[630\]$_DFFE_PN0P_/D, endpoint slack:-2.4188695e-10
     1061 |       0 |      60 |       32 |     11 |    38 |   -0.321 |     -125.7 |    772 | gen_regfile_ff.register_file_i.rf_reg_q\[510\]$_DFFE_PN0P_/D
iter:1061, pass:2, current fixing endpoint: gen_regfile_ff.register_file_i.rf_reg_q\[630\]$_DFFE_PN0P_/D, endpoint slack:-2.4203395e-10
     1061 |       0 |      59 |       32 |     11 |    38 |   -0.321 |     -125.1 |    772 | gen_regfile_ff.register_file_i.rf_reg_q\[510\]$_DFFE_PN0P_/D
     1062 |       0 |      59 |       32 |     11 |    38 |   -0.321 |     -125.1 |    772 | gen_regfile_ff.register_file_i.rf_reg_q\[510\]$_DFFE_PN0P_/D
iter:1062, pass:1, current fixing endpoint: gen_regfile_ff.register_file_i.rf_reg_q\[697\]$_DFFE_PN0P_/D, endpoint slack:-2.4414426e-10
     1063 |       0 |      60 |       32 |     11 |    38 |   -0.321 |     -125.1 |    772 | gen_regfile_ff.register_file_i.rf_reg_q\[510\]$_DFFE_PN0P_/D
iter:1063, pass:2, current fixing endpoint: gen_regfile_ff.register_file_i.rf_reg_q\[697\]$_DFFE_PN0P_/D, endpoint slack:-2.4009017e-10
     1064 |       0 |      61 |       32 |     11 |    38 |   -0.324 |     -125.6 |    772 | gen_regfile_ff.register_file_i.rf_reg_q\[510\]$_DFFE_PN0P_/D
iter:1064, pass:3, current fixing endpoint: gen_regfile_ff.register_file_i.rf_reg_q\[697\]$_DFFE_PN0P_/D, endpoint slack:-2.3915492e-10
     1064 |       0 |      60 |       32 |     11 |    38 |   -0.321 |     -125.1 |    772 | gen_regfile_ff.register_file_i.rf_reg_q\[510\]$_DFFE_PN0P_/D
     1065 |       0 |      60 |       32 |     11 |    38 |   -0.321 |     -125.1 |    772 | gen_regfile_ff.register_file_i.rf_reg_q\[510\]$_DFFE_PN0P_/D
iter:1065, pass:1, current fixing endpoint: gen_regfile_ff.register_file_i.rf_reg_q\[633\]$_DFFE_PN0P_/D, endpoint slack:-2.3997204e-10
     1066 |       0 |      61 |       32 |     11 |    38 |   -0.324 |     -125.6 |    772 | gen_regfile_ff.register_file_i.rf_reg_q\[510\]$_DFFE_PN0P_/D
iter:1066, pass:2, current fixing endpoint: gen_regfile_ff.register_file_i.rf_reg_q\[633\]$_DFFE_PN0P_/D, endpoint slack:-2.390368e-10
     1066 |       0 |      60 |       32 |     11 |    38 |   -0.321 |     -125.1 |    772 | gen_regfile_ff.register_file_i.rf_reg_q\[510\]$_DFFE_PN0P_/D
     1067 |       0 |      60 |       32 |     11 |    38 |   -0.321 |     -125.1 |    772 | gen_regfile_ff.register_file_i.rf_reg_q\[510\]$_DFFE_PN0P_/D
iter:1067, pass:1, current fixing endpoint: gen_regfile_ff.register_file_i.rf_reg_q\[729\]$_DFFE_PN0P_/D, endpoint slack:-2.3968583e-10
     1068 |       0 |      61 |       32 |     11 |    38 |   -0.324 |     -125.6 |    772 | gen_regfile_ff.register_file_i.rf_reg_q\[510\]$_DFFE_PN0P_/D
iter:1068, pass:2, current fixing endpoint: gen_regfile_ff.register_file_i.rf_reg_q\[729\]$_DFFE_PN0P_/D, endpoint slack:-2.3875057e-10
     1068 |       0 |      60 |       32 |     11 |    38 |   -0.321 |     -125.1 |    772 | gen_regfile_ff.register_file_i.rf_reg_q\[510\]$_DFFE_PN0P_/D
     1069 |       0 |      60 |       32 |     11 |    38 |   -0.321 |     -125.1 |    772 | gen_regfile_ff.register_file_i.rf_reg_q\[510\]$_DFFE_PN0P_/D
iter:1069, pass:1, current fixing endpoint: gen_regfile_ff.register_file_i.rf_reg_q\[86\]$_DFFE_PN0P_/D, endpoint slack:-2.4134272e-10
     1070 |       0 |      61 |       32 |     11 |    38 |   -0.321 |     -125.8 |    772 | gen_regfile_ff.register_file_i.rf_reg_q\[510\]$_DFFE_PN0P_/D
iter:1070, pass:2, current fixing endpoint: gen_regfile_ff.register_file_i.rf_reg_q\[86\]$_DFFE_PN0P_/D, endpoint slack:-2.4148972e-10
     1070 |       0 |      60 |       32 |     11 |    38 |   -0.321 |     -125.1 |    772 | gen_regfile_ff.register_file_i.rf_reg_q\[510\]$_DFFE_PN0P_/D
     1071 |       0 |      60 |       32 |     11 |    38 |   -0.321 |     -125.1 |    772 | gen_regfile_ff.register_file_i.rf_reg_q\[510\]$_DFFE_PN0P_/D
iter:1071, pass:1, current fixing endpoint: gen_regfile_ff.register_file_i.rf_reg_q\[281\]$_DFFE_PN0P_/D, endpoint slack:-2.389151e-10
     1072 |       0 |      61 |       32 |     11 |    38 |   -0.324 |     -125.6 |    772 | gen_regfile_ff.register_file_i.rf_reg_q\[510\]$_DFFE_PN0P_/D
iter:1072, pass:2, current fixing endpoint: gen_regfile_ff.register_file_i.rf_reg_q\[281\]$_DFFE_PN0P_/D, endpoint slack:-2.3797986e-10
     1072 |       0 |      60 |       32 |     11 |    38 |   -0.321 |     -125.1 |    772 | gen_regfile_ff.register_file_i.rf_reg_q\[510\]$_DFFE_PN0P_/D
     1073 |       0 |      60 |       32 |     11 |    38 |   -0.321 |     -125.1 |    772 | gen_regfile_ff.register_file_i.rf_reg_q\[510\]$_DFFE_PN0P_/D
iter:1073, pass:1, current fixing endpoint: gen_regfile_ff.register_file_i.rf_reg_q\[953\]$_DFFE_PN0P_/D, endpoint slack:-2.3787616e-10
     1074 |       0 |      61 |       32 |     11 |    38 |   -0.324 |     -125.6 |    772 | gen_regfile_ff.register_file_i.rf_reg_q\[510\]$_DFFE_PN0P_/D
iter:1074, pass:2, current fixing endpoint: gen_regfile_ff.register_file_i.rf_reg_q\[953\]$_DFFE_PN0P_/D, endpoint slack:-2.369409e-10
     1074 |       0 |      60 |       32 |     11 |    38 |   -0.321 |     -125.1 |    772 | gen_regfile_ff.register_file_i.rf_reg_q\[510\]$_DFFE_PN0P_/D
     1075 |       0 |      60 |       32 |     11 |    38 |   -0.321 |     -125.1 |    772 | gen_regfile_ff.register_file_i.rf_reg_q\[510\]$_DFFE_PN0P_/D
iter:1075, pass:1, current fixing endpoint: gen_regfile_ff.register_file_i.rf_reg_q\[857\]$_DFFE_PN0P_/D, endpoint slack:-2.434466e-10
     1076 |       0 |      61 |       32 |     11 |    38 |   -0.324 |     -125.6 |    772 | gen_regfile_ff.register_file_i.rf_reg_q\[510\]$_DFFE_PN0P_/D
iter:1076, pass:2, current fixing endpoint: gen_regfile_ff.register_file_i.rf_reg_q\[857\]$_DFFE_PN0P_/D, endpoint slack:-2.4251134e-10
     1076 |       0 |      60 |       32 |     11 |    38 |   -0.321 |     -125.1 |    772 | gen_regfile_ff.register_file_i.rf_reg_q\[510\]$_DFFE_PN0P_/D
     1077 |       0 |      60 |       32 |     11 |    38 |   -0.321 |     -125.1 |    772 | gen_regfile_ff.register_file_i.rf_reg_q\[510\]$_DFFE_PN0P_/D
iter:1077, pass:1, current fixing endpoint: gen_regfile_ff.register_file_i.rf_reg_q\[761\]$_DFFE_PN0P_/D, endpoint slack:-2.4340152e-10
     1078 |       0 |      61 |       32 |     11 |    38 |   -0.324 |     -125.6 |    772 | gen_regfile_ff.register_file_i.rf_reg_q\[510\]$_DFFE_PN0P_/D
iter:1078, pass:2, current fixing endpoint: gen_regfile_ff.register_file_i.rf_reg_q\[761\]$_DFFE_PN0P_/D, endpoint slack:-2.4246627e-10
     1078 |       0 |      60 |       32 |     11 |    38 |   -0.321 |     -125.1 |    772 | gen_regfile_ff.register_file_i.rf_reg_q\[510\]$_DFFE_PN0P_/D
     1079 |       0 |      60 |       32 |     11 |    38 |   -0.321 |     -125.1 |    772 | gen_regfile_ff.register_file_i.rf_reg_q\[510\]$_DFFE_PN0P_/D
iter:1079, pass:1, current fixing endpoint: gen_regfile_ff.register_file_i.rf_reg_q\[319\]$_DFFE_PN0P_/D, endpoint slack:-2.3836377e-10
     1080 |       0 |      61 |       32 |     11 |    38 |   -0.324 |     -125.6 |    772 | gen_regfile_ff.register_file_i.rf_reg_q\[510\]$_DFFE_PN0P_/D
iter:1080, pass:2, current fixing endpoint: gen_regfile_ff.register_file_i.rf_reg_q\[319\]$_DFFE_PN0P_/D, endpoint slack:-2.3742852e-10
     1080 |       0 |      60 |       32 |     11 |    38 |   -0.321 |     -125.1 |    772 | gen_regfile_ff.register_file_i.rf_reg_q\[510\]$_DFFE_PN0P_/D
     1081 |       0 |      60 |       32 |     11 |    38 |   -0.321 |     -125.1 |    772 | gen_regfile_ff.register_file_i.rf_reg_q\[510\]$_DFFE_PN0P_/D
iter:1081, pass:1, current fixing endpoint: gen_regfile_ff.register_file_i.rf_reg_q\[793\]$_DFFE_PN0P_/D, endpoint slack:-2.4224156e-10
     1082 |       0 |      61 |       32 |     11 |    38 |   -0.324 |     -125.6 |    772 | gen_regfile_ff.register_file_i.rf_reg_q\[510\]$_DFFE_PN0P_/D
iter:1082, pass:2, current fixing endpoint: gen_regfile_ff.register_file_i.rf_reg_q\[793\]$_DFFE_PN0P_/D, endpoint slack:-2.413063e-10
     1082 |       0 |      60 |       32 |     11 |    38 |   -0.321 |     -125.1 |    772 | gen_regfile_ff.register_file_i.rf_reg_q\[510\]$_DFFE_PN0P_/D
     1083 |       0 |      60 |       32 |     11 |    38 |   -0.321 |     -125.1 |    772 | gen_regfile_ff.register_file_i.rf_reg_q\[510\]$_DFFE_PN0P_/D
iter:1083, pass:1, current fixing endpoint: gen_regfile_ff.register_file_i.rf_reg_q\[63\]$_DFFE_PN0P_/D, endpoint slack:-2.3760416e-10
     1084 |       0 |      61 |       32 |     11 |    38 |   -0.324 |     -125.6 |    772 | gen_regfile_ff.register_file_i.rf_reg_q\[510\]$_DFFE_PN0P_/D
iter:1084, pass:2, current fixing endpoint: gen_regfile_ff.register_file_i.rf_reg_q\[63\]$_DFFE_PN0P_/D, endpoint slack:-2.366689e-10
     1084 |       0 |      60 |       32 |     11 |    38 |   -0.321 |     -125.1 |    772 | gen_regfile_ff.register_file_i.rf_reg_q\[510\]$_DFFE_PN0P_/D
     1085 |       0 |      60 |       32 |     11 |    38 |   -0.321 |     -125.1 |    772 | gen_regfile_ff.register_file_i.rf_reg_q\[510\]$_DFFE_PN0P_/D
iter:1085, pass:1, current fixing endpoint: gen_regfile_ff.register_file_i.rf_reg_q\[249\]$_DFFE_PN0P_/D, endpoint slack:-2.418361e-10
     1086 |       0 |      61 |       32 |     11 |    38 |   -0.324 |     -125.6 |    772 | gen_regfile_ff.register_file_i.rf_reg_q\[510\]$_DFFE_PN0P_/D
iter:1086, pass:2, current fixing endpoint: gen_regfile_ff.register_file_i.rf_reg_q\[249\]$_DFFE_PN0P_/D, endpoint slack:-2.4090085e-10
     1086 |       0 |      60 |       32 |     11 |    38 |   -0.321 |     -125.1 |    772 | gen_regfile_ff.register_file_i.rf_reg_q\[510\]$_DFFE_PN0P_/D
     1087 |       0 |      60 |       32 |     11 |    38 |   -0.321 |     -125.1 |    772 | gen_regfile_ff.register_file_i.rf_reg_q\[510\]$_DFFE_PN0P_/D
iter:1087, pass:1, current fixing endpoint: gen_regfile_ff.register_file_i.rf_reg_q\[921\]$_DFFE_PN0P_/D, endpoint slack:-2.4174374e-10
     1088 |       0 |      61 |       32 |     11 |    38 |   -0.324 |     -125.6 |    772 | gen_regfile_ff.register_file_i.rf_reg_q\[510\]$_DFFE_PN0P_/D
iter:1088, pass:2, current fixing endpoint: gen_regfile_ff.register_file_i.rf_reg_q\[921\]$_DFFE_PN0P_/D, endpoint slack:-2.4080848e-10
     1088 |       0 |      60 |       32 |     11 |    38 |   -0.321 |     -125.1 |    772 | gen_regfile_ff.register_file_i.rf_reg_q\[510\]$_DFFE_PN0P_/D
     1089 |       0 |      60 |       32 |     11 |    38 |   -0.321 |     -125.1 |    772 | gen_regfile_ff.register_file_i.rf_reg_q\[510\]$_DFFE_PN0P_/D
iter:1089, pass:1, current fixing endpoint: gen_regfile_ff.register_file_i.rf_reg_q\[447\]$_DFFE_PN0P_/D, endpoint slack:-2.3699598e-10
     1090 |       0 |      61 |       32 |     11 |    38 |   -0.324 |     -125.6 |    772 | gen_regfile_ff.register_file_i.rf_reg_q\[510\]$_DFFE_PN0P_/D
iter:1090, pass:2, current fixing endpoint: gen_regfile_ff.register_file_i.rf_reg_q\[447\]$_DFFE_PN0P_/D, endpoint slack:-2.3606073e-10
     1090 |       0 |      60 |       32 |     11 |    38 |   -0.321 |     -125.1 |    772 | gen_regfile_ff.register_file_i.rf_reg_q\[510\]$_DFFE_PN0P_/D
     1091 |       0 |      60 |       32 |     11 |    38 |   -0.321 |     -125.1 |    772 | gen_regfile_ff.register_file_i.rf_reg_q\[510\]$_DFFE_PN0P_/D
iter:1091, pass:1, current fixing endpoint: gen_regfile_ff.register_file_i.rf_reg_q\[473\]$_DFFE_PN0P_/D, endpoint slack:-2.414393e-10
     1092 |       0 |      61 |       32 |     11 |    38 |   -0.324 |     -125.6 |    772 | gen_regfile_ff.register_file_i.rf_reg_q\[510\]$_DFFE_PN0P_/D
iter:1092, pass:2, current fixing endpoint: gen_regfile_ff.register_file_i.rf_reg_q\[473\]$_DFFE_PN0P_/D, endpoint slack:-2.4050406e-10
     1092 |       0 |      60 |       32 |     11 |    38 |   -0.321 |     -125.1 |    772 | gen_regfile_ff.register_file_i.rf_reg_q\[510\]$_DFFE_PN0P_/D
     1093 |       0 |      60 |       32 |     11 |    38 |   -0.321 |     -125.1 |    772 | gen_regfile_ff.register_file_i.rf_reg_q\[510\]$_DFFE_PN0P_/D
iter:1093, pass:1, current fixing endpoint: gen_regfile_ff.register_file_i.rf_reg_q\[255\]$_DFFE_PN0P_/D, endpoint slack:-2.3674374e-10
     1094 |       0 |      61 |       32 |     11 |    38 |   -0.324 |     -125.6 |    772 | gen_regfile_ff.register_file_i.rf_reg_q\[510\]$_DFFE_PN0P_/D
iter:1094, pass:2, current fixing endpoint: gen_regfile_ff.register_file_i.rf_reg_q\[255\]$_DFFE_PN0P_/D, endpoint slack:-2.3580848e-10
     1094 |       0 |      60 |       32 |     11 |    38 |   -0.321 |     -125.1 |    772 | gen_regfile_ff.register_file_i.rf_reg_q\[510\]$_DFFE_PN0P_/D
     1095 |       0 |      60 |       32 |     11 |    38 |   -0.321 |     -125.1 |    772 | gen_regfile_ff.register_file_i.rf_reg_q\[510\]$_DFFE_PN0P_/D
iter:1095, pass:1, current fixing endpoint: gen_regfile_ff.register_file_i.rf_reg_q\[89\]$_DFFE_PN0P_/D, endpoint slack:-2.4100233e-10
     1096 |       0 |      61 |       32 |     11 |    38 |   -0.324 |     -125.6 |    772 | gen_regfile_ff.register_file_i.rf_reg_q\[510\]$_DFFE_PN0P_/D
iter:1096, pass:2, current fixing endpoint: gen_regfile_ff.register_file_i.rf_reg_q\[89\]$_DFFE_PN0P_/D, endpoint slack:-2.4006708e-10
     1096 |       0 |      60 |       32 |     11 |    38 |   -0.321 |     -125.1 |    772 | gen_regfile_ff.register_file_i.rf_reg_q\[510\]$_DFFE_PN0P_/D
     1097 |       0 |      60 |       32 |     11 |    38 |   -0.321 |     -125.1 |    772 | gen_regfile_ff.register_file_i.rf_reg_q\[510\]$_DFFE_PN0P_/D
iter:1097, pass:1, current fixing endpoint: gen_regfile_ff.register_file_i.rf_reg_q\[383\]$_DFFE_PN0P_/D, endpoint slack:-2.3650482e-10
     1098 |       0 |      61 |       32 |     11 |    38 |   -0.324 |     -125.6 |    772 | gen_regfile_ff.register_file_i.rf_reg_q\[510\]$_DFFE_PN0P_/D
iter:1098, pass:2, current fixing endpoint: gen_regfile_ff.register_file_i.rf_reg_q\[383\]$_DFFE_PN0P_/D, endpoint slack:-2.3556956e-10
     1098 |       0 |      60 |       32 |     11 |    38 |   -0.321 |     -125.1 |    772 | gen_regfile_ff.register_file_i.rf_reg_q\[510\]$_DFFE_PN0P_/D
     1099 |       0 |      60 |       32 |     11 |    38 |   -0.321 |     -125.1 |    772 | gen_regfile_ff.register_file_i.rf_reg_q\[510\]$_DFFE_PN0P_/D
iter:1099, pass:1, current fixing endpoint: gen_regfile_ff.register_file_i.rf_reg_q\[409\]$_DFFE_PN0P_/D, endpoint slack:-2.408982e-10
     1100 |       0 |      61 |       32 |     11 |    38 |   -0.324 |     -125.6 |    772 | gen_regfile_ff.register_file_i.rf_reg_q\[510\]$_DFFE_PN0P_/D
iter:1100, pass:2, current fixing endpoint: gen_regfile_ff.register_file_i.rf_reg_q\[409\]$_DFFE_PN0P_/D, endpoint slack:-2.3996294e-10
     1100 |       0 |      60 |       32 |     11 |    38 |   -0.321 |     -125.1 |    772 | gen_regfile_ff.register_file_i.rf_reg_q\[510\]$_DFFE_PN0P_/D
     1101 |       0 |      60 |       32 |     11 |    38 |   -0.321 |     -125.1 |    772 | gen_regfile_ff.register_file_i.rf_reg_q\[510\]$_DFFE_PN0P_/D
iter:1101, pass:1, current fixing endpoint: gen_regfile_ff.register_file_i.rf_reg_q\[441\]$_DFFE_PN0P_/D, endpoint slack:-2.4079805e-10
     1102 |       0 |      61 |       32 |     11 |    38 |   -0.324 |     -125.6 |    772 | gen_regfile_ff.register_file_i.rf_reg_q\[510\]$_DFFE_PN0P_/D
iter:1102, pass:2, current fixing endpoint: gen_regfile_ff.register_file_i.rf_reg_q\[441\]$_DFFE_PN0P_/D, endpoint slack:-2.398628e-10
     1102 |       0 |      60 |       32 |     11 |    38 |   -0.321 |     -125.1 |    772 | gen_regfile_ff.register_file_i.rf_reg_q\[510\]$_DFFE_PN0P_/D
     1103 |       0 |      60 |       32 |     11 |    38 |   -0.321 |     -125.1 |    772 | gen_regfile_ff.register_file_i.rf_reg_q\[510\]$_DFFE_PN0P_/D
iter:1103, pass:1, current fixing endpoint: gen_regfile_ff.register_file_i.rf_reg_q\[505\]$_DFFE_PN0P_/D, endpoint slack:-2.4071367e-10
     1104 |       0 |      61 |       32 |     11 |    38 |   -0.324 |     -125.6 |    772 | gen_regfile_ff.register_file_i.rf_reg_q\[510\]$_DFFE_PN0P_/D
iter:1104, pass:2, current fixing endpoint: gen_regfile_ff.register_file_i.rf_reg_q\[505\]$_DFFE_PN0P_/D, endpoint slack:-2.3977842e-10
     1104 |       0 |      60 |       32 |     11 |    38 |   -0.321 |     -125.1 |    772 | gen_regfile_ff.register_file_i.rf_reg_q\[510\]$_DFFE_PN0P_/D
     1105 |       0 |      60 |       32 |     11 |    38 |   -0.321 |     -125.1 |    772 | gen_regfile_ff.register_file_i.rf_reg_q\[510\]$_DFFE_PN0P_/D
iter:1105, pass:1, current fixing endpoint: gen_regfile_ff.register_file_i.rf_reg_q\[825\]$_DFFE_PN0P_/D, endpoint slack:-2.4063174e-10
     1106 |       0 |      61 |       32 |     11 |    38 |   -0.324 |     -125.6 |    772 | gen_regfile_ff.register_file_i.rf_reg_q\[510\]$_DFFE_PN0P_/D
iter:1106, pass:2, current fixing endpoint: gen_regfile_ff.register_file_i.rf_reg_q\[825\]$_DFFE_PN0P_/D, endpoint slack:-2.3969648e-10
     1106 |       0 |      60 |       32 |     11 |    38 |   -0.321 |     -125.1 |    772 | gen_regfile_ff.register_file_i.rf_reg_q\[510\]$_DFFE_PN0P_/D
     1107 |       0 |      60 |       32 |     11 |    38 |   -0.321 |     -125.1 |    772 | gen_regfile_ff.register_file_i.rf_reg_q\[510\]$_DFFE_PN0P_/D
iter:1107, pass:1, current fixing endpoint: gen_regfile_ff.register_file_i.rf_reg_q\[863\]$_DFFE_PN0P_/D, endpoint slack:-2.3610758e-10
     1108 |       0 |      61 |       32 |     11 |    38 |   -0.324 |     -125.6 |    772 | gen_regfile_ff.register_file_i.rf_reg_q\[510\]$_DFFE_PN0P_/D
iter:1108, pass:2, current fixing endpoint: gen_regfile_ff.register_file_i.rf_reg_q\[863\]$_DFFE_PN0P_/D, endpoint slack:-2.3517233e-10
     1108 |       0 |      60 |       32 |     11 |    38 |   -0.321 |     -125.1 |    772 | gen_regfile_ff.register_file_i.rf_reg_q\[510\]$_DFFE_PN0P_/D
     1109 |       0 |      60 |       32 |     11 |    38 |   -0.321 |     -125.1 |    772 | gen_regfile_ff.register_file_i.rf_reg_q\[510\]$_DFFE_PN0P_/D
iter:1109, pass:1, current fixing endpoint: gen_regfile_ff.register_file_i.rf_reg_q\[377\]$_DFFE_PN0P_/D, endpoint slack:-2.405529e-10
     1110 |       0 |      61 |       32 |     11 |    38 |   -0.324 |     -125.6 |    772 | gen_regfile_ff.register_file_i.rf_reg_q\[510\]$_DFFE_PN0P_/D
iter:1110, pass:2, current fixing endpoint: gen_regfile_ff.register_file_i.rf_reg_q\[377\]$_DFFE_PN0P_/D, endpoint slack:-2.3961766e-10
     1110 |       0 |      60 |       32 |     11 |    38 |   -0.321 |     -125.1 |    772 | gen_regfile_ff.register_file_i.rf_reg_q\[510\]$_DFFE_PN0P_/D
     1111 |       0 |      60 |       32 |     11 |    38 |   -0.321 |     -125.1 |    772 | gen_regfile_ff.register_file_i.rf_reg_q\[510\]$_DFFE_PN0P_/D
iter:1111, pass:1, current fixing endpoint: gen_regfile_ff.register_file_i.rf_reg_q\[313\]$_DFFE_PN0P_/D, endpoint slack:-2.4024827e-10
     1112 |       0 |      61 |       32 |     11 |    38 |   -0.324 |     -125.6 |    772 | gen_regfile_ff.register_file_i.rf_reg_q\[510\]$_DFFE_PN0P_/D
iter:1112, pass:2, current fixing endpoint: gen_regfile_ff.register_file_i.rf_reg_q\[313\]$_DFFE_PN0P_/D, endpoint slack:-2.39313e-10
     1112 |       0 |      60 |       32 |     11 |    38 |   -0.321 |     -125.1 |    772 | gen_regfile_ff.register_file_i.rf_reg_q\[510\]$_DFFE_PN0P_/D
     1113 |       0 |      60 |       32 |     11 |    38 |   -0.321 |     -125.1 |    772 | gen_regfile_ff.register_file_i.rf_reg_q\[510\]$_DFFE_PN0P_/D
iter:1113, pass:1, current fixing endpoint: gen_regfile_ff.register_file_i.rf_reg_q\[57\]$_DFFE_PN0P_/D, endpoint slack:-2.4015123e-10
     1114 |       0 |      61 |       32 |     11 |    38 |   -0.324 |     -125.6 |    772 | gen_regfile_ff.register_file_i.rf_reg_q\[510\]$_DFFE_PN0P_/D
iter:1114, pass:2, current fixing endpoint: gen_regfile_ff.register_file_i.rf_reg_q\[57\]$_DFFE_PN0P_/D, endpoint slack:-2.3921598e-10
     1114 |       0 |      60 |       32 |     11 |    38 |   -0.321 |     -125.1 |    772 | gen_regfile_ff.register_file_i.rf_reg_q\[510\]$_DFFE_PN0P_/D
     1115 |       0 |      60 |       32 |     11 |    38 |   -0.321 |     -125.1 |    772 | gen_regfile_ff.register_file_i.rf_reg_q\[510\]$_DFFE_PN0P_/D
iter:1115, pass:1, current fixing endpoint: gen_regfile_ff.register_file_i.rf_reg_q\[221\]$_DFFE_PN0P_/D, endpoint slack:-2.3561264e-10
     1116 |       0 |      61 |       32 |     11 |    38 |   -0.324 |     -125.6 |    772 | gen_regfile_ff.register_file_i.rf_reg_q\[510\]$_DFFE_PN0P_/D
iter:1116, pass:2, current fixing endpoint: gen_regfile_ff.register_file_i.rf_reg_q\[221\]$_DFFE_PN0P_/D, endpoint slack:-2.346774e-10
     1116 |       0 |      60 |       32 |     11 |    38 |   -0.321 |     -125.1 |    772 | gen_regfile_ff.register_file_i.rf_reg_q\[510\]$_DFFE_PN0P_/D
     1117 |       0 |      60 |       32 |     11 |    38 |   -0.321 |     -125.1 |    772 | gen_regfile_ff.register_file_i.rf_reg_q\[510\]$_DFFE_PN0P_/D
iter:1117, pass:1, current fixing endpoint: gen_regfile_ff.register_file_i.rf_reg_q\[351\]$_DFFE_PN0P_/D, endpoint slack:-2.3545987e-10
     1118 |       0 |      61 |       32 |     11 |    38 |   -0.324 |     -125.6 |    772 | gen_regfile_ff.register_file_i.rf_reg_q\[510\]$_DFFE_PN0P_/D
iter:1118, pass:2, current fixing endpoint: gen_regfile_ff.register_file_i.rf_reg_q\[351\]$_DFFE_PN0P_/D, endpoint slack:-2.3452462e-10
     1118 |       0 |      60 |       32 |     11 |    38 |   -0.321 |     -125.1 |    772 | gen_regfile_ff.register_file_i.rf_reg_q\[510\]$_DFFE_PN0P_/D
     1119 |       0 |      60 |       32 |     11 |    38 |   -0.321 |     -125.1 |    772 | gen_regfile_ff.register_file_i.rf_reg_q\[510\]$_DFFE_PN0P_/D
iter:1119, pass:1, current fixing endpoint: gen_regfile_ff.register_file_i.rf_reg_q\[157\]$_DFFE_PN0P_/D, endpoint slack:-2.3538305e-10
     1120 |       0 |      61 |       32 |     11 |    38 |   -0.324 |     -125.6 |    772 | gen_regfile_ff.register_file_i.rf_reg_q\[510\]$_DFFE_PN0P_/D
iter:1120, pass:2, current fixing endpoint: gen_regfile_ff.register_file_i.rf_reg_q\[157\]$_DFFE_PN0P_/D, endpoint slack:-2.344478e-10
     1120 |       0 |      60 |       32 |     11 |    38 |   -0.321 |     -125.1 |    772 | gen_regfile_ff.register_file_i.rf_reg_q\[510\]$_DFFE_PN0P_/D
     1121 |       0 |      60 |       32 |     11 |    38 |   -0.321 |     -125.1 |    772 | gen_regfile_ff.register_file_i.rf_reg_q\[510\]$_DFFE_PN0P_/D
iter:1121, pass:1, current fixing endpoint: gen_regfile_ff.register_file_i.rf_reg_q\[925\]$_DFFE_PN0P_/D, endpoint slack:-2.352385e-10
     1122 |       0 |      61 |       32 |     11 |    38 |   -0.324 |     -125.6 |    772 | gen_regfile_ff.register_file_i.rf_reg_q\[510\]$_DFFE_PN0P_/D
iter:1122, pass:2, current fixing endpoint: gen_regfile_ff.register_file_i.rf_reg_q\[925\]$_DFFE_PN0P_/D, endpoint slack:-2.3430324e-10
     1122 |       0 |      60 |       32 |     11 |    38 |   -0.321 |     -125.1 |    772 | gen_regfile_ff.register_file_i.rf_reg_q\[510\]$_DFFE_PN0P_/D
     1123 |       0 |      60 |       32 |     11 |    38 |   -0.321 |     -125.1 |    772 | gen_regfile_ff.register_file_i.rf_reg_q\[510\]$_DFFE_PN0P_/D
iter:1123, pass:1, current fixing endpoint: gen_regfile_ff.register_file_i.rf_reg_q\[345\]$_DFFE_PN0P_/D, endpoint slack:-2.3969982e-10
     1124 |       0 |      61 |       32 |     11 |    38 |   -0.324 |     -125.6 |    772 | gen_regfile_ff.register_file_i.rf_reg_q\[510\]$_DFFE_PN0P_/D
iter:1124, pass:2, current fixing endpoint: gen_regfile_ff.register_file_i.rf_reg_q\[345\]$_DFFE_PN0P_/D, endpoint slack:-2.3876456e-10
     1124 |       0 |      60 |       32 |     11 |    38 |   -0.321 |     -125.1 |    772 | gen_regfile_ff.register_file_i.rf_reg_q\[510\]$_DFFE_PN0P_/D
     1125 |       0 |      60 |       32 |     11 |    38 |   -0.321 |     -125.1 |    772 | gen_regfile_ff.register_file_i.rf_reg_q\[510\]$_DFFE_PN0P_/D
iter:1125, pass:1, current fixing endpoint: gen_regfile_ff.register_file_i.rf_reg_q\[25\]$_DFFE_PN0P_/D, endpoint slack:-2.3940094e-10
     1126 |       0 |      61 |       32 |     11 |    38 |   -0.324 |     -125.6 |    772 | gen_regfile_ff.register_file_i.rf_reg_q\[510\]$_DFFE_PN0P_/D
iter:1126, pass:2, current fixing endpoint: gen_regfile_ff.register_file_i.rf_reg_q\[25\]$_DFFE_PN0P_/D, endpoint slack:-2.384657e-10
     1126 |       0 |      60 |       32 |     11 |    38 |   -0.321 |     -125.1 |    772 | gen_regfile_ff.register_file_i.rf_reg_q\[510\]$_DFFE_PN0P_/D
     1127 |       0 |      60 |       32 |     11 |    38 |   -0.321 |     -125.1 |    772 | gen_regfile_ff.register_file_i.rf_reg_q\[510\]$_DFFE_PN0P_/D
iter:1127, pass:1, current fixing endpoint: gen_regfile_ff.register_file_i.rf_reg_q\[93\]$_DFFE_PN0P_/D, endpoint slack:-2.3483993e-10
     1128 |       0 |      61 |       32 |     11 |    38 |   -0.324 |     -125.6 |    772 | gen_regfile_ff.register_file_i.rf_reg_q\[510\]$_DFFE_PN0P_/D
iter:1128, pass:2, current fixing endpoint: gen_regfile_ff.register_file_i.rf_reg_q\[93\]$_DFFE_PN0P_/D, endpoint slack:-2.3390467e-10
     1128 |       0 |      60 |       32 |     11 |    38 |   -0.321 |     -125.1 |    772 | gen_regfile_ff.register_file_i.rf_reg_q\[510\]$_DFFE_PN0P_/D
     1129 |       0 |      60 |       32 |     11 |    38 |   -0.321 |     -125.1 |    772 | gen_regfile_ff.register_file_i.rf_reg_q\[510\]$_DFFE_PN0P_/D
iter:1129, pass:1, current fixing endpoint: gen_regfile_ff.register_file_i.rf_reg_q\[891\]$_DFFE_PN0P_/D, endpoint slack:-2.3478908e-10
     1130 |       0 |      61 |       32 |     11 |    38 |   -0.324 |     -125.6 |    772 | gen_regfile_ff.register_file_i.rf_reg_q\[510\]$_DFFE_PN0P_/D
iter:1130, pass:2, current fixing endpoint: gen_regfile_ff.register_file_i.rf_reg_q\[891\]$_DFFE_PN0P_/D, endpoint slack:-2.3385383e-10
     1130 |       0 |      60 |       32 |     11 |    38 |   -0.321 |     -125.1 |    772 | gen_regfile_ff.register_file_i.rf_reg_q\[510\]$_DFFE_PN0P_/D
     1131 |       0 |      60 |       32 |     11 |    38 |   -0.321 |     -125.1 |    772 | gen_regfile_ff.register_file_i.rf_reg_q\[510\]$_DFFE_PN0P_/D
iter:1131, pass:1, current fixing endpoint: gen_regfile_ff.register_file_i.rf_reg_q\[29\]$_DFFE_PN0P_/D, endpoint slack:-2.3465851e-10
     1132 |       0 |      61 |       32 |     11 |    38 |   -0.324 |     -125.6 |    772 | gen_regfile_ff.register_file_i.rf_reg_q\[510\]$_DFFE_PN0P_/D
iter:1132, pass:2, current fixing endpoint: gen_regfile_ff.register_file_i.rf_reg_q\[29\]$_DFFE_PN0P_/D, endpoint slack:-2.3372326e-10
     1132 |       0 |      60 |       32 |     11 |    38 |   -0.321 |     -125.1 |    772 | gen_regfile_ff.register_file_i.rf_reg_q\[510\]$_DFFE_PN0P_/D
     1133 |       0 |      60 |       32 |     11 |    38 |   -0.321 |     -125.1 |    772 | gen_regfile_ff.register_file_i.rf_reg_q\[510\]$_DFFE_PN0P_/D
iter:1133, pass:1, current fixing endpoint: gen_regfile_ff.register_file_i.rf_reg_q\[189\]$_DFFE_PN0P_/D, endpoint slack:-2.346534e-10
     1134 |       0 |      61 |       32 |     11 |    38 |   -0.324 |     -125.6 |    772 | gen_regfile_ff.register_file_i.rf_reg_q\[510\]$_DFFE_PN0P_/D
iter:1134, pass:2, current fixing endpoint: gen_regfile_ff.register_file_i.rf_reg_q\[189\]$_DFFE_PN0P_/D, endpoint slack:-2.3371816e-10
     1134 |       0 |      60 |       32 |     11 |    38 |   -0.321 |     -125.1 |    772 | gen_regfile_ff.register_file_i.rf_reg_q\[510\]$_DFFE_PN0P_/D
     1135 |       0 |      60 |       32 |     11 |    38 |   -0.321 |     -125.1 |    772 | gen_regfile_ff.register_file_i.rf_reg_q\[510\]$_DFFE_PN0P_/D
iter:1135, pass:1, current fixing endpoint: gen_regfile_ff.register_file_i.rf_reg_q\[153\]$_DFFE_PN0P_/D, endpoint slack:-2.3904612e-10
     1136 |       0 |      61 |       32 |     11 |    38 |   -0.324 |     -125.6 |    772 | gen_regfile_ff.register_file_i.rf_reg_q\[510\]$_DFFE_PN0P_/D
iter:1136, pass:2, current fixing endpoint: gen_regfile_ff.register_file_i.rf_reg_q\[153\]$_DFFE_PN0P_/D, endpoint slack:-2.3811086e-10
     1136 |       0 |      60 |       32 |     11 |    38 |   -0.321 |     -125.1 |    772 | gen_regfile_ff.register_file_i.rf_reg_q\[510\]$_DFFE_PN0P_/D
     1137 |       0 |      60 |       32 |     11 |    38 |   -0.321 |     -125.1 |    772 | gen_regfile_ff.register_file_i.rf_reg_q\[510\]$_DFFE_PN0P_/D
iter:1137, pass:1, current fixing endpoint: gen_regfile_ff.register_file_i.rf_reg_q\[797\]$_DFFE_PN0P_/D, endpoint slack:-2.344278e-10
     1138 |       0 |      61 |       32 |     11 |    38 |   -0.324 |     -125.6 |    772 | gen_regfile_ff.register_file_i.rf_reg_q\[510\]$_DFFE_PN0P_/D
iter:1138, pass:2, current fixing endpoint: gen_regfile_ff.register_file_i.rf_reg_q\[797\]$_DFFE_PN0P_/D, endpoint slack:-2.3349256e-10
     1138 |       0 |      60 |       32 |     11 |    38 |   -0.321 |     -125.1 |    772 | gen_regfile_ff.register_file_i.rf_reg_q\[510\]$_DFFE_PN0P_/D
     1139 |       0 |      60 |       32 |     11 |    38 |   -0.321 |     -125.1 |    772 | gen_regfile_ff.register_file_i.rf_reg_q\[510\]$_DFFE_PN0P_/D
iter:1139, pass:1, current fixing endpoint: gen_regfile_ff.register_file_i.rf_reg_q\[125\]$_DFFE_PN0P_/D, endpoint slack:-2.3428903e-10
     1140 |       0 |      61 |       32 |     11 |    38 |   -0.324 |     -125.6 |    772 | gen_regfile_ff.register_file_i.rf_reg_q\[510\]$_DFFE_PN0P_/D
iter:1140, pass:2, current fixing endpoint: gen_regfile_ff.register_file_i.rf_reg_q\[125\]$_DFFE_PN0P_/D, endpoint slack:-2.3335378e-10
     1140 |       0 |      60 |       32 |     11 |    38 |   -0.321 |     -125.1 |    772 | gen_regfile_ff.register_file_i.rf_reg_q\[510\]$_DFFE_PN0P_/D
     1141 |       0 |      60 |       32 |     11 |    38 |   -0.321 |     -125.1 |    772 | gen_regfile_ff.register_file_i.rf_reg_q\[510\]$_DFFE_PN0P_/D
iter:1141, pass:1, current fixing endpoint: gen_regfile_ff.register_file_i.rf_reg_q\[477\]$_DFFE_PN0P_/D, endpoint slack:-2.341145e-10
     1142 |       0 |      61 |       32 |     11 |    38 |   -0.324 |     -125.6 |    772 | gen_regfile_ff.register_file_i.rf_reg_q\[510\]$_DFFE_PN0P_/D
iter:1142, pass:2, current fixing endpoint: gen_regfile_ff.register_file_i.rf_reg_q\[477\]$_DFFE_PN0P_/D, endpoint slack:-2.3317925e-10
     1142 |       0 |      60 |       32 |     11 |    38 |   -0.321 |     -125.1 |    772 | gen_regfile_ff.register_file_i.rf_reg_q\[510\]$_DFFE_PN0P_/D
     1143 |       0 |      60 |       32 |     11 |    38 |   -0.321 |     -125.1 |    772 | gen_regfile_ff.register_file_i.rf_reg_q\[510\]$_DFFE_PN0P_/D
iter:1143, pass:1, current fixing endpoint: gen_regfile_ff.register_file_i.rf_reg_q\[985\]$_DFFE_PN0P_/D, endpoint slack:-2.3845015e-10
     1144 |       0 |      61 |       32 |     11 |    38 |   -0.324 |     -125.6 |    772 | gen_regfile_ff.register_file_i.rf_reg_q\[510\]$_DFFE_PN0P_/D
iter:1144, pass:2, current fixing endpoint: gen_regfile_ff.register_file_i.rf_reg_q\[985\]$_DFFE_PN0P_/D, endpoint slack:-2.375149e-10
     1144 |       0 |      60 |       32 |     11 |    38 |   -0.321 |     -125.1 |    772 | gen_regfile_ff.register_file_i.rf_reg_q\[510\]$_DFFE_PN0P_/D
     1145 |       0 |      60 |       32 |     11 |    38 |   -0.321 |     -125.1 |    772 | gen_regfile_ff.register_file_i.rf_reg_q\[510\]$_DFFE_PN0P_/D
iter:1145, pass:1, current fixing endpoint: gen_regfile_ff.register_file_i.rf_reg_q\[537\]$_DFFE_PN0P_/D, endpoint slack:-2.3851743e-10
     1146 |       0 |      61 |       32 |     11 |    38 |   -0.324 |     -125.6 |    772 | gen_regfile_ff.register_file_i.rf_reg_q\[510\]$_DFFE_PN0P_/D
iter:1146, pass:2, current fixing endpoint: gen_regfile_ff.register_file_i.rf_reg_q\[537\]$_DFFE_PN0P_/D, endpoint slack:-2.3758218e-10
     1146 |       0 |      60 |       32 |     11 |    38 |   -0.321 |     -125.1 |    772 | gen_regfile_ff.register_file_i.rf_reg_q\[510\]$_DFFE_PN0P_/D
     1147 |       0 |      60 |       32 |     11 |    38 |   -0.321 |     -125.1 |    772 | gen_regfile_ff.register_file_i.rf_reg_q\[510\]$_DFFE_PN0P_/D
iter:1147, pass:1, current fixing endpoint: gen_regfile_ff.register_file_i.rf_reg_q\[637\]$_DFFE_PN0P_/D, endpoint slack:-2.336078e-10
     1148 |       0 |      61 |       32 |     11 |    38 |   -0.324 |     -125.6 |    772 | gen_regfile_ff.register_file_i.rf_reg_q\[510\]$_DFFE_PN0P_/D
iter:1148, pass:2, current fixing endpoint: gen_regfile_ff.register_file_i.rf_reg_q\[637\]$_DFFE_PN0P_/D, endpoint slack:-2.3267255e-10
     1148 |       0 |      60 |       32 |     11 |    38 |   -0.321 |     -125.1 |    772 | gen_regfile_ff.register_file_i.rf_reg_q\[510\]$_DFFE_PN0P_/D
     1149 |       0 |      60 |       32 |     11 |    38 |   -0.321 |     -125.1 |    772 | gen_regfile_ff.register_file_i.rf_reg_q\[510\]$_DFFE_PN0P_/D
iter:1149, pass:1, current fixing endpoint: gen_regfile_ff.register_file_i.rf_reg_q\[765\]$_DFFE_PN0P_/D, endpoint slack:-2.3351476e-10
     1150 |       0 |      61 |       32 |     11 |    38 |   -0.324 |     -125.6 |    772 | gen_regfile_ff.register_file_i.rf_reg_q\[510\]$_DFFE_PN0P_/D
iter:1150, pass:2, current fixing endpoint: gen_regfile_ff.register_file_i.rf_reg_q\[765\]$_DFFE_PN0P_/D, endpoint slack:-2.3257951e-10
     1150 |       0 |      60 |       32 |     11 |    38 |   -0.321 |     -125.1 |    772 | gen_regfile_ff.register_file_i.rf_reg_q\[510\]$_DFFE_PN0P_/D
     1151 |       0 |      60 |       32 |     11 |    38 |   -0.321 |     -125.1 |    772 | gen_regfile_ff.register_file_i.rf_reg_q\[510\]$_DFFE_PN0P_/D
iter:1151, pass:1, current fixing endpoint: gen_regfile_ff.register_file_i.rf_reg_q\[665\]$_DFFE_PN0P_/D, endpoint slack:-2.3791746e-10
     1152 |       0 |      61 |       32 |     11 |    38 |   -0.324 |     -125.6 |    772 | gen_regfile_ff.register_file_i.rf_reg_q\[510\]$_DFFE_PN0P_/D
iter:1152, pass:2, current fixing endpoint: gen_regfile_ff.register_file_i.rf_reg_q\[665\]$_DFFE_PN0P_/D, endpoint slack:-2.369822e-10
     1152 |       0 |      60 |       32 |     11 |    38 |   -0.321 |     -125.1 |    772 | gen_regfile_ff.register_file_i.rf_reg_q\[510\]$_DFFE_PN0P_/D
     1153 |       0 |      60 |       32 |     11 |    38 |   -0.321 |     -125.1 |    772 | gen_regfile_ff.register_file_i.rf_reg_q\[510\]$_DFFE_PN0P_/D
iter:1153, pass:1, current fixing endpoint: gen_regfile_ff.register_file_i.rf_reg_q\[669\]$_DFFE_PN0P_/D, endpoint slack:-2.33483e-10
     1154 |       0 |      61 |       32 |     11 |    38 |   -0.324 |     -125.6 |    772 | gen_regfile_ff.register_file_i.rf_reg_q\[510\]$_DFFE_PN0P_/D
iter:1154, pass:2, current fixing endpoint: gen_regfile_ff.register_file_i.rf_reg_q\[669\]$_DFFE_PN0P_/D, endpoint slack:-2.3254776e-10
     1154 |       0 |      60 |       32 |     11 |    38 |   -0.321 |     -125.1 |    772 | gen_regfile_ff.register_file_i.rf_reg_q\[510\]$_DFFE_PN0P_/D
     1155 |       0 |      60 |       32 |     11 |    38 |   -0.321 |     -125.1 |    772 | gen_regfile_ff.register_file_i.rf_reg_q\[510\]$_DFFE_PN0P_/D
iter:1155, pass:1, current fixing endpoint: gen_regfile_ff.register_file_i.rf_reg_q\[317\]$_DFFE_PN0P_/D, endpoint slack:-2.334719e-10
     1156 |       0 |      61 |       32 |     11 |    38 |   -0.324 |     -125.6 |    772 | gen_regfile_ff.register_file_i.rf_reg_q\[510\]$_DFFE_PN0P_/D
iter:1156, pass:2, current fixing endpoint: gen_regfile_ff.register_file_i.rf_reg_q\[317\]$_DFFE_PN0P_/D, endpoint slack:-2.3253666e-10
     1156 |       0 |      60 |       32 |     11 |    38 |   -0.321 |     -125.1 |    772 | gen_regfile_ff.register_file_i.rf_reg_q\[510\]$_DFFE_PN0P_/D
     1157 |       0 |      60 |       32 |     11 |    38 |   -0.321 |     -125.1 |    772 | gen_regfile_ff.register_file_i.rf_reg_q\[510\]$_DFFE_PN0P_/D
iter:1157, pass:1, current fixing endpoint: gen_regfile_ff.register_file_i.rf_reg_q\[445\]$_DFFE_PN0P_/D, endpoint slack:-2.329572e-10
     1158 |       0 |      61 |       32 |     11 |    38 |   -0.324 |     -125.6 |    772 | gen_regfile_ff.register_file_i.rf_reg_q\[510\]$_DFFE_PN0P_/D
iter:1158, pass:2, current fixing endpoint: gen_regfile_ff.register_file_i.rf_reg_q\[445\]$_DFFE_PN0P_/D, endpoint slack:-2.3202196e-10
     1158 |       0 |      60 |       32 |     11 |    38 |   -0.321 |     -125.1 |    772 | gen_regfile_ff.register_file_i.rf_reg_q\[510\]$_DFFE_PN0P_/D
     1159 |       0 |      60 |       32 |     11 |    38 |   -0.321 |     -125.1 |    772 | gen_regfile_ff.register_file_i.rf_reg_q\[510\]$_DFFE_PN0P_/D
iter:1159, pass:1, current fixing endpoint: gen_regfile_ff.register_file_i.rf_reg_q\[701\]$_DFFE_PN0P_/D, endpoint slack:-2.3287328e-10
     1160 |       0 |      61 |       32 |     11 |    38 |   -0.324 |     -125.6 |    772 | gen_regfile_ff.register_file_i.rf_reg_q\[510\]$_DFFE_PN0P_/D
iter:1160, pass:2, current fixing endpoint: gen_regfile_ff.register_file_i.rf_reg_q\[701\]$_DFFE_PN0P_/D, endpoint slack:-2.3193802e-10
     1160 |       0 |      60 |       32 |     11 |    38 |   -0.321 |     -125.1 |    772 | gen_regfile_ff.register_file_i.rf_reg_q\[510\]$_DFFE_PN0P_/D
     1161 |       0 |      60 |       32 |     11 |    38 |   -0.321 |     -125.1 |    772 | gen_regfile_ff.register_file_i.rf_reg_q\[510\]$_DFFE_PN0P_/D
iter:1161, pass:1, current fixing endpoint: gen_regfile_ff.register_file_i.rf_reg_q\[413\]$_DFFE_PN0P_/D, endpoint slack:-2.3281155e-10
     1162 |       0 |      61 |       32 |     11 |    38 |   -0.324 |     -125.6 |    772 | gen_regfile_ff.register_file_i.rf_reg_q\[510\]$_DFFE_PN0P_/D
iter:1162, pass:2, current fixing endpoint: gen_regfile_ff.register_file_i.rf_reg_q\[413\]$_DFFE_PN0P_/D, endpoint slack:-2.318763e-10
     1162 |       0 |      60 |       32 |     11 |    38 |   -0.321 |     -125.1 |    772 | gen_regfile_ff.register_file_i.rf_reg_q\[510\]$_DFFE_PN0P_/D
     1163 |       0 |      60 |       32 |     11 |    38 |   -0.321 |     -125.1 |    772 | gen_regfile_ff.register_file_i.rf_reg_q\[510\]$_DFFE_PN0P_/D
iter:1163, pass:1, current fixing endpoint: gen_regfile_ff.register_file_i.rf_reg_q\[381\]$_DFFE_PN0P_/D, endpoint slack:-2.3207991e-10
     1164 |       0 |      61 |       32 |     11 |    38 |   -0.324 |     -125.6 |    772 | gen_regfile_ff.register_file_i.rf_reg_q\[510\]$_DFFE_PN0P_/D
iter:1164, pass:2, current fixing endpoint: gen_regfile_ff.register_file_i.rf_reg_q\[381\]$_DFFE_PN0P_/D, endpoint slack:-2.3114466e-10
     1164 |       0 |      60 |       32 |     11 |    38 |   -0.321 |     -125.1 |    772 | gen_regfile_ff.register_file_i.rf_reg_q\[510\]$_DFFE_PN0P_/D
     1165 |       0 |      60 |       32 |     11 |    38 |   -0.321 |     -125.1 |    772 | gen_regfile_ff.register_file_i.rf_reg_q\[510\]$_DFFE_PN0P_/D
iter:1165, pass:1, current fixing endpoint: gen_regfile_ff.register_file_i.rf_reg_q\[605\]$_DFFE_PN0P_/D, endpoint slack:-2.3206059e-10
     1166 |       0 |      61 |       32 |     11 |    38 |   -0.324 |     -125.6 |    772 | gen_regfile_ff.register_file_i.rf_reg_q\[510\]$_DFFE_PN0P_/D
iter:1166, pass:2, current fixing endpoint: gen_regfile_ff.register_file_i.rf_reg_q\[605\]$_DFFE_PN0P_/D, endpoint slack:-2.3112534e-10
     1166 |       0 |      60 |       32 |     11 |    38 |   -0.321 |     -125.1 |    772 | gen_regfile_ff.register_file_i.rf_reg_q\[510\]$_DFFE_PN0P_/D
     1167 |       0 |      60 |       32 |     11 |    38 |   -0.321 |     -125.1 |    772 | gen_regfile_ff.register_file_i.rf_reg_q\[510\]$_DFFE_PN0P_/D
iter:1167, pass:1, current fixing endpoint: gen_regfile_ff.register_file_i.rf_reg_q\[253\]$_DFFE_PN0P_/D, endpoint slack:-2.3196889e-10
     1168 |       0 |      61 |       32 |     11 |    38 |   -0.324 |     -125.6 |    772 | gen_regfile_ff.register_file_i.rf_reg_q\[510\]$_DFFE_PN0P_/D
iter:1168, pass:2, current fixing endpoint: gen_regfile_ff.register_file_i.rf_reg_q\[253\]$_DFFE_PN0P_/D, endpoint slack:-2.3103364e-10
     1168 |       0 |      60 |       32 |     11 |    38 |   -0.321 |     -125.1 |    772 | gen_regfile_ff.register_file_i.rf_reg_q\[510\]$_DFFE_PN0P_/D
     1169 |       0 |      60 |       32 |     11 |    38 |   -0.321 |     -125.1 |    772 | gen_regfile_ff.register_file_i.rf_reg_q\[510\]$_DFFE_PN0P_/D
iter:1169, pass:1, current fixing endpoint: gen_regfile_ff.register_file_i.rf_reg_q\[957\]$_DFFE_PN0P_/D, endpoint slack:-2.3185809e-10
     1170 |       0 |      61 |       32 |     11 |    38 |   -0.324 |     -125.6 |    772 | gen_regfile_ff.register_file_i.rf_reg_q\[510\]$_DFFE_PN0P_/D
iter:1170, pass:2, current fixing endpoint: gen_regfile_ff.register_file_i.rf_reg_q\[957\]$_DFFE_PN0P_/D, endpoint slack:-2.3092284e-10
     1170 |       0 |      60 |       32 |     11 |    38 |   -0.321 |     -125.1 |    772 | gen_regfile_ff.register_file_i.rf_reg_q\[510\]$_DFFE_PN0P_/D
     1171 |       0 |      60 |       32 |     11 |    38 |   -0.321 |     -125.1 |    772 | gen_regfile_ff.register_file_i.rf_reg_q\[510\]$_DFFE_PN0P_/D
iter:1171, pass:1, current fixing endpoint: gen_regfile_ff.register_file_i.rf_reg_q\[733\]$_DFFE_PN0P_/D, endpoint slack:-2.3167779e-10
     1172 |       0 |      61 |       32 |     11 |    38 |   -0.324 |     -125.6 |    772 | gen_regfile_ff.register_file_i.rf_reg_q\[510\]$_DFFE_PN0P_/D
iter:1172, pass:2, current fixing endpoint: gen_regfile_ff.register_file_i.rf_reg_q\[733\]$_DFFE_PN0P_/D, endpoint slack:-2.3074254e-10
     1172 |       0 |      60 |       32 |     11 |    38 |   -0.321 |     -125.1 |    772 | gen_regfile_ff.register_file_i.rf_reg_q\[510\]$_DFFE_PN0P_/D
     1173 |       0 |      60 |       32 |     11 |    38 |   -0.321 |     -125.1 |    772 | gen_regfile_ff.register_file_i.rf_reg_q\[510\]$_DFFE_PN0P_/D
iter:1173, pass:1, current fixing endpoint: gen_regfile_ff.register_file_i.rf_reg_q\[61\]$_DFFE_PN0P_/D, endpoint slack:-2.3167224e-10
     1174 |       0 |      61 |       32 |     11 |    38 |   -0.324 |     -125.6 |    772 | gen_regfile_ff.register_file_i.rf_reg_q\[510\]$_DFFE_PN0P_/D
iter:1174, pass:2, current fixing endpoint: gen_regfile_ff.register_file_i.rf_reg_q\[61\]$_DFFE_PN0P_/D, endpoint slack:-2.3073699e-10
     1174 |       0 |      60 |       32 |     11 |    38 |   -0.321 |     -125.1 |    772 | gen_regfile_ff.register_file_i.rf_reg_q\[510\]$_DFFE_PN0P_/D
     1175 |       0 |      60 |       32 |     11 |    38 |   -0.321 |     -125.1 |    772 | gen_regfile_ff.register_file_i.rf_reg_q\[510\]$_DFFE_PN0P_/D
iter:1175, pass:1, current fixing endpoint: gen_regfile_ff.register_file_i.rf_reg_q\[509\]$_DFFE_PN0P_/D, endpoint slack:-2.3162006e-10
     1176 |       0 |      61 |       32 |     11 |    38 |   -0.324 |     -125.6 |    772 | gen_regfile_ff.register_file_i.rf_reg_q\[510\]$_DFFE_PN0P_/D
iter:1176, pass:2, current fixing endpoint: gen_regfile_ff.register_file_i.rf_reg_q\[509\]$_DFFE_PN0P_/D, endpoint slack:-2.306848e-10
     1176 |       0 |      60 |       32 |     11 |    38 |   -0.321 |     -125.1 |    772 | gen_regfile_ff.register_file_i.rf_reg_q\[510\]$_DFFE_PN0P_/D
     1177 |       0 |      60 |       32 |     11 |    38 |   -0.321 |     -125.1 |    772 | gen_regfile_ff.register_file_i.rf_reg_q\[510\]$_DFFE_PN0P_/D
iter:1177, pass:1, current fixing endpoint: gen_regfile_ff.register_file_i.rf_reg_q\[989\]$_DFFE_PN0P_/D, endpoint slack:-2.314664e-10
     1178 |       0 |      61 |       32 |     11 |    38 |   -0.324 |     -125.6 |    772 | gen_regfile_ff.register_file_i.rf_reg_q\[510\]$_DFFE_PN0P_/D
iter:1178, pass:2, current fixing endpoint: gen_regfile_ff.register_file_i.rf_reg_q\[989\]$_DFFE_PN0P_/D, endpoint slack:-2.3053115e-10
     1178 |       0 |      60 |       32 |     11 |    38 |   -0.321 |     -125.1 |    772 | gen_regfile_ff.register_file_i.rf_reg_q\[510\]$_DFFE_PN0P_/D
     1179 |       0 |      60 |       32 |     11 |    38 |   -0.321 |     -125.1 |    772 | gen_regfile_ff.register_file_i.rf_reg_q\[510\]$_DFFE_PN0P_/D
iter:1179, pass:1, current fixing endpoint: gen_regfile_ff.register_file_i.rf_reg_q\[573\]$_DFFE_PN0P_/D, endpoint slack:-2.3101365e-10
     1180 |       0 |      61 |       32 |     11 |    38 |   -0.324 |     -125.6 |    772 | gen_regfile_ff.register_file_i.rf_reg_q\[510\]$_DFFE_PN0P_/D
iter:1180, pass:2, current fixing endpoint: gen_regfile_ff.register_file_i.rf_reg_q\[573\]$_DFFE_PN0P_/D, endpoint slack:-2.300784e-10
     1180 |       0 |      60 |       32 |     11 |    38 |   -0.321 |     -125.1 |    772 | gen_regfile_ff.register_file_i.rf_reg_q\[510\]$_DFFE_PN0P_/D
     1181 |       0 |      60 |       32 |     11 |    38 |   -0.321 |     -125.1 |    772 | gen_regfile_ff.register_file_i.rf_reg_q\[510\]$_DFFE_PN0P_/D
iter:1181, pass:1, current fixing endpoint: gen_regfile_ff.register_file_i.rf_reg_q\[349\]$_DFFE_PN0P_/D, endpoint slack:-2.3045699e-10
     1182 |       0 |      61 |       32 |     11 |    38 |   -0.324 |     -125.6 |    772 | gen_regfile_ff.register_file_i.rf_reg_q\[510\]$_DFFE_PN0P_/D
iter:1182, pass:2, current fixing endpoint: gen_regfile_ff.register_file_i.rf_reg_q\[349\]$_DFFE_PN0P_/D, endpoint slack:-2.2952173e-10
     1182 |       0 |      60 |       32 |     11 |    38 |   -0.321 |     -125.1 |    772 | gen_regfile_ff.register_file_i.rf_reg_q\[510\]$_DFFE_PN0P_/D
     1183 |       0 |      60 |       32 |     11 |    38 |   -0.321 |     -125.1 |    772 | gen_regfile_ff.register_file_i.rf_reg_q\[510\]$_DFFE_PN0P_/D
iter:1183, pass:1, current fixing endpoint: gen_regfile_ff.register_file_i.rf_reg_q\[829\]$_DFFE_PN0P_/D, endpoint slack:-2.3032998e-10
     1184 |       0 |      61 |       32 |     11 |    38 |   -0.324 |     -125.6 |    772 | gen_regfile_ff.register_file_i.rf_reg_q\[510\]$_DFFE_PN0P_/D
iter:1184, pass:2, current fixing endpoint: gen_regfile_ff.register_file_i.rf_reg_q\[829\]$_DFFE_PN0P_/D, endpoint slack:-2.2939473e-10
     1184 |       0 |      60 |       32 |     11 |    38 |   -0.321 |     -125.1 |    772 | gen_regfile_ff.register_file_i.rf_reg_q\[510\]$_DFFE_PN0P_/D
     1185 |       0 |      60 |       32 |     11 |    38 |   -0.321 |     -125.1 |    772 | gen_regfile_ff.register_file_i.rf_reg_q\[510\]$_DFFE_PN0P_/D
iter:1185, pass:1, current fixing endpoint: gen_regfile_ff.register_file_i.rf_reg_q\[541\]$_DFFE_PN0P_/D, endpoint slack:-2.299756e-10
     1186 |       0 |      61 |       32 |     11 |    38 |   -0.324 |     -125.6 |    772 | gen_regfile_ff.register_file_i.rf_reg_q\[510\]$_DFFE_PN0P_/D
iter:1186, pass:2, current fixing endpoint: gen_regfile_ff.register_file_i.rf_reg_q\[541\]$_DFFE_PN0P_/D, endpoint slack:-2.2904034e-10
     1186 |       0 |      60 |       32 |     11 |    38 |   -0.321 |     -125.1 |    772 | gen_regfile_ff.register_file_i.rf_reg_q\[510\]$_DFFE_PN0P_/D
     1187 |       0 |      60 |       32 |     11 |    38 |   -0.321 |     -125.1 |    772 | gen_regfile_ff.register_file_i.rf_reg_q\[510\]$_DFFE_PN0P_/D
iter:1187, pass:1, current fixing endpoint: gen_regfile_ff.register_file_i.rf_reg_q\[285\]$_DFFE_PN0P_/D, endpoint slack:-2.2990743e-10
     1188 |       0 |      61 |       32 |     11 |    38 |   -0.324 |     -125.6 |    772 | gen_regfile_ff.register_file_i.rf_reg_q\[510\]$_DFFE_PN0P_/D
iter:1188, pass:2, current fixing endpoint: gen_regfile_ff.register_file_i.rf_reg_q\[285\]$_DFFE_PN0P_/D, endpoint slack:-2.2897217e-10
     1188 |       0 |      60 |       32 |     11 |    38 |   -0.321 |     -125.1 |    772 | gen_regfile_ff.register_file_i.rf_reg_q\[510\]$_DFFE_PN0P_/D
     1189 |       0 |      60 |       32 |     11 |    38 |   -0.321 |     -125.1 |    772 | gen_regfile_ff.register_file_i.rf_reg_q\[510\]$_DFFE_PN0P_/D
iter:1189, pass:1, current fixing endpoint: gen_regfile_ff.register_file_i.rf_reg_q\[861\]$_DFFE_PN0P_/D, endpoint slack:-2.2933322e-10
     1190 |       0 |      61 |       32 |     11 |    38 |   -0.324 |     -125.6 |    772 | gen_regfile_ff.register_file_i.rf_reg_q\[510\]$_DFFE_PN0P_/D
iter:1190, pass:2, current fixing endpoint: gen_regfile_ff.register_file_i.rf_reg_q\[861\]$_DFFE_PN0P_/D, endpoint slack:-2.2839797e-10
     1190 |       0 |      60 |       32 |     11 |    38 |   -0.321 |     -125.1 |    772 | gen_regfile_ff.register_file_i.rf_reg_q\[510\]$_DFFE_PN0P_/D
     1191 |       0 |      60 |       32 |     11 |    38 |   -0.321 |     -125.1 |    772 | gen_regfile_ff.register_file_i.rf_reg_q\[510\]$_DFFE_PN0P_/D
iter:1191, pass:1, current fixing endpoint: gen_regfile_ff.register_file_i.rf_reg_q\[886\]$_DFFE_PN0P_/D, endpoint slack:-2.2751712e-10
     1192 |       0 |      61 |       32 |     11 |    38 |   -0.321 |     -125.8 |    772 | gen_regfile_ff.register_file_i.rf_reg_q\[510\]$_DFFE_PN0P_/D
iter:1192, pass:2, current fixing endpoint: gen_regfile_ff.register_file_i.rf_reg_q\[886\]$_DFFE_PN0P_/D, endpoint slack:-2.2766411e-10
     1192 |       0 |      60 |       32 |     11 |    38 |   -0.321 |     -125.1 |    772 | gen_regfile_ff.register_file_i.rf_reg_q\[510\]$_DFFE_PN0P_/D
     1193 |       0 |      60 |       32 |     11 |    38 |   -0.321 |     -125.1 |    772 | gen_regfile_ff.register_file_i.rf_reg_q\[510\]$_DFFE_PN0P_/D
iter:1193, pass:1, current fixing endpoint: gen_regfile_ff.register_file_i.rf_reg_q\[607\]$_DFFE_PN0P_/D, endpoint slack:-2.2320013e-10
     1194 |       0 |      61 |       32 |     11 |    38 |   -0.321 |     -125.2 |    772 | gen_regfile_ff.register_file_i.rf_reg_q\[510\]$_DFFE_PN0P_/D
iter:1194, pass:2, current fixing endpoint: gen_regfile_ff.register_file_i.rf_reg_q\[607\]$_DFFE_PN0P_/D, endpoint slack:-2.1868396e-10
     1195 |       0 |      62 |       32 |     11 |    38 |   -0.324 |     -125.6 |    772 | gen_regfile_ff.register_file_i.rf_reg_q\[510\]$_DFFE_PN0P_/D
iter:1195, pass:3, current fixing endpoint: gen_regfile_ff.register_file_i.rf_reg_q\[607\]$_DFFE_PN0P_/D, endpoint slack:-2.1774871e-10
     1195 |       0 |      61 |       32 |     11 |    38 |   -0.321 |     -125.2 |    772 | gen_regfile_ff.register_file_i.rf_reg_q\[510\]$_DFFE_PN0P_/D
     1196 |       0 |      61 |       32 |     11 |    38 |   -0.321 |     -125.2 |    772 | gen_regfile_ff.register_file_i.rf_reg_q\[510\]$_DFFE_PN0P_/D
iter:1196, pass:1, current fixing endpoint: gen_regfile_ff.register_file_i.rf_reg_q\[959\]$_DFFE_PN0P_/D, endpoint slack:-2.1841728e-10
     1197 |       0 |      62 |       32 |     11 |    38 |   -0.324 |     -125.6 |    772 | gen_regfile_ff.register_file_i.rf_reg_q\[510\]$_DFFE_PN0P_/D
iter:1197, pass:2, current fixing endpoint: gen_regfile_ff.register_file_i.rf_reg_q\[959\]$_DFFE_PN0P_/D, endpoint slack:-2.1748203e-10
     1197 |       0 |      61 |       32 |     11 |    38 |   -0.321 |     -125.2 |    772 | gen_regfile_ff.register_file_i.rf_reg_q\[510\]$_DFFE_PN0P_/D
     1198 |       0 |      61 |       32 |     11 |    38 |   -0.321 |     -125.2 |    772 | gen_regfile_ff.register_file_i.rf_reg_q\[510\]$_DFFE_PN0P_/D
iter:1198, pass:1, current fixing endpoint: gen_regfile_ff.register_file_i.rf_reg_q\[287\]$_DFFE_PN0P_/D, endpoint slack:-2.1785107e-10
     1199 |       0 |      62 |       32 |     11 |    38 |   -0.324 |     -125.6 |    772 | gen_regfile_ff.register_file_i.rf_reg_q\[510\]$_DFFE_PN0P_/D
iter:1199, pass:2, current fixing endpoint: gen_regfile_ff.register_file_i.rf_reg_q\[287\]$_DFFE_PN0P_/D, endpoint slack:-2.1691582e-10
     1199 |       0 |      61 |       32 |     11 |    38 |   -0.321 |     -125.2 |    772 | gen_regfile_ff.register_file_i.rf_reg_q\[510\]$_DFFE_PN0P_/D
     1200 |       0 |      61 |       32 |     11 |    38 |   -0.321 |     -125.2 |    772 | gen_regfile_ff.register_file_i.rf_reg_q\[510\]$_DFFE_PN0P_/D
iter:1200, pass:1, current fixing endpoint: gen_regfile_ff.register_file_i.rf_reg_q\[767\]$_DFFE_PN0P_/D, endpoint slack:-2.2441271e-10
     1201 |       0 |      62 |       32 |     11 |    38 |   -0.321 |     -125.2 |    772 | gen_regfile_ff.register_file_i.rf_reg_q\[510\]$_DFFE_PN0P_/D
iter:1201, pass:2, current fixing endpoint: gen_regfile_ff.register_file_i.rf_reg_q\[767\]$_DFFE_PN0P_/D, endpoint slack:-2.2038682e-10
     1202 |       0 |      63 |       32 |     11 |    38 |   -0.324 |     -125.6 |    772 | gen_regfile_ff.register_file_i.rf_reg_q\[510\]$_DFFE_PN0P_/D
iter:1202, pass:3, current fixing endpoint: gen_regfile_ff.register_file_i.rf_reg_q\[767\]$_DFFE_PN0P_/D, endpoint slack:-2.1945157e-10
     1202 |       0 |      62 |       32 |     11 |    38 |   -0.321 |     -125.2 |    772 | gen_regfile_ff.register_file_i.rf_reg_q\[510\]$_DFFE_PN0P_/D
     1203 |       0 |      62 |       32 |     11 |    38 |   -0.321 |     -125.2 |    772 | gen_regfile_ff.register_file_i.rf_reg_q\[510\]$_DFFE_PN0P_/D
iter:1203, pass:1, current fixing endpoint: gen_regfile_ff.register_file_i.rf_reg_q\[831\]$_DFFE_PN0P_/D, endpoint slack:-2.202023e-10
     1204 |       0 |      63 |       32 |     11 |    38 |   -0.324 |     -125.6 |    772 | gen_regfile_ff.register_file_i.rf_reg_q\[510\]$_DFFE_PN0P_/D
iter:1204, pass:2, current fixing endpoint: gen_regfile_ff.register_file_i.rf_reg_q\[831\]$_DFFE_PN0P_/D, endpoint slack:-2.1926705e-10
     1204 |       0 |      62 |       32 |     11 |    38 |   -0.321 |     -125.2 |    772 | gen_regfile_ff.register_file_i.rf_reg_q\[510\]$_DFFE_PN0P_/D
     1205 |       0 |      62 |       32 |     11 |    38 |   -0.321 |     -125.2 |    772 | gen_regfile_ff.register_file_i.rf_reg_q\[510\]$_DFFE_PN0P_/D
iter:1205, pass:1, current fixing endpoint: gen_regfile_ff.register_file_i.rf_reg_q\[479\]$_DFFE_PN0P_/D, endpoint slack:-2.1973245e-10
     1206 |       0 |      63 |       32 |     11 |    38 |   -0.324 |     -125.6 |    772 | gen_regfile_ff.register_file_i.rf_reg_q\[510\]$_DFFE_PN0P_/D
iter:1206, pass:2, current fixing endpoint: gen_regfile_ff.register_file_i.rf_reg_q\[479\]$_DFFE_PN0P_/D, endpoint slack:-2.187972e-10
     1206 |       0 |      62 |       32 |     11 |    38 |   -0.321 |     -125.2 |    772 | gen_regfile_ff.register_file_i.rf_reg_q\[510\]$_DFFE_PN0P_/D
     1207 |       0 |      62 |       32 |     11 |    38 |   -0.321 |     -125.2 |    772 | gen_regfile_ff.register_file_i.rf_reg_q\[510\]$_DFFE_PN0P_/D
iter:1207, pass:1, current fixing endpoint: gen_regfile_ff.register_file_i.rf_reg_q\[799\]$_DFFE_PN0P_/D, endpoint slack:-2.1954061e-10
     1208 |       0 |      63 |       32 |     11 |    38 |   -0.324 |     -125.6 |    772 | gen_regfile_ff.register_file_i.rf_reg_q\[510\]$_DFFE_PN0P_/D
iter:1208, pass:2, current fixing endpoint: gen_regfile_ff.register_file_i.rf_reg_q\[799\]$_DFFE_PN0P_/D, endpoint slack:-2.1860536e-10
     1208 |       0 |      62 |       32 |     11 |    38 |   -0.321 |     -125.2 |    772 | gen_regfile_ff.register_file_i.rf_reg_q\[510\]$_DFFE_PN0P_/D
     1209 |       0 |      62 |       32 |     11 |    38 |   -0.321 |     -125.2 |    772 | gen_regfile_ff.register_file_i.rf_reg_q\[510\]$_DFFE_PN0P_/D
iter:1209, pass:1, current fixing endpoint: instr_addr_o[28], endpoint slack:-2.2109203e-10
     1210 |       0 |      63 |       32 |     11 |    38 |   -0.321 |     -125.2 |    772 | gen_regfile_ff.register_file_i.rf_reg_q\[510\]$_DFFE_PN0P_/D
iter:1210, pass:2, current fixing endpoint: instr_addr_o[28], endpoint slack:-2.2219471e-10
     1211 |       0 |      64 |       32 |     11 |    38 |   -0.321 |     -125.0 |    772 | gen_regfile_ff.register_file_i.rf_reg_q\[510\]$_DFFE_PN0P_/D
iter:1211, pass:3, current fixing endpoint: instr_addr_o[28], endpoint slack:-2.1499802e-10
     1212 |       0 |      65 |       32 |     11 |    38 |   -0.321 |     -125.1 |    772 | gen_regfile_ff.register_file_i.rf_reg_q\[510\]$_DFFE_PN0P_/D
iter:1212, pass:4, current fixing endpoint: instr_addr_o[28], endpoint slack:-2.1698376e-10
     1213 |       0 |      66 |       32 |     11 |    38 |   -0.321 |     -125.1 |    772 | gen_regfile_ff.register_file_i.rf_reg_q\[510\]$_DFFE_PN0P_/D
iter:1213, pass:5, current fixing endpoint: instr_addr_o[28], endpoint slack:-2.1462454e-10
     1214 |       0 |      67 |       32 |     11 |    38 |   -0.321 |     -125.0 |    772 | gen_regfile_ff.register_file_i.rf_reg_q\[510\]$_DFFE_PN0P_/D
iter:1214, pass:6, current fixing endpoint: instr_addr_o[28], endpoint slack:-2.136753e-10
     1215 |       0 |      67 |       35 |     11 |    38 |   -0.321 |     -125.0 |    772 | gen_regfile_ff.register_file_i.rf_reg_q\[510\]$_DFFE_PN0P_/D
iter:1215, pass:7, current fixing endpoint: instr_addr_o[28], endpoint slack:-2.1094437e-10
     1216 |       0 |      68 |       35 |     11 |    38 |   -0.321 |     -125.0 |    772 | gen_regfile_ff.register_file_i.rf_reg_q\[510\]$_DFFE_PN0P_/D
iter:1216, pass:8, current fixing endpoint: instr_addr_o[28], endpoint slack:-2.0934299e-10
     1217 |       0 |      69 |       35 |     11 |    38 |   -0.321 |     -124.9 |    772 | gen_regfile_ff.register_file_i.rf_reg_q\[510\]$_DFFE_PN0P_/D
iter:1217, pass:9, current fixing endpoint: instr_addr_o[28], endpoint slack:-2.0756619e-10
     1217 |       0 |      69 |       35 |     11 |    38 |   -0.321 |     -124.9 |    772 | gen_regfile_ff.register_file_i.rf_reg_q\[510\]$_DFFE_PN0P_/D
     1218 |       0 |      69 |       35 |     11 |    38 |   -0.321 |     -124.9 |    772 | gen_regfile_ff.register_file_i.rf_reg_q\[510\]$_DFFE_PN0P_/D
iter:1218, pass:1, current fixing endpoint: gen_regfile_ff.register_file_i.rf_reg_q\[735\]$_DFFE_PN0P_/D, endpoint slack:-2.188203e-10
     1219 |       0 |      70 |       35 |     11 |    38 |   -0.324 |     -125.3 |    772 | gen_regfile_ff.register_file_i.rf_reg_q\[510\]$_DFFE_PN0P_/D
iter:1219, pass:2, current fixing endpoint: gen_regfile_ff.register_file_i.rf_reg_q\[735\]$_DFFE_PN0P_/D, endpoint slack:-2.1788504e-10
     1219 |       0 |      69 |       35 |     11 |    38 |   -0.321 |     -124.9 |    772 | gen_regfile_ff.register_file_i.rf_reg_q\[510\]$_DFFE_PN0P_/D
     1220 |       0 |      69 |       35 |     11 |    38 |   -0.321 |     -124.9 |    772 | gen_regfile_ff.register_file_i.rf_reg_q\[510\]$_DFFE_PN0P_/D
iter:1220, pass:1, current fixing endpoint: gen_regfile_ff.register_file_i.rf_reg_q\[415\]$_DFFE_PN0P_/D, endpoint slack:-2.1926194e-10
     1221 |       0 |      70 |       35 |     11 |    38 |   -0.324 |     -125.3 |    772 | gen_regfile_ff.register_file_i.rf_reg_q\[510\]$_DFFE_PN0P_/D
iter:1221, pass:2, current fixing endpoint: gen_regfile_ff.register_file_i.rf_reg_q\[415\]$_DFFE_PN0P_/D, endpoint slack:-2.1832669e-10
     1221 |       0 |      69 |       35 |     11 |    38 |   -0.321 |     -124.9 |    772 | gen_regfile_ff.register_file_i.rf_reg_q\[510\]$_DFFE_PN0P_/D
     1222 |       0 |      69 |       35 |     11 |    38 |   -0.321 |     -124.9 |    772 | gen_regfile_ff.register_file_i.rf_reg_q\[510\]$_DFFE_PN0P_/D
iter:1222, pass:1, current fixing endpoint: gen_regfile_ff.register_file_i.rf_reg_q\[671\]$_DFFE_PN0P_/D, endpoint slack:-2.1822988e-10
     1223 |       0 |      70 |       35 |     11 |    38 |   -0.324 |     -125.3 |    772 | gen_regfile_ff.register_file_i.rf_reg_q\[510\]$_DFFE_PN0P_/D
iter:1223, pass:2, current fixing endpoint: gen_regfile_ff.register_file_i.rf_reg_q\[671\]$_DFFE_PN0P_/D, endpoint slack:-2.1729463e-10
     1223 |       0 |      69 |       35 |     11 |    38 |   -0.321 |     -124.9 |    772 | gen_regfile_ff.register_file_i.rf_reg_q\[510\]$_DFFE_PN0P_/D
     1224 |       0 |      69 |       35 |     11 |    38 |   -0.321 |     -124.9 |    772 | gen_regfile_ff.register_file_i.rf_reg_q\[510\]$_DFFE_PN0P_/D
iter:1224, pass:1, current fixing endpoint: gen_regfile_ff.register_file_i.rf_reg_q\[889\]$_DFFE_PN0P_/D, endpoint slack:-2.232885e-10
     1225 |       0 |      70 |       35 |     11 |    38 |   -0.324 |     -125.3 |    772 | gen_regfile_ff.register_file_i.rf_reg_q\[510\]$_DFFE_PN0P_/D
iter:1225, pass:2, current fixing endpoint: gen_regfile_ff.register_file_i.rf_reg_q\[889\]$_DFFE_PN0P_/D, endpoint slack:-2.2235325e-10
     1225 |       0 |      69 |       35 |     11 |    38 |   -0.321 |     -124.9 |    772 | gen_regfile_ff.register_file_i.rf_reg_q\[510\]$_DFFE_PN0P_/D
     1226 |       0 |      69 |       35 |     11 |    38 |   -0.321 |     -124.9 |    772 | gen_regfile_ff.register_file_i.rf_reg_q\[510\]$_DFFE_PN0P_/D
iter:1226, pass:1, current fixing endpoint: gen_regfile_ff.register_file_i.rf_reg_q\[543\]$_DFFE_PN0P_/D, endpoint slack:-2.2271696e-10
     1227 |       0 |      70 |       35 |     11 |    38 |   -0.324 |     -125.3 |    772 | gen_regfile_ff.register_file_i.rf_reg_q\[510\]$_DFFE_PN0P_/D
iter:1227, pass:2, current fixing endpoint: gen_regfile_ff.register_file_i.rf_reg_q\[543\]$_DFFE_PN0P_/D, endpoint slack:-2.217817e-10
     1227 |       0 |      69 |       35 |     11 |    38 |   -0.321 |     -124.9 |    772 | gen_regfile_ff.register_file_i.rf_reg_q\[510\]$_DFFE_PN0P_/D
     1228 |       0 |      69 |       35 |     11 |    38 |   -0.321 |     -124.9 |    772 | gen_regfile_ff.register_file_i.rf_reg_q\[510\]$_DFFE_PN0P_/D
iter:1228, pass:1, current fixing endpoint: gen_regfile_ff.register_file_i.rf_reg_q\[639\]$_DFFE_PN0P_/D, endpoint slack:-2.2233215e-10
     1229 |       0 |      70 |       35 |     11 |    38 |   -0.324 |     -125.3 |    772 | gen_regfile_ff.register_file_i.rf_reg_q\[510\]$_DFFE_PN0P_/D
iter:1229, pass:2, current fixing endpoint: gen_regfile_ff.register_file_i.rf_reg_q\[639\]$_DFFE_PN0P_/D, endpoint slack:-2.213969e-10
     1229 |       0 |      69 |       35 |     11 |    38 |   -0.321 |     -124.9 |    772 | gen_regfile_ff.register_file_i.rf_reg_q\[510\]$_DFFE_PN0P_/D
     1230 |       0 |      69 |       35 |     11 |    38 |   -0.321 |     -124.9 |    772 | gen_regfile_ff.register_file_i.rf_reg_q\[510\]$_DFFE_PN0P_/D
iter:1230, pass:1, current fixing endpoint: gen_regfile_ff.register_file_i.rf_reg_q\[991\]$_DFFE_PN0P_/D, endpoint slack:-2.2230329e-10
     1231 |       0 |      70 |       35 |     11 |    38 |   -0.324 |     -125.3 |    772 | gen_regfile_ff.register_file_i.rf_reg_q\[510\]$_DFFE_PN0P_/D
iter:1231, pass:2, current fixing endpoint: gen_regfile_ff.register_file_i.rf_reg_q\[991\]$_DFFE_PN0P_/D, endpoint slack:-2.2136804e-10
     1231 |       0 |      69 |       35 |     11 |    38 |   -0.321 |     -124.9 |    772 | gen_regfile_ff.register_file_i.rf_reg_q\[510\]$_DFFE_PN0P_/D
     1232 |       0 |      69 |       35 |     11 |    38 |   -0.321 |     -124.9 |    772 | gen_regfile_ff.register_file_i.rf_reg_q\[510\]$_DFFE_PN0P_/D
iter:1232, pass:1, current fixing endpoint: gen_regfile_ff.register_file_i.rf_reg_q\[703\]$_DFFE_PN0P_/D, endpoint slack:-2.214684e-10
     1233 |       0 |      70 |       35 |     11 |    38 |   -0.324 |     -125.3 |    772 | gen_regfile_ff.register_file_i.rf_reg_q\[510\]$_DFFE_PN0P_/D
iter:1233, pass:2, current fixing endpoint: gen_regfile_ff.register_file_i.rf_reg_q\[703\]$_DFFE_PN0P_/D, endpoint slack:-2.2053315e-10
     1233 |       0 |      69 |       35 |     11 |    38 |   -0.321 |     -124.9 |    772 | gen_regfile_ff.register_file_i.rf_reg_q\[510\]$_DFFE_PN0P_/D
     1234 |       0 |      69 |       35 |     11 |    38 |   -0.321 |     -124.9 |    772 | gen_regfile_ff.register_file_i.rf_reg_q\[510\]$_DFFE_PN0P_/D
iter:1234, pass:1, current fixing endpoint: gen_regfile_ff.register_file_i.rf_reg_q\[127\]$_DFFE_PN0P_/D, endpoint slack:-2.2157587e-10
     1235 |       0 |      70 |       35 |     11 |    38 |   -0.324 |     -125.3 |    772 | gen_regfile_ff.register_file_i.rf_reg_q\[510\]$_DFFE_PN0P_/D
iter:1235, pass:2, current fixing endpoint: gen_regfile_ff.register_file_i.rf_reg_q\[127\]$_DFFE_PN0P_/D, endpoint slack:-2.2064062e-10
     1235 |       0 |      69 |       35 |     11 |    38 |   -0.321 |     -124.9 |    772 | gen_regfile_ff.register_file_i.rf_reg_q\[510\]$_DFFE_PN0P_/D
     1236 |       0 |      69 |       35 |     11 |    38 |   -0.321 |     -124.9 |    772 | gen_regfile_ff.register_file_i.rf_reg_q\[510\]$_DFFE_PN0P_/D
iter:1236, pass:1, current fixing endpoint: gen_regfile_ff.register_file_i.rf_reg_q\[191\]$_DFFE_PN0P_/D, endpoint slack:-2.2149083e-10
     1237 |       0 |      70 |       35 |     11 |    38 |   -0.324 |     -125.3 |    772 | gen_regfile_ff.register_file_i.rf_reg_q\[510\]$_DFFE_PN0P_/D
iter:1237, pass:2, current fixing endpoint: gen_regfile_ff.register_file_i.rf_reg_q\[191\]$_DFFE_PN0P_/D, endpoint slack:-2.2055557e-10
     1237 |       0 |      69 |       35 |     11 |    38 |   -0.321 |     -124.9 |    772 | gen_regfile_ff.register_file_i.rf_reg_q\[510\]$_DFFE_PN0P_/D
     1238 |       0 |      69 |       35 |     11 |    38 |   -0.321 |     -124.9 |    772 | gen_regfile_ff.register_file_i.rf_reg_q\[510\]$_DFFE_PN0P_/D
iter:1238, pass:1, current fixing endpoint: gen_regfile_ff.register_file_i.rf_reg_q\[504\]$_DFFE_PN0P_/D, endpoint slack:-2.1639512e-10
     1239 |       0 |      70 |       35 |     11 |    38 |   -0.321 |     -125.0 |    772 | gen_regfile_ff.register_file_i.rf_reg_q\[510\]$_DFFE_PN0P_/D
iter:1239, pass:2, current fixing endpoint: gen_regfile_ff.register_file_i.rf_reg_q\[504\]$_DFFE_PN0P_/D, endpoint slack:-2.204219e-10
     1240 |       0 |      71 |       35 |     11 |    38 |   -0.321 |     -124.4 |    772 | gen_regfile_ff.register_file_i.rf_reg_q\[510\]$_DFFE_PN0P_/D
iter:1240, pass:3, current fixing endpoint: gen_regfile_ff.register_file_i.rf_reg_q\[504\]$_DFFE_PN0P_/D, endpoint slack:-2.0241142e-10
     1241 |       0 |      72 |       35 |     11 |    38 |   -0.321 |     -124.3 |    772 | gen_regfile_ff.register_file_i.rf_reg_q\[510\]$_DFFE_PN0P_/D
iter:1241, pass:4, current fixing endpoint: gen_regfile_ff.register_file_i.rf_reg_q\[504\]$_DFFE_PN0P_/D, endpoint slack:-1.897269e-10
     1242 |       0 |      73 |       35 |     11 |    38 |   -0.321 |     -124.2 |    772 | gen_regfile_ff.register_file_i.rf_reg_q\[510\]$_DFFE_PN0P_/D
iter:1242, pass:5, current fixing endpoint: gen_regfile_ff.register_file_i.rf_reg_q\[504\]$_DFFE_PN0P_/D, endpoint slack:-1.8805912e-10
     1243 |       0 |      73 |       35 |     11 |    39 |   -0.321 |     -125.4 |    772 | gen_regfile_ff.register_file_i.rf_reg_q\[510\]$_DFFE_PN0P_/D
iter:1243, pass:6, current fixing endpoint: gen_regfile_ff.register_file_i.rf_reg_q\[504\]$_DFFE_PN0P_/D, endpoint slack:-2.2464897e-10
     1244 |       0 |      73 |       35 |     11 |    40 |   -0.321 |     -125.4 |    772 | gen_regfile_ff.register_file_i.rf_reg_q\[510\]$_DFFE_PN0P_/D
iter:1244, pass:7, current fixing endpoint: gen_regfile_ff.register_file_i.rf_reg_q\[504\]$_DFFE_PN0P_/D, endpoint slack:-2.2434676e-10
     1245 |       0 |      74 |       35 |     11 |    40 |   -0.321 |     -125.4 |    772 | gen_regfile_ff.register_file_i.rf_reg_q\[510\]$_DFFE_PN0P_/D
iter:1245, pass:8, current fixing endpoint: gen_regfile_ff.register_file_i.rf_reg_q\[504\]$_DFFE_PN0P_/D, endpoint slack:-2.2278757e-10
     1246 |       0 |      74 |       35 |     12 |    40 |   -0.321 |     -125.5 |    772 | gen_regfile_ff.register_file_i.rf_reg_q\[510\]$_DFFE_PN0P_/D
iter:1246, pass:9, current fixing endpoint: gen_regfile_ff.register_file_i.rf_reg_q\[504\]$_DFFE_PN0P_/D, endpoint slack:-2.2385516e-10
     1247 |       0 |      75 |       35 |     12 |    40 |   -0.324 |     -125.8 |    772 | gen_regfile_ff.register_file_i.rf_reg_q\[510\]$_DFFE_PN0P_/D
iter:1247, pass:10, current fixing endpoint: gen_regfile_ff.register_file_i.rf_reg_q\[504\]$_DFFE_PN0P_/D, endpoint slack:-2.2434987e-10
     1248 |       0 |      75 |       35 |     12 |    41 |   -0.324 |     -125.8 |    772 | gen_regfile_ff.register_file_i.rf_reg_q\[510\]$_DFFE_PN0P_/D
iter:1248, pass:11, current fixing endpoint: gen_regfile_ff.register_file_i.rf_reg_q\[504\]$_DFFE_PN0P_/D, endpoint slack:-2.2246804e-10
     1249 |       0 |      76 |       35 |     12 |    41 |   -0.324 |     -126.4 |    772 | gen_regfile_ff.register_file_i.rf_reg_q\[510\]$_DFFE_PN0P_/D
iter:1249, pass:12, current fixing endpoint: gen_regfile_ff.register_file_i.rf_reg_q\[504\]$_DFFE_PN0P_/D, endpoint slack:-2.2261482e-10
     1249 |       0 |      73 |       35 |     11 |    38 |   -0.321 |     -124.2 |    772 | gen_regfile_ff.register_file_i.rf_reg_q\[510\]$_DFFE_PN0P_/D
     1250 |       0 |      73 |       35 |     11 |    38 |   -0.321 |     -124.2 |    772 | gen_regfile_ff.register_file_i.rf_reg_q\[510\]$_DFFE_PN0P_/D
iter:1250, pass:1, current fixing endpoint: gen_regfile_ff.register_file_i.rf_reg_q\[223\]$_DFFE_PN0P_/D, endpoint slack:-2.2069568e-10
     1251 |       0 |      74 |       35 |     11 |    38 |   -0.323 |     -124.6 |    772 | gen_regfile_ff.register_file_i.rf_reg_q\[510\]$_DFFE_PN0P_/D
iter:1251, pass:2, current fixing endpoint: gen_regfile_ff.register_file_i.rf_reg_q\[223\]$_DFFE_PN0P_/D, endpoint slack:-2.1975688e-10
     1251 |       0 |      73 |       35 |     11 |    38 |   -0.321 |     -124.2 |    772 | gen_regfile_ff.register_file_i.rf_reg_q\[510\]$_DFFE_PN0P_/D
     1252 |       0 |      73 |       35 |     11 |    38 |   -0.321 |     -124.2 |    772 | gen_regfile_ff.register_file_i.rf_reg_q\[510\]$_DFFE_PN0P_/D
iter:1252, pass:1, current fixing endpoint: gen_regfile_ff.register_file_i.rf_reg_q\[56\]$_DFFE_PN0P_/D, endpoint slack:-1.8726087e-10
     1253 |       0 |      74 |       35 |     11 |    38 |   -0.321 |     -124.2 |    772 | gen_regfile_ff.register_file_i.rf_reg_q\[510\]$_DFFE_PN0P_/D
iter:1253, pass:2, current fixing endpoint: gen_regfile_ff.register_file_i.rf_reg_q\[56\]$_DFFE_PN0P_/D, endpoint slack:-1.8558133e-10
     1254 |       0 |      74 |       35 |     12 |    38 |   -0.321 |     -124.5 |    772 | gen_regfile_ff.register_file_i.rf_reg_q\[510\]$_DFFE_PN0P_/D
iter:1254, pass:3, current fixing endpoint: gen_regfile_ff.register_file_i.rf_reg_q\[56\]$_DFFE_PN0P_/D, endpoint slack:-1.8628321e-10
     1255 |       0 |      75 |       35 |     12 |    38 |   -0.324 |     -124.8 |    772 | gen_regfile_ff.register_file_i.rf_reg_q\[510\]$_DFFE_PN0P_/D
iter:1255, pass:4, current fixing endpoint: gen_regfile_ff.register_file_i.rf_reg_q\[56\]$_DFFE_PN0P_/D, endpoint slack:-1.8677793e-10
     1256 |       0 |      76 |       35 |     12 |    38 |   -0.324 |     -125.5 |    772 | gen_regfile_ff.register_file_i.rf_reg_q\[510\]$_DFFE_PN0P_/D
iter:1256, pass:5, current fixing endpoint: gen_regfile_ff.register_file_i.rf_reg_q\[56\]$_DFFE_PN0P_/D, endpoint slack:-1.8693913e-10
     1256 |       0 |      74 |       35 |     11 |    38 |   -0.321 |     -124.2 |    772 | gen_regfile_ff.register_file_i.rf_reg_q\[510\]$_DFFE_PN0P_/D
     1257 |       0 |      74 |       35 |     11 |    38 |   -0.321 |     -124.2 |    772 | gen_regfile_ff.register_file_i.rf_reg_q\[510\]$_DFFE_PN0P_/D
iter:1257, pass:1, current fixing endpoint: gen_regfile_ff.register_file_i.rf_reg_q\[988\]$_DFFE_PN0P_/D, endpoint slack:-2.1570945e-10
     1258 |       0 |      75 |       35 |     11 |    38 |   -0.321 |     -124.3 |    772 | gen_regfile_ff.register_file_i.rf_reg_q\[510\]$_DFFE_PN0P_/D
iter:1258, pass:2, current fixing endpoint: gen_regfile_ff.register_file_i.rf_reg_q\[988\]$_DFFE_PN0P_/D, endpoint slack:-2.1816793e-10
     1259 |       0 |      76 |       35 |     11 |    38 |   -0.321 |     -125.0 |    772 | gen_regfile_ff.register_file_i.rf_reg_q\[510\]$_DFFE_PN0P_/D
iter:1259, pass:3, current fixing endpoint: gen_regfile_ff.register_file_i.rf_reg_q\[988\]$_DFFE_PN0P_/D, endpoint slack:-2.1832869e-10
     1259 |       0 |      74 |       35 |     11 |    38 |   -0.321 |     -124.3 |    772 | gen_regfile_ff.register_file_i.rf_reg_q\[510\]$_DFFE_PN0P_/D
     1260 |       0 |      74 |       35 |     11 |    38 |   -0.321 |     -124.3 |    772 | gen_regfile_ff.register_file_i.rf_reg_q\[510\]$_DFFE_PN0P_/D
iter:1260, pass:1, current fixing endpoint: gen_regfile_ff.register_file_i.rf_reg_q\[31\]$_DFFE_PN0P_/D, endpoint slack:-2.2036972e-10
     1261 |       0 |      75 |       35 |     11 |    38 |   -0.324 |     -124.7 |    772 | gen_regfile_ff.register_file_i.rf_reg_q\[510\]$_DFFE_PN0P_/D
iter:1261, pass:2, current fixing endpoint: gen_regfile_ff.register_file_i.rf_reg_q\[31\]$_DFFE_PN0P_/D, endpoint slack:-2.1943447e-10
     1261 |       0 |      74 |       35 |     11 |    38 |   -0.321 |     -124.3 |    772 | gen_regfile_ff.register_file_i.rf_reg_q\[510\]$_DFFE_PN0P_/D
     1262 |       0 |      74 |       35 |     11 |    38 |   -0.321 |     -124.3 |    772 | gen_regfile_ff.register_file_i.rf_reg_q\[510\]$_DFFE_PN0P_/D
iter:1262, pass:1, current fixing endpoint: gen_regfile_ff.register_file_i.rf_reg_q\[568\]$_DFFE_PN0P_/D, endpoint slack:-1.853897e-10
     1263 |       0 |      74 |       35 |     12 |    38 |   -0.321 |     -124.5 |    772 | gen_regfile_ff.register_file_i.rf_reg_q\[510\]$_DFFE_PN0P_/D
iter:1263, pass:2, current fixing endpoint: gen_regfile_ff.register_file_i.rf_reg_q\[568\]$_DFFE_PN0P_/D, endpoint slack:-1.8627255e-10
     1264 |       0 |      75 |       35 |     12 |    38 |   -0.324 |     -124.8 |    772 | gen_regfile_ff.register_file_i.rf_reg_q\[510\]$_DFFE_PN0P_/D
iter:1264, pass:3, current fixing endpoint: gen_regfile_ff.register_file_i.rf_reg_q\[568\]$_DFFE_PN0P_/D, endpoint slack:-1.8676727e-10
     1265 |       0 |      76 |       35 |     12 |    38 |   -0.324 |     -125.5 |    772 | gen_regfile_ff.register_file_i.rf_reg_q\[510\]$_DFFE_PN0P_/D
iter:1265, pass:4, current fixing endpoint: gen_regfile_ff.register_file_i.rf_reg_q\[568\]$_DFFE_PN0P_/D, endpoint slack:-1.8691426e-10
     1265 |       0 |      74 |       35 |     11 |    38 |   -0.321 |     -124.2 |    772 | gen_regfile_ff.register_file_i.rf_reg_q\[510\]$_DFFE_PN0P_/D
     1266 |       0 |      74 |       35 |     11 |    38 |   -0.321 |     -124.2 |    772 | gen_regfile_ff.register_file_i.rf_reg_q\[510\]$_DFFE_PN0P_/D
iter:1266, pass:1, current fixing endpoint: gen_regfile_ff.register_file_i.rf_reg_q\[636\]$_DFFE_PN0P_/D, endpoint slack:-2.151852e-10
     1267 |       0 |      75 |       35 |     11 |    38 |   -0.321 |     -124.3 |    772 | gen_regfile_ff.register_file_i.rf_reg_q\[510\]$_DFFE_PN0P_/D
iter:1267, pass:2, current fixing endpoint: gen_regfile_ff.register_file_i.rf_reg_q\[636\]$_DFFE_PN0P_/D, endpoint slack:-2.1764368e-10
     1268 |       0 |      76 |       35 |     11 |    38 |   -0.321 |     -125.0 |    772 | gen_regfile_ff.register_file_i.rf_reg_q\[510\]$_DFFE_PN0P_/D
iter:1268, pass:3, current fixing endpoint: gen_regfile_ff.register_file_i.rf_reg_q\[636\]$_DFFE_PN0P_/D, endpoint slack:-2.1780444e-10
     1268 |       0 |      74 |       35 |     11 |    38 |   -0.321 |     -124.3 |    772 | gen_regfile_ff.register_file_i.rf_reg_q\[510\]$_DFFE_PN0P_/D
     1269 |       0 |      74 |       35 |     11 |    38 |   -0.321 |     -124.3 |    772 | gen_regfile_ff.register_file_i.rf_reg_q\[510\]$_DFFE_PN0P_/D
iter:1269, pass:1, current fixing endpoint: gen_regfile_ff.register_file_i.rf_reg_q\[536\]$_DFFE_PN0P_/D, endpoint slack:-1.8430812e-10
     1270 |       0 |      74 |       35 |     12 |    38 |   -0.321 |     -124.5 |    772 | gen_regfile_ff.register_file_i.rf_reg_q\[510\]$_DFFE_PN0P_/D
iter:1270, pass:2, current fixing endpoint: gen_regfile_ff.register_file_i.rf_reg_q\[536\]$_DFFE_PN0P_/D, endpoint slack:-1.8527824e-10
     1271 |       0 |      75 |       35 |     12 |    38 |   -0.324 |     -124.8 |    772 | gen_regfile_ff.register_file_i.rf_reg_q\[510\]$_DFFE_PN0P_/D
iter:1271, pass:3, current fixing endpoint: gen_regfile_ff.register_file_i.rf_reg_q\[536\]$_DFFE_PN0P_/D, endpoint slack:-1.8577295e-10
     1272 |       0 |      76 |       35 |     12 |    38 |   -0.324 |     -125.5 |    772 | gen_regfile_ff.register_file_i.rf_reg_q\[510\]$_DFFE_PN0P_/D
iter:1272, pass:4, current fixing endpoint: gen_regfile_ff.register_file_i.rf_reg_q\[536\]$_DFFE_PN0P_/D, endpoint slack:-1.8591995e-10
     1272 |       0 |      74 |       35 |     11 |    38 |   -0.321 |     -124.2 |    772 | gen_regfile_ff.register_file_i.rf_reg_q\[510\]$_DFFE_PN0P_/D
     1273 |       0 |      74 |       35 |     11 |    38 |   -0.321 |     -124.2 |    772 | gen_regfile_ff.register_file_i.rf_reg_q\[510\]$_DFFE_PN0P_/D
iter:1273, pass:1, current fixing endpoint: gen_regfile_ff.register_file_i.rf_reg_q\[668\]$_DFFE_PN0P_/D, endpoint slack:-2.1439561e-10
     1274 |       0 |      75 |       35 |     11 |    38 |   -0.321 |     -124.3 |    772 | gen_regfile_ff.register_file_i.rf_reg_q\[510\]$_DFFE_PN0P_/D
iter:1274, pass:2, current fixing endpoint: gen_regfile_ff.register_file_i.rf_reg_q\[668\]$_DFFE_PN0P_/D, endpoint slack:-2.1685409e-10
     1275 |       0 |      76 |       35 |     11 |    38 |   -0.321 |     -125.0 |    772 | gen_regfile_ff.register_file_i.rf_reg_q\[510\]$_DFFE_PN0P_/D
iter:1275, pass:3, current fixing endpoint: gen_regfile_ff.register_file_i.rf_reg_q\[668\]$_DFFE_PN0P_/D, endpoint slack:-2.1701485e-10
     1275 |       0 |      74 |       35 |     11 |    38 |   -0.321 |     -124.3 |    772 | gen_regfile_ff.register_file_i.rf_reg_q\[510\]$_DFFE_PN0P_/D
     1276 |       0 |      74 |       35 |     11 |    38 |   -0.321 |     -124.3 |    772 | gen_regfile_ff.register_file_i.rf_reg_q\[510\]$_DFFE_PN0P_/D
iter:1276, pass:1, current fixing endpoint: gen_regfile_ff.register_file_i.rf_reg_q\[600\]$_DFFE_PN0P_/D, endpoint slack:-1.8410384e-10
     1277 |       0 |      74 |       35 |     12 |    38 |   -0.321 |     -124.5 |    772 | gen_regfile_ff.register_file_i.rf_reg_q\[510\]$_DFFE_PN0P_/D
iter:1277, pass:2, current fixing endpoint: gen_regfile_ff.register_file_i.rf_reg_q\[600\]$_DFFE_PN0P_/D, endpoint slack:-1.8504887e-10
     1278 |       0 |      75 |       35 |     12 |    38 |   -0.324 |     -124.8 |    772 | gen_regfile_ff.register_file_i.rf_reg_q\[510\]$_DFFE_PN0P_/D
iter:1278, pass:3, current fixing endpoint: gen_regfile_ff.register_file_i.rf_reg_q\[600\]$_DFFE_PN0P_/D, endpoint slack:-1.8554358e-10
     1279 |       0 |      76 |       35 |     12 |    38 |   -0.324 |     -125.5 |    772 | gen_regfile_ff.register_file_i.rf_reg_q\[510\]$_DFFE_PN0P_/D
iter:1279, pass:4, current fixing endpoint: gen_regfile_ff.register_file_i.rf_reg_q\[600\]$_DFFE_PN0P_/D, endpoint slack:-1.8569057e-10
     1279 |       0 |      74 |       35 |     11 |    38 |   -0.321 |     -124.2 |    772 | gen_regfile_ff.register_file_i.rf_reg_q\[510\]$_DFFE_PN0P_/D
     1280 |       0 |      74 |       35 |     11 |    38 |   -0.321 |     -124.2 |    772 | gen_regfile_ff.register_file_i.rf_reg_q\[510\]$_DFFE_PN0P_/D
iter:1280, pass:1, current fixing endpoint: gen_regfile_ff.register_file_i.rf_reg_q\[24\]$_DFFE_PN0P_/D, endpoint slack:-1.8357782e-10
     1281 |       0 |      74 |       35 |     12 |    38 |   -0.321 |     -124.5 |    772 | gen_regfile_ff.register_file_i.rf_reg_q\[510\]$_DFFE_PN0P_/D
iter:1281, pass:2, current fixing endpoint: gen_regfile_ff.register_file_i.rf_reg_q\[24\]$_DFFE_PN0P_/D, endpoint slack:-1.8939672e-10
     1282 |       0 |      75 |       35 |     12 |    38 |   -0.324 |     -124.8 |    772 | gen_regfile_ff.register_file_i.rf_reg_q\[510\]$_DFFE_PN0P_/D
iter:1282, pass:3, current fixing endpoint: gen_regfile_ff.register_file_i.rf_reg_q\[24\]$_DFFE_PN0P_/D, endpoint slack:-1.8989144e-10
     1283 |       0 |      76 |       35 |     12 |    38 |   -0.324 |     -125.5 |    772 | gen_regfile_ff.register_file_i.rf_reg_q\[510\]$_DFFE_PN0P_/D
iter:1283, pass:4, current fixing endpoint: gen_regfile_ff.register_file_i.rf_reg_q\[24\]$_DFFE_PN0P_/D, endpoint slack:-1.9005264e-10
     1283 |       0 |      74 |       35 |     11 |    38 |   -0.321 |     -124.2 |    772 | gen_regfile_ff.register_file_i.rf_reg_q\[510\]$_DFFE_PN0P_/D
     1284 |       0 |      74 |       35 |     11 |    38 |   -0.321 |     -124.2 |    772 | gen_regfile_ff.register_file_i.rf_reg_q\[510\]$_DFFE_PN0P_/D
iter:1284, pass:1, current fixing endpoint: gen_regfile_ff.register_file_i.rf_reg_q\[732\]$_DFFE_PN0P_/D, endpoint slack:-2.1364821e-10
     1285 |       0 |      75 |       35 |     11 |    38 |   -0.321 |     -124.3 |    772 | gen_regfile_ff.register_file_i.rf_reg_q\[510\]$_DFFE_PN0P_/D
iter:1285, pass:2, current fixing endpoint: gen_regfile_ff.register_file_i.rf_reg_q\[732\]$_DFFE_PN0P_/D, endpoint slack:-2.1610669e-10
     1286 |       0 |      76 |       35 |     11 |    38 |   -0.321 |     -125.0 |    772 | gen_regfile_ff.register_file_i.rf_reg_q\[510\]$_DFFE_PN0P_/D
iter:1286, pass:3, current fixing endpoint: gen_regfile_ff.register_file_i.rf_reg_q\[732\]$_DFFE_PN0P_/D, endpoint slack:-2.1626745e-10
     1286 |       0 |      74 |       35 |     11 |    38 |   -0.321 |     -124.3 |    772 | gen_regfile_ff.register_file_i.rf_reg_q\[510\]$_DFFE_PN0P_/D
     1287 |       0 |      74 |       35 |     11 |    38 |   -0.321 |     -124.3 |    772 | gen_regfile_ff.register_file_i.rf_reg_q\[510\]$_DFFE_PN0P_/D
iter:1287, pass:1, current fixing endpoint: gen_regfile_ff.register_file_i.rf_reg_q\[927\]$_DFFE_PN0P_/D, endpoint slack:-2.1788771e-10
     1288 |       0 |      75 |       35 |     11 |    38 |   -0.324 |     -124.7 |    772 | gen_regfile_ff.register_file_i.rf_reg_q\[510\]$_DFFE_PN0P_/D
iter:1288, pass:2, current fixing endpoint: gen_regfile_ff.register_file_i.rf_reg_q\[927\]$_DFFE_PN0P_/D, endpoint slack:-2.1695246e-10
     1288 |       0 |      74 |       35 |     11 |    38 |   -0.321 |     -124.3 |    772 | gen_regfile_ff.register_file_i.rf_reg_q\[510\]$_DFFE_PN0P_/D
     1289 |       0 |      74 |       35 |     11 |    38 |   -0.321 |     -124.3 |    772 | gen_regfile_ff.register_file_i.rf_reg_q\[510\]$_DFFE_PN0P_/D
iter:1289, pass:1, current fixing endpoint: gen_regfile_ff.register_file_i.rf_reg_q\[58\]$_DFFE_PN0P_/D, endpoint slack:-2.1343971e-10
     1290 |       0 |      75 |       35 |     11 |    38 |   -0.321 |     -124.5 |    772 | gen_regfile_ff.register_file_i.rf_reg_q\[510\]$_DFFE_PN0P_/D
iter:1290, pass:2, current fixing endpoint: gen_regfile_ff.register_file_i.rf_reg_q\[58\]$_DFFE_PN0P_/D, endpoint slack:-2.2193802e-10
     1291 |       0 |      76 |       35 |     11 |    38 |   -0.326 |     -124.4 |    772 | gen_regfile_ff.register_file_i.rf_reg_q\[510\]$_DFFE_PN0P_/D
iter:1291, pass:3, current fixing endpoint: gen_regfile_ff.register_file_i.rf_reg_q\[58\]$_DFFE_PN0P_/D, endpoint slack:-2.1417068e-10
     1292 |       0 |      77 |       35 |     11 |    38 |   -0.326 |     -124.3 |    772 | gen_regfile_ff.register_file_i.rf_reg_q\[510\]$_DFFE_PN0P_/D
iter:1292, pass:4, current fixing endpoint: gen_regfile_ff.register_file_i.rf_reg_q\[58\]$_DFFE_PN0P_/D, endpoint slack:-2.0997892e-10
     1293 |       0 |      78 |       35 |     11 |    38 |   -0.326 |     -124.4 |    772 | gen_regfile_ff.register_file_i.rf_reg_q\[510\]$_DFFE_PN0P_/D
iter:1293, pass:5, current fixing endpoint: gen_regfile_ff.register_file_i.rf_reg_q\[58\]$_DFFE_PN0P_/D, endpoint slack:-2.0784818e-10
     1294 |       0 |      79 |       35 |     11 |    38 |   -0.326 |     -124.3 |    772 | gen_regfile_ff.register_file_i.rf_reg_q\[510\]$_DFFE_PN0P_/D
iter:1294, pass:6, current fixing endpoint: gen_regfile_ff.register_file_i.rf_reg_q\[58\]$_DFFE_PN0P_/D, endpoint slack:-2.0469959e-10
     1295 |       0 |      79 |       35 |     12 |    38 |   -0.326 |     -124.4 |    772 | gen_regfile_ff.register_file_i.rf_reg_q\[510\]$_DFFE_PN0P_/D
iter:1295, pass:7, current fixing endpoint: gen_regfile_ff.register_file_i.rf_reg_q\[58\]$_DFFE_PN0P_/D, endpoint slack:-2.0486812e-10
     1296 |       0 |      80 |       35 |     12 |    38 |   -0.326 |     -124.4 |    772 | gen_regfile_ff.register_file_i.rf_reg_q\[510\]$_DFFE_PN0P_/D
iter:1296, pass:8, current fixing endpoint: gen_regfile_ff.register_file_i.rf_reg_q\[58\]$_DFFE_PN0P_/D, endpoint slack:-2.0153346e-10
     1297 |       0 |      81 |       35 |     12 |    38 |   -0.326 |     -125.0 |    772 | gen_regfile_ff.register_file_i.rf_reg_q\[510\]$_DFFE_PN0P_/D
iter:1297, pass:9, current fixing endpoint: gen_regfile_ff.register_file_i.rf_reg_q\[58\]$_DFFE_PN0P_/D, endpoint slack:-2.0168023e-10
     1297 |       0 |      74 |       35 |     11 |    38 |   -0.321 |     -124.2 |    772 | gen_regfile_ff.register_file_i.rf_reg_q\[510\]$_DFFE_PN0P_/D
--------------------
update violating ends at fixEndpointNum 386
top element of violating ends is: gen_regfile_ff.register_file_i.rf_reg_q\[510\]$_DFFE_PN0P_/D
--------------------
     1298 |       0 |      74 |       35 |     11 |    38 |   -0.321 |     -124.2 |    772 | gen_regfile_ff.register_file_i.rf_reg_q\[510\]$_DFFE_PN0P_/D
iter:1298, pass:1, current fixing endpoint: gen_regfile_ff.register_file_i.rf_reg_q\[510\]$_DFFE_PN0P_/D, endpoint slack:-3.2111203e-10
     1299 |       0 |      75 |       35 |     11 |    38 |   -0.321 |     -124.9 |    772 | gen_regfile_ff.register_file_i.rf_reg_q\[510\]$_DFFE_PN0P_/D
iter:1299, pass:2, current fixing endpoint: gen_regfile_ff.register_file_i.rf_reg_q\[510\]$_DFFE_PN0P_/D, endpoint slack:-3.21273e-10
     1299 |       0 |      74 |       35 |     11 |    38 |   -0.321 |     -124.3 |    772 | gen_regfile_ff.register_file_i.rf_reg_q\[510\]$_DFFE_PN0P_/D
     1300 |       0 |      74 |       35 |     11 |    38 |   -0.321 |     -124.3 |    772 | gen_regfile_ff.register_file_i.rf_reg_q\[510\]$_DFFE_PN0P_/D
iter:1300, pass:1, current fixing endpoint: gen_regfile_ff.register_file_i.rf_reg_q\[30\]$_DFFE_PN0P_/D, endpoint slack:-3.2111602e-10
     1301 |       0 |      75 |       35 |     11 |    38 |   -0.321 |     -124.9 |    772 | gen_regfile_ff.register_file_i.rf_reg_q\[510\]$_DFFE_PN0P_/D
iter:1301, pass:2, current fixing endpoint: gen_regfile_ff.register_file_i.rf_reg_q\[30\]$_DFFE_PN0P_/D, endpoint slack:-3.212628e-10
     1301 |       0 |      74 |       35 |     11 |    38 |   -0.321 |     -124.3 |    772 | gen_regfile_ff.register_file_i.rf_reg_q\[510\]$_DFFE_PN0P_/D
     1302 |       0 |      74 |       35 |     11 |    38 |   -0.321 |     -124.3 |    772 | gen_regfile_ff.register_file_i.rf_reg_q\[510\]$_DFFE_PN0P_/D
iter:1302, pass:1, current fixing endpoint: gen_regfile_ff.register_file_i.rf_reg_q\[926\]$_DFFE_PN0P_/D, endpoint slack:-3.20463e-10
     1303 |       0 |      75 |       35 |     11 |    38 |   -0.321 |     -124.9 |    772 | gen_regfile_ff.register_file_i.rf_reg_q\[510\]$_DFFE_PN0P_/D
iter:1303, pass:2, current fixing endpoint: gen_regfile_ff.register_file_i.rf_reg_q\[926\]$_DFFE_PN0P_/D, endpoint slack:-3.2060976e-10
     1303 |       0 |      74 |       35 |     11 |    38 |   -0.321 |     -124.3 |    772 | gen_regfile_ff.register_file_i.rf_reg_q\[510\]$_DFFE_PN0P_/D
     1304 |       0 |      74 |       35 |     11 |    38 |   -0.321 |     -124.3 |    772 | gen_regfile_ff.register_file_i.rf_reg_q\[510\]$_DFFE_PN0P_/D
iter:1304, pass:1, current fixing endpoint: gen_regfile_ff.register_file_i.rf_reg_q\[574\]$_DFFE_PN0P_/D, endpoint slack:-3.2015346e-10
     1305 |       0 |      75 |       35 |     11 |    38 |   -0.321 |     -124.9 |    772 | gen_regfile_ff.register_file_i.rf_reg_q\[510\]$_DFFE_PN0P_/D
iter:1305, pass:2, current fixing endpoint: gen_regfile_ff.register_file_i.rf_reg_q\[574\]$_DFFE_PN0P_/D, endpoint slack:-3.2030023e-10
     1305 |       0 |      74 |       35 |     11 |    38 |   -0.321 |     -124.3 |    772 | gen_regfile_ff.register_file_i.rf_reg_q\[510\]$_DFFE_PN0P_/D
     1306 |       0 |      74 |       35 |     11 |    38 |   -0.321 |     -124.3 |    772 | gen_regfile_ff.register_file_i.rf_reg_q\[510\]$_DFFE_PN0P_/D
iter:1306, pass:1, current fixing endpoint: gen_regfile_ff.register_file_i.rf_reg_q\[542\]$_DFFE_PN0P_/D, endpoint slack:-3.1936342e-10
     1307 |       0 |      75 |       35 |     11 |    38 |   -0.321 |     -124.9 |    772 | gen_regfile_ff.register_file_i.rf_reg_q\[510\]$_DFFE_PN0P_/D
iter:1307, pass:2, current fixing endpoint: gen_regfile_ff.register_file_i.rf_reg_q\[542\]$_DFFE_PN0P_/D, endpoint slack:-3.195102e-10
     1307 |       0 |      74 |       35 |     11 |    38 |   -0.321 |     -124.3 |    772 | gen_regfile_ff.register_file_i.rf_reg_q\[510\]$_DFFE_PN0P_/D
     1308 |       0 |      74 |       35 |     11 |    38 |   -0.321 |     -124.3 |    772 | gen_regfile_ff.register_file_i.rf_reg_q\[510\]$_DFFE_PN0P_/D
iter:1308, pass:1, current fixing endpoint: gen_regfile_ff.register_file_i.rf_reg_q\[126\]$_DFFE_PN0P_/D, endpoint slack:-3.1926684e-10
     1309 |       0 |      75 |       35 |     11 |    38 |   -0.321 |     -124.9 |    772 | gen_regfile_ff.register_file_i.rf_reg_q\[510\]$_DFFE_PN0P_/D
iter:1309, pass:2, current fixing endpoint: gen_regfile_ff.register_file_i.rf_reg_q\[126\]$_DFFE_PN0P_/D, endpoint slack:-3.194136e-10
     1309 |       0 |      74 |       35 |     11 |    38 |   -0.321 |     -124.3 |    772 | gen_regfile_ff.register_file_i.rf_reg_q\[510\]$_DFFE_PN0P_/D
     1310 |       0 |      74 |       35 |     11 |    38 |   -0.321 |     -124.3 |    772 | gen_regfile_ff.register_file_i.rf_reg_q\[510\]$_DFFE_PN0P_/D
iter:1310, pass:1, current fixing endpoint: gen_regfile_ff.register_file_i.rf_reg_q\[94\]$_DFFE_PN0P_/D, endpoint slack:-3.1890535e-10
     1311 |       0 |      75 |       35 |     11 |    38 |   -0.321 |     -124.9 |    772 | gen_regfile_ff.register_file_i.rf_reg_q\[510\]$_DFFE_PN0P_/D
iter:1311, pass:2, current fixing endpoint: gen_regfile_ff.register_file_i.rf_reg_q\[94\]$_DFFE_PN0P_/D, endpoint slack:-3.1905212e-10
     1311 |       0 |      74 |       35 |     11 |    38 |   -0.321 |     -124.3 |    772 | gen_regfile_ff.register_file_i.rf_reg_q\[510\]$_DFFE_PN0P_/D
     1312 |       0 |      74 |       35 |     11 |    38 |   -0.321 |     -124.3 |    772 | gen_regfile_ff.register_file_i.rf_reg_q\[510\]$_DFFE_PN0P_/D
iter:1312, pass:1, current fixing endpoint: gen_regfile_ff.register_file_i.rf_reg_q\[190\]$_DFFE_PN0P_/D, endpoint slack:-3.1834513e-10
     1313 |       0 |      75 |       35 |     11 |    38 |   -0.321 |     -124.9 |    772 | gen_regfile_ff.register_file_i.rf_reg_q\[510\]$_DFFE_PN0P_/D
iter:1313, pass:2, current fixing endpoint: gen_regfile_ff.register_file_i.rf_reg_q\[190\]$_DFFE_PN0P_/D, endpoint slack:-3.184919e-10
     1313 |       0 |      74 |       35 |     11 |    38 |   -0.321 |     -124.3 |    772 | gen_regfile_ff.register_file_i.rf_reg_q\[510\]$_DFFE_PN0P_/D
     1314 |       0 |      74 |       35 |     11 |    38 |   -0.321 |     -124.3 |    772 | gen_regfile_ff.register_file_i.rf_reg_q\[510\]$_DFFE_PN0P_/D
iter:1314, pass:1, current fixing endpoint: gen_regfile_ff.register_file_i.rf_reg_q\[958\]$_DFFE_PN0P_/D, endpoint slack:-3.180347e-10
     1315 |       0 |      75 |       35 |     11 |    38 |   -0.321 |     -124.9 |    772 | gen_regfile_ff.register_file_i.rf_reg_q\[510\]$_DFFE_PN0P_/D
iter:1315, pass:2, current fixing endpoint: gen_regfile_ff.register_file_i.rf_reg_q\[958\]$_DFFE_PN0P_/D, endpoint slack:-3.1818148e-10
     1315 |       0 |      74 |       35 |     11 |    38 |   -0.321 |     -124.3 |    772 | gen_regfile_ff.register_file_i.rf_reg_q\[510\]$_DFFE_PN0P_/D
     1316 |       0 |      74 |       35 |     11 |    38 |   -0.321 |     -124.3 |    772 | gen_regfile_ff.register_file_i.rf_reg_q\[510\]$_DFFE_PN0P_/D
iter:1316, pass:1, current fixing endpoint: gen_regfile_ff.register_file_i.rf_reg_q\[62\]$_DFFE_PN0P_/D, endpoint slack:-3.178664e-10
     1317 |       0 |      75 |       35 |     11 |    38 |   -0.321 |     -124.9 |    772 | gen_regfile_ff.register_file_i.rf_reg_q\[510\]$_DFFE_PN0P_/D
iter:1317, pass:2, current fixing endpoint: gen_regfile_ff.register_file_i.rf_reg_q\[62\]$_DFFE_PN0P_/D, endpoint slack:-3.1801317e-10
     1317 |       0 |      74 |       35 |     11 |    38 |   -0.321 |     -124.3 |    772 | gen_regfile_ff.register_file_i.rf_reg_q\[510\]$_DFFE_PN0P_/D
     1318 |       0 |      74 |       35 |     11 |    38 |   -0.321 |     -124.3 |    772 | gen_regfile_ff.register_file_i.rf_reg_q\[510\]$_DFFE_PN0P_/D
iter:1318, pass:1, current fixing endpoint: gen_regfile_ff.register_file_i.rf_reg_q\[702\]$_DFFE_PN0P_/D, endpoint slack:-3.1752467e-10
     1319 |       0 |      75 |       35 |     11 |    38 |   -0.321 |     -124.9 |    772 | gen_regfile_ff.register_file_i.rf_reg_q\[510\]$_DFFE_PN0P_/D
iter:1319, pass:2, current fixing endpoint: gen_regfile_ff.register_file_i.rf_reg_q\[702\]$_DFFE_PN0P_/D, endpoint slack:-3.1767144e-10
     1319 |       0 |      74 |       35 |     11 |    38 |   -0.321 |     -124.3 |    772 | gen_regfile_ff.register_file_i.rf_reg_q\[510\]$_DFFE_PN0P_/D
     1320 |       0 |      74 |       35 |     11 |    38 |   -0.321 |     -124.3 |    772 | gen_regfile_ff.register_file_i.rf_reg_q\[510\]$_DFFE_PN0P_/D
iter:1320, pass:1, current fixing endpoint: instr_addr_o[31], endpoint slack:-3.1745095e-10
     1321 |       0 |      75 |       35 |     11 |    38 |   -0.321 |     -124.3 |    772 | gen_regfile_ff.register_file_i.rf_reg_q\[510\]$_DFFE_PN0P_/D
iter:1321, pass:2, current fixing endpoint: instr_addr_o[31], endpoint slack:-3.1969738e-10
     1321 |       0 |      74 |       35 |     11 |    38 |   -0.321 |     -124.3 |    772 | gen_regfile_ff.register_file_i.rf_reg_q\[510\]$_DFFE_PN0P_/D
     1322 |       0 |      74 |       35 |     11 |    38 |   -0.321 |     -124.3 |    772 | gen_regfile_ff.register_file_i.rf_reg_q\[510\]$_DFFE_PN0P_/D
iter:1322, pass:1, current fixing endpoint: gen_regfile_ff.register_file_i.rf_reg_q\[734\]$_DFFE_PN0P_/D, endpoint slack:-3.174061e-10
     1323 |       0 |      75 |       35 |     11 |    38 |   -0.321 |     -124.9 |    772 | gen_regfile_ff.register_file_i.rf_reg_q\[510\]$_DFFE_PN0P_/D
iter:1323, pass:2, current fixing endpoint: gen_regfile_ff.register_file_i.rf_reg_q\[734\]$_DFFE_PN0P_/D, endpoint slack:-3.1755287e-10
     1323 |       0 |      74 |       35 |     11 |    38 |   -0.321 |     -124.3 |    772 | gen_regfile_ff.register_file_i.rf_reg_q\[510\]$_DFFE_PN0P_/D
     1324 |       0 |      74 |       35 |     11 |    38 |   -0.321 |     -124.3 |    772 | gen_regfile_ff.register_file_i.rf_reg_q\[510\]$_DFFE_PN0P_/D
iter:1324, pass:1, current fixing endpoint: gen_regfile_ff.register_file_i.rf_reg_q\[670\]$_DFFE_PN0P_/D, endpoint slack:-3.1724467e-10
     1325 |       0 |      75 |       35 |     11 |    38 |   -0.321 |     -124.9 |    772 | gen_regfile_ff.register_file_i.rf_reg_q\[510\]$_DFFE_PN0P_/D
iter:1325, pass:2, current fixing endpoint: gen_regfile_ff.register_file_i.rf_reg_q\[670\]$_DFFE_PN0P_/D, endpoint slack:-3.1739145e-10
     1325 |       0 |      74 |       35 |     11 |    38 |   -0.321 |     -124.3 |    772 | gen_regfile_ff.register_file_i.rf_reg_q\[510\]$_DFFE_PN0P_/D
     1326 |       0 |      74 |       35 |     11 |    38 |   -0.321 |     -124.3 |    772 | gen_regfile_ff.register_file_i.rf_reg_q\[510\]$_DFFE_PN0P_/D
iter:1326, pass:1, current fixing endpoint: gen_regfile_ff.register_file_i.rf_reg_q\[254\]$_DFFE_PN0P_/D, endpoint slack:-3.1717473e-10
     1327 |       0 |      75 |       35 |     11 |    38 |   -0.321 |     -124.9 |    772 | gen_regfile_ff.register_file_i.rf_reg_q\[510\]$_DFFE_PN0P_/D
iter:1327, pass:2, current fixing endpoint: gen_regfile_ff.register_file_i.rf_reg_q\[254\]$_DFFE_PN0P_/D, endpoint slack:-3.173215e-10
     1327 |       0 |      74 |       35 |     11 |    38 |   -0.321 |     -124.3 |    772 | gen_regfile_ff.register_file_i.rf_reg_q\[510\]$_DFFE_PN0P_/D
     1328 |       0 |      74 |       35 |     11 |    38 |   -0.321 |     -124.3 |    772 | gen_regfile_ff.register_file_i.rf_reg_q\[510\]$_DFFE_PN0P_/D
iter:1328, pass:1, current fixing endpoint: gen_regfile_ff.register_file_i.rf_reg_q\[350\]$_DFFE_PN0P_/D, endpoint slack:-3.1716718e-10
     1329 |       0 |      75 |       35 |     11 |    38 |   -0.321 |     -124.9 |    772 | gen_regfile_ff.register_file_i.rf_reg_q\[510\]$_DFFE_PN0P_/D
iter:1329, pass:2, current fixing endpoint: gen_regfile_ff.register_file_i.rf_reg_q\[350\]$_DFFE_PN0P_/D, endpoint slack:-3.1731395e-10
     1329 |       0 |      74 |       35 |     11 |    38 |   -0.321 |     -124.3 |    772 | gen_regfile_ff.register_file_i.rf_reg_q\[510\]$_DFFE_PN0P_/D
     1330 |       0 |      74 |       35 |     11 |    38 |   -0.321 |     -124.3 |    772 | gen_regfile_ff.register_file_i.rf_reg_q\[510\]$_DFFE_PN0P_/D
iter:1330, pass:1, current fixing endpoint: gen_regfile_ff.register_file_i.rf_reg_q\[286\]$_DFFE_PN0P_/D, endpoint slack:-3.170859e-10
     1331 |       0 |      75 |       35 |     11 |    38 |   -0.321 |     -124.9 |    772 | gen_regfile_ff.register_file_i.rf_reg_q\[510\]$_DFFE_PN0P_/D
iter:1331, pass:2, current fixing endpoint: gen_regfile_ff.register_file_i.rf_reg_q\[286\]$_DFFE_PN0P_/D, endpoint slack:-3.1723268e-10
     1331 |       0 |      74 |       35 |     11 |    38 |   -0.321 |     -124.3 |    772 | gen_regfile_ff.register_file_i.rf_reg_q\[510\]$_DFFE_PN0P_/D
     1332 |       0 |      74 |       35 |     11 |    38 |   -0.321 |     -124.3 |    772 | gen_regfile_ff.register_file_i.rf_reg_q\[510\]$_DFFE_PN0P_/D
iter:1332, pass:1, current fixing endpoint: gen_regfile_ff.register_file_i.rf_reg_q\[638\]$_DFFE_PN0P_/D, endpoint slack:-3.1699443e-10
     1333 |       0 |      75 |       35 |     11 |    38 |   -0.321 |     -124.9 |    772 | gen_regfile_ff.register_file_i.rf_reg_q\[510\]$_DFFE_PN0P_/D
iter:1333, pass:2, current fixing endpoint: gen_regfile_ff.register_file_i.rf_reg_q\[638\]$_DFFE_PN0P_/D, endpoint slack:-3.171412e-10
     1333 |       0 |      74 |       35 |     11 |    38 |   -0.321 |     -124.3 |    772 | gen_regfile_ff.register_file_i.rf_reg_q\[510\]$_DFFE_PN0P_/D
     1334 |       0 |      74 |       35 |     11 |    38 |   -0.321 |     -124.3 |    772 | gen_regfile_ff.register_file_i.rf_reg_q\[510\]$_DFFE_PN0P_/D
iter:1334, pass:1, current fixing endpoint: gen_regfile_ff.register_file_i.rf_reg_q\[382\]$_DFFE_PN0P_/D, endpoint slack:-3.1585978e-10
     1335 |       0 |      75 |       35 |     11 |    38 |   -0.321 |     -124.9 |    772 | gen_regfile_ff.register_file_i.rf_reg_q\[510\]$_DFFE_PN0P_/D
iter:1335, pass:2, current fixing endpoint: gen_regfile_ff.register_file_i.rf_reg_q\[382\]$_DFFE_PN0P_/D, endpoint slack:-3.1600655e-10
     1335 |       0 |      74 |       35 |     11 |    38 |   -0.321 |     -124.3 |    772 | gen_regfile_ff.register_file_i.rf_reg_q\[510\]$_DFFE_PN0P_/D
     1336 |       0 |      74 |       35 |     11 |    38 |   -0.321 |     -124.3 |    772 | gen_regfile_ff.register_file_i.rf_reg_q\[510\]$_DFFE_PN0P_/D
iter:1336, pass:1, current fixing endpoint: gen_regfile_ff.register_file_i.rf_reg_q\[222\]$_DFFE_PN0P_/D, endpoint slack:-3.1584135e-10
     1337 |       0 |      75 |       35 |     11 |    38 |   -0.321 |     -124.9 |    772 | gen_regfile_ff.register_file_i.rf_reg_q\[510\]$_DFFE_PN0P_/D
iter:1337, pass:2, current fixing endpoint: gen_regfile_ff.register_file_i.rf_reg_q\[222\]$_DFFE_PN0P_/D, endpoint slack:-3.1598812e-10
     1337 |       0 |      74 |       35 |     11 |    38 |   -0.321 |     -124.3 |    772 | gen_regfile_ff.register_file_i.rf_reg_q\[510\]$_DFFE_PN0P_/D
     1338 |       0 |      74 |       35 |     11 |    38 |   -0.321 |     -124.3 |    772 | gen_regfile_ff.register_file_i.rf_reg_q\[510\]$_DFFE_PN0P_/D
iter:1338, pass:1, current fixing endpoint: gen_regfile_ff.register_file_i.rf_reg_q\[478\]$_DFFE_PN0P_/D, endpoint slack:-3.1578118e-10
     1339 |       0 |      75 |       35 |     11 |    38 |   -0.321 |     -124.9 |    772 | gen_regfile_ff.register_file_i.rf_reg_q\[510\]$_DFFE_PN0P_/D
iter:1339, pass:2, current fixing endpoint: gen_regfile_ff.register_file_i.rf_reg_q\[478\]$_DFFE_PN0P_/D, endpoint slack:-3.1592795e-10
     1339 |       0 |      74 |       35 |     11 |    38 |   -0.321 |     -124.3 |    772 | gen_regfile_ff.register_file_i.rf_reg_q\[510\]$_DFFE_PN0P_/D
     1340 |       0 |      74 |       35 |     11 |    38 |   -0.321 |     -124.3 |    772 | gen_regfile_ff.register_file_i.rf_reg_q\[510\]$_DFFE_PN0P_/D
iter:1340, pass:1, current fixing endpoint: gen_regfile_ff.register_file_i.rf_reg_q\[158\]$_DFFE_PN0P_/D, endpoint slack:-3.153322e-10
     1341 |       0 |      75 |       35 |     11 |    38 |   -0.321 |     -124.9 |    772 | gen_regfile_ff.register_file_i.rf_reg_q\[510\]$_DFFE_PN0P_/D
iter:1341, pass:2, current fixing endpoint: gen_regfile_ff.register_file_i.rf_reg_q\[158\]$_DFFE_PN0P_/D, endpoint slack:-3.1547898e-10
     1341 |       0 |      74 |       35 |     11 |    38 |   -0.321 |     -124.3 |    772 | gen_regfile_ff.register_file_i.rf_reg_q\[510\]$_DFFE_PN0P_/D
     1342 |       0 |      74 |       35 |     11 |    38 |   -0.321 |     -124.3 |    772 | gen_regfile_ff.register_file_i.rf_reg_q\[510\]$_DFFE_PN0P_/D
iter:1342, pass:1, current fixing endpoint: gen_regfile_ff.register_file_i.rf_reg_q\[990\]$_DFFE_PN0P_/D, endpoint slack:-3.1498337e-10
     1343 |       0 |      75 |       35 |     11 |    38 |   -0.321 |     -124.9 |    772 | gen_regfile_ff.register_file_i.rf_reg_q\[510\]$_DFFE_PN0P_/D
iter:1343, pass:2, current fixing endpoint: gen_regfile_ff.register_file_i.rf_reg_q\[990\]$_DFFE_PN0P_/D, endpoint slack:-3.1512992e-10
     1343 |       0 |      74 |       35 |     11 |    38 |   -0.321 |     -124.3 |    772 | gen_regfile_ff.register_file_i.rf_reg_q\[510\]$_DFFE_PN0P_/D
     1344 |       0 |      74 |       35 |     11 |    38 |   -0.321 |     -124.3 |    772 | gen_regfile_ff.register_file_i.rf_reg_q\[510\]$_DFFE_PN0P_/D
iter:1344, pass:1, current fixing endpoint: gen_regfile_ff.register_file_i.rf_reg_q\[606\]$_DFFE_PN0P_/D, endpoint slack:-3.147529e-10
     1345 |       0 |      75 |       35 |     11 |    38 |   -0.321 |     -124.9 |    772 | gen_regfile_ff.register_file_i.rf_reg_q\[510\]$_DFFE_PN0P_/D
iter:1345, pass:2, current fixing endpoint: gen_regfile_ff.register_file_i.rf_reg_q\[606\]$_DFFE_PN0P_/D, endpoint slack:-3.1489966e-10
     1345 |       0 |      74 |       35 |     11 |    38 |   -0.321 |     -124.3 |    772 | gen_regfile_ff.register_file_i.rf_reg_q\[510\]$_DFFE_PN0P_/D
     1346 |       0 |      74 |       35 |     11 |    38 |   -0.321 |     -124.3 |    772 | gen_regfile_ff.register_file_i.rf_reg_q\[510\]$_DFFE_PN0P_/D
iter:1346, pass:1, current fixing endpoint: gen_regfile_ff.register_file_i.rf_reg_q\[766\]$_DFFE_PN0P_/D, endpoint slack:-3.146441e-10
     1347 |       0 |      75 |       35 |     11 |    38 |   -0.321 |     -124.9 |    772 | gen_regfile_ff.register_file_i.rf_reg_q\[510\]$_DFFE_PN0P_/D
iter:1347, pass:2, current fixing endpoint: gen_regfile_ff.register_file_i.rf_reg_q\[766\]$_DFFE_PN0P_/D, endpoint slack:-3.1479086e-10
     1347 |       0 |      74 |       35 |     11 |    38 |   -0.321 |     -124.3 |    772 | gen_regfile_ff.register_file_i.rf_reg_q\[510\]$_DFFE_PN0P_/D
     1348 |       0 |      74 |       35 |     11 |    38 |   -0.321 |     -124.3 |    772 | gen_regfile_ff.register_file_i.rf_reg_q\[510\]$_DFFE_PN0P_/D
iter:1348, pass:1, current fixing endpoint: gen_regfile_ff.register_file_i.rf_reg_q\[862\]$_DFFE_PN0P_/D, endpoint slack:-3.14474e-10
     1349 |       0 |      75 |       35 |     11 |    38 |   -0.321 |     -124.9 |    772 | gen_regfile_ff.register_file_i.rf_reg_q\[510\]$_DFFE_PN0P_/D
iter:1349, pass:2, current fixing endpoint: gen_regfile_ff.register_file_i.rf_reg_q\[862\]$_DFFE_PN0P_/D, endpoint slack:-3.1462077e-10
     1349 |       0 |      74 |       35 |     11 |    38 |   -0.321 |     -124.3 |    772 | gen_regfile_ff.register_file_i.rf_reg_q\[510\]$_DFFE_PN0P_/D
     1350 |       0 |      74 |       35 |     11 |    38 |   -0.321 |     -124.3 |    772 | gen_regfile_ff.register_file_i.rf_reg_q\[510\]$_DFFE_PN0P_/D
iter:1350, pass:1, current fixing endpoint: gen_regfile_ff.register_file_i.rf_reg_q\[446\]$_DFFE_PN0P_/D, endpoint slack:-3.1429215e-10
     1351 |       0 |      75 |       35 |     11 |    38 |   -0.321 |     -124.9 |    772 | gen_regfile_ff.register_file_i.rf_reg_q\[510\]$_DFFE_PN0P_/D
iter:1351, pass:2, current fixing endpoint: gen_regfile_ff.register_file_i.rf_reg_q\[446\]$_DFFE_PN0P_/D, endpoint slack:-3.1443892e-10
     1351 |       0 |      74 |       35 |     11 |    38 |   -0.321 |     -124.3 |    772 | gen_regfile_ff.register_file_i.rf_reg_q\[510\]$_DFFE_PN0P_/D
     1352 |       0 |      74 |       35 |     11 |    38 |   -0.321 |     -124.3 |    772 | gen_regfile_ff.register_file_i.rf_reg_q\[510\]$_DFFE_PN0P_/D
iter:1352, pass:1, current fixing endpoint: gen_regfile_ff.register_file_i.rf_reg_q\[798\]$_DFFE_PN0P_/D, endpoint slack:-3.1416403e-10
     1353 |       0 |      75 |       35 |     11 |    38 |   -0.321 |     -124.9 |    772 | gen_regfile_ff.register_file_i.rf_reg_q\[510\]$_DFFE_PN0P_/D
iter:1353, pass:2, current fixing endpoint: gen_regfile_ff.register_file_i.rf_reg_q\[798\]$_DFFE_PN0P_/D, endpoint slack:-3.143108e-10
     1353 |       0 |      74 |       35 |     11 |    38 |   -0.321 |     -124.3 |    772 | gen_regfile_ff.register_file_i.rf_reg_q\[510\]$_DFFE_PN0P_/D
     1354 |       0 |      74 |       35 |     11 |    38 |   -0.321 |     -124.3 |    772 | gen_regfile_ff.register_file_i.rf_reg_q\[510\]$_DFFE_PN0P_/D
iter:1354, pass:1, current fixing endpoint: gen_regfile_ff.register_file_i.rf_reg_q\[830\]$_DFFE_PN0P_/D, endpoint slack:-3.1412317e-10
     1355 |       0 |      75 |       35 |     11 |    38 |   -0.321 |     -124.9 |    772 | gen_regfile_ff.register_file_i.rf_reg_q\[510\]$_DFFE_PN0P_/D
iter:1355, pass:2, current fixing endpoint: gen_regfile_ff.register_file_i.rf_reg_q\[830\]$_DFFE_PN0P_/D, endpoint slack:-3.1426994e-10
     1355 |       0 |      74 |       35 |     11 |    38 |   -0.321 |     -124.3 |    772 | gen_regfile_ff.register_file_i.rf_reg_q\[510\]$_DFFE_PN0P_/D
     1356 |       0 |      74 |       35 |     11 |    38 |   -0.321 |     -124.3 |    772 | gen_regfile_ff.register_file_i.rf_reg_q\[510\]$_DFFE_PN0P_/D
iter:1356, pass:1, current fixing endpoint: gen_regfile_ff.register_file_i.rf_reg_q\[318\]$_DFFE_PN0P_/D, endpoint slack:-3.1409986e-10
     1357 |       0 |      75 |       35 |     11 |    38 |   -0.321 |     -124.9 |    772 | gen_regfile_ff.register_file_i.rf_reg_q\[510\]$_DFFE_PN0P_/D
iter:1357, pass:2, current fixing endpoint: gen_regfile_ff.register_file_i.rf_reg_q\[318\]$_DFFE_PN0P_/D, endpoint slack:-3.1424663e-10
     1357 |       0 |      74 |       35 |     11 |    38 |   -0.321 |     -124.3 |    772 | gen_regfile_ff.register_file_i.rf_reg_q\[510\]$_DFFE_PN0P_/D
     1358 |       0 |      74 |       35 |     11 |    38 |   -0.321 |     -124.3 |    772 | gen_regfile_ff.register_file_i.rf_reg_q\[510\]$_DFFE_PN0P_/D
iter:1358, pass:1, current fixing endpoint: gen_regfile_ff.register_file_i.rf_reg_q\[414\]$_DFFE_PN0P_/D, endpoint slack:-3.13513e-10
     1359 |       0 |      75 |       35 |     11 |    38 |   -0.321 |     -124.9 |    772 | gen_regfile_ff.register_file_i.rf_reg_q\[510\]$_DFFE_PN0P_/D
iter:1359, pass:2, current fixing endpoint: gen_regfile_ff.register_file_i.rf_reg_q\[414\]$_DFFE_PN0P_/D, endpoint slack:-3.1365976e-10
     1359 |       0 |      74 |       35 |     11 |    38 |   -0.321 |     -124.3 |    772 | gen_regfile_ff.register_file_i.rf_reg_q\[510\]$_DFFE_PN0P_/D
     1360 |       0 |      74 |       35 |     11 |    38 |   -0.321 |     -124.3 |    772 | gen_regfile_ff.register_file_i.rf_reg_q\[510\]$_DFFE_PN0P_/D
iter:1360, pass:1, current fixing endpoint: gen_regfile_ff.register_file_i.rf_reg_q\[894\]$_DFFE_PN0P_/D, endpoint slack:-2.908218e-10
     1361 |       0 |      75 |       35 |     11 |    38 |   -0.321 |     -124.9 |    772 | gen_regfile_ff.register_file_i.rf_reg_q\[510\]$_DFFE_PN0P_/D
iter:1361, pass:2, current fixing endpoint: gen_regfile_ff.register_file_i.rf_reg_q\[894\]$_DFFE_PN0P_/D, endpoint slack:-2.9096858e-10
     1361 |       0 |      74 |       35 |     11 |    38 |   -0.321 |     -124.3 |    772 | gen_regfile_ff.register_file_i.rf_reg_q\[510\]$_DFFE_PN0P_/D
     1362 |       0 |      74 |       35 |     11 |    38 |   -0.321 |     -124.3 |    772 | gen_regfile_ff.register_file_i.rf_reg_q\[510\]$_DFFE_PN0P_/D
iter:1362, pass:1, current fixing endpoint: gen_regfile_ff.register_file_i.rf_reg_q\[27\]$_DFFE_PN0P_/D, endpoint slack:-2.6457592e-10
     1363 |       0 |      75 |       35 |     11 |    38 |   -0.324 |     -124.7 |    772 | gen_regfile_ff.register_file_i.rf_reg_q\[510\]$_DFFE_PN0P_/D
iter:1363, pass:2, current fixing endpoint: gen_regfile_ff.register_file_i.rf_reg_q\[27\]$_DFFE_PN0P_/D, endpoint slack:-2.6364066e-10
     1363 |       0 |      74 |       35 |     11 |    38 |   -0.321 |     -124.3 |    772 | gen_regfile_ff.register_file_i.rf_reg_q\[510\]$_DFFE_PN0P_/D
     1364 |       0 |      74 |       35 |     11 |    38 |   -0.321 |     -124.3 |    772 | gen_regfile_ff.register_file_i.rf_reg_q\[510\]$_DFFE_PN0P_/D
iter:1364, pass:1, current fixing endpoint: gen_regfile_ff.register_file_i.rf_reg_q\[155\]$_DFFE_PN0P_/D, endpoint slack:-2.6286373e-10
     1365 |       0 |      75 |       35 |     11 |    38 |   -0.324 |     -124.7 |    772 | gen_regfile_ff.register_file_i.rf_reg_q\[510\]$_DFFE_PN0P_/D
iter:1365, pass:2, current fixing endpoint: gen_regfile_ff.register_file_i.rf_reg_q\[155\]$_DFFE_PN0P_/D, endpoint slack:-2.6192848e-10
     1365 |       0 |      74 |       35 |     11 |    38 |   -0.321 |     -124.3 |    772 | gen_regfile_ff.register_file_i.rf_reg_q\[510\]$_DFFE_PN0P_/D
     1366 |       0 |      74 |       35 |     11 |    38 |   -0.321 |     -124.3 |    772 | gen_regfile_ff.register_file_i.rf_reg_q\[510\]$_DFFE_PN0P_/D
iter:1366, pass:1, current fixing endpoint: gen_regfile_ff.register_file_i.rf_reg_q\[123\]$_DFFE_PN0P_/D, endpoint slack:-2.6194735e-10
     1367 |       0 |      75 |       35 |     11 |    38 |   -0.324 |     -124.7 |    772 | gen_regfile_ff.register_file_i.rf_reg_q\[510\]$_DFFE_PN0P_/D
iter:1367, pass:2, current fixing endpoint: gen_regfile_ff.register_file_i.rf_reg_q\[123\]$_DFFE_PN0P_/D, endpoint slack:-2.610121e-10
     1367 |       0 |      74 |       35 |     11 |    38 |   -0.321 |     -124.3 |    772 | gen_regfile_ff.register_file_i.rf_reg_q\[510\]$_DFFE_PN0P_/D
     1368 |       0 |      74 |       35 |     11 |    38 |   -0.321 |     -124.3 |    772 | gen_regfile_ff.register_file_i.rf_reg_q\[510\]$_DFFE_PN0P_/D
iter:1368, pass:1, current fixing endpoint: gen_regfile_ff.register_file_i.rf_reg_q\[219\]$_DFFE_PN0P_/D, endpoint slack:-2.6167446e-10
     1369 |       0 |      75 |       35 |     11 |    38 |   -0.324 |     -124.7 |    772 | gen_regfile_ff.register_file_i.rf_reg_q\[510\]$_DFFE_PN0P_/D
iter:1369, pass:2, current fixing endpoint: gen_regfile_ff.register_file_i.rf_reg_q\[219\]$_DFFE_PN0P_/D, endpoint slack:-2.607392e-10
     1369 |       0 |      74 |       35 |     11 |    38 |   -0.321 |     -124.3 |    772 | gen_regfile_ff.register_file_i.rf_reg_q\[510\]$_DFFE_PN0P_/D
     1370 |       0 |      74 |       35 |     11 |    38 |   -0.321 |     -124.3 |    772 | gen_regfile_ff.register_file_i.rf_reg_q\[510\]$_DFFE_PN0P_/D
iter:1370, pass:1, current fixing endpoint: gen_regfile_ff.register_file_i.rf_reg_q\[603\]$_DFFE_PN0P_/D, endpoint slack:-2.6130187e-10
     1371 |       0 |      75 |       35 |     11 |    38 |   -0.324 |     -124.7 |    772 | gen_regfile_ff.register_file_i.rf_reg_q\[510\]$_DFFE_PN0P_/D
iter:1371, pass:2, current fixing endpoint: gen_regfile_ff.register_file_i.rf_reg_q\[603\]$_DFFE_PN0P_/D, endpoint slack:-2.6036662e-10
     1371 |       0 |      74 |       35 |     11 |    38 |   -0.321 |     -124.3 |    772 | gen_regfile_ff.register_file_i.rf_reg_q\[510\]$_DFFE_PN0P_/D
     1372 |       0 |      74 |       35 |     11 |    38 |   -0.321 |     -124.3 |    772 | gen_regfile_ff.register_file_i.rf_reg_q\[510\]$_DFFE_PN0P_/D
iter:1372, pass:1, current fixing endpoint: gen_regfile_ff.register_file_i.rf_reg_q\[187\]$_DFFE_PN0P_/D, endpoint slack:-2.6111624e-10
     1373 |       0 |      75 |       35 |     11 |    38 |   -0.324 |     -124.7 |    772 | gen_regfile_ff.register_file_i.rf_reg_q\[510\]$_DFFE_PN0P_/D
iter:1373, pass:2, current fixing endpoint: gen_regfile_ff.register_file_i.rf_reg_q\[187\]$_DFFE_PN0P_/D, endpoint slack:-2.60181e-10
     1373 |       0 |      74 |       35 |     11 |    38 |   -0.321 |     -124.3 |    772 | gen_regfile_ff.register_file_i.rf_reg_q\[510\]$_DFFE_PN0P_/D
     1374 |       0 |      74 |       35 |     11 |    38 |   -0.321 |     -124.3 |    772 | gen_regfile_ff.register_file_i.rf_reg_q\[510\]$_DFFE_PN0P_/D
iter:1374, pass:1, current fixing endpoint: gen_regfile_ff.register_file_i.rf_reg_q\[731\]$_DFFE_PN0P_/D, endpoint slack:-2.6111446e-10
     1375 |       0 |      75 |       35 |     11 |    38 |   -0.324 |     -124.7 |    772 | gen_regfile_ff.register_file_i.rf_reg_q\[510\]$_DFFE_PN0P_/D
iter:1375, pass:2, current fixing endpoint: gen_regfile_ff.register_file_i.rf_reg_q\[731\]$_DFFE_PN0P_/D, endpoint slack:-2.601792e-10
     1375 |       0 |      74 |       35 |     11 |    38 |   -0.321 |     -124.3 |    772 | gen_regfile_ff.register_file_i.rf_reg_q\[510\]$_DFFE_PN0P_/D
     1376 |       0 |      74 |       35 |     11 |    38 |   -0.321 |     -124.3 |    772 | gen_regfile_ff.register_file_i.rf_reg_q\[510\]$_DFFE_PN0P_/D
iter:1376, pass:1, current fixing endpoint: gen_regfile_ff.register_file_i.rf_reg_q\[59\]$_DFFE_PN0P_/D, endpoint slack:-2.6099523e-10
     1377 |       0 |      75 |       35 |     11 |    38 |   -0.324 |     -124.7 |    772 | gen_regfile_ff.register_file_i.rf_reg_q\[510\]$_DFFE_PN0P_/D
iter:1377, pass:2, current fixing endpoint: gen_regfile_ff.register_file_i.rf_reg_q\[59\]$_DFFE_PN0P_/D, endpoint slack:-2.6005997e-10
     1377 |       0 |      74 |       35 |     11 |    38 |   -0.321 |     -124.3 |    772 | gen_regfile_ff.register_file_i.rf_reg_q\[510\]$_DFFE_PN0P_/D
     1378 |       0 |      74 |       35 |     11 |    38 |   -0.321 |     -124.3 |    772 | gen_regfile_ff.register_file_i.rf_reg_q\[510\]$_DFFE_PN0P_/D
iter:1378, pass:1, current fixing endpoint: gen_regfile_ff.register_file_i.rf_reg_q\[699\]$_DFFE_PN0P_/D, endpoint slack:-2.6071634e-10
     1379 |       0 |      75 |       35 |     11 |    38 |   -0.324 |     -124.7 |    772 | gen_regfile_ff.register_file_i.rf_reg_q\[510\]$_DFFE_PN0P_/D
iter:1379, pass:2, current fixing endpoint: gen_regfile_ff.register_file_i.rf_reg_q\[699\]$_DFFE_PN0P_/D, endpoint slack:-2.5978109e-10
     1379 |       0 |      74 |       35 |     11 |    38 |   -0.321 |     -124.3 |    772 | gen_regfile_ff.register_file_i.rf_reg_q\[510\]$_DFFE_PN0P_/D
     1380 |       0 |      74 |       35 |     11 |    38 |   -0.321 |     -124.3 |    772 | gen_regfile_ff.register_file_i.rf_reg_q\[510\]$_DFFE_PN0P_/D
iter:1380, pass:1, current fixing endpoint: gen_regfile_ff.register_file_i.rf_reg_q\[539\]$_DFFE_PN0P_/D, endpoint slack:-2.6061797e-10
     1381 |       0 |      75 |       35 |     11 |    38 |   -0.324 |     -124.7 |    772 | gen_regfile_ff.register_file_i.rf_reg_q\[510\]$_DFFE_PN0P_/D
iter:1381, pass:2, current fixing endpoint: gen_regfile_ff.register_file_i.rf_reg_q\[539\]$_DFFE_PN0P_/D, endpoint slack:-2.5968272e-10
     1381 |       0 |      74 |       35 |     11 |    38 |   -0.321 |     -124.3 |    772 | gen_regfile_ff.register_file_i.rf_reg_q\[510\]$_DFFE_PN0P_/D
     1382 |       0 |      74 |       35 |     11 |    38 |   -0.321 |     -124.3 |    772 | gen_regfile_ff.register_file_i.rf_reg_q\[510\]$_DFFE_PN0P_/D
iter:1382, pass:1, current fixing endpoint: gen_regfile_ff.register_file_i.rf_reg_q\[91\]$_DFFE_PN0P_/D, endpoint slack:-2.6057467e-10
     1383 |       0 |      75 |       35 |     11 |    38 |   -0.324 |     -124.7 |    772 | gen_regfile_ff.register_file_i.rf_reg_q\[510\]$_DFFE_PN0P_/D
iter:1383, pass:2, current fixing endpoint: gen_regfile_ff.register_file_i.rf_reg_q\[91\]$_DFFE_PN0P_/D, endpoint slack:-2.5963942e-10
     1383 |       0 |      74 |       35 |     11 |    38 |   -0.321 |     -124.3 |    772 | gen_regfile_ff.register_file_i.rf_reg_q\[510\]$_DFFE_PN0P_/D
     1384 |       0 |      74 |       35 |     11 |    38 |   -0.321 |     -124.3 |    772 | gen_regfile_ff.register_file_i.rf_reg_q\[510\]$_DFFE_PN0P_/D
iter:1384, pass:1, current fixing endpoint: gen_regfile_ff.register_file_i.rf_reg_q\[667\]$_DFFE_PN0P_/D, endpoint slack:-2.6057378e-10
     1385 |       0 |      75 |       35 |     11 |    38 |   -0.324 |     -124.7 |    772 | gen_regfile_ff.register_file_i.rf_reg_q\[510\]$_DFFE_PN0P_/D
iter:1385, pass:2, current fixing endpoint: gen_regfile_ff.register_file_i.rf_reg_q\[667\]$_DFFE_PN0P_/D, endpoint slack:-2.5963853e-10
     1385 |       0 |      74 |       35 |     11 |    38 |   -0.321 |     -124.3 |    772 | gen_regfile_ff.register_file_i.rf_reg_q\[510\]$_DFFE_PN0P_/D
     1386 |       0 |      74 |       35 |     11 |    38 |   -0.321 |     -124.3 |    772 | gen_regfile_ff.register_file_i.rf_reg_q\[510\]$_DFFE_PN0P_/D
iter:1386, pass:1, current fixing endpoint: gen_regfile_ff.register_file_i.rf_reg_q\[859\]$_DFFE_PN0P_/D, endpoint slack:-2.6047564e-10
     1387 |       0 |      75 |       35 |     11 |    38 |   -0.324 |     -124.7 |    772 | gen_regfile_ff.register_file_i.rf_reg_q\[510\]$_DFFE_PN0P_/D
iter:1387, pass:2, current fixing endpoint: gen_regfile_ff.register_file_i.rf_reg_q\[859\]$_DFFE_PN0P_/D, endpoint slack:-2.595404e-10
     1387 |       0 |      74 |       35 |     11 |    38 |   -0.321 |     -124.3 |    772 | gen_regfile_ff.register_file_i.rf_reg_q\[510\]$_DFFE_PN0P_/D
     1388 |       0 |      74 |       35 |     11 |    38 |   -0.321 |     -124.3 |    772 | gen_regfile_ff.register_file_i.rf_reg_q\[510\]$_DFFE_PN0P_/D
iter:1388, pass:1, current fixing endpoint: gen_regfile_ff.register_file_i.rf_reg_q\[923\]$_DFFE_PN0P_/D, endpoint slack:-2.604501e-10
     1389 |       0 |      75 |       35 |     11 |    38 |   -0.324 |     -124.7 |    772 | gen_regfile_ff.register_file_i.rf_reg_q\[510\]$_DFFE_PN0P_/D
iter:1389, pass:2, current fixing endpoint: gen_regfile_ff.register_file_i.rf_reg_q\[923\]$_DFFE_PN0P_/D, endpoint slack:-2.5951485e-10
     1389 |       0 |      74 |       35 |     11 |    38 |   -0.321 |     -124.3 |    772 | gen_regfile_ff.register_file_i.rf_reg_q\[510\]$_DFFE_PN0P_/D
     1390 |       0 |      74 |       35 |     11 |    38 |   -0.321 |     -124.3 |    772 | gen_regfile_ff.register_file_i.rf_reg_q\[510\]$_DFFE_PN0P_/D
iter:1390, pass:1, current fixing endpoint: gen_regfile_ff.register_file_i.rf_reg_q\[411\]$_DFFE_PN0P_/D, endpoint slack:-2.602838e-10
     1391 |       0 |      75 |       35 |     11 |    38 |   -0.324 |     -124.7 |    772 | gen_regfile_ff.register_file_i.rf_reg_q\[510\]$_DFFE_PN0P_/D
iter:1391, pass:2, current fixing endpoint: gen_regfile_ff.register_file_i.rf_reg_q\[411\]$_DFFE_PN0P_/D, endpoint slack:-2.5934854e-10
     1391 |       0 |      74 |       35 |     11 |    38 |   -0.321 |     -124.3 |    772 | gen_regfile_ff.register_file_i.rf_reg_q\[510\]$_DFFE_PN0P_/D
     1392 |       0 |      74 |       35 |     11 |    38 |   -0.321 |     -124.3 |    772 | gen_regfile_ff.register_file_i.rf_reg_q\[510\]$_DFFE_PN0P_/D
iter:1392, pass:1, current fixing endpoint: gen_regfile_ff.register_file_i.rf_reg_q\[635\]$_DFFE_PN0P_/D, endpoint slack:-2.602183e-10
     1393 |       0 |      75 |       35 |     11 |    38 |   -0.324 |     -124.7 |    772 | gen_regfile_ff.register_file_i.rf_reg_q\[510\]$_DFFE_PN0P_/D
iter:1393, pass:2, current fixing endpoint: gen_regfile_ff.register_file_i.rf_reg_q\[635\]$_DFFE_PN0P_/D, endpoint slack:-2.5928304e-10
     1393 |       0 |      74 |       35 |     11 |    38 |   -0.321 |     -124.3 |    772 | gen_regfile_ff.register_file_i.rf_reg_q\[510\]$_DFFE_PN0P_/D
     1394 |       0 |      74 |       35 |     11 |    38 |   -0.321 |     -124.3 |    772 | gen_regfile_ff.register_file_i.rf_reg_q\[510\]$_DFFE_PN0P_/D
iter:1394, pass:1, current fixing endpoint: gen_regfile_ff.register_file_i.rf_reg_q\[763\]$_DFFE_PN0P_/D, endpoint slack:-2.6003555e-10
     1395 |       0 |      75 |       35 |     11 |    38 |   -0.324 |     -124.7 |    772 | gen_regfile_ff.register_file_i.rf_reg_q\[510\]$_DFFE_PN0P_/D
iter:1395, pass:2, current fixing endpoint: gen_regfile_ff.register_file_i.rf_reg_q\[763\]$_DFFE_PN0P_/D, endpoint slack:-2.591003e-10
     1395 |       0 |      74 |       35 |     11 |    38 |   -0.321 |     -124.3 |    772 | gen_regfile_ff.register_file_i.rf_reg_q\[510\]$_DFFE_PN0P_/D
     1396 |       0 |      74 |       35 |     11 |    38 |   -0.321 |     -124.3 |    772 | gen_regfile_ff.register_file_i.rf_reg_q\[510\]$_DFFE_PN0P_/D
iter:1396, pass:1, current fixing endpoint: gen_regfile_ff.register_file_i.rf_reg_q\[475\]$_DFFE_PN0P_/D, endpoint slack:-2.5988944e-10
     1397 |       0 |      75 |       35 |     11 |    38 |   -0.324 |     -124.7 |    772 | gen_regfile_ff.register_file_i.rf_reg_q\[510\]$_DFFE_PN0P_/D
iter:1397, pass:2, current fixing endpoint: gen_regfile_ff.register_file_i.rf_reg_q\[475\]$_DFFE_PN0P_/D, endpoint slack:-2.589542e-10
     1397 |       0 |      74 |       35 |     11 |    38 |   -0.321 |     -124.3 |    772 | gen_regfile_ff.register_file_i.rf_reg_q\[510\]$_DFFE_PN0P_/D
     1398 |       0 |      74 |       35 |     11 |    38 |   -0.321 |     -124.3 |    772 | gen_regfile_ff.register_file_i.rf_reg_q\[510\]$_DFFE_PN0P_/D
iter:1398, pass:1, current fixing endpoint: gen_regfile_ff.register_file_i.rf_reg_q\[571\]$_DFFE_PN0P_/D, endpoint slack:-2.5979796e-10
     1399 |       0 |      75 |       35 |     11 |    38 |   -0.324 |     -124.7 |    772 | gen_regfile_ff.register_file_i.rf_reg_q\[510\]$_DFFE_PN0P_/D
iter:1399, pass:2, current fixing endpoint: gen_regfile_ff.register_file_i.rf_reg_q\[571\]$_DFFE_PN0P_/D, endpoint slack:-2.588627e-10
     1399 |       0 |      74 |       35 |     11 |    38 |   -0.321 |     -124.3 |    772 | gen_regfile_ff.register_file_i.rf_reg_q\[510\]$_DFFE_PN0P_/D
     1400 |       0 |      74 |       35 |     11 |    38 |   -0.321 |     -124.3 |    772 | gen_regfile_ff.register_file_i.rf_reg_q\[510\]$_DFFE_PN0P_/D
iter:1400, pass:1, current fixing endpoint: gen_regfile_ff.register_file_i.rf_reg_q\[955\]$_DFFE_PN0P_/D, endpoint slack:-2.597611e-10
     1400 |       0 |      74 |       35 |     11 |    38 |   -0.321 |     -124.3 |    772 | gen_regfile_ff.register_file_i.rf_reg_q\[510\]$_DFFE_PN0P_/D
     1401 |       0 |      74 |       35 |     11 |    38 |   -0.321 |     -124.3 |    772 | gen_regfile_ff.register_file_i.rf_reg_q\[510\]$_DFFE_PN0P_/D
iter:1401, pass:1, current fixing endpoint: gen_regfile_ff.register_file_i.rf_reg_q\[987\]$_DFFE_PN0P_/D, endpoint slack:-2.590559e-10
     1402 |       0 |      75 |       35 |     11 |    38 |   -0.324 |     -124.7 |    772 | gen_regfile_ff.register_file_i.rf_reg_q\[510\]$_DFFE_PN0P_/D
iter:1402, pass:2, current fixing endpoint: gen_regfile_ff.register_file_i.rf_reg_q\[987\]$_DFFE_PN0P_/D, endpoint slack:-2.5812064e-10
     1402 |       0 |      74 |       35 |     11 |    38 |   -0.321 |     -124.3 |    772 | gen_regfile_ff.register_file_i.rf_reg_q\[510\]$_DFFE_PN0P_/D
     1403 |       0 |      74 |       35 |     11 |    38 |   -0.321 |     -124.3 |    772 | gen_regfile_ff.register_file_i.rf_reg_q\[510\]$_DFFE_PN0P_/D
iter:1403, pass:1, current fixing endpoint: gen_regfile_ff.register_file_i.rf_reg_q\[443\]$_DFFE_PN0P_/D, endpoint slack:-2.589231e-10
     1404 |       0 |      75 |       35 |     11 |    38 |   -0.324 |     -124.7 |    772 | gen_regfile_ff.register_file_i.rf_reg_q\[510\]$_DFFE_PN0P_/D
iter:1404, pass:2, current fixing endpoint: gen_regfile_ff.register_file_i.rf_reg_q\[443\]$_DFFE_PN0P_/D, endpoint slack:-2.5798785e-10
     1404 |       0 |      74 |       35 |     11 |    38 |   -0.321 |     -124.3 |    772 | gen_regfile_ff.register_file_i.rf_reg_q\[510\]$_DFFE_PN0P_/D
     1405 |       0 |      74 |       35 |     11 |    38 |   -0.321 |     -124.3 |    772 | gen_regfile_ff.register_file_i.rf_reg_q\[510\]$_DFFE_PN0P_/D
iter:1405, pass:1, current fixing endpoint: gen_regfile_ff.register_file_i.rf_reg_q\[507\]$_DFFE_PN0P_/D, endpoint slack:-2.5891156e-10
     1406 |       0 |      75 |       35 |     11 |    38 |   -0.324 |     -124.7 |    772 | gen_regfile_ff.register_file_i.rf_reg_q\[510\]$_DFFE_PN0P_/D
iter:1406, pass:2, current fixing endpoint: gen_regfile_ff.register_file_i.rf_reg_q\[507\]$_DFFE_PN0P_/D, endpoint slack:-2.579763e-10
     1406 |       0 |      74 |       35 |     11 |    38 |   -0.321 |     -124.3 |    772 | gen_regfile_ff.register_file_i.rf_reg_q\[510\]$_DFFE_PN0P_/D
     1407 |       0 |      74 |       35 |     11 |    38 |   -0.321 |     -124.3 |    772 | gen_regfile_ff.register_file_i.rf_reg_q\[510\]$_DFFE_PN0P_/D
iter:1407, pass:1, current fixing endpoint: gen_regfile_ff.register_file_i.rf_reg_q\[379\]$_DFFE_PN0P_/D, endpoint slack:-2.588707e-10
     1408 |       0 |      75 |       35 |     11 |    38 |   -0.324 |     -124.7 |    772 | gen_regfile_ff.register_file_i.rf_reg_q\[510\]$_DFFE_PN0P_/D
iter:1408, pass:2, current fixing endpoint: gen_regfile_ff.register_file_i.rf_reg_q\[379\]$_DFFE_PN0P_/D, endpoint slack:-2.5793545e-10
     1408 |       0 |      74 |       35 |     11 |    38 |   -0.321 |     -124.3 |    772 | gen_regfile_ff.register_file_i.rf_reg_q\[510\]$_DFFE_PN0P_/D
     1409 |       0 |      74 |       35 |     11 |    38 |   -0.321 |     -124.3 |    772 | gen_regfile_ff.register_file_i.rf_reg_q\[510\]$_DFFE_PN0P_/D
iter:1409, pass:1, current fixing endpoint: gen_regfile_ff.register_file_i.rf_reg_q\[315\]$_DFFE_PN0P_/D, endpoint slack:-2.585021e-10
     1410 |       0 |      75 |       35 |     11 |    38 |   -0.324 |     -124.7 |    772 | gen_regfile_ff.register_file_i.rf_reg_q\[510\]$_DFFE_PN0P_/D
iter:1410, pass:2, current fixing endpoint: gen_regfile_ff.register_file_i.rf_reg_q\[315\]$_DFFE_PN0P_/D, endpoint slack:-2.5756686e-10
     1410 |       0 |      74 |       35 |     11 |    38 |   -0.321 |     -124.3 |    772 | gen_regfile_ff.register_file_i.rf_reg_q\[510\]$_DFFE_PN0P_/D
     1411 |       0 |      74 |       35 |     11 |    38 |   -0.321 |     -124.3 |    772 | gen_regfile_ff.register_file_i.rf_reg_q\[510\]$_DFFE_PN0P_/D
iter:1411, pass:1, current fixing endpoint: gen_regfile_ff.register_file_i.rf_reg_q\[347\]$_DFFE_PN0P_/D, endpoint slack:-2.5829028e-10
     1412 |       0 |      75 |       35 |     11 |    38 |   -0.324 |     -124.7 |    772 | gen_regfile_ff.register_file_i.rf_reg_q\[510\]$_DFFE_PN0P_/D
iter:1412, pass:2, current fixing endpoint: gen_regfile_ff.register_file_i.rf_reg_q\[347\]$_DFFE_PN0P_/D, endpoint slack:-2.5735503e-10
     1412 |       0 |      74 |       35 |     11 |    38 |   -0.321 |     -124.3 |    772 | gen_regfile_ff.register_file_i.rf_reg_q\[510\]$_DFFE_PN0P_/D
     1413 |       0 |      74 |       35 |     11 |    38 |   -0.321 |     -124.3 |    772 | gen_regfile_ff.register_file_i.rf_reg_q\[510\]$_DFFE_PN0P_/D
iter:1413, pass:1, current fixing endpoint: gen_regfile_ff.register_file_i.rf_reg_q\[795\]$_DFFE_PN0P_/D, endpoint slack:-2.5815017e-10
     1414 |       0 |      75 |       35 |     11 |    38 |   -0.324 |     -124.7 |    772 | gen_regfile_ff.register_file_i.rf_reg_q\[510\]$_DFFE_PN0P_/D
iter:1414, pass:2, current fixing endpoint: gen_regfile_ff.register_file_i.rf_reg_q\[795\]$_DFFE_PN0P_/D, endpoint slack:-2.5721492e-10
     1414 |       0 |      74 |       35 |     11 |    38 |   -0.321 |     -124.3 |    772 | gen_regfile_ff.register_file_i.rf_reg_q\[510\]$_DFFE_PN0P_/D
     1415 |       0 |      74 |       35 |     11 |    38 |   -0.321 |     -124.3 |    772 | gen_regfile_ff.register_file_i.rf_reg_q\[510\]$_DFFE_PN0P_/D
iter:1415, pass:1, current fixing endpoint: gen_regfile_ff.register_file_i.rf_reg_q\[251\]$_DFFE_PN0P_/D, endpoint slack:-2.573679e-10
     1416 |       0 |      75 |       35 |     11 |    38 |   -0.324 |     -124.7 |    772 | gen_regfile_ff.register_file_i.rf_reg_q\[510\]$_DFFE_PN0P_/D
iter:1416, pass:2, current fixing endpoint: gen_regfile_ff.register_file_i.rf_reg_q\[251\]$_DFFE_PN0P_/D, endpoint slack:-2.5643265e-10
     1416 |       0 |      74 |       35 |     11 |    38 |   -0.321 |     -124.3 |    772 | gen_regfile_ff.register_file_i.rf_reg_q\[510\]$_DFFE_PN0P_/D
     1417 |       0 |      74 |       35 |     11 |    38 |   -0.321 |     -124.3 |    772 | gen_regfile_ff.register_file_i.rf_reg_q\[510\]$_DFFE_PN0P_/D
iter:1417, pass:1, current fixing endpoint: gen_regfile_ff.register_file_i.rf_reg_q\[283\]$_DFFE_PN0P_/D, endpoint slack:-2.5704971e-10
     1418 |       0 |      75 |       35 |     11 |    38 |   -0.324 |     -124.7 |    772 | gen_regfile_ff.register_file_i.rf_reg_q\[510\]$_DFFE_PN0P_/D
iter:1418, pass:2, current fixing endpoint: gen_regfile_ff.register_file_i.rf_reg_q\[283\]$_DFFE_PN0P_/D, endpoint slack:-2.5611446e-10
     1418 |       0 |      74 |       35 |     11 |    38 |   -0.321 |     -124.3 |    772 | gen_regfile_ff.register_file_i.rf_reg_q\[510\]$_DFFE_PN0P_/D
     1419 |       0 |      74 |       35 |     11 |    38 |   -0.321 |     -124.3 |    772 | gen_regfile_ff.register_file_i.rf_reg_q\[510\]$_DFFE_PN0P_/D
iter:1419, pass:1, current fixing endpoint: gen_regfile_ff.register_file_i.rf_reg_q\[827\]$_DFFE_PN0P_/D, endpoint slack:-2.570295e-10
     1420 |       0 |      75 |       35 |     11 |    38 |   -0.324 |     -124.7 |    772 | gen_regfile_ff.register_file_i.rf_reg_q\[510\]$_DFFE_PN0P_/D
iter:1420, pass:2, current fixing endpoint: gen_regfile_ff.register_file_i.rf_reg_q\[827\]$_DFFE_PN0P_/D, endpoint slack:-2.5609426e-10
     1420 |       0 |      74 |       35 |     11 |    38 |   -0.321 |     -124.3 |    772 | gen_regfile_ff.register_file_i.rf_reg_q\[510\]$_DFFE_PN0P_/D
     1421 |       0 |      74 |       35 |     11 |    38 |   -0.321 |     -124.3 |    772 | gen_regfile_ff.register_file_i.rf_reg_q\[510\]$_DFFE_PN0P_/D
iter:1421, pass:1, current fixing endpoint: gen_regfile_ff.register_file_i.rf_reg_q\[822\]$_DFFE_PN0P_/D, endpoint slack:-2.4836377e-10
     1422 |       0 |      75 |       35 |     11 |    38 |   -0.321 |     -124.9 |    772 | gen_regfile_ff.register_file_i.rf_reg_q\[510\]$_DFFE_PN0P_/D
iter:1422, pass:2, current fixing endpoint: gen_regfile_ff.register_file_i.rf_reg_q\[822\]$_DFFE_PN0P_/D, endpoint slack:-2.4851077e-10
     1422 |       0 |      74 |       35 |     11 |    38 |   -0.321 |     -124.3 |    772 | gen_regfile_ff.register_file_i.rf_reg_q\[510\]$_DFFE_PN0P_/D
     1423 |       0 |      74 |       35 |     11 |    38 |   -0.321 |     -124.3 |    772 | gen_regfile_ff.register_file_i.rf_reg_q\[510\]$_DFFE_PN0P_/D
iter:1423, pass:1, current fixing endpoint: gen_regfile_ff.register_file_i.rf_reg_q\[438\]$_DFFE_PN0P_/D, endpoint slack:-2.4711433e-10
     1424 |       0 |      75 |       35 |     11 |    38 |   -0.321 |     -124.9 |    772 | gen_regfile_ff.register_file_i.rf_reg_q\[510\]$_DFFE_PN0P_/D
iter:1424, pass:2, current fixing endpoint: gen_regfile_ff.register_file_i.rf_reg_q\[438\]$_DFFE_PN0P_/D, endpoint slack:-2.4726132e-10
     1424 |       0 |      74 |       35 |     11 |    38 |   -0.321 |     -124.3 |    772 | gen_regfile_ff.register_file_i.rf_reg_q\[510\]$_DFFE_PN0P_/D
     1425 |       0 |      74 |       35 |     11 |    38 |   -0.321 |     -124.3 |    772 | gen_regfile_ff.register_file_i.rf_reg_q\[510\]$_DFFE_PN0P_/D
iter:1425, pass:1, current fixing endpoint: gen_regfile_ff.register_file_i.rf_reg_q\[118\]$_DFFE_PN0P_/D, endpoint slack:-2.4682278e-10
     1426 |       0 |      75 |       35 |     11 |    38 |   -0.321 |     -124.9 |    772 | gen_regfile_ff.register_file_i.rf_reg_q\[510\]$_DFFE_PN0P_/D
iter:1426, pass:2, current fixing endpoint: gen_regfile_ff.register_file_i.rf_reg_q\[118\]$_DFFE_PN0P_/D, endpoint slack:-2.4696978e-10
     1426 |       0 |      74 |       35 |     11 |    38 |   -0.321 |     -124.3 |    772 | gen_regfile_ff.register_file_i.rf_reg_q\[510\]$_DFFE_PN0P_/D
     1427 |       0 |      74 |       35 |     11 |    38 |   -0.321 |     -124.3 |    772 | gen_regfile_ff.register_file_i.rf_reg_q\[510\]$_DFFE_PN0P_/D
iter:1427, pass:1, current fixing endpoint: gen_regfile_ff.register_file_i.rf_reg_q\[758\]$_DFFE_PN0P_/D, endpoint slack:-2.4654012e-10
     1428 |       0 |      75 |       35 |     11 |    38 |   -0.321 |     -124.9 |    772 | gen_regfile_ff.register_file_i.rf_reg_q\[510\]$_DFFE_PN0P_/D
iter:1428, pass:2, current fixing endpoint: gen_regfile_ff.register_file_i.rf_reg_q\[758\]$_DFFE_PN0P_/D, endpoint slack:-2.4668712e-10
     1428 |       0 |      74 |       35 |     11 |    38 |   -0.321 |     -124.3 |    772 | gen_regfile_ff.register_file_i.rf_reg_q\[510\]$_DFFE_PN0P_/D
     1429 |       0 |      74 |       35 |     11 |    38 |   -0.321 |     -124.3 |    772 | gen_regfile_ff.register_file_i.rf_reg_q\[510\]$_DFFE_PN0P_/D
iter:1429, pass:1, current fixing endpoint: gen_regfile_ff.register_file_i.rf_reg_q\[662\]$_DFFE_PN0P_/D, endpoint slack:-2.463596e-10
     1430 |       0 |      75 |       35 |     11 |    38 |   -0.321 |     -124.9 |    772 | gen_regfile_ff.register_file_i.rf_reg_q\[510\]$_DFFE_PN0P_/D
iter:1430, pass:2, current fixing endpoint: gen_regfile_ff.register_file_i.rf_reg_q\[662\]$_DFFE_PN0P_/D, endpoint slack:-2.465066e-10
     1430 |       0 |      74 |       35 |     11 |    38 |   -0.321 |     -124.3 |    772 | gen_regfile_ff.register_file_i.rf_reg_q\[510\]$_DFFE_PN0P_/D
     1431 |       0 |      74 |       35 |     11 |    38 |   -0.321 |     -124.3 |    772 | gen_regfile_ff.register_file_i.rf_reg_q\[510\]$_DFFE_PN0P_/D
iter:1431, pass:1, current fixing endpoint: gen_regfile_ff.register_file_i.rf_reg_q\[374\]$_DFFE_PN0P_/D, endpoint slack:-2.4622393e-10
     1432 |       0 |      75 |       35 |     11 |    38 |   -0.321 |     -124.9 |    772 | gen_regfile_ff.register_file_i.rf_reg_q\[510\]$_DFFE_PN0P_/D
iter:1432, pass:2, current fixing endpoint: gen_regfile_ff.register_file_i.rf_reg_q\[374\]$_DFFE_PN0P_/D, endpoint slack:-2.4637092e-10
     1432 |       0 |      74 |       35 |     11 |    38 |   -0.321 |     -124.3 |    772 | gen_regfile_ff.register_file_i.rf_reg_q\[510\]$_DFFE_PN0P_/D
     1433 |       0 |      74 |       35 |     11 |    38 |   -0.321 |     -124.3 |    772 | gen_regfile_ff.register_file_i.rf_reg_q\[510\]$_DFFE_PN0P_/D
iter:1433, pass:1, current fixing endpoint: gen_regfile_ff.register_file_i.rf_reg_q\[150\]$_DFFE_PN0P_/D, endpoint slack:-2.4611468e-10
     1434 |       0 |      75 |       35 |     11 |    38 |   -0.321 |     -124.9 |    772 | gen_regfile_ff.register_file_i.rf_reg_q\[510\]$_DFFE_PN0P_/D
iter:1434, pass:2, current fixing endpoint: gen_regfile_ff.register_file_i.rf_reg_q\[150\]$_DFFE_PN0P_/D, endpoint slack:-2.4626168e-10
     1434 |       0 |      74 |       35 |     11 |    38 |   -0.321 |     -124.3 |    772 | gen_regfile_ff.register_file_i.rf_reg_q\[510\]$_DFFE_PN0P_/D
     1435 |       0 |      74 |       35 |     11 |    38 |   -0.321 |     -124.3 |    772 | gen_regfile_ff.register_file_i.rf_reg_q\[510\]$_DFFE_PN0P_/D
iter:1435, pass:1, current fixing endpoint: gen_regfile_ff.register_file_i.rf_reg_q\[790\]$_DFFE_PN0P_/D, endpoint slack:-2.4594304e-10
     1436 |       0 |      75 |       35 |     11 |    38 |   -0.321 |     -124.9 |    772 | gen_regfile_ff.register_file_i.rf_reg_q\[510\]$_DFFE_PN0P_/D
iter:1436, pass:2, current fixing endpoint: gen_regfile_ff.register_file_i.rf_reg_q\[790\]$_DFFE_PN0P_/D, endpoint slack:-2.4609004e-10
     1436 |       0 |      74 |       35 |     11 |    38 |   -0.321 |     -124.3 |    772 | gen_regfile_ff.register_file_i.rf_reg_q\[510\]$_DFFE_PN0P_/D
     1437 |       0 |      74 |       35 |     11 |    38 |   -0.321 |     -124.3 |    772 | gen_regfile_ff.register_file_i.rf_reg_q\[510\]$_DFFE_PN0P_/D
iter:1437, pass:1, current fixing endpoint: gen_regfile_ff.register_file_i.rf_reg_q\[950\]$_DFFE_PN0P_/D, endpoint slack:-2.4583868e-10
     1438 |       0 |      75 |       35 |     11 |    38 |   -0.321 |     -124.9 |    772 | gen_regfile_ff.register_file_i.rf_reg_q\[510\]$_DFFE_PN0P_/D
iter:1438, pass:2, current fixing endpoint: gen_regfile_ff.register_file_i.rf_reg_q\[950\]$_DFFE_PN0P_/D, endpoint slack:-2.4598568e-10
     1438 |       0 |      74 |       35 |     11 |    38 |   -0.321 |     -124.3 |    772 | gen_regfile_ff.register_file_i.rf_reg_q\[510\]$_DFFE_PN0P_/D
     1439 |       0 |      74 |       35 |     11 |    38 |   -0.321 |     -124.3 |    772 | gen_regfile_ff.register_file_i.rf_reg_q\[510\]$_DFFE_PN0P_/D
iter:1439, pass:1, current fixing endpoint: gen_regfile_ff.register_file_i.rf_reg_q\[854\]$_DFFE_PN0P_/D, endpoint slack:-2.457956e-10
     1440 |       0 |      75 |       35 |     11 |    38 |   -0.321 |     -124.9 |    772 | gen_regfile_ff.register_file_i.rf_reg_q\[510\]$_DFFE_PN0P_/D
iter:1440, pass:2, current fixing endpoint: gen_regfile_ff.register_file_i.rf_reg_q\[854\]$_DFFE_PN0P_/D, endpoint slack:-2.459426e-10
     1440 |       0 |      74 |       35 |     11 |    38 |   -0.321 |     -124.3 |    772 | gen_regfile_ff.register_file_i.rf_reg_q\[510\]$_DFFE_PN0P_/D
     1441 |       0 |      74 |       35 |     11 |    38 |   -0.321 |     -124.3 |    772 | gen_regfile_ff.register_file_i.rf_reg_q\[510\]$_DFFE_PN0P_/D
iter:1441, pass:1, current fixing endpoint: gen_regfile_ff.register_file_i.rf_reg_q\[982\]$_DFFE_PN0P_/D, endpoint slack:-2.4560576e-10
     1442 |       0 |      75 |       35 |     11 |    38 |   -0.321 |     -124.9 |    772 | gen_regfile_ff.register_file_i.rf_reg_q\[510\]$_DFFE_PN0P_/D
iter:1442, pass:2, current fixing endpoint: gen_regfile_ff.register_file_i.rf_reg_q\[982\]$_DFFE_PN0P_/D, endpoint slack:-2.4575275e-10
     1442 |       0 |      74 |       35 |     11 |    38 |   -0.321 |     -124.3 |    772 | gen_regfile_ff.register_file_i.rf_reg_q\[510\]$_DFFE_PN0P_/D
     1443 |       0 |      74 |       35 |     11 |    38 |   -0.321 |     -124.3 |    772 | gen_regfile_ff.register_file_i.rf_reg_q\[510\]$_DFFE_PN0P_/D
iter:1443, pass:1, current fixing endpoint: gen_regfile_ff.register_file_i.rf_reg_q\[470\]$_DFFE_PN0P_/D, endpoint slack:-2.4519053e-10
     1444 |       0 |      75 |       35 |     11 |    38 |   -0.321 |     -124.9 |    772 | gen_regfile_ff.register_file_i.rf_reg_q\[510\]$_DFFE_PN0P_/D
iter:1444, pass:2, current fixing endpoint: gen_regfile_ff.register_file_i.rf_reg_q\[470\]$_DFFE_PN0P_/D, endpoint slack:-2.4533753e-10
     1444 |       0 |      74 |       35 |     11 |    38 |   -0.321 |     -124.3 |    772 | gen_regfile_ff.register_file_i.rf_reg_q\[510\]$_DFFE_PN0P_/D
     1445 |       0 |      74 |       35 |     11 |    38 |   -0.321 |     -124.3 |    772 | gen_regfile_ff.register_file_i.rf_reg_q\[510\]$_DFFE_PN0P_/D
iter:1445, pass:1, current fixing endpoint: gen_regfile_ff.register_file_i.rf_reg_q\[918\]$_DFFE_PN0P_/D, endpoint slack:-2.451166e-10
     1446 |       0 |      75 |       35 |     11 |    38 |   -0.321 |     -124.9 |    772 | gen_regfile_ff.register_file_i.rf_reg_q\[510\]$_DFFE_PN0P_/D
iter:1446, pass:2, current fixing endpoint: gen_regfile_ff.register_file_i.rf_reg_q\[918\]$_DFFE_PN0P_/D, endpoint slack:-2.452636e-10
     1446 |       0 |      74 |       35 |     11 |    38 |   -0.321 |     -124.3 |    772 | gen_regfile_ff.register_file_i.rf_reg_q\[510\]$_DFFE_PN0P_/D
     1447 |       0 |      74 |       35 |     11 |    38 |   -0.321 |     -124.3 |    772 | gen_regfile_ff.register_file_i.rf_reg_q\[510\]$_DFFE_PN0P_/D
iter:1447, pass:1, current fixing endpoint: gen_regfile_ff.register_file_i.rf_reg_q\[694\]$_DFFE_PN0P_/D, endpoint slack:-2.4468227e-10
     1448 |       0 |      75 |       35 |     11 |    38 |   -0.321 |     -124.9 |    772 | gen_regfile_ff.register_file_i.rf_reg_q\[510\]$_DFFE_PN0P_/D
iter:1448, pass:2, current fixing endpoint: gen_regfile_ff.register_file_i.rf_reg_q\[694\]$_DFFE_PN0P_/D, endpoint slack:-2.4482927e-10
     1448 |       0 |      74 |       35 |     11 |    38 |   -0.321 |     -124.3 |    772 | gen_regfile_ff.register_file_i.rf_reg_q\[510\]$_DFFE_PN0P_/D
     1449 |       0 |      74 |       35 |     11 |    38 |   -0.321 |     -124.3 |    772 | gen_regfile_ff.register_file_i.rf_reg_q\[510\]$_DFFE_PN0P_/D
iter:1449, pass:1, current fixing endpoint: gen_regfile_ff.register_file_i.rf_reg_q\[566\]$_DFFE_PN0P_/D, endpoint slack:-2.4447977e-10
     1450 |       0 |      75 |       35 |     11 |    38 |   -0.321 |     -124.9 |    772 | gen_regfile_ff.register_file_i.rf_reg_q\[510\]$_DFFE_PN0P_/D
iter:1450, pass:2, current fixing endpoint: gen_regfile_ff.register_file_i.rf_reg_q\[566\]$_DFFE_PN0P_/D, endpoint slack:-2.4462676e-10
     1450 |       0 |      74 |       35 |     11 |    38 |   -0.321 |     -124.3 |    772 | gen_regfile_ff.register_file_i.rf_reg_q\[510\]$_DFFE_PN0P_/D
     1451 |       0 |      74 |       35 |     11 |    38 |   -0.321 |     -124.3 |    772 | gen_regfile_ff.register_file_i.rf_reg_q\[510\]$_DFFE_PN0P_/D
iter:1451, pass:1, current fixing endpoint: gen_regfile_ff.register_file_i.rf_reg_q\[342\]$_DFFE_PN0P_/D, endpoint slack:-2.4431834e-10
     1452 |       0 |      75 |       35 |     11 |    38 |   -0.321 |     -124.9 |    772 | gen_regfile_ff.register_file_i.rf_reg_q\[510\]$_DFFE_PN0P_/D
iter:1452, pass:2, current fixing endpoint: gen_regfile_ff.register_file_i.rf_reg_q\[342\]$_DFFE_PN0P_/D, endpoint slack:-2.4446534e-10
     1452 |       0 |      74 |       35 |     11 |    38 |   -0.321 |     -124.3 |    772 | gen_regfile_ff.register_file_i.rf_reg_q\[510\]$_DFFE_PN0P_/D
     1453 |       0 |      74 |       35 |     11 |    38 |   -0.321 |     -124.3 |    772 | gen_regfile_ff.register_file_i.rf_reg_q\[510\]$_DFFE_PN0P_/D
iter:1453, pass:1, current fixing endpoint: gen_regfile_ff.register_file_i.rf_reg_q\[310\]$_DFFE_PN0P_/D, endpoint slack:-2.4405145e-10
     1454 |       0 |      75 |       35 |     11 |    38 |   -0.321 |     -124.9 |    772 | gen_regfile_ff.register_file_i.rf_reg_q\[510\]$_DFFE_PN0P_/D
iter:1454, pass:2, current fixing endpoint: gen_regfile_ff.register_file_i.rf_reg_q\[310\]$_DFFE_PN0P_/D, endpoint slack:-2.4419844e-10
     1454 |       0 |      74 |       35 |     11 |    38 |   -0.321 |     -124.3 |    772 | gen_regfile_ff.register_file_i.rf_reg_q\[510\]$_DFFE_PN0P_/D
     1455 |       0 |      74 |       35 |     11 |    38 |   -0.321 |     -124.3 |    772 | gen_regfile_ff.register_file_i.rf_reg_q\[510\]$_DFFE_PN0P_/D
iter:1455, pass:1, current fixing endpoint: gen_regfile_ff.register_file_i.rf_reg_q\[54\]$_DFFE_PN0P_/D, endpoint slack:-2.4400792e-10
     1456 |       0 |      75 |       35 |     11 |    38 |   -0.321 |     -124.9 |    772 | gen_regfile_ff.register_file_i.rf_reg_q\[510\]$_DFFE_PN0P_/D
iter:1456, pass:2, current fixing endpoint: gen_regfile_ff.register_file_i.rf_reg_q\[54\]$_DFFE_PN0P_/D, endpoint slack:-2.4415492e-10
     1456 |       0 |      74 |       35 |     11 |    38 |   -0.321 |     -124.3 |    772 | gen_regfile_ff.register_file_i.rf_reg_q\[510\]$_DFFE_PN0P_/D
     1457 |       0 |      74 |       35 |     11 |    38 |   -0.321 |     -124.3 |    772 | gen_regfile_ff.register_file_i.rf_reg_q\[510\]$_DFFE_PN0P_/D
iter:1457, pass:1, current fixing endpoint: gen_regfile_ff.register_file_i.rf_reg_q\[406\]$_DFFE_PN0P_/D, endpoint slack:-2.4389402e-10
     1458 |       0 |      75 |       35 |     11 |    38 |   -0.321 |     -124.9 |    772 | gen_regfile_ff.register_file_i.rf_reg_q\[510\]$_DFFE_PN0P_/D
iter:1458, pass:2, current fixing endpoint: gen_regfile_ff.register_file_i.rf_reg_q\[406\]$_DFFE_PN0P_/D, endpoint slack:-2.44041e-10
     1458 |       0 |      74 |       35 |     11 |    38 |   -0.321 |     -124.3 |    772 | gen_regfile_ff.register_file_i.rf_reg_q\[510\]$_DFFE_PN0P_/D
     1459 |       0 |      74 |       35 |     11 |    38 |   -0.321 |     -124.3 |    772 | gen_regfile_ff.register_file_i.rf_reg_q\[510\]$_DFFE_PN0P_/D
iter:1459, pass:1, current fixing endpoint: gen_regfile_ff.register_file_i.rf_reg_q\[22\]$_DFFE_PN0P_/D, endpoint slack:-2.4385538e-10
     1460 |       0 |      75 |       35 |     11 |    38 |   -0.321 |     -124.9 |    772 | gen_regfile_ff.register_file_i.rf_reg_q\[510\]$_DFFE_PN0P_/D
iter:1460, pass:2, current fixing endpoint: gen_regfile_ff.register_file_i.rf_reg_q\[22\]$_DFFE_PN0P_/D, endpoint slack:-2.4400237e-10
     1460 |       0 |      74 |       35 |     11 |    38 |   -0.321 |     -124.3 |    772 | gen_regfile_ff.register_file_i.rf_reg_q\[510\]$_DFFE_PN0P_/D
     1461 |       0 |      74 |       35 |     11 |    38 |   -0.321 |     -124.3 |    772 | gen_regfile_ff.register_file_i.rf_reg_q\[510\]$_DFFE_PN0P_/D
iter:1461, pass:1, current fixing endpoint: gen_regfile_ff.register_file_i.rf_reg_q\[214\]$_DFFE_PN0P_/D, endpoint slack:-2.4374414e-10
     1462 |       0 |      75 |       35 |     11 |    38 |   -0.321 |     -124.9 |    772 | gen_regfile_ff.register_file_i.rf_reg_q\[510\]$_DFFE_PN0P_/D
iter:1462, pass:2, current fixing endpoint: gen_regfile_ff.register_file_i.rf_reg_q\[214\]$_DFFE_PN0P_/D, endpoint slack:-2.4389113e-10
     1462 |       0 |      74 |       35 |     11 |    38 |   -0.321 |     -124.3 |    772 | gen_regfile_ff.register_file_i.rf_reg_q\[510\]$_DFFE_PN0P_/D
     1463 |       0 |      74 |       35 |     11 |    38 |   -0.321 |     -124.3 |    772 | gen_regfile_ff.register_file_i.rf_reg_q\[510\]$_DFFE_PN0P_/D
iter:1463, pass:1, current fixing endpoint: gen_regfile_ff.register_file_i.rf_reg_q\[182\]$_DFFE_PN0P_/D, endpoint slack:-2.4367708e-10
     1464 |       0 |      75 |       35 |     11 |    38 |   -0.321 |     -124.9 |    772 | gen_regfile_ff.register_file_i.rf_reg_q\[510\]$_DFFE_PN0P_/D
iter:1464, pass:2, current fixing endpoint: gen_regfile_ff.register_file_i.rf_reg_q\[182\]$_DFFE_PN0P_/D, endpoint slack:-2.4382407e-10
     1464 |       0 |      74 |       35 |     11 |    38 |   -0.321 |     -124.3 |    772 | gen_regfile_ff.register_file_i.rf_reg_q\[510\]$_DFFE_PN0P_/D
     1465 |       0 |      74 |       35 |     11 |    38 |   -0.321 |     -124.3 |    772 | gen_regfile_ff.register_file_i.rf_reg_q\[510\]$_DFFE_PN0P_/D
iter:1465, pass:1, current fixing endpoint: gen_regfile_ff.register_file_i.rf_reg_q\[726\]$_DFFE_PN0P_/D, endpoint slack:-2.435061e-10
     1466 |       0 |      75 |       35 |     11 |    38 |   -0.321 |     -124.9 |    772 | gen_regfile_ff.register_file_i.rf_reg_q\[510\]$_DFFE_PN0P_/D
iter:1466, pass:2, current fixing endpoint: gen_regfile_ff.register_file_i.rf_reg_q\[726\]$_DFFE_PN0P_/D, endpoint slack:-2.436531e-10
     1466 |       0 |      74 |       35 |     11 |    38 |   -0.321 |     -124.3 |    772 | gen_regfile_ff.register_file_i.rf_reg_q\[510\]$_DFFE_PN0P_/D
     1467 |       0 |      74 |       35 |     11 |    38 |   -0.321 |     -124.3 |    772 | gen_regfile_ff.register_file_i.rf_reg_q\[510\]$_DFFE_PN0P_/D
iter:1467, pass:1, current fixing endpoint: gen_regfile_ff.register_file_i.rf_reg_q\[857\]$_DFFE_PN0P_/D, endpoint slack:-2.434466e-10
     1468 |       0 |      75 |       35 |     11 |    38 |   -0.324 |     -124.7 |    772 | gen_regfile_ff.register_file_i.rf_reg_q\[510\]$_DFFE_PN0P_/D
iter:1468, pass:2, current fixing endpoint: gen_regfile_ff.register_file_i.rf_reg_q\[857\]$_DFFE_PN0P_/D, endpoint slack:-2.4251134e-10
     1468 |       0 |      74 |       35 |     11 |    38 |   -0.321 |     -124.3 |    772 | gen_regfile_ff.register_file_i.rf_reg_q\[510\]$_DFFE_PN0P_/D
     1469 |       0 |      74 |       35 |     11 |    38 |   -0.321 |     -124.3 |    772 | gen_regfile_ff.register_file_i.rf_reg_q\[510\]$_DFFE_PN0P_/D
iter:1469, pass:1, current fixing endpoint: gen_regfile_ff.register_file_i.rf_reg_q\[761\]$_DFFE_PN0P_/D, endpoint slack:-2.4340152e-10
     1470 |       0 |      75 |       35 |     11 |    38 |   -0.324 |     -124.7 |    772 | gen_regfile_ff.register_file_i.rf_reg_q\[510\]$_DFFE_PN0P_/D
iter:1470, pass:2, current fixing endpoint: gen_regfile_ff.register_file_i.rf_reg_q\[761\]$_DFFE_PN0P_/D, endpoint slack:-2.4246627e-10
     1470 |       0 |      74 |       35 |     11 |    38 |   -0.321 |     -124.3 |    772 | gen_regfile_ff.register_file_i.rf_reg_q\[510\]$_DFFE_PN0P_/D
     1471 |       0 |      74 |       35 |     11 |    38 |   -0.321 |     -124.3 |    772 | gen_regfile_ff.register_file_i.rf_reg_q\[510\]$_DFFE_PN0P_/D
iter:1471, pass:1, current fixing endpoint: gen_regfile_ff.register_file_i.rf_reg_q\[502\]$_DFFE_PN0P_/D, endpoint slack:-2.4307445e-10
     1472 |       0 |      75 |       35 |     11 |    38 |   -0.321 |     -124.9 |    772 | gen_regfile_ff.register_file_i.rf_reg_q\[510\]$_DFFE_PN0P_/D
iter:1472, pass:2, current fixing endpoint: gen_regfile_ff.register_file_i.rf_reg_q\[502\]$_DFFE_PN0P_/D, endpoint slack:-2.4322144e-10
     1472 |       0 |      74 |       35 |     11 |    38 |   -0.321 |     -124.3 |    772 | gen_regfile_ff.register_file_i.rf_reg_q\[510\]$_DFFE_PN0P_/D
     1473 |       0 |      74 |       35 |     11 |    38 |   -0.321 |     -124.3 |    772 | gen_regfile_ff.register_file_i.rf_reg_q\[510\]$_DFFE_PN0P_/D
iter:1473, pass:1, current fixing endpoint: gen_regfile_ff.register_file_i.rf_reg_q\[319\]$_DFFE_PN0P_/D, endpoint slack:-2.428946e-10
     1474 |       0 |      75 |       35 |     11 |    38 |   -0.324 |     -124.7 |    772 | gen_regfile_ff.register_file_i.rf_reg_q\[510\]$_DFFE_PN0P_/D
iter:1474, pass:2, current fixing endpoint: gen_regfile_ff.register_file_i.rf_reg_q\[319\]$_DFFE_PN0P_/D, endpoint slack:-2.4195934e-10
     1474 |       0 |      74 |       35 |     11 |    38 |   -0.321 |     -124.3 |    772 | gen_regfile_ff.register_file_i.rf_reg_q\[510\]$_DFFE_PN0P_/D
     1475 |       0 |      74 |       35 |     11 |    38 |   -0.321 |     -124.3 |    772 | gen_regfile_ff.register_file_i.rf_reg_q\[510\]$_DFFE_PN0P_/D
iter:1475, pass:1, current fixing endpoint: gen_regfile_ff.register_file_i.rf_reg_q\[534\]$_DFFE_PN0P_/D, endpoint slack:-2.427305e-10
     1476 |       0 |      75 |       35 |     11 |    38 |   -0.321 |     -124.9 |    772 | gen_regfile_ff.register_file_i.rf_reg_q\[510\]$_DFFE_PN0P_/D
iter:1476, pass:2, current fixing endpoint: gen_regfile_ff.register_file_i.rf_reg_q\[534\]$_DFFE_PN0P_/D, endpoint slack:-2.428775e-10
     1476 |       0 |      74 |       35 |     11 |    38 |   -0.321 |     -124.3 |    772 | gen_regfile_ff.register_file_i.rf_reg_q\[510\]$_DFFE_PN0P_/D
     1477 |       0 |      74 |       35 |     11 |    38 |   -0.321 |     -124.3 |    772 | gen_regfile_ff.register_file_i.rf_reg_q\[510\]$_DFFE_PN0P_/D
iter:1477, pass:1, current fixing endpoint: gen_regfile_ff.register_file_i.rf_reg_q\[246\]$_DFFE_PN0P_/D, endpoint slack:-2.4268765e-10
     1478 |       0 |      75 |       35 |     11 |    38 |   -0.321 |     -124.9 |    772 | gen_regfile_ff.register_file_i.rf_reg_q\[510\]$_DFFE_PN0P_/D
iter:1478, pass:2, current fixing endpoint: gen_regfile_ff.register_file_i.rf_reg_q\[246\]$_DFFE_PN0P_/D, endpoint slack:-2.4283464e-10
     1478 |       0 |      74 |       35 |     11 |    38 |   -0.321 |     -124.3 |    772 | gen_regfile_ff.register_file_i.rf_reg_q\[510\]$_DFFE_PN0P_/D
     1479 |       0 |      74 |       35 |     11 |    38 |   -0.321 |     -124.3 |    772 | gen_regfile_ff.register_file_i.rf_reg_q\[510\]$_DFFE_PN0P_/D
iter:1479, pass:1, current fixing endpoint: gen_regfile_ff.register_file_i.rf_reg_q\[278\]$_DFFE_PN0P_/D, endpoint slack:-2.4257907e-10
     1480 |       0 |      75 |       35 |     11 |    38 |   -0.321 |     -124.9 |    772 | gen_regfile_ff.register_file_i.rf_reg_q\[510\]$_DFFE_PN0P_/D
iter:1480, pass:2, current fixing endpoint: gen_regfile_ff.register_file_i.rf_reg_q\[278\]$_DFFE_PN0P_/D, endpoint slack:-2.4272606e-10
     1480 |       0 |      74 |       35 |     11 |    38 |   -0.321 |     -124.3 |    772 | gen_regfile_ff.register_file_i.rf_reg_q\[510\]$_DFFE_PN0P_/D
     1481 |       0 |      74 |       35 |     11 |    38 |   -0.321 |     -124.3 |    772 | gen_regfile_ff.register_file_i.rf_reg_q\[510\]$_DFFE_PN0P_/D
iter:1481, pass:1, current fixing endpoint: gen_regfile_ff.register_file_i.rf_reg_q\[598\]$_DFFE_PN0P_/D, endpoint slack:-2.4240987e-10
     1482 |       0 |      75 |       35 |     11 |    38 |   -0.321 |     -124.9 |    772 | gen_regfile_ff.register_file_i.rf_reg_q\[510\]$_DFFE_PN0P_/D
iter:1482, pass:2, current fixing endpoint: gen_regfile_ff.register_file_i.rf_reg_q\[598\]$_DFFE_PN0P_/D, endpoint slack:-2.4255686e-10
     1482 |       0 |      74 |       35 |     11 |    38 |   -0.321 |     -124.3 |    772 | gen_regfile_ff.register_file_i.rf_reg_q\[510\]$_DFFE_PN0P_/D
     1483 |       0 |      74 |       35 |     11 |    38 |   -0.321 |     -124.3 |    772 | gen_regfile_ff.register_file_i.rf_reg_q\[510\]$_DFFE_PN0P_/D
iter:1483, pass:1, current fixing endpoint: gen_regfile_ff.register_file_i.rf_reg_q\[793\]$_DFFE_PN0P_/D, endpoint slack:-2.4224156e-10
     1484 |       0 |      75 |       35 |     11 |    38 |   -0.324 |     -124.7 |    772 | gen_regfile_ff.register_file_i.rf_reg_q\[510\]$_DFFE_PN0P_/D
iter:1484, pass:2, current fixing endpoint: gen_regfile_ff.register_file_i.rf_reg_q\[793\]$_DFFE_PN0P_/D, endpoint slack:-2.413063e-10
     1484 |       0 |      74 |       35 |     11 |    38 |   -0.321 |     -124.3 |    772 | gen_regfile_ff.register_file_i.rf_reg_q\[510\]$_DFFE_PN0P_/D
     1485 |       0 |      74 |       35 |     11 |    38 |   -0.321 |     -124.3 |    772 | gen_regfile_ff.register_file_i.rf_reg_q\[510\]$_DFFE_PN0P_/D
iter:1485, pass:1, current fixing endpoint: gen_regfile_ff.register_file_i.rf_reg_q\[63\]$_DFFE_PN0P_/D, endpoint slack:-2.4203084e-10
     1486 |       0 |      75 |       35 |     11 |    38 |   -0.324 |     -124.7 |    772 | gen_regfile_ff.register_file_i.rf_reg_q\[510\]$_DFFE_PN0P_/D
iter:1486, pass:2, current fixing endpoint: gen_regfile_ff.register_file_i.rf_reg_q\[63\]$_DFFE_PN0P_/D, endpoint slack:-2.410956e-10
     1486 |       0 |      74 |       35 |     11 |    38 |   -0.321 |     -124.3 |    772 | gen_regfile_ff.register_file_i.rf_reg_q\[510\]$_DFFE_PN0P_/D
     1487 |       0 |      74 |       35 |     11 |    38 |   -0.321 |     -124.3 |    772 | gen_regfile_ff.register_file_i.rf_reg_q\[510\]$_DFFE_PN0P_/D
iter:1487, pass:1, current fixing endpoint: gen_regfile_ff.register_file_i.rf_reg_q\[630\]$_DFFE_PN0P_/D, endpoint slack:-2.4188695e-10
     1488 |       0 |      75 |       35 |     11 |    38 |   -0.321 |     -124.9 |    772 | gen_regfile_ff.register_file_i.rf_reg_q\[510\]$_DFFE_PN0P_/D
iter:1488, pass:2, current fixing endpoint: gen_regfile_ff.register_file_i.rf_reg_q\[630\]$_DFFE_PN0P_/D, endpoint slack:-2.4203395e-10
     1488 |       0 |      74 |       35 |     11 |    38 |   -0.321 |     -124.3 |    772 | gen_regfile_ff.register_file_i.rf_reg_q\[510\]$_DFFE_PN0P_/D
     1489 |       0 |      74 |       35 |     11 |    38 |   -0.321 |     -124.3 |    772 | gen_regfile_ff.register_file_i.rf_reg_q\[510\]$_DFFE_PN0P_/D
iter:1489, pass:1, current fixing endpoint: gen_regfile_ff.register_file_i.rf_reg_q\[249\]$_DFFE_PN0P_/D, endpoint slack:-2.418361e-10
     1490 |       0 |      75 |       35 |     11 |    38 |   -0.324 |     -124.7 |    772 | gen_regfile_ff.register_file_i.rf_reg_q\[510\]$_DFFE_PN0P_/D
iter:1490, pass:2, current fixing endpoint: gen_regfile_ff.register_file_i.rf_reg_q\[249\]$_DFFE_PN0P_/D, endpoint slack:-2.4090085e-10
     1490 |       0 |      74 |       35 |     11 |    38 |   -0.321 |     -124.3 |    772 | gen_regfile_ff.register_file_i.rf_reg_q\[510\]$_DFFE_PN0P_/D
     1491 |       0 |      74 |       35 |     11 |    38 |   -0.321 |     -124.3 |    772 | gen_regfile_ff.register_file_i.rf_reg_q\[510\]$_DFFE_PN0P_/D
iter:1491, pass:1, current fixing endpoint: gen_regfile_ff.register_file_i.rf_reg_q\[921\]$_DFFE_PN0P_/D, endpoint slack:-2.4174374e-10
     1492 |       0 |      75 |       35 |     11 |    38 |   -0.324 |     -124.7 |    772 | gen_regfile_ff.register_file_i.rf_reg_q\[510\]$_DFFE_PN0P_/D
iter:1492, pass:2, current fixing endpoint: gen_regfile_ff.register_file_i.rf_reg_q\[921\]$_DFFE_PN0P_/D, endpoint slack:-2.4080848e-10
     1492 |       0 |      74 |       35 |     11 |    38 |   -0.321 |     -124.3 |    772 | gen_regfile_ff.register_file_i.rf_reg_q\[510\]$_DFFE_PN0P_/D
     1493 |       0 |      74 |       35 |     11 |    38 |   -0.321 |     -124.3 |    772 | gen_regfile_ff.register_file_i.rf_reg_q\[510\]$_DFFE_PN0P_/D
iter:1493, pass:1, current fixing endpoint: gen_regfile_ff.register_file_i.rf_reg_q\[447\]$_DFFE_PN0P_/D, endpoint slack:-2.415268e-10
     1494 |       0 |      75 |       35 |     11 |    38 |   -0.324 |     -124.7 |    772 | gen_regfile_ff.register_file_i.rf_reg_q\[510\]$_DFFE_PN0P_/D
iter:1494, pass:2, current fixing endpoint: gen_regfile_ff.register_file_i.rf_reg_q\[447\]$_DFFE_PN0P_/D, endpoint slack:-2.4059155e-10
     1494 |       0 |      74 |       35 |     11 |    38 |   -0.321 |     -124.3 |    772 | gen_regfile_ff.register_file_i.rf_reg_q\[510\]$_DFFE_PN0P_/D
     1495 |       0 |      74 |       35 |     11 |    38 |   -0.321 |     -124.3 |    772 | gen_regfile_ff.register_file_i.rf_reg_q\[510\]$_DFFE_PN0P_/D
iter:1495, pass:1, current fixing endpoint: gen_regfile_ff.register_file_i.rf_reg_q\[473\]$_DFFE_PN0P_/D, endpoint slack:-2.414393e-10
     1496 |       0 |      75 |       35 |     11 |    38 |   -0.324 |     -124.7 |    772 | gen_regfile_ff.register_file_i.rf_reg_q\[510\]$_DFFE_PN0P_/D
iter:1496, pass:2, current fixing endpoint: gen_regfile_ff.register_file_i.rf_reg_q\[473\]$_DFFE_PN0P_/D, endpoint slack:-2.4050406e-10
     1496 |       0 |      74 |       35 |     11 |    38 |   -0.321 |     -124.3 |    772 | gen_regfile_ff.register_file_i.rf_reg_q\[510\]$_DFFE_PN0P_/D
     1497 |       0 |      74 |       35 |     11 |    38 |   -0.321 |     -124.3 |    772 | gen_regfile_ff.register_file_i.rf_reg_q\[510\]$_DFFE_PN0P_/D
iter:1497, pass:1, current fixing endpoint: gen_regfile_ff.register_file_i.rf_reg_q\[86\]$_DFFE_PN0P_/D, endpoint slack:-2.4134272e-10
     1498 |       0 |      75 |       35 |     11 |    38 |   -0.321 |     -124.9 |    772 | gen_regfile_ff.register_file_i.rf_reg_q\[510\]$_DFFE_PN0P_/D
iter:1498, pass:2, current fixing endpoint: gen_regfile_ff.register_file_i.rf_reg_q\[86\]$_DFFE_PN0P_/D, endpoint slack:-2.4148972e-10
     1498 |       0 |      74 |       35 |     11 |    38 |   -0.321 |     -124.3 |    772 | gen_regfile_ff.register_file_i.rf_reg_q\[510\]$_DFFE_PN0P_/D
     1499 |       0 |      74 |       35 |     11 |    38 |   -0.321 |     -124.3 |    772 | gen_regfile_ff.register_file_i.rf_reg_q\[510\]$_DFFE_PN0P_/D
iter:1499, pass:1, current fixing endpoint: gen_regfile_ff.register_file_i.rf_reg_q\[255\]$_DFFE_PN0P_/D, endpoint slack:-2.411682e-10
     1500 |       0 |      75 |       35 |     11 |    38 |   -0.324 |     -124.7 |    772 | gen_regfile_ff.register_file_i.rf_reg_q\[510\]$_DFFE_PN0P_/D
iter:1500, pass:2, current fixing endpoint: gen_regfile_ff.register_file_i.rf_reg_q\[255\]$_DFFE_PN0P_/D, endpoint slack:-2.4023294e-10
     1500 |       0 |      75 |       35 |     11 |    38 |   -0.324 |     -124.7 |    772 | gen_regfile_ff.register_file_i.rf_reg_q\[510\]$_DFFE_PN0P_/D
    final |       0 |      75 |       35 |     11 |    38 |   -0.324 |     -124.7 |    768 | gen_regfile_ff.register_file_i.rf_reg_q\[510\]$_DFFE_PN0P_/D
---------------------------------------------------------------------------------------------------
[INFO RSZ-0040] Inserted 12 buffers.
[INFO RSZ-0041] Resized 75 instances.
[INFO RSZ-0043] Swapped pins on 38 instances.
[INFO RSZ-0049] Cloned 11 instances.
[WARNING RSZ-0062] Unable to repair all setup violations.
[INFO RSZ-0033] No hold violations found.
Placement Analysis
---------------------------------
total displacement        525.9 u
average displacement        0.0 u
max displacement           12.5 u
original HPWL          266062.5 u
legalized HPWL         266572.5 u
delta HPWL                    0 %

Repair antennas...
[WARNING GRT-0246] No diode with LEF class CORE ANTENNACELL found.
[INFO ANT-0002] Found 0 net violations.
[INFO ANT-0001] Found 0 pin violations.
Estimate parasitics...
Report metrics stage 5, global route...

==========================================================================
global route report_design_area
--------------------------------------------------------------------------
Design area 35580 u^2 62% utilization.
[INFO FLW-0007] clock core_clock period 2.200000
[INFO FLW-0008] Clock core_clock period 2.398
[INFO FLW-0009] Clock core_clock slack -0.325
[INFO FLW-0011] Path endpoint count 4640
Elapsed time: 5:45.27[h:]min:sec. CPU time: user 383.83 sys 0.28 (111%). Peak memory: 655952KB.
