OpenROAD bd42475189c7c2c6851df5fd060613f58d7c14b4 
Features included (+) or not (-): +Charts +GPU +GUI +Python
This program is licensed under the BSD-3 license. See the LICENSE file for details.
Components of this program may be licensed under more restrictive licenses which must be honored.
[INFO ORD-0030] Using 16 thread(s).
global_route -congestion_report_file ./reports/nangate45/aes/base/congestion.rpt -congestion_iterations 30 -congestion_report_iter_step 5 -verbose
[INFO GRT-0020] Min routing layer: metal2
[INFO GRT-0021] Max routing layer: metal10
[INFO GRT-0022] Global adjustment: 0%
[INFO GRT-0023] Grid origin: (0, 0)
[INFO GRT-0043] No OR_DEFAULT vias defined.
[INFO GRT-0088] Layer metal1  Track-Pitch = 0.1400  line-2-Via Pitch: 0.1350
[INFO GRT-0088] Layer metal2  Track-Pitch = 0.1900  line-2-Via Pitch: 0.1400
[INFO GRT-0088] Layer metal3  Track-Pitch = 0.1400  line-2-Via Pitch: 0.1400
[INFO GRT-0088] Layer metal4  Track-Pitch = 0.2800  line-2-Via Pitch: 0.2800
[INFO GRT-0088] Layer metal5  Track-Pitch = 0.2800  line-2-Via Pitch: 0.2800
[INFO GRT-0088] Layer metal6  Track-Pitch = 0.2800  line-2-Via Pitch: 0.2800
[INFO GRT-0088] Layer metal7  Track-Pitch = 0.7975  line-2-Via Pitch: 0.8000
[INFO GRT-0088] Layer metal8  Track-Pitch = 0.7975  line-2-Via Pitch: 0.8000
[INFO GRT-0088] Layer metal9  Track-Pitch = 1.5900  line-2-Via Pitch: 1.6000
[INFO GRT-0088] Layer metal10 Track-Pitch = 1.5900  line-2-Via Pitch: 1.6000
[INFO GRT-0019] Found 107 clock nets.
[INFO GRT-0001] Minimum degree: 2
[INFO GRT-0002] Maximum degree: 20
[INFO GRT-0003] Macros: 0
[INFO GRT-0043] No OR_DEFAULT vias defined.
[INFO GRT-0004] Blockages: 0

[INFO GRT-0053] Routing resources analysis:
          Routing      Original      Derated      Resource
Layer     Direction    Resources     Resources    Reduction (%)
---------------------------------------------------------------
metal1     Horizontal          0             0          0.00%
metal2     Vertical       155663         69963          55.05%
metal3     Horizontal     211205         97812          53.69%
metal4     Vertical        99134         67921          31.49%
metal5     Horizontal      98641         69740          29.30%
metal6     Vertical        99134         70094          29.29%
metal7     Horizontal      28200         12724          54.88%
metal8     Vertical        28443         14160          50.22%
metal9     Horizontal      14041         13923          0.84%
metal10    Vertical        14162         13924          1.68%
---------------------------------------------------------------

[INFO GRT-0101] Running extra iterations to remove overflow.
[INFO GRT-0197] Via related to pin nodes: 130836
[INFO GRT-0198] Via related Steiner nodes: 4917
[INFO GRT-0199] Via filling finished.
[INFO GRT-0111] Final number of vias: 181689
[INFO GRT-0112] Final usage 3D: 684812

[INFO GRT-0096] Final congestion report:
Layer         Resource        Demand        Usage (%)    Max H / Max V / Total Overflow
---------------------------------------------------------------------------------------
metal1               0             0            0.00%             0 /  0 /  0
metal2           69963         32917           47.05%             0 /  0 /  0
metal3           97812         43607           44.58%             0 /  0 /  0
metal4           67921         23593           34.74%             0 /  0 /  0
metal5           69740         19403           27.82%             0 /  0 /  0
metal6           70094         13833           19.73%             0 /  0 /  0
metal7           12724          2721           21.38%             0 /  0 /  0
metal8           14160           835            5.90%             0 /  0 /  0
metal9           13923          2591           18.61%             0 /  0 /  0
metal10          13924           245            1.76%             0 /  0 /  0
---------------------------------------------------------------------------------------
Total           430261        139745           32.48%             0 /  0 /  0

[INFO GRT-0018] Total wirelength: 413109 um
[INFO GRT-0014] Routed nets: 16355
Perform buffer insertion...
[INFO RSZ-0058] Using max wire length 640um.
Placement Analysis
---------------------------------
total displacement          0.0 u
average displacement        0.0 u
max displacement            0.0 u
original HPWL          241297.5 u
legalized HPWL         241297.5 u
delta HPWL                    0 %

Repair setup and hold violations...
repair_timing -verbose -repair_tns 100
[INFO RSZ-0094] Found 157 endpoints with setup violations.
[INFO RSZ-0099] Repairing 157 out of 157 (100.00%) violating endpoints...
   Iter   | Removed | Resized | Inserted | Cloned |  Pin  |    WNS   |   TNS      |  Viol  | Worst
          | Buffers |  Gates  | Buffers  |  Gates | Swaps |          |            | Endpts | Endpt
---------------------------------------------------------------------------------------------------
        0 |       0 |       0 |        0 |      0 |     0 |   -0.134 |       -8.3 |    157 | sa11_sr\[1\]$_DFF_P_/D
sort endpoint every 25%
        1 |       0 |       0 |        0 |      0 |     0 |   -0.134 |       -8.3 |    157 | sa11_sr\[1\]$_DFF_P_/D
iter:1, pass:1, current fixing endpoint: sa11_sr\[1\]$_DFF_P_/D, endpoint slack:-1.3372325e-10
        2 |       0 |       0 |        0 |      0 |     1 |   -0.123 |       -8.3 |    157 | sa11_sr\[1\]$_DFF_P_/D
iter:2, pass:2, current fixing endpoint: sa11_sr\[1\]$_DFF_P_/D, endpoint slack:-1.2322288e-10
        3 |       0 |       0 |        2 |      0 |     1 |   -0.121 |       -8.3 |    157 | sa11_sr\[7\]$_DFF_P_/D
iter:3, pass:3, current fixing endpoint: sa11_sr\[7\]$_DFF_P_/D, endpoint slack:-1.2113033e-10
        4 |       0 |       0 |        2 |      0 |     2 |   -0.127 |       -8.4 |    157 | sa11_sr\[7\]$_DFF_P_/D
iter:4, pass:4, current fixing endpoint: sa11_sr\[7\]$_DFF_P_/D, endpoint slack:-1.268915e-10
        5 |       0 |       1 |        2 |      0 |     2 |   -0.126 |       -8.3 |    157 | sa11_sr\[7\]$_DFF_P_/D
iter:5, pass:5, current fixing endpoint: sa11_sr\[7\]$_DFF_P_/D, endpoint slack:-1.2576229e-10
        6 |       0 |       1 |        2 |      0 |     3 |   -0.139 |       -8.4 |    157 | sa11_sr\[7\]$_DFF_P_/D
iter:6, pass:6, current fixing endpoint: sa11_sr\[7\]$_DFF_P_/D, endpoint slack:-1.3874268e-10
        7 |       0 |       1 |        2 |      0 |     4 |   -0.140 |       -8.4 |    157 | sa11_sr\[7\]$_DFF_P_/D
iter:7, pass:7, current fixing endpoint: sa11_sr\[7\]$_DFF_P_/D, endpoint slack:-1.3959445e-10
        8 |       0 |       1 |        2 |      0 |     5 |   -0.141 |       -8.4 |    157 | sa11_sr\[7\]$_DFF_P_/D
iter:8, pass:8, current fixing endpoint: sa11_sr\[7\]$_DFF_P_/D, endpoint slack:-1.405629e-10
        9 |       0 |       1 |        2 |      0 |     6 |   -0.142 |       -8.4 |    157 | sa11_sr\[7\]$_DFF_P_/D
iter:9, pass:9, current fixing endpoint: sa11_sr\[7\]$_DFF_P_/D, endpoint slack:-1.4182244e-10
       10 |       0 |       1 |        5 |      0 |     6 |   -0.139 |       -8.5 |    157 | sa11_sr\[7\]$_DFF_P_/D
iter:10, pass:10, current fixing endpoint: sa11_sr\[7\]$_DFF_P_/D, endpoint slack:-1.387801e-10
       11 |       0 |       1 |        5 |      0 |     7 |   -0.138 |       -8.5 |    157 | sa11_sr\[7\]$_DFF_P_/D
iter:11, pass:11, current fixing endpoint: sa11_sr\[7\]$_DFF_P_/D, endpoint slack:-1.3753565e-10
       12 |       0 |       1 |        5 |      0 |     8 |   -0.129 |       -8.5 |    157 | sa11_sr\[7\]$_DFF_P_/D
iter:12, pass:12, current fixing endpoint: sa11_sr\[7\]$_DFF_P_/D, endpoint slack:-1.2928614e-10
       13 |       1 |       1 |        5 |      0 |     8 |   -0.126 |       -8.4 |    157 | sa02_sr\[5\]$_DFF_P_/D
iter:13, pass:13, current fixing endpoint: sa02_sr\[5\]$_DFF_P_/D, endpoint slack:-1.2610724e-10
       14 |       1 |       2 |        5 |      0 |     8 |   -0.123 |       -8.3 |    157 | sa11_sr\[1\]$_DFF_P_/D
iter:14, pass:14, current fixing endpoint: sa11_sr\[1\]$_DFF_P_/D, endpoint slack:-1.2277113e-10
       15 |       1 |       3 |        5 |      0 |     8 |   -0.117 |       -8.3 |    157 | sa11_sr\[1\]$_DFF_P_/D
iter:15, pass:15, current fixing endpoint: sa11_sr\[1\]$_DFF_P_/D, endpoint slack:-1.1725532e-10
       16 |       1 |       3 |        5 |      1 |     8 |   -0.120 |       -8.3 |    157 | sa11_sr\[7\]$_DFF_P_/D
iter:16, pass:16, current fixing endpoint: sa11_sr\[7\]$_DFF_P_/D, endpoint slack:-1.1991208e-10
       17 |       1 |       3 |        5 |      2 |     8 |   -0.118 |       -8.3 |    157 | sa11_sr\[7\]$_DFF_P_/D
iter:17, pass:17, current fixing endpoint: sa11_sr\[7\]$_DFF_P_/D, endpoint slack:-1.1786216e-10
       17 |       1 |       3 |        5 |      0 |     8 |   -0.120 |       -8.3 |    157 | sa11_sr\[1\]$_DFF_P_/D
       18 |       1 |       3 |        5 |      0 |     8 |   -0.120 |       -8.3 |    157 | sa11_sr\[1\]$_DFF_P_/D
iter:18, pass:1, current fixing endpoint: sa32_sr\[3\]$_DFF_P_/D, endpoint slack:-1.1378454e-10
       19 |       1 |       3 |        5 |      0 |     9 |   -0.120 |       -8.3 |    157 | sa11_sr\[1\]$_DFF_P_/D
iter:19, pass:2, current fixing endpoint: sa32_sr\[3\]$_DFF_P_/D, endpoint slack:-1.1934576e-10
       20 |       1 |       3 |        5 |      0 |    10 |   -0.121 |       -8.4 |    157 | sa32_sr\[3\]$_DFF_P_/D
iter:20, pass:3, current fixing endpoint: sa32_sr\[3\]$_DFF_P_/D, endpoint slack:-1.2104628e-10
       21 |       1 |       3 |        7 |      0 |    10 |   -0.120 |       -8.3 |    157 | sa11_sr\[1\]$_DFF_P_/D
iter:21, pass:4, current fixing endpoint: sa32_sr\[3\]$_DFF_P_/D, endpoint slack:-1.1768142e-10
       22 |       1 |       3 |        7 |      0 |    11 |   -0.120 |       -8.3 |    157 | sa11_sr\[1\]$_DFF_P_/D
iter:22, pass:5, current fixing endpoint: sa32_sr\[3\]$_DFF_P_/D, endpoint slack:-1.1934598e-10
       23 |       1 |       3 |        7 |      0 |    12 |   -0.121 |       -8.3 |    157 | sa32_sr\[3\]$_DFF_P_/D
iter:23, pass:6, current fixing endpoint: sa32_sr\[3\]$_DFF_P_/D, endpoint slack:-1.2103984e-10
       24 |       1 |       3 |        7 |      0 |    13 |   -0.120 |       -8.3 |    157 | sa32_sr\[3\]$_DFF_P_/D
iter:24, pass:7, current fixing endpoint: sa32_sr\[3\]$_DFF_P_/D, endpoint slack:-1.198297e-10
       25 |       1 |       3 |        7 |      0 |    14 |   -0.127 |       -8.3 |    157 | sa32_sr\[3\]$_DFF_P_/D
iter:25, pass:8, current fixing endpoint: sa32_sr\[3\]$_DFF_P_/D, endpoint slack:-1.2719015e-10
       25 |       1 |       3 |        6 |      0 |     8 |   -0.120 |       -8.3 |    157 | sa11_sr\[1\]$_DFF_P_/D
       26 |       1 |       3 |        6 |      0 |     8 |   -0.120 |       -8.3 |    157 | sa11_sr\[1\]$_DFF_P_/D
iter:26, pass:1, current fixing endpoint: sa11_sr\[7\]$_DFF_P_/D, endpoint slack:-1.1938761e-10
       27 |       1 |       3 |        6 |      1 |     8 |   -0.115 |       -8.3 |    157 | sa11_sr\[1\]$_DFF_P_/D
iter:27, pass:2, current fixing endpoint: sa11_sr\[7\]$_DFF_P_/D, endpoint slack:-1.1432766e-10
       27 |       1 |       3 |        6 |      1 |     8 |   -0.115 |       -8.3 |    157 | sa11_sr\[1\]$_DFF_P_/D
       28 |       1 |       3 |        6 |      1 |     8 |   -0.115 |       -8.3 |    157 | sa11_sr\[1\]$_DFF_P_/D
iter:28, pass:1, current fixing endpoint: sa13_sr\[3\]$_DFF_P_/D, endpoint slack:-1.1069101e-10
       29 |       1 |       3 |        6 |      1 |     9 |   -0.116 |       -8.3 |    157 | sa13_sr\[3\]$_DFF_P_/D
iter:29, pass:2, current fixing endpoint: sa13_sr\[3\]$_DFF_P_/D, endpoint slack:-1.1632961e-10
       30 |       1 |       3 |        6 |      1 |    10 |   -0.115 |       -8.3 |    157 | sa11_sr\[1\]$_DFF_P_/D
iter:30, pass:3, current fixing endpoint: sa13_sr\[3\]$_DFF_P_/D, endpoint slack:-1.0794843e-10
       31 |       1 |       3 |        6 |      1 |    11 |   -0.115 |       -8.3 |    157 | sa11_sr\[1\]$_DFF_P_/D
iter:31, pass:4, current fixing endpoint: sa13_sr\[3\]$_DFF_P_/D, endpoint slack:-1.031385e-10
       32 |       1 |       3 |        6 |      1 |    12 |   -0.115 |       -8.3 |    157 | sa11_sr\[1\]$_DFF_P_/D
iter:32, pass:5, current fixing endpoint: sa13_sr\[3\]$_DFF_P_/D, endpoint slack:-1.0438128e-10
       33 |       1 |       3 |        8 |      1 |    12 |   -0.115 |       -8.5 |    157 | sa11_sr\[1\]$_DFF_P_/D
iter:33, pass:6, current fixing endpoint: sa13_sr\[3\]$_DFF_P_/D, endpoint slack:-1.0042045e-10
       34 |       1 |       3 |        8 |      1 |    13 |   -0.115 |       -8.5 |    157 | sa11_sr\[1\]$_DFF_P_/D
iter:34, pass:7, current fixing endpoint: sa13_sr\[3\]$_DFF_P_/D, endpoint slack:-1.05830456e-10
       35 |       1 |       4 |        8 |      1 |    13 |   -0.115 |       -8.5 |    157 | sa11_sr\[1\]$_DFF_P_/D
iter:35, pass:8, current fixing endpoint: sa13_sr\[3\]$_DFF_P_/D, endpoint slack:-1.0305856e-10
       36 |       1 |       4 |        8 |      1 |    14 |   -0.115 |       -8.5 |    157 | sa11_sr\[1\]$_DFF_P_/D
iter:36, pass:9, current fixing endpoint: sa13_sr\[3\]$_DFF_P_/D, endpoint slack:-1.0189083e-10
       37 |       1 |       4 |        8 |      1 |    15 |   -0.115 |       -8.5 |    157 | sa11_sr\[1\]$_DFF_P_/D
iter:37, pass:10, current fixing endpoint: sa13_sr\[3\]$_DFF_P_/D, endpoint slack:-1.0023504e-10
       38 |       1 |       5 |        8 |      1 |    15 |   -0.115 |       -8.5 |    157 | sa11_sr\[1\]$_DFF_P_/D
iter:38, pass:11, current fixing endpoint: sa13_sr\[3\]$_DFF_P_/D, endpoint slack:-9.980872e-11
       39 |       1 |       6 |        8 |      1 |    15 |   -0.115 |       -8.5 |    157 | sa11_sr\[1\]$_DFF_P_/D
iter:39, pass:12, current fixing endpoint: sa13_sr\[3\]$_DFF_P_/D, endpoint slack:-9.420442e-11
       40 |       1 |       6 |        8 |      1 |    16 |   -0.115 |       -8.5 |    157 | sa11_sr\[1\]$_DFF_P_/D
iter:40, pass:13, current fixing endpoint: sa13_sr\[3\]$_DFF_P_/D, endpoint slack:-9.245593e-11
       41 |       2 |       6 |        8 |      1 |    16 |   -0.115 |       -8.4 |    157 | sa11_sr\[1\]$_DFF_P_/D
iter:41, pass:14, current fixing endpoint: sa13_sr\[3\]$_DFF_P_/D, endpoint slack:-8.002432e-11
       42 |       2 |       7 |        8 |      1 |    16 |   -0.115 |       -8.4 |    157 | sa11_sr\[1\]$_DFF_P_/D
iter:42, pass:15, current fixing endpoint: sa13_sr\[3\]$_DFF_P_/D, endpoint slack:-7.7781004e-11
       43 |       2 |       7 |        8 |      2 |    16 |   -0.115 |       -8.5 |    157 | sa11_sr\[1\]$_DFF_P_/D
iter:43, pass:16, current fixing endpoint: sa13_sr\[3\]$_DFF_P_/D, endpoint slack:-8.257006e-11
       44 |       2 |       7 |       10 |      2 |    16 |   -0.115 |       -8.4 |    157 | sa11_sr\[1\]$_DFF_P_/D
iter:44, pass:17, current fixing endpoint: sa13_sr\[3\]$_DFF_P_/D, endpoint slack:-7.36623e-11
       45 |       2 |       7 |       10 |      3 |    16 |   -0.115 |       -8.4 |    157 | sa11_sr\[1\]$_DFF_P_/D
iter:45, pass:18, current fixing endpoint: sa13_sr\[3\]$_DFF_P_/D, endpoint slack:-7.703138e-11
       45 |       2 |       7 |       10 |      2 |    16 |   -0.115 |       -8.5 |    157 | sa11_sr\[1\]$_DFF_P_/D
       46 |       2 |       7 |       10 |      2 |    16 |   -0.115 |       -8.5 |    157 | sa11_sr\[1\]$_DFF_P_/D
iter:46, pass:1, current fixing endpoint: u0.u2.d\[2\]$_DFF_P_/D, endpoint slack:-1.1029633e-10
       47 |       2 |       7 |       10 |      2 |    17 |   -0.115 |       -8.4 |    157 | sa11_sr\[1\]$_DFF_P_/D
iter:47, pass:2, current fixing endpoint: u0.u2.d\[2\]$_DFF_P_/D, endpoint slack:-1.0430157e-10
       48 |       2 |       7 |       10 |      2 |    18 |   -0.115 |       -8.4 |    157 | sa11_sr\[1\]$_DFF_P_/D
iter:48, pass:3, current fixing endpoint: u0.u2.d\[2\]$_DFF_P_/D, endpoint slack:-9.160084e-11
       49 |       2 |       7 |       10 |      2 |    19 |   -0.115 |       -8.4 |    157 | sa11_sr\[1\]$_DFF_P_/D
iter:49, pass:4, current fixing endpoint: u0.u2.d\[2\]$_DFF_P_/D, endpoint slack:-8.928425e-11
       50 |       3 |       7 |       10 |      2 |    19 |   -0.115 |       -8.4 |    157 | sa11_sr\[1\]$_DFF_P_/D
iter:50, pass:5, current fixing endpoint: u0.u2.d\[2\]$_DFF_P_/D, endpoint slack:-8.914125e-11
       51 |       3 |       7 |       10 |      2 |    20 |   -0.115 |       -8.4 |    157 | sa11_sr\[1\]$_DFF_P_/D
iter:51, pass:6, current fixing endpoint: u0.u2.d\[2\]$_DFF_P_/D, endpoint slack:-8.771861e-11
       52 |       3 |       7 |       10 |      2 |    21 |   -0.115 |       -8.4 |    157 | sa11_sr\[1\]$_DFF_P_/D
iter:52, pass:7, current fixing endpoint: u0.u2.d\[2\]$_DFF_P_/D, endpoint slack:-8.935097e-11
       53 |       3 |       8 |       10 |      2 |    21 |   -0.115 |       -8.4 |    157 | sa11_sr\[1\]$_DFF_P_/D
iter:53, pass:8, current fixing endpoint: u0.u2.d\[2\]$_DFF_P_/D, endpoint slack:-9.036638e-11
       54 |       3 |       9 |       10 |      2 |    21 |   -0.115 |       -8.4 |    157 | sa11_sr\[1\]$_DFF_P_/D
iter:54, pass:9, current fixing endpoint: u0.u2.d\[2\]$_DFF_P_/D, endpoint slack:-9.080248e-11
       55 |       3 |       9 |       10 |      2 |    22 |   -0.115 |       -8.4 |    157 | sa11_sr\[1\]$_DFF_P_/D
iter:55, pass:10, current fixing endpoint: u0.u2.d\[2\]$_DFF_P_/D, endpoint slack:-9.516654e-11
       55 |       3 |       7 |       10 |      2 |    20 |   -0.115 |       -8.4 |    157 | sa11_sr\[1\]$_DFF_P_/D
       56 |       3 |       7 |       10 |      2 |    20 |   -0.115 |       -8.4 |    157 | sa11_sr\[1\]$_DFF_P_/D
iter:56, pass:1, current fixing endpoint: sa02_sr\[5\]$_DFF_P_/D, endpoint slack:-1.0842516e-10
       57 |       3 |       7 |       10 |      2 |    21 |   -0.115 |       -8.4 |    157 | sa11_sr\[1\]$_DFF_P_/D
iter:57, pass:2, current fixing endpoint: sa02_sr\[5\]$_DFF_P_/D, endpoint slack:-1.1419976e-10
       58 |       3 |       8 |       10 |      2 |    21 |   -0.115 |       -8.4 |    157 | sa11_sr\[1\]$_DFF_P_/D
iter:58, pass:3, current fixing endpoint: sa02_sr\[5\]$_DFF_P_/D, endpoint slack:-1.1021739e-10
       59 |       3 |       9 |       10 |      2 |    21 |   -0.115 |       -8.4 |    157 | sa11_sr\[1\]$_DFF_P_/D
iter:59, pass:4, current fixing endpoint: sa02_sr\[5\]$_DFF_P_/D, endpoint slack:-1.0919221e-10
       60 |       3 |      10 |       10 |      2 |    21 |   -0.115 |       -8.3 |    157 | sa11_sr\[1\]$_DFF_P_/D
iter:60, pass:5, current fixing endpoint: sa02_sr\[5\]$_DFF_P_/D, endpoint slack:-1.02994946e-10
       61 |       3 |      10 |       10 |      2 |    22 |   -0.115 |       -8.3 |    157 | sa11_sr\[1\]$_DFF_P_/D
iter:61, pass:6, current fixing endpoint: sa02_sr\[5\]$_DFF_P_/D, endpoint slack:-1.1034795e-10
       62 |       3 |      10 |       10 |      2 |    23 |   -0.115 |       -8.3 |    157 | sa11_sr\[1\]$_DFF_P_/D
iter:62, pass:7, current fixing endpoint: sa02_sr\[5\]$_DFF_P_/D, endpoint slack:-9.843193e-11
       63 |       3 |      10 |       10 |      2 |    24 |   -0.115 |       -8.3 |    157 | sa11_sr\[1\]$_DFF_P_/D
iter:63, pass:8, current fixing endpoint: sa02_sr\[5\]$_DFF_P_/D, endpoint slack:-9.6668895e-11
       64 |       3 |      11 |       10 |      2 |    24 |   -0.115 |       -8.3 |    157 | sa11_sr\[1\]$_DFF_P_/D
iter:64, pass:9, current fixing endpoint: sa02_sr\[5\]$_DFF_P_/D, endpoint slack:-9.8414166e-11
       65 |       3 |      11 |       10 |      2 |    25 |   -0.115 |       -8.3 |    157 | sa11_sr\[1\]$_DFF_P_/D
iter:65, pass:10, current fixing endpoint: sa02_sr\[5\]$_DFF_P_/D, endpoint slack:-1.05845e-10
       66 |       3 |      11 |       10 |      3 |    25 |   -0.115 |       -8.3 |    157 | sa11_sr\[1\]$_DFF_P_/D
iter:66, pass:11, current fixing endpoint: sa02_sr\[5\]$_DFF_P_/D, endpoint slack:-1.0284529e-10
       67 |       3 |      11 |       10 |      3 |    26 |   -0.115 |       -8.3 |    157 | sa11_sr\[1\]$_DFF_P_/D
iter:67, pass:12, current fixing endpoint: sa02_sr\[5\]$_DFF_P_/D, endpoint slack:-1.0083301e-10
       68 |       3 |      11 |       12 |      3 |    26 |   -0.115 |       -8.2 |    157 | sa11_sr\[1\]$_DFF_P_/D
iter:68, pass:13, current fixing endpoint: sa02_sr\[5\]$_DFF_P_/D, endpoint slack:-9.5287445e-11
       69 |       3 |      11 |       12 |      3 |    27 |   -0.115 |       -8.2 |    157 | sa11_sr\[1\]$_DFF_P_/D
iter:69, pass:14, current fixing endpoint: sa02_sr\[5\]$_DFF_P_/D, endpoint slack:-9.4964925e-11
       70 |       3 |      12 |       12 |      3 |    27 |   -0.115 |       -8.2 |    157 | sa11_sr\[1\]$_DFF_P_/D
iter:70, pass:15, current fixing endpoint: sa02_sr\[5\]$_DFF_P_/D, endpoint slack:-9.2772456e-11
       71 |       3 |      12 |       12 |      3 |    28 |   -0.115 |       -8.2 |    157 | sa11_sr\[1\]$_DFF_P_/D
iter:71, pass:16, current fixing endpoint: sa02_sr\[5\]$_DFF_P_/D, endpoint slack:-9.3730024e-11
       72 |       3 |      13 |       12 |      3 |    28 |   -0.115 |       -8.3 |    157 | sa11_sr\[1\]$_DFF_P_/D
iter:72, pass:17, current fixing endpoint: sa02_sr\[5\]$_DFF_P_/D, endpoint slack:-9.033008e-11
       73 |       3 |      14 |       12 |      3 |    28 |   -0.117 |       -8.3 |    157 | sa11_sr\[1\]$_DFF_P_/D
iter:73, pass:18, current fixing endpoint: sa02_sr\[5\]$_DFF_P_/D, endpoint slack:-8.931278e-11
       74 |       3 |      14 |       12 |      3 |    29 |   -0.117 |       -8.3 |    157 | sa11_sr\[1\]$_DFF_P_/D
iter:74, pass:19, current fixing endpoint: sa02_sr\[5\]$_DFF_P_/D, endpoint slack:-9.195089e-11
       75 |       3 |      14 |       12 |      4 |    29 |   -0.117 |       -8.3 |    157 | sa11_sr\[1\]$_DFF_P_/D
iter:75, pass:20, current fixing endpoint: sa02_sr\[5\]$_DFF_P_/D, endpoint slack:-9.926415e-11
       76 |       3 |      14 |       14 |      4 |    29 |   -0.117 |       -8.3 |    157 | sa11_sr\[1\]$_DFF_P_/D
iter:76, pass:21, current fixing endpoint: sa02_sr\[5\]$_DFF_P_/D, endpoint slack:-8.905143e-11
       77 |       3 |      15 |       14 |      4 |    29 |   -0.117 |       -8.3 |    157 | sa11_sr\[1\]$_DFF_P_/D
iter:77, pass:22, current fixing endpoint: sa02_sr\[5\]$_DFF_P_/D, endpoint slack:-8.545298e-11
       78 |       3 |      16 |       14 |      4 |    29 |   -0.117 |       -8.3 |    157 | sa11_sr\[1\]$_DFF_P_/D
iter:78, pass:23, current fixing endpoint: sa02_sr\[5\]$_DFF_P_/D, endpoint slack:-8.8556495e-11
       79 |       3 |      17 |       14 |      4 |    29 |   -0.117 |       -8.3 |    157 | sa11_sr\[1\]$_DFF_P_/D
iter:79, pass:24, current fixing endpoint: sa02_sr\[5\]$_DFF_P_/D, endpoint slack:-8.848833e-11
       80 |       3 |      18 |       14 |      4 |    29 |   -0.117 |       -8.3 |    157 | sa11_sr\[1\]$_DFF_P_/D
iter:80, pass:25, current fixing endpoint: sa02_sr\[5\]$_DFF_P_/D, endpoint slack:-8.461043e-11
       81 |       3 |      19 |       14 |      4 |    29 |   -0.117 |       -8.3 |    157 | sa11_sr\[1\]$_DFF_P_/D
iter:81, pass:26, current fixing endpoint: sa02_sr\[5\]$_DFF_P_/D, endpoint slack:-8.429035e-11
       82 |       3 |      20 |       14 |      4 |    29 |   -0.117 |       -8.3 |    157 | sa11_sr\[1\]$_DFF_P_/D
iter:82, pass:27, current fixing endpoint: sa02_sr\[5\]$_DFF_P_/D, endpoint slack:-8.379708e-11
       83 |       3 |      20 |       14 |      5 |    29 |   -0.117 |       -8.2 |    157 | sa11_sr\[1\]$_DFF_P_/D
iter:83, pass:28, current fixing endpoint: sa02_sr\[5\]$_DFF_P_/D, endpoint slack:-8.300449e-11
       84 |       3 |      21 |       14 |      5 |    29 |   -0.117 |       -8.2 |    157 | sa11_sr\[1\]$_DFF_P_/D
iter:84, pass:29, current fixing endpoint: sa02_sr\[5\]$_DFF_P_/D, endpoint slack:-8.1161855e-11
       85 |       3 |      22 |       14 |      5 |    29 |   -0.117 |       -8.2 |    157 | sa11_sr\[1\]$_DFF_P_/D
iter:85, pass:30, current fixing endpoint: sa02_sr\[5\]$_DFF_P_/D, endpoint slack:-8.101442e-11
       86 |       3 |      23 |       14 |      5 |    29 |   -0.117 |       -8.2 |    157 | sa11_sr\[1\]$_DFF_P_/D
iter:86, pass:31, current fixing endpoint: sa02_sr\[5\]$_DFF_P_/D, endpoint slack:-7.2884365e-11
       87 |       3 |      24 |       14 |      5 |    29 |   -0.117 |       -8.2 |    157 | sa11_sr\[1\]$_DFF_P_/D
iter:87, pass:32, current fixing endpoint: sa02_sr\[5\]$_DFF_P_/D, endpoint slack:-7.073431e-11
       88 |       3 |      25 |       14 |      5 |    29 |   -0.117 |       -8.2 |    157 | sa11_sr\[1\]$_DFF_P_/D
iter:88, pass:33, current fixing endpoint: sa02_sr\[5\]$_DFF_P_/D, endpoint slack:-6.829337e-11
       89 |       3 |      26 |       14 |      5 |    29 |   -0.117 |       -8.2 |    157 | sa11_sr\[1\]$_DFF_P_/D
iter:89, pass:34, current fixing endpoint: sa02_sr\[5\]$_DFF_P_/D, endpoint slack:-6.680678e-11
       90 |       3 |      26 |       14 |      6 |    29 |   -0.117 |       -8.2 |    157 | sa11_sr\[1\]$_DFF_P_/D
iter:90, pass:35, current fixing endpoint: sa02_sr\[5\]$_DFF_P_/D, endpoint slack:-6.922374e-11
       91 |       3 |      26 |       14 |      6 |    30 |   -0.117 |       -8.2 |    157 | sa11_sr\[1\]$_DFF_P_/D
iter:91, pass:36, current fixing endpoint: sa02_sr\[5\]$_DFF_P_/D, endpoint slack:-7.0084605e-11
       91 |       3 |      14 |       13 |      3 |    28 |   -0.115 |       -8.3 |    157 | sa11_sr\[1\]$_DFF_P_/D
       92 |       3 |      14 |       13 |      3 |    28 |   -0.115 |       -8.3 |    157 | sa11_sr\[1\]$_DFF_P_/D
iter:92, pass:1, current fixing endpoint: sa00_sr\[7\]$_DFF_P_/D, endpoint slack:-1.04732e-10
       93 |       3 |      14 |       13 |      3 |    29 |   -0.115 |       -8.3 |    157 | sa11_sr\[1\]$_DFF_P_/D
iter:93, pass:2, current fixing endpoint: sa00_sr\[7\]$_DFF_P_/D, endpoint slack:-1.10680465e-10
       94 |       3 |      14 |       15 |      3 |    29 |   -0.115 |       -8.4 |    157 | sa11_sr\[1\]$_DFF_P_/D
iter:94, pass:3, current fixing endpoint: sa00_sr\[7\]$_DFF_P_/D, endpoint slack:-1.02805986e-10
       95 |       3 |      14 |       17 |      3 |    29 |   -0.115 |       -8.3 |    157 | sa11_sr\[1\]$_DFF_P_/D
iter:95, pass:4, current fixing endpoint: sa00_sr\[7\]$_DFF_P_/D, endpoint slack:-9.610723e-11
       96 |       3 |      14 |       17 |      3 |    30 |   -0.115 |       -8.3 |    157 | sa11_sr\[1\]$_DFF_P_/D
iter:96, pass:5, current fixing endpoint: sa00_sr\[7\]$_DFF_P_/D, endpoint slack:-9.4765085e-11
       97 |       3 |      14 |       17 |      3 |    31 |   -0.115 |       -8.3 |    157 | sa11_sr\[1\]$_DFF_P_/D
iter:97, pass:6, current fixing endpoint: sa00_sr\[7\]$_DFF_P_/D, endpoint slack:-9.68875e-11
       98 |       3 |      14 |       17 |      3 |    32 |   -0.115 |       -8.3 |    157 | sa11_sr\[1\]$_DFF_P_/D
iter:98, pass:7, current fixing endpoint: sa00_sr\[7\]$_DFF_P_/D, endpoint slack:-9.8545616e-11
       99 |       3 |      14 |       17 |      3 |    33 |   -0.115 |       -8.3 |    157 | sa11_sr\[1\]$_DFF_P_/D
iter:99, pass:8, current fixing endpoint: sa00_sr\[7\]$_DFF_P_/D, endpoint slack:-9.736345e-11
      100 |       3 |      14 |       17 |      3 |    34 |   -0.115 |       -8.3 |    157 | sa11_sr\[1\]$_DFF_P_/D
iter:100, pass:9, current fixing endpoint: sa00_sr\[7\]$_DFF_P_/D, endpoint slack:-1.0396384e-10
      101 |       3 |      14 |       19 |      3 |    34 |   -0.115 |       -8.5 |    157 | sa11_sr\[1\]$_DFF_P_/D
iter:101, pass:10, current fixing endpoint: sa00_sr\[7\]$_DFF_P_/D, endpoint slack:-1.0325374e-10
      102 |       3 |      15 |       19 |      3 |    34 |   -0.115 |       -8.5 |    157 | sa11_sr\[1\]$_DFF_P_/D
iter:102, pass:11, current fixing endpoint: sa00_sr\[7\]$_DFF_P_/D, endpoint slack:-1.04774855e-10
      103 |       3 |      16 |       19 |      3 |    34 |   -0.115 |       -8.5 |    157 | sa11_sr\[1\]$_DFF_P_/D
iter:103, pass:12, current fixing endpoint: sa00_sr\[7\]$_DFF_P_/D, endpoint slack:-1.0646195e-10
      104 |       3 |      17 |       19 |      3 |    34 |   -0.115 |       -8.5 |    157 | sa11_sr\[1\]$_DFF_P_/D
iter:104, pass:13, current fixing endpoint: sa00_sr\[7\]$_DFF_P_/D, endpoint slack:-1.0654144e-10
      105 |       3 |      17 |       19 |      4 |    34 |   -0.115 |       -8.5 |    157 | sa11_sr\[1\]$_DFF_P_/D
iter:105, pass:14, current fixing endpoint: sa00_sr\[7\]$_DFF_P_/D, endpoint slack:-1.0657586e-10
      106 |       3 |      17 |       19 |      4 |    35 |   -0.115 |       -8.5 |    157 | sa11_sr\[1\]$_DFF_P_/D
iter:106, pass:15, current fixing endpoint: sa00_sr\[7\]$_DFF_P_/D, endpoint slack:-1.0985768e-10
      106 |       3 |      14 |       18 |      3 |    30 |   -0.115 |       -8.3 |    157 | sa11_sr\[1\]$_DFF_P_/D
      107 |       3 |      14 |       18 |      3 |    30 |   -0.115 |       -8.3 |    157 | sa11_sr\[1\]$_DFF_P_/D
iter:107, pass:1, current fixing endpoint: sa02_sr\[2\]$_DFF_P_/D, endpoint slack:-9.4557806e-11
      108 |       3 |      15 |       18 |      3 |    30 |   -0.115 |       -8.3 |    157 | sa11_sr\[1\]$_DFF_P_/D
iter:108, pass:2, current fixing endpoint: sa02_sr\[2\]$_DFF_P_/D, endpoint slack:-9.342527e-11
      109 |       3 |      16 |       18 |      3 |    30 |   -0.115 |       -8.3 |    157 | sa11_sr\[1\]$_DFF_P_/D
iter:109, pass:3, current fixing endpoint: sa02_sr\[2\]$_DFF_P_/D, endpoint slack:-8.776124e-11
      110 |       3 |      17 |       18 |      3 |    30 |   -0.115 |       -8.3 |    157 | sa11_sr\[1\]$_DFF_P_/D
iter:110, pass:4, current fixing endpoint: sa02_sr\[2\]$_DFF_P_/D, endpoint slack:-8.555001e-11
      111 |       3 |      18 |       18 |      3 |    30 |   -0.117 |       -8.3 |    157 | sa11_sr\[1\]$_DFF_P_/D
iter:111, pass:5, current fixing endpoint: sa02_sr\[2\]$_DFF_P_/D, endpoint slack:-8.45326e-11
      112 |       3 |      19 |       18 |      3 |    30 |   -0.117 |       -8.3 |    157 | sa11_sr\[1\]$_DFF_P_/D
iter:112, pass:6, current fixing endpoint: sa02_sr\[2\]$_DFF_P_/D, endpoint slack:-8.30378e-11
      113 |       3 |      20 |       18 |      3 |    30 |   -0.117 |       -8.3 |    157 | sa11_sr\[1\]$_DFF_P_/D
iter:113, pass:7, current fixing endpoint: sa02_sr\[2\]$_DFF_P_/D, endpoint slack:-8.139622e-11
      114 |       3 |      21 |       18 |      3 |    30 |   -0.117 |       -8.3 |    157 | sa11_sr\[1\]$_DFF_P_/D
iter:114, pass:8, current fixing endpoint: sa02_sr\[2\]$_DFF_P_/D, endpoint slack:-8.035306e-11
      115 |       3 |      22 |       18 |      3 |    30 |   -0.117 |       -8.3 |    157 | sa11_sr\[1\]$_DFF_P_/D
iter:115, pass:9, current fixing endpoint: sa02_sr\[2\]$_DFF_P_/D, endpoint slack:-7.85394e-11
      116 |       3 |      23 |       18 |      3 |    30 |   -0.117 |       -8.3 |    157 | sa11_sr\[1\]$_DFF_P_/D
iter:116, pass:10, current fixing endpoint: sa02_sr\[2\]$_DFF_P_/D, endpoint slack:-7.668455e-11
      117 |       3 |      23 |       18 |      4 |    30 |   -0.117 |       -8.3 |    157 | sa11_sr\[1\]$_DFF_P_/D
iter:117, pass:11, current fixing endpoint: sa02_sr\[2\]$_DFF_P_/D, endpoint slack:-7.470047e-11
      118 |       3 |      24 |       18 |      4 |    30 |   -0.117 |       -8.3 |    157 | sa11_sr\[1\]$_DFF_P_/D
iter:118, pass:12, current fixing endpoint: sa02_sr\[2\]$_DFF_P_/D, endpoint slack:-7.461265e-11
      119 |       3 |      25 |       18 |      4 |    30 |   -0.117 |       -8.3 |    157 | sa11_sr\[1\]$_DFF_P_/D
iter:119, pass:13, current fixing endpoint: sa02_sr\[2\]$_DFF_P_/D, endpoint slack:-7.41357e-11
      120 |       3 |      26 |       18 |      4 |    30 |   -0.117 |       -8.3 |    157 | sa11_sr\[1\]$_DFF_P_/D
iter:120, pass:14, current fixing endpoint: sa02_sr\[2\]$_DFF_P_/D, endpoint slack:-7.769896e-11
      121 |       3 |      27 |       18 |      4 |    30 |   -0.117 |       -8.3 |    157 | sa11_sr\[1\]$_DFF_P_/D
iter:121, pass:15, current fixing endpoint: sa02_sr\[2\]$_DFF_P_/D, endpoint slack:-7.379852e-11
      122 |       3 |      27 |       18 |      4 |    31 |   -0.117 |       -8.3 |    157 | sa11_sr\[1\]$_DFF_P_/D
iter:122, pass:16, current fixing endpoint: sa02_sr\[2\]$_DFF_P_/D, endpoint slack:-7.1562534e-11
      123 |       3 |      28 |       18 |      4 |    31 |   -0.117 |       -8.3 |    157 | sa11_sr\[1\]$_DFF_P_/D
iter:123, pass:17, current fixing endpoint: sa02_sr\[2\]$_DFF_P_/D, endpoint slack:-6.8730466e-11
      124 |       3 |      28 |       18 |      4 |    32 |   -0.117 |       -8.3 |    157 | sa11_sr\[1\]$_DFF_P_/D
iter:124, pass:18, current fixing endpoint: sa02_sr\[2\]$_DFF_P_/D, endpoint slack:-7.1775696e-11
      125 |       3 |      29 |       18 |      4 |    32 |   -0.117 |       -8.3 |    157 | sa11_sr\[1\]$_DFF_P_/D
iter:125, pass:19, current fixing endpoint: sa02_sr\[2\]$_DFF_P_/D, endpoint slack:-6.815193e-11
      126 |       3 |      30 |       18 |      4 |    32 |   -0.117 |       -8.3 |    157 | sa11_sr\[1\]$_DFF_P_/D
iter:126, pass:20, current fixing endpoint: sa02_sr\[2\]$_DFF_P_/D, endpoint slack:-6.791134e-11
      127 |       3 |      30 |       18 |      5 |    32 |   -0.117 |       -8.3 |    157 | sa11_sr\[1\]$_DFF_P_/D
iter:127, pass:21, current fixing endpoint: sa02_sr\[2\]$_DFF_P_/D, endpoint slack:-6.8023365e-11
      128 |       3 |      31 |       18 |      5 |    32 |   -0.117 |       -8.3 |    157 | sa11_sr\[1\]$_DFF_P_/D
iter:128, pass:22, current fixing endpoint: sa02_sr\[2\]$_DFF_P_/D, endpoint slack:-6.722434e-11
      129 |       3 |      31 |       18 |      6 |    32 |   -0.117 |       -8.3 |    157 | sa11_sr\[1\]$_DFF_P_/D
iter:129, pass:23, current fixing endpoint: sa02_sr\[2\]$_DFF_P_/D, endpoint slack:-6.5368266e-11
      130 |       3 |      32 |       18 |      6 |    32 |   -0.117 |       -8.3 |    157 | sa11_sr\[1\]$_DFF_P_/D
iter:130, pass:24, current fixing endpoint: sa02_sr\[2\]$_DFF_P_/D, endpoint slack:-6.6850414e-11
      131 |       3 |      33 |       18 |      6 |    32 |   -0.117 |       -8.3 |    157 | sa11_sr\[1\]$_DFF_P_/D
iter:131, pass:25, current fixing endpoint: sa02_sr\[2\]$_DFF_P_/D, endpoint slack:-7.224177e-11
      132 |       3 |      34 |       18 |      6 |    32 |   -0.117 |       -8.3 |    157 | sa11_sr\[1\]$_DFF_P_/D
iter:132, pass:26, current fixing endpoint: sa02_sr\[2\]$_DFF_P_/D, endpoint slack:-6.588674e-11
      133 |       3 |      35 |       18 |      6 |    32 |   -0.117 |       -8.3 |    157 | sa11_sr\[1\]$_DFF_P_/D
iter:133, pass:27, current fixing endpoint: sa02_sr\[2\]$_DFF_P_/D, endpoint slack:-6.695011e-11
      134 |       3 |      35 |       18 |      6 |    33 |   -0.117 |       -8.3 |    157 | sa11_sr\[1\]$_DFF_P_/D
iter:134, pass:28, current fixing endpoint: sa02_sr\[2\]$_DFF_P_/D, endpoint slack:-6.388723e-11
      135 |       3 |      36 |       18 |      6 |    33 |   -0.117 |       -8.3 |    157 | sa11_sr\[1\]$_DFF_P_/D
iter:135, pass:29, current fixing endpoint: sa02_sr\[2\]$_DFF_P_/D, endpoint slack:-6.323286e-11
      136 |       3 |      36 |       18 |      6 |    34 |   -0.117 |       -8.3 |    157 | sa11_sr\[1\]$_DFF_P_/D
iter:136, pass:30, current fixing endpoint: sa02_sr\[2\]$_DFF_P_/D, endpoint slack:-6.118195e-11
      137 |       3 |      36 |       20 |      6 |    34 |   -0.117 |       -8.2 |    157 | sa11_sr\[1\]$_DFF_P_/D
iter:137, pass:31, current fixing endpoint: sa02_sr\[2\]$_DFF_P_/D, endpoint slack:-5.2400972e-11
      138 |       3 |      37 |       20 |      6 |    34 |   -0.117 |       -8.2 |    157 | sa11_sr\[1\]$_DFF_P_/D
iter:138, pass:32, current fixing endpoint: sa02_sr\[2\]$_DFF_P_/D, endpoint slack:-5.6167182e-11
      139 |       3 |      38 |       20 |      6 |    34 |   -0.117 |       -8.2 |    157 | sa11_sr\[1\]$_DFF_P_/D
iter:139, pass:33, current fixing endpoint: sa02_sr\[2\]$_DFF_P_/D, endpoint slack:-5.587808e-11
      140 |       3 |      39 |       20 |      6 |    34 |   -0.117 |       -8.2 |    157 | sa11_sr\[1\]$_DFF_P_/D
iter:140, pass:34, current fixing endpoint: sa02_sr\[2\]$_DFF_P_/D, endpoint slack:-5.4832583e-11
      141 |       3 |      40 |       20 |      6 |    34 |   -0.117 |       -8.2 |    157 | sa11_sr\[1\]$_DFF_P_/D
iter:141, pass:35, current fixing endpoint: sa02_sr\[2\]$_DFF_P_/D, endpoint slack:-5.314471e-11
      142 |       3 |      41 |       20 |      6 |    34 |   -0.117 |       -8.2 |    157 | sa11_sr\[1\]$_DFF_P_/D
iter:142, pass:36, current fixing endpoint: sa02_sr\[2\]$_DFF_P_/D, endpoint slack:-5.353773e-11
      143 |       3 |      41 |       20 |      7 |    34 |   -0.117 |       -8.2 |    157 | sa11_sr\[1\]$_DFF_P_/D
iter:143, pass:37, current fixing endpoint: sa02_sr\[2\]$_DFF_P_/D, endpoint slack:-5.55761e-11
      144 |       3 |      41 |       20 |      7 |    35 |   -0.117 |       -8.2 |    157 | sa11_sr\[1\]$_DFF_P_/D
iter:144, pass:38, current fixing endpoint: sa02_sr\[2\]$_DFF_P_/D, endpoint slack:-5.4523164e-11
      145 |       3 |      41 |       20 |      7 |    36 |   -0.117 |       -8.2 |    157 | sa11_sr\[1\]$_DFF_P_/D
iter:145, pass:39, current fixing endpoint: sa02_sr\[2\]$_DFF_P_/D, endpoint slack:-5.3992144e-11
      145 |       3 |      20 |       19 |      3 |    30 |   -0.115 |       -8.3 |    157 | sa11_sr\[1\]$_DFF_P_/D
      146 |       3 |      20 |       19 |      3 |    30 |   -0.115 |       -8.3 |    157 | sa11_sr\[1\]$_DFF_P_/D
iter:146, pass:1, current fixing endpoint: u0.u2.d\[1\]$_DFF_P_/D, endpoint slack:-8.105727e-11
      147 |       3 |      21 |       19 |      3 |    30 |   -0.115 |       -8.3 |    157 | sa11_sr\[1\]$_DFF_P_/D
iter:147, pass:2, current fixing endpoint: u0.u2.d\[1\]$_DFF_P_/D, endpoint slack:-8.114753e-11
      148 |       3 |      21 |       19 |      3 |    31 |   -0.115 |       -8.3 |    157 | sa11_sr\[1\]$_DFF_P_/D
iter:148, pass:3, current fixing endpoint: u0.u2.d\[1\]$_DFF_P_/D, endpoint slack:-8.421308e-11
      149 |       3 |      22 |       19 |      3 |    31 |   -0.115 |       -8.3 |    157 | sa11_sr\[1\]$_DFF_P_/D
iter:149, pass:4, current fixing endpoint: u0.u2.d\[1\]$_DFF_P_/D, endpoint slack:-8.523071e-11
      150 |       3 |      23 |       19 |      3 |    31 |   -0.115 |       -8.3 |    157 | sa11_sr\[1\]$_DFF_P_/D
iter:150, pass:5, current fixing endpoint: u0.u2.d\[1\]$_DFF_P_/D, endpoint slack:-8.496004e-11
      151 |       3 |      24 |       19 |      3 |    31 |   -0.115 |       -8.3 |    157 | sa11_sr\[1\]$_DFF_P_/D
iter:151, pass:6, current fixing endpoint: u0.u2.d\[1\]$_DFF_P_/D, endpoint slack:-8.922829e-11
      152 |       3 |      25 |       19 |      3 |    31 |   -0.115 |       -8.3 |    157 | sa11_sr\[1\]$_DFF_P_/D
iter:152, pass:7, current fixing endpoint: u0.u2.d\[1\]$_DFF_P_/D, endpoint slack:-8.639178e-11
      152 |       3 |      21 |       19 |      3 |    30 |   -0.115 |       -8.3 |    157 | sa11_sr\[1\]$_DFF_P_/D
      153 |       3 |      21 |       19 |      3 |    30 |   -0.115 |       -8.3 |    157 | sa11_sr\[1\]$_DFF_P_/D
iter:153, pass:1, current fixing endpoint: sa02_sr\[3\]$_DFF_P_/D, endpoint slack:-8.9821706e-11
      154 |       3 |      22 |       19 |      3 |    30 |   -0.115 |       -8.3 |    157 | sa11_sr\[1\]$_DFF_P_/D
iter:154, pass:2, current fixing endpoint: sa02_sr\[3\]$_DFF_P_/D, endpoint slack:-8.879375e-11
      155 |       3 |      22 |       19 |      3 |    31 |   -0.115 |       -8.3 |    157 | sa11_sr\[1\]$_DFF_P_/D
iter:155, pass:3, current fixing endpoint: sa02_sr\[3\]$_DFF_P_/D, endpoint slack:-8.47864e-11
      156 |       3 |      23 |       19 |      3 |    31 |   -0.115 |       -8.3 |    157 | sa11_sr\[1\]$_DFF_P_/D
iter:156, pass:4, current fixing endpoint: sa02_sr\[3\]$_DFF_P_/D, endpoint slack:-8.442447e-11
      157 |       3 |      24 |       19 |      3 |    31 |   -0.115 |       -8.3 |    157 | sa11_sr\[1\]$_DFF_P_/D
iter:157, pass:5, current fixing endpoint: sa02_sr\[3\]$_DFF_P_/D, endpoint slack:-8.35475e-11
      158 |       3 |      24 |       19 |      3 |    32 |   -0.115 |       -8.3 |    157 | sa11_sr\[1\]$_DFF_P_/D
iter:158, pass:6, current fixing endpoint: sa02_sr\[3\]$_DFF_P_/D, endpoint slack:-8.143919e-11
      159 |       3 |      25 |       19 |      3 |    32 |   -0.115 |       -8.3 |    157 | sa11_sr\[1\]$_DFF_P_/D
iter:159, pass:7, current fixing endpoint: sa02_sr\[3\]$_DFF_P_/D, endpoint slack:-7.868517e-11
      160 |       3 |      26 |       19 |      3 |    32 |   -0.115 |       -8.3 |    157 | sa11_sr\[1\]$_DFF_P_/D
iter:160, pass:8, current fixing endpoint: sa02_sr\[3\]$_DFF_P_/D, endpoint slack:-7.551337e-11
      161 |       3 |      26 |       19 |      4 |    32 |   -0.115 |       -8.3 |    157 | sa11_sr\[1\]$_DFF_P_/D
iter:161, pass:9, current fixing endpoint: sa02_sr\[3\]$_DFF_P_/D, endpoint slack:-8.212997e-11
      162 |       3 |      26 |       21 |      4 |    32 |   -0.115 |       -8.3 |    157 | sa11_sr\[1\]$_DFF_P_/D
iter:162, pass:10, current fixing endpoint: sa02_sr\[3\]$_DFF_P_/D, endpoint slack:-7.4740214e-11
      163 |       3 |      26 |       21 |      4 |    33 |   -0.115 |       -8.3 |    157 | sa11_sr\[1\]$_DFF_P_/D
iter:163, pass:11, current fixing endpoint: sa02_sr\[3\]$_DFF_P_/D, endpoint slack:-6.991818e-11
      164 |       3 |      27 |       21 |      4 |    33 |   -0.117 |       -8.3 |    157 | sa11_sr\[1\]$_DFF_P_/D
iter:164, pass:12, current fixing endpoint: sa02_sr\[3\]$_DFF_P_/D, endpoint slack:-6.890066e-11
      165 |       3 |      28 |       21 |      4 |    33 |   -0.117 |       -8.3 |    157 | sa11_sr\[1\]$_DFF_P_/D
iter:165, pass:13, current fixing endpoint: sa02_sr\[3\]$_DFF_P_/D, endpoint slack:-6.6657346e-11
      166 |       3 |      29 |       21 |      4 |    33 |   -0.117 |       -8.3 |    157 | sa11_sr\[1\]$_DFF_P_/D
iter:166, pass:14, current fixing endpoint: sa02_sr\[3\]$_DFF_P_/D, endpoint slack:-6.509493e-11
      167 |       3 |      29 |       23 |      4 |    33 |   -0.117 |       -8.2 |    157 | sa11_sr\[1\]$_DFF_P_/D
iter:167, pass:15, current fixing endpoint: sa02_sr\[3\]$_DFF_P_/D, endpoint slack:-6.0724425e-11
      168 |       3 |      30 |       23 |      4 |    33 |   -0.117 |       -8.2 |    157 | sa11_sr\[1\]$_DFF_P_/D
iter:168, pass:16, current fixing endpoint: sa02_sr\[3\]$_DFF_P_/D, endpoint slack:-5.6291083e-11
      169 |       3 |      30 |       23 |      4 |    34 |   -0.117 |       -8.2 |    157 | sa11_sr\[1\]$_DFF_P_/D
iter:169, pass:17, current fixing endpoint: sa02_sr\[3\]$_DFF_P_/D, endpoint slack:-6.001499e-11
      170 |       3 |      31 |       23 |      4 |    34 |   -0.117 |       -8.2 |    157 | sa11_sr\[1\]$_DFF_P_/D
iter:170, pass:18, current fixing endpoint: sa02_sr\[3\]$_DFF_P_/D, endpoint slack:-5.852008e-11
      171 |       3 |      32 |       23 |      4 |    34 |   -0.117 |       -8.2 |    157 | sa11_sr\[1\]$_DFF_P_/D
iter:171, pass:19, current fixing endpoint: sa02_sr\[3\]$_DFF_P_/D, endpoint slack:-5.6878502e-11
      172 |       3 |      33 |       23 |      4 |    34 |   -0.117 |       -8.2 |    157 | sa11_sr\[1\]$_DFF_P_/D
iter:172, pass:20, current fixing endpoint: sa02_sr\[3\]$_DFF_P_/D, endpoint slack:-5.5835336e-11
      173 |       3 |      34 |       23 |      4 |    34 |   -0.117 |       -8.2 |    157 | sa11_sr\[1\]$_DFF_P_/D
iter:173, pass:21, current fixing endpoint: sa02_sr\[3\]$_DFF_P_/D, endpoint slack:-5.5128346e-11
      174 |       3 |      34 |       23 |      5 |    34 |   -0.117 |       -8.2 |    157 | sa11_sr\[1\]$_DFF_P_/D
iter:174, pass:22, current fixing endpoint: sa02_sr\[3\]$_DFF_P_/D, endpoint slack:-5.292833e-11
      175 |       3 |      34 |       23 |      5 |    35 |   -0.117 |       -8.2 |    157 | sa11_sr\[1\]$_DFF_P_/D
iter:175, pass:23, current fixing endpoint: sa02_sr\[3\]$_DFF_P_/D, endpoint slack:-5.154166e-11
      176 |       3 |      34 |       23 |      6 |    35 |   -0.117 |       -8.2 |    157 | sa11_sr\[1\]$_DFF_P_/D
iter:176, pass:24, current fixing endpoint: sa02_sr\[3\]$_DFF_P_/D, endpoint slack:-5.433687e-11
      176 |       3 |      26 |       22 |      4 |    33 |   -0.115 |       -8.3 |    157 | sa11_sr\[1\]$_DFF_P_/D
      177 |       3 |      26 |       22 |      4 |    33 |   -0.115 |       -8.3 |    157 | sa11_sr\[1\]$_DFF_P_/D
iter:177, pass:1, current fixing endpoint: u0.u1.d\[6\]$_DFF_P_/D, endpoint slack:-1.0326884e-10
      178 |       3 |      26 |       22 |      4 |    34 |   -0.115 |       -8.3 |    157 | sa11_sr\[1\]$_DFF_P_/D
iter:178, pass:2, current fixing endpoint: u0.u1.d\[6\]$_DFF_P_/D, endpoint slack:-1.0275081e-10
      179 |       3 |      26 |       22 |      4 |    35 |   -0.115 |       -8.3 |    157 | sa11_sr\[1\]$_DFF_P_/D
iter:179, pass:3, current fixing endpoint: u0.u1.d\[6\]$_DFF_P_/D, endpoint slack:-9.75412e-11
      180 |       3 |      26 |       24 |      4 |    35 |   -0.115 |       -8.2 |    157 | sa11_sr\[1\]$_DFF_P_/D
iter:180, pass:4, current fixing endpoint: u0.u1.d\[6\]$_DFF_P_/D, endpoint slack:-9.701584e-11
      181 |       3 |      26 |       24 |      4 |    36 |   -0.115 |       -8.3 |    157 | sa11_sr\[1\]$_DFF_P_/D
iter:181, pass:5, current fixing endpoint: u0.u1.d\[6\]$_DFF_P_/D, endpoint slack:-9.959e-11
      182 |       3 |      26 |       24 |      4 |    37 |   -0.115 |       -8.3 |    157 | sa11_sr\[1\]$_DFF_P_/D
iter:182, pass:6, current fixing endpoint: u0.u1.d\[6\]$_DFF_P_/D, endpoint slack:-9.795831e-11
      183 |       3 |      26 |       24 |      4 |    38 |   -0.115 |       -8.2 |    157 | sa11_sr\[1\]$_DFF_P_/D
iter:183, pass:7, current fixing endpoint: u0.u1.d\[6\]$_DFF_P_/D, endpoint slack:-9.6663344e-11
      184 |       3 |      26 |       24 |      5 |    38 |   -0.115 |       -8.2 |    157 | sa11_sr\[1\]$_DFF_P_/D
iter:184, pass:8, current fixing endpoint: u0.u1.d\[6\]$_DFF_P_/D, endpoint slack:-9.411949e-11
      185 |       3 |      26 |       24 |      6 |    38 |   -0.115 |       -8.2 |    157 | sa11_sr\[1\]$_DFF_P_/D
iter:185, pass:9, current fixing endpoint: u0.u1.d\[6\]$_DFF_P_/D, endpoint slack:-9.316958e-11
      185 |       3 |      26 |       24 |      6 |    38 |   -0.115 |       -8.2 |    157 | sa11_sr\[1\]$_DFF_P_/D
      186 |       3 |      26 |       24 |      6 |    38 |   -0.115 |       -8.2 |    157 | sa11_sr\[1\]$_DFF_P_/D
iter:186, pass:1, current fixing endpoint: sa20_sr\[3\]$_DFF_P_/D, endpoint slack:-9.9400266e-11
      187 |       3 |      26 |       24 |      6 |    39 |   -0.116 |       -8.3 |    157 | sa11_sr\[1\]$_DFF_P_/D
iter:187, pass:2, current fixing endpoint: sa20_sr\[3\]$_DFF_P_/D, endpoint slack:-1.006456e-10
      188 |       3 |      26 |       24 |      6 |    40 |   -0.116 |       -8.3 |    157 | sa11_sr\[1\]$_DFF_P_/D
iter:188, pass:3, current fixing endpoint: sa20_sr\[3\]$_DFF_P_/D, endpoint slack:-9.490253e-11
      189 |       3 |      26 |       26 |      6 |    40 |   -0.116 |       -8.3 |    157 | sa11_sr\[1\]$_DFF_P_/D
iter:189, pass:4, current fixing endpoint: sa20_sr\[3\]$_DFF_P_/D, endpoint slack:-1.150644e-10
      190 |       3 |      26 |       26 |      6 |    41 |   -0.123 |       -8.3 |    157 | sa20_sr\[3\]$_DFF_P_/D
iter:190, pass:5, current fixing endpoint: sa20_sr\[3\]$_DFF_P_/D, endpoint slack:-1.2296308e-10
      191 |       3 |      27 |       26 |      6 |    41 |   -0.120 |       -8.3 |    157 | sa20_sr\[3\]$_DFF_P_/D
iter:191, pass:6, current fixing endpoint: sa20_sr\[3\]$_DFF_P_/D, endpoint slack:-1.1995194e-10
      192 |       3 |      27 |       26 |      6 |    42 |   -0.119 |       -8.3 |    157 | sa20_sr\[3\]$_DFF_P_/D
iter:192, pass:7, current fixing endpoint: sa20_sr\[3\]$_DFF_P_/D, endpoint slack:-1.1891521e-10
      193 |       4 |      27 |       26 |      6 |    42 |   -0.116 |       -8.2 |    157 | sa11_sr\[1\]$_DFF_P_/D
iter:193, pass:8, current fixing endpoint: sa20_sr\[3\]$_DFF_P_/D, endpoint slack:-1.05099374e-10
      194 |       4 |      27 |       26 |      7 |    42 |   -0.116 |       -8.3 |    157 | sa11_sr\[1\]$_DFF_P_/D
iter:194, pass:9, current fixing endpoint: sa20_sr\[3\]$_DFF_P_/D, endpoint slack:-1.1119072e-10
      195 |       4 |      27 |       28 |      7 |    42 |   -0.116 |       -8.2 |    157 | sa11_sr\[1\]$_DFF_P_/D
iter:195, pass:10, current fixing endpoint: sa20_sr\[3\]$_DFF_P_/D, endpoint slack:-9.88557e-11
      196 |       4 |      27 |       28 |      7 |    43 |   -0.116 |       -8.2 |    157 | sa11_sr\[1\]$_DFF_P_/D
iter:196, pass:11, current fixing endpoint: sa20_sr\[3\]$_DFF_P_/D, endpoint slack:-1.0108214e-10
      197 |       4 |      28 |       28 |      7 |    43 |   -0.116 |       -8.2 |    157 | sa11_sr\[1\]$_DFF_P_/D
iter:197, pass:12, current fixing endpoint: sa20_sr\[3\]$_DFF_P_/D, endpoint slack:-1.01103015e-10
      198 |       4 |      29 |       28 |      7 |    43 |   -0.116 |       -8.2 |    157 | sa11_sr\[1\]$_DFF_P_/D
iter:198, pass:13, current fixing endpoint: sa20_sr\[3\]$_DFF_P_/D, endpoint slack:-1.0273982e-10
      199 |       4 |      30 |       28 |      7 |    43 |   -0.116 |       -8.2 |    157 | sa11_sr\[1\]$_DFF_P_/D
iter:199, pass:14, current fixing endpoint: sa20_sr\[3\]$_DFF_P_/D, endpoint slack:-9.88456e-11
      200 |       4 |      30 |       28 |      7 |    44 |   -0.116 |       -8.2 |    157 | sa11_sr\[1\]$_DFF_P_/D
iter:200, pass:15, current fixing endpoint: sa20_sr\[3\]$_DFF_P_/D, endpoint slack:-9.699219e-11
      200 |       3 |      27 |       26 |      6 |    38 |   -0.115 |       -8.2 |    157 | sa11_sr\[1\]$_DFF_P_/D
      201 |       3 |      27 |       26 |      6 |    38 |   -0.115 |       -8.2 |    157 | sa11_sr\[1\]$_DFF_P_/D
iter:201, pass:1, current fixing endpoint: sa02_sr\[6\]$_DFF_P_/D, endpoint slack:-7.610934e-11
      202 |       3 |      27 |       26 |      6 |    39 |   -0.115 |       -8.2 |    157 | sa11_sr\[1\]$_DFF_P_/D
iter:202, pass:2, current fixing endpoint: sa02_sr\[6\]$_DFF_P_/D, endpoint slack:-7.191436e-11
      203 |       3 |      28 |       26 |      6 |    39 |   -0.115 |       -8.2 |    157 | sa11_sr\[1\]$_DFF_P_/D
iter:203, pass:3, current fixing endpoint: sa02_sr\[6\]$_DFF_P_/D, endpoint slack:-6.423362e-11
      204 |       3 |      29 |       26 |      6 |    39 |   -0.117 |       -8.2 |    157 | sa11_sr\[1\]$_DFF_P_/D
iter:204, pass:4, current fixing endpoint: sa02_sr\[6\]$_DFF_P_/D, endpoint slack:-6.321621e-11
      205 |       3 |      30 |       26 |      6 |    39 |   -0.117 |       -8.2 |    157 | sa11_sr\[1\]$_DFF_P_/D
iter:205, pass:5, current fixing endpoint: sa02_sr\[6\]$_DFF_P_/D, endpoint slack:-6.114742e-11
      206 |       3 |      30 |       26 |      6 |    40 |   -0.117 |       -8.2 |    157 | sa11_sr\[1\]$_DFF_P_/D
iter:206, pass:6, current fixing endpoint: sa02_sr\[6\]$_DFF_P_/D, endpoint slack:-5.6594618e-11
      207 |       3 |      31 |       26 |      6 |    40 |   -0.117 |       -8.2 |    157 | sa11_sr\[1\]$_DFF_P_/D
iter:207, pass:7, current fixing endpoint: sa02_sr\[6\]$_DFF_P_/D, endpoint slack:-5.6259775e-11
      208 |       3 |      32 |       26 |      6 |    40 |   -0.117 |       -8.2 |    157 | sa11_sr\[1\]$_DFF_P_/D
iter:208, pass:8, current fixing endpoint: sa02_sr\[6\]$_DFF_P_/D, endpoint slack:-5.2461813e-11
      209 |       3 |      33 |       26 |      6 |    40 |   -0.117 |       -8.2 |    157 | sa11_sr\[1\]$_DFF_P_/D
iter:209, pass:9, current fixing endpoint: sa02_sr\[6\]$_DFF_P_/D, endpoint slack:-5.1983307e-11
      210 |       3 |      33 |       26 |      7 |    40 |   -0.117 |       -8.2 |    157 | sa11_sr\[1\]$_DFF_P_/D
iter:210, pass:10, current fixing endpoint: sa02_sr\[6\]$_DFF_P_/D, endpoint slack:-5.867773e-11
      211 |       3 |      33 |       28 |      7 |    40 |   -0.117 |       -8.2 |    157 | sa11_sr\[1\]$_DFF_P_/D
iter:211, pass:11, current fixing endpoint: sa02_sr\[6\]$_DFF_P_/D, endpoint slack:-5.1948446e-11
      212 |       3 |      34 |       28 |      7 |    40 |   -0.117 |       -8.2 |    157 | sa11_sr\[1\]$_DFF_P_/D
iter:212, pass:12, current fixing endpoint: sa02_sr\[6\]$_DFF_P_/D, endpoint slack:-5.1592508e-11
      213 |       3 |      35 |       28 |      7 |    40 |   -0.117 |       -8.2 |    157 | sa11_sr\[1\]$_DFF_P_/D
iter:213, pass:13, current fixing endpoint: sa02_sr\[6\]$_DFF_P_/D, endpoint slack:-5.865586e-11
      214 |       3 |      36 |       28 |      7 |    40 |   -0.117 |       -8.2 |    157 | sa11_sr\[1\]$_DFF_P_/D
iter:214, pass:14, current fixing endpoint: sa02_sr\[6\]$_DFF_P_/D, endpoint slack:-5.1030402e-11
      215 |       3 |      37 |       28 |      7 |    40 |   -0.117 |       -8.2 |    157 | sa11_sr\[1\]$_DFF_P_/D
iter:215, pass:15, current fixing endpoint: sa02_sr\[6\]$_DFF_P_/D, endpoint slack:-4.897216e-11
      216 |       3 |      38 |       28 |      7 |    40 |   -0.117 |       -8.2 |    157 | sa11_sr\[1\]$_DFF_P_/D
iter:216, pass:16, current fixing endpoint: sa02_sr\[6\]$_DFF_P_/D, endpoint slack:-4.672418e-11
      217 |       3 |      39 |       28 |      7 |    40 |   -0.117 |       -8.2 |    157 | sa11_sr\[1\]$_DFF_P_/D
iter:217, pass:17, current fixing endpoint: sa02_sr\[6\]$_DFF_P_/D, endpoint slack:-4.5769832e-11
      218 |       3 |      39 |       28 |      7 |    41 |   -0.117 |       -8.2 |    157 | sa11_sr\[1\]$_DFF_P_/D
iter:218, pass:18, current fixing endpoint: sa02_sr\[6\]$_DFF_P_/D, endpoint slack:-5.880907e-11
      219 |       3 |      40 |       28 |      7 |    41 |   -0.117 |       -8.2 |    157 | sa11_sr\[1\]$_DFF_P_/D
iter:219, pass:19, current fixing endpoint: sa02_sr\[6\]$_DFF_P_/D, endpoint slack:-5.761558e-11
      220 |       3 |      41 |       28 |      7 |    41 |   -0.117 |       -8.2 |    157 | sa11_sr\[1\]$_DFF_P_/D
iter:220, pass:20, current fixing endpoint: sa02_sr\[6\]$_DFF_P_/D, endpoint slack:-5.9472094e-11
      221 |       3 |      41 |       28 |      7 |    42 |   -0.117 |       -8.2 |    157 | sa11_sr\[1\]$_DFF_P_/D
iter:221, pass:21, current fixing endpoint: sa02_sr\[6\]$_DFF_P_/D, endpoint slack:-6.7436945e-11
      222 |       3 |      42 |       28 |      7 |    42 |   -0.117 |       -8.2 |    157 | sa11_sr\[1\]$_DFF_P_/D
iter:222, pass:22, current fixing endpoint: sa02_sr\[6\]$_DFF_P_/D, endpoint slack:-6.619716e-11
      223 |       3 |      43 |       28 |      7 |    42 |   -0.117 |       -8.3 |    157 | sa11_sr\[1\]$_DFF_P_/D
iter:223, pass:23, current fixing endpoint: sa02_sr\[6\]$_DFF_P_/D, endpoint slack:-7.1400996e-11
      224 |       3 |      43 |       28 |      7 |    43 |   -0.117 |       -8.3 |    157 | sa11_sr\[1\]$_DFF_P_/D
iter:224, pass:24, current fixing endpoint: sa02_sr\[6\]$_DFF_P_/D, endpoint slack:-6.873979e-11
      225 |       3 |      44 |       28 |      7 |    43 |   -0.117 |       -8.2 |    157 | sa11_sr\[1\]$_DFF_P_/D
iter:225, pass:25, current fixing endpoint: sa02_sr\[6\]$_DFF_P_/D, endpoint slack:-6.7244876e-11
      226 |       3 |      45 |       28 |      7 |    43 |   -0.117 |       -8.2 |    157 | sa11_sr\[1\]$_DFF_P_/D
iter:226, pass:26, current fixing endpoint: sa02_sr\[6\]$_DFF_P_/D, endpoint slack:-6.56033e-11
      227 |       3 |      46 |       28 |      7 |    43 |   -0.117 |       -8.2 |    157 | sa11_sr\[1\]$_DFF_P_/D
iter:227, pass:27, current fixing endpoint: sa02_sr\[6\]$_DFF_P_/D, endpoint slack:-6.4560246e-11
      228 |       3 |      47 |       28 |      7 |    43 |   -0.117 |       -8.2 |    157 | sa11_sr\[1\]$_DFF_P_/D
iter:228, pass:28, current fixing endpoint: sa02_sr\[6\]$_DFF_P_/D, endpoint slack:-6.38154e-11
      229 |       3 |      47 |       28 |      8 |    43 |   -0.117 |       -8.2 |    157 | sa11_sr\[1\]$_DFF_P_/D
iter:229, pass:29, current fixing endpoint: sa02_sr\[6\]$_DFF_P_/D, endpoint slack:-6.040246e-11
      230 |       3 |      47 |       28 |      9 |    43 |   -0.117 |       -8.2 |    157 | sa11_sr\[1\]$_DFF_P_/D
iter:230, pass:30, current fixing endpoint: sa02_sr\[6\]$_DFF_P_/D, endpoint slack:-6.169787e-11
      231 |       3 |      47 |       28 |     10 |    43 |   -0.117 |       -8.2 |    157 | sa11_sr\[1\]$_DFF_P_/D
iter:231, pass:31, current fixing endpoint: sa02_sr\[6\]$_DFF_P_/D, endpoint slack:-6.4009464e-11
      231 |       3 |      29 |       27 |      6 |    39 |   -0.115 |       -8.2 |    157 | sa11_sr\[1\]$_DFF_P_/D
      232 |       3 |      29 |       27 |      6 |    39 |   -0.115 |       -8.2 |    157 | sa11_sr\[1\]$_DFF_P_/D
iter:232, pass:1, current fixing endpoint: sa02_sr\[7\]$_DFF_P_/D, endpoint slack:-7.5207174e-11
      233 |       3 |      30 |       27 |      6 |    39 |   -0.117 |       -8.2 |    157 | sa11_sr\[1\]$_DFF_P_/D
iter:233, pass:2, current fixing endpoint: sa02_sr\[7\]$_DFF_P_/D, endpoint slack:-7.4189765e-11
      234 |       3 |      31 |       27 |      6 |    39 |   -0.117 |       -8.2 |    157 | sa11_sr\[1\]$_DFF_P_/D
iter:234, pass:3, current fixing endpoint: sa02_sr\[7\]$_DFF_P_/D, endpoint slack:-7.21706e-11
      235 |       3 |      32 |       27 |      6 |    39 |   -0.117 |       -8.2 |    157 | sa11_sr\[1\]$_DFF_P_/D
iter:235, pass:4, current fixing endpoint: sa02_sr\[7\]$_DFF_P_/D, endpoint slack:-6.8366646e-11
      236 |       3 |      33 |       27 |      6 |    39 |   -0.117 |       -8.2 |    157 | sa11_sr\[1\]$_DFF_P_/D
iter:236, pass:5, current fixing endpoint: sa02_sr\[7\]$_DFF_P_/D, endpoint slack:-6.633161e-11
      237 |       3 |      34 |       27 |      6 |    39 |   -0.117 |       -8.2 |    157 | sa11_sr\[1\]$_DFF_P_/D
iter:237, pass:6, current fixing endpoint: sa02_sr\[7\]$_DFF_P_/D, endpoint slack:-6.483669e-11
      238 |       3 |      35 |       27 |      6 |    39 |   -0.117 |       -8.2 |    157 | sa11_sr\[1\]$_DFF_P_/D
iter:238, pass:7, current fixing endpoint: sa02_sr\[7\]$_DFF_P_/D, endpoint slack:-6.3195116e-11
      239 |       3 |      36 |       27 |      6 |    39 |   -0.117 |       -8.2 |    157 | sa11_sr\[1\]$_DFF_P_/D
iter:239, pass:8, current fixing endpoint: sa02_sr\[7\]$_DFF_P_/D, endpoint slack:-6.215206e-11
      240 |       3 |      37 |       27 |      6 |    39 |   -0.117 |       -8.2 |    157 | sa11_sr\[1\]$_DFF_P_/D
iter:240, pass:9, current fixing endpoint: sa02_sr\[7\]$_DFF_P_/D, endpoint slack:-6.637968e-11
      241 |       3 |      38 |       27 |      6 |    39 |   -0.117 |       -8.2 |    157 | sa11_sr\[1\]$_DFF_P_/D
iter:241, pass:10, current fixing endpoint: sa02_sr\[7\]$_DFF_P_/D, endpoint slack:-5.47149e-11
      242 |       3 |      39 |       27 |      6 |    39 |   -0.117 |       -8.2 |    157 | sa11_sr\[1\]$_DFF_P_/D
iter:242, pass:11, current fixing endpoint: sa02_sr\[7\]$_DFF_P_/D, endpoint slack:-5.351286e-11
      243 |       3 |      40 |       27 |      6 |    39 |   -0.117 |       -8.2 |    157 | sa11_sr\[1\]$_DFF_P_/D
iter:243, pass:12, current fixing endpoint: sa02_sr\[7\]$_DFF_P_/D, endpoint slack:-5.109868e-11
      244 |       3 |      40 |       27 |      7 |    39 |   -0.117 |       -8.2 |    157 | sa11_sr\[1\]$_DFF_P_/D
iter:244, pass:13, current fixing endpoint: sa02_sr\[7\]$_DFF_P_/D, endpoint slack:-5.2685523e-11
      245 |       3 |      41 |       27 |      7 |    39 |   -0.117 |       -8.2 |    157 | sa11_sr\[1\]$_DFF_P_/D
iter:245, pass:14, current fixing endpoint: sa02_sr\[7\]$_DFF_P_/D, endpoint slack:-5.2132965e-11
      246 |       3 |      41 |       27 |      8 |    39 |   -0.117 |       -8.2 |    157 | sa11_sr\[1\]$_DFF_P_/D
iter:246, pass:15, current fixing endpoint: sa02_sr\[7\]$_DFF_P_/D, endpoint slack:-4.9551474e-11
      247 |       3 |      42 |       27 |      8 |    39 |   -0.117 |       -8.2 |    157 | sa11_sr\[1\]$_DFF_P_/D
iter:247, pass:16, current fixing endpoint: sa02_sr\[7\]$_DFF_P_/D, endpoint slack:-4.927858e-11
      248 |       3 |      43 |       27 |      8 |    39 |   -0.117 |       -8.2 |    157 | sa11_sr\[1\]$_DFF_P_/D
iter:248, pass:17, current fixing endpoint: sa02_sr\[7\]$_DFF_P_/D, endpoint slack:-4.8343662e-11
      249 |       3 |      43 |       27 |      8 |    40 |   -0.117 |       -8.2 |    157 | sa11_sr\[1\]$_DFF_P_/D
iter:249, pass:18, current fixing endpoint: sa02_sr\[7\]$_DFF_P_/D, endpoint slack:-4.813061e-11
      250 |       3 |      43 |       27 |      8 |    41 |   -0.117 |       -8.2 |    157 | sa11_sr\[1\]$_DFF_P_/D
iter:250, pass:19, current fixing endpoint: sa02_sr\[7\]$_DFF_P_/D, endpoint slack:-4.5642046e-11
      251 |       3 |      44 |       27 |      8 |    41 |   -0.117 |       -8.1 |    157 | sa11_sr\[1\]$_DFF_P_/D
iter:251, pass:20, current fixing endpoint: sa02_sr\[7\]$_DFF_P_/D, endpoint slack:-4.2889137e-11
      252 |       3 |      45 |       27 |      8 |    41 |   -0.117 |       -8.1 |    157 | sa11_sr\[1\]$_DFF_P_/D
iter:252, pass:21, current fixing endpoint: sa02_sr\[7\]$_DFF_P_/D, endpoint slack:-4.141809e-11
      253 |       3 |      46 |       27 |      8 |    41 |   -0.117 |       -8.1 |    157 | sa11_sr\[1\]$_DFF_P_/D
iter:253, pass:22, current fixing endpoint: sa02_sr\[7\]$_DFF_P_/D, endpoint slack:-4.087375e-11
      254 |       3 |      46 |       27 |      9 |    41 |   -0.117 |       -8.2 |    157 | sa11_sr\[1\]$_DFF_P_/D
iter:254, pass:23, current fixing endpoint: sa02_sr\[7\]$_DFF_P_/D, endpoint slack:-4.337708e-11
      255 |       3 |      46 |       27 |      9 |    42 |   -0.117 |       -8.2 |    157 | sa11_sr\[1\]$_DFF_P_/D
iter:255, pass:24, current fixing endpoint: sa02_sr\[7\]$_DFF_P_/D, endpoint slack:-3.9643955e-11
      256 |       3 |      47 |       27 |      9 |    42 |   -0.117 |       -8.2 |    157 | sa11_sr\[1\]$_DFF_P_/D
iter:256, pass:25, current fixing endpoint: sa02_sr\[7\]$_DFF_P_/D, endpoint slack:-3.990419e-11
      257 |       3 |      47 |       27 |      9 |    43 |   -0.117 |       -8.2 |    157 | sa11_sr\[1\]$_DFF_P_/D
iter:257, pass:26, current fixing endpoint: sa02_sr\[7\]$_DFF_P_/D, endpoint slack:-3.878442e-11
      258 |       3 |      48 |       27 |      9 |    43 |   -0.117 |       -8.2 |    157 | sa11_sr\[1\]$_DFF_P_/D
iter:258, pass:27, current fixing endpoint: sa02_sr\[7\]$_DFF_P_/D, endpoint slack:-4.145384e-11
      259 |       3 |      49 |       27 |      9 |    43 |   -0.117 |       -8.2 |    157 | sa11_sr\[1\]$_DFF_P_/D
iter:259, pass:28, current fixing endpoint: sa02_sr\[7\]$_DFF_P_/D, endpoint slack:-3.6695313e-11
      260 |       3 |      49 |       27 |      9 |    44 |   -0.117 |       -8.2 |    157 | sa11_sr\[1\]$_DFF_P_/D
iter:260, pass:29, current fixing endpoint: sa02_sr\[7\]$_DFF_P_/D, endpoint slack:-3.4468206e-11
      261 |       3 |      49 |       27 |      9 |    45 |   -0.117 |       -8.2 |    157 | sa11_sr\[1\]$_DFF_P_/D
iter:261, pass:30, current fixing endpoint: sa02_sr\[7\]$_DFF_P_/D, endpoint slack:-3.1289304e-11
      262 |       3 |      50 |       27 |      9 |    45 |   -0.117 |       -8.2 |    157 | sa11_sr\[1\]$_DFF_P_/D
iter:262, pass:31, current fixing endpoint: sa02_sr\[7\]$_DFF_P_/D, endpoint slack:-3.5113246e-11
      263 |       3 |      51 |       27 |      9 |    45 |   -0.117 |       -8.2 |    157 | sa11_sr\[1\]$_DFF_P_/D
iter:263, pass:32, current fixing endpoint: sa02_sr\[7\]$_DFF_P_/D, endpoint slack:-3.237277e-11
      264 |       3 |      52 |       27 |      9 |    45 |   -0.117 |       -8.2 |    157 | sa11_sr\[1\]$_DFF_P_/D
iter:264, pass:33, current fixing endpoint: sa02_sr\[7\]$_DFF_P_/D, endpoint slack:-3.1331937e-11
      265 |       3 |      53 |       27 |      9 |    45 |   -0.117 |       -8.2 |    157 | sa11_sr\[1\]$_DFF_P_/D
iter:265, pass:34, current fixing endpoint: sa02_sr\[7\]$_DFF_P_/D, endpoint slack:-3.0315528e-11
      266 |       3 |      54 |       27 |      9 |    45 |   -0.117 |       -8.2 |    157 | sa11_sr\[1\]$_DFF_P_/D
iter:266, pass:35, current fixing endpoint: sa02_sr\[7\]$_DFF_P_/D, endpoint slack:-3.030587e-11
      267 |       3 |      54 |       27 |      9 |    46 |   -0.117 |       -8.2 |    157 | sa11_sr\[1\]$_DFF_P_/D
iter:267, pass:36, current fixing endpoint: sa02_sr\[7\]$_DFF_P_/D, endpoint slack:-3.638545e-11
      268 |       3 |      54 |       27 |     10 |    46 |   -0.117 |       -8.2 |    157 | sa11_sr\[1\]$_DFF_P_/D
iter:268, pass:37, current fixing endpoint: sa02_sr\[7\]$_DFF_P_/D, endpoint slack:-3.9887982e-11
      269 |       3 |      55 |       27 |     10 |    46 |   -0.117 |       -8.2 |    157 | sa11_sr\[1\]$_DFF_P_/D
iter:269, pass:38, current fixing endpoint: sa02_sr\[7\]$_DFF_P_/D, endpoint slack:-3.98096e-11
      269 |       3 |      33 |       27 |      6 |    39 |   -0.115 |       -8.2 |    157 | sa11_sr\[1\]$_DFF_P_/D
      270 |       3 |      33 |       27 |      6 |    39 |   -0.115 |       -8.2 |    157 | sa11_sr\[1\]$_DFF_P_/D
iter:270, pass:1, current fixing endpoint: sa02_sr\[0\]$_DFF_P_/D, endpoint slack:-7.733936e-11
      271 |       3 |      34 |       27 |      6 |    39 |   -0.115 |       -8.2 |    157 | sa11_sr\[1\]$_DFF_P_/D
iter:271, pass:2, current fixing endpoint: sa02_sr\[0\]$_DFF_P_/D, endpoint slack:-7.0714656e-11
      272 |       3 |      34 |       27 |      6 |    40 |   -0.115 |       -8.2 |    157 | sa11_sr\[1\]$_DFF_P_/D
iter:272, pass:3, current fixing endpoint: sa02_sr\[0\]$_DFF_P_/D, endpoint slack:-7.681622e-11
      273 |       3 |      35 |       27 |      6 |    40 |   -0.115 |       -8.2 |    157 | sa11_sr\[1\]$_DFF_P_/D
iter:273, pass:4, current fixing endpoint: sa02_sr\[0\]$_DFF_P_/D, endpoint slack:-7.012013e-11
      274 |       3 |      36 |       27 |      6 |    40 |   -0.115 |       -8.2 |    157 | sa11_sr\[1\]$_DFF_P_/D
iter:274, pass:5, current fixing endpoint: sa02_sr\[0\]$_DFF_P_/D, endpoint slack:-6.92052e-11
      275 |       3 |      36 |       27 |      6 |    41 |   -0.115 |       -8.2 |    157 | sa11_sr\[1\]$_DFF_P_/D
iter:275, pass:6, current fixing endpoint: sa02_sr\[0\]$_DFF_P_/D, endpoint slack:-8.2158835e-11
      276 |       3 |      37 |       27 |      6 |    41 |   -0.115 |       -8.2 |    157 | sa11_sr\[1\]$_DFF_P_/D
iter:276, pass:7, current fixing endpoint: sa02_sr\[0\]$_DFF_P_/D, endpoint slack:-7.2898354e-11
      277 |       3 |      38 |       27 |      6 |    41 |   -0.115 |       -8.2 |    157 | sa11_sr\[1\]$_DFF_P_/D
iter:277, pass:8, current fixing endpoint: sa02_sr\[0\]$_DFF_P_/D, endpoint slack:-6.3455685e-11
      278 |       3 |      39 |       27 |      6 |    41 |   -0.115 |       -8.2 |    157 | sa11_sr\[1\]$_DFF_P_/D
iter:278, pass:9, current fixing endpoint: sa02_sr\[0\]$_DFF_P_/D, endpoint slack:-6.1684546e-11
      279 |       3 |      40 |       27 |      6 |    41 |   -0.117 |       -8.2 |    157 | sa11_sr\[1\]$_DFF_P_/D
iter:279, pass:10, current fixing endpoint: sa02_sr\[0\]$_DFF_P_/D, endpoint slack:-6.066714e-11
      280 |       3 |      40 |       27 |      6 |    42 |   -0.117 |       -8.2 |    157 | sa11_sr\[1\]$_DFF_P_/D
iter:280, pass:11, current fixing endpoint: sa02_sr\[0\]$_DFF_P_/D, endpoint slack:-6.1569416e-11
      281 |       3 |      41 |       27 |      6 |    42 |   -0.117 |       -8.2 |    157 | sa11_sr\[1\]$_DFF_P_/D
iter:281, pass:12, current fixing endpoint: sa02_sr\[0\]$_DFF_P_/D, endpoint slack:-5.7787664e-11
      282 |       3 |      42 |       27 |      6 |    42 |   -0.117 |       -8.2 |    157 | sa11_sr\[1\]$_DFF_P_/D
iter:282, pass:13, current fixing endpoint: sa02_sr\[0\]$_DFF_P_/D, endpoint slack:-5.6293303e-11
      283 |       3 |      43 |       27 |      6 |    42 |   -0.117 |       -8.2 |    157 | sa11_sr\[1\]$_DFF_P_/D
iter:283, pass:14, current fixing endpoint: sa02_sr\[0\]$_DFF_P_/D, endpoint slack:-5.4651728e-11
      284 |       3 |      44 |       27 |      6 |    42 |   -0.117 |       -8.2 |    157 | sa11_sr\[1\]$_DFF_P_/D
iter:284, pass:15, current fixing endpoint: sa02_sr\[0\]$_DFF_P_/D, endpoint slack:-5.3608673e-11
      285 |       3 |      44 |       27 |      6 |    43 |   -0.117 |       -8.2 |    157 | sa11_sr\[1\]$_DFF_P_/D
iter:285, pass:16, current fixing endpoint: sa02_sr\[0\]$_DFF_P_/D, endpoint slack:-5.4999116e-11
      286 |       3 |      45 |       27 |      6 |    43 |   -0.117 |       -8.2 |    157 | sa11_sr\[1\]$_DFF_P_/D
iter:286, pass:17, current fixing endpoint: sa02_sr\[0\]$_DFF_P_/D, endpoint slack:-5.468148e-11
      287 |       3 |      45 |       27 |      7 |    43 |   -0.117 |       -8.1 |    157 | sa11_sr\[1\]$_DFF_P_/D
iter:287, pass:18, current fixing endpoint: sa02_sr\[0\]$_DFF_P_/D, endpoint slack:-5.2119087e-11
      288 |       3 |      45 |       27 |      7 |    44 |   -0.117 |       -8.1 |    157 | sa11_sr\[1\]$_DFF_P_/D
iter:288, pass:19, current fixing endpoint: sa02_sr\[0\]$_DFF_P_/D, endpoint slack:-5.3311466e-11
      289 |       3 |      45 |       27 |      8 |    44 |   -0.117 |       -8.2 |    157 | sa11_sr\[1\]$_DFF_P_/D
iter:289, pass:20, current fixing endpoint: sa02_sr\[0\]$_DFF_P_/D, endpoint slack:-5.587808e-11
      289 |       3 |      39 |       27 |      6 |    41 |   -0.115 |       -8.2 |    157 | sa11_sr\[1\]$_DFF_P_/D
      290 |       3 |      39 |       27 |      6 |    41 |   -0.115 |       -8.2 |    157 | sa11_sr\[1\]$_DFF_P_/D
iter:290, pass:1, current fixing endpoint: sa02_sr\[1\]$_DFF_P_/D, endpoint slack:-8.047385e-11
      291 |       3 |      39 |       27 |      6 |    42 |   -0.115 |       -8.2 |    157 | sa11_sr\[1\]$_DFF_P_/D
iter:291, pass:2, current fixing endpoint: sa02_sr\[1\]$_DFF_P_/D, endpoint slack:-9.2230446e-11
      292 |       3 |      40 |       27 |      6 |    42 |   -0.115 |       -8.2 |    157 | sa11_sr\[1\]$_DFF_P_/D
iter:292, pass:3, current fixing endpoint: sa02_sr\[1\]$_DFF_P_/D, endpoint slack:-8.2162166e-11
      293 |       3 |      40 |       27 |      6 |    43 |   -0.115 |       -8.2 |    157 | sa11_sr\[1\]$_DFF_P_/D
iter:293, pass:4, current fixing endpoint: sa02_sr\[1\]$_DFF_P_/D, endpoint slack:-7.7080786e-11
      294 |       3 |      41 |       27 |      6 |    43 |   -0.115 |       -8.2 |    157 | sa11_sr\[1\]$_DFF_P_/D
iter:294, pass:5, current fixing endpoint: sa02_sr\[1\]$_DFF_P_/D, endpoint slack:-7.568324e-11
      295 |       3 |      42 |       27 |      6 |    43 |   -0.117 |       -8.2 |    157 | sa11_sr\[1\]$_DFF_P_/D
iter:295, pass:6, current fixing endpoint: sa02_sr\[1\]$_DFF_P_/D, endpoint slack:-7.466583e-11
      296 |       3 |      43 |       27 |      6 |    43 |   -0.117 |       -8.2 |    157 | sa11_sr\[1\]$_DFF_P_/D
iter:296, pass:7, current fixing endpoint: sa02_sr\[1\]$_DFF_P_/D, endpoint slack:-7.220646e-11
      297 |       3 |      44 |       27 |      6 |    43 |   -0.117 |       -8.2 |    157 | sa11_sr\[1\]$_DFF_P_/D
iter:297, pass:8, current fixing endpoint: sa02_sr\[1\]$_DFF_P_/D, endpoint slack:-6.846046e-11
      298 |       3 |      45 |       27 |      6 |    43 |   -0.117 |       -8.2 |    157 | sa11_sr\[1\]$_DFF_P_/D
iter:298, pass:9, current fixing endpoint: sa02_sr\[1\]$_DFF_P_/D, endpoint slack:-6.6965544e-11
      299 |       3 |      46 |       27 |      6 |    43 |   -0.117 |       -8.2 |    157 | sa11_sr\[1\]$_DFF_P_/D
iter:299, pass:10, current fixing endpoint: sa02_sr\[1\]$_DFF_P_/D, endpoint slack:-6.532397e-11
      300 |       3 |      47 |       27 |      6 |    43 |   -0.117 |       -8.2 |    157 | sa11_sr\[1\]$_DFF_P_/D
iter:300, pass:11, current fixing endpoint: sa02_sr\[1\]$_DFF_P_/D, endpoint slack:-6.42808e-11
      301 |       3 |      47 |       27 |      7 |    43 |   -0.117 |       -8.2 |    157 | sa11_sr\[1\]$_DFF_P_/D
iter:301, pass:12, current fixing endpoint: sa02_sr\[1\]$_DFF_P_/D, endpoint slack:-6.595635e-11
      302 |       3 |      48 |       27 |      7 |    43 |   -0.117 |       -8.2 |    157 | sa11_sr\[1\]$_DFF_P_/D
iter:302, pass:13, current fixing endpoint: sa02_sr\[1\]$_DFF_P_/D, endpoint slack:-6.540646e-11
      303 |       3 |      48 |       27 |      8 |    43 |   -0.117 |       -8.1 |    157 | sa11_sr\[1\]$_DFF_P_/D
iter:303, pass:14, current fixing endpoint: sa02_sr\[1\]$_DFF_P_/D, endpoint slack:-6.268219e-11
      304 |       3 |      48 |       27 |      8 |    44 |   -0.117 |       -8.1 |    157 | sa11_sr\[1\]$_DFF_P_/D
iter:304, pass:15, current fixing endpoint: sa02_sr\[1\]$_DFF_P_/D, endpoint slack:-6.3378414e-11
      305 |       3 |      48 |       27 |      9 |    44 |   -0.117 |       -8.2 |    157 | sa11_sr\[1\]$_DFF_P_/D
iter:305, pass:16, current fixing endpoint: sa02_sr\[1\]$_DFF_P_/D, endpoint slack:-6.5881856e-11
      305 |       3 |      41 |       27 |      6 |    43 |   -0.115 |       -8.2 |    157 | sa11_sr\[1\]$_DFF_P_/D
      306 |       3 |      41 |       27 |      6 |    43 |   -0.115 |       -8.2 |    157 | sa11_sr\[1\]$_DFF_P_/D
iter:306, pass:1, current fixing endpoint: sa11_sr\[4\]$_DFF_P_/D, endpoint slack:-1.1262802e-10
      307 |       3 |      41 |       27 |      6 |    44 |   -0.115 |       -8.2 |    157 | sa11_sr\[1\]$_DFF_P_/D
iter:307, pass:2, current fixing endpoint: sa11_sr\[4\]$_DFF_P_/D, endpoint slack:-1.0551826e-10
      308 |       3 |      41 |       27 |      6 |    45 |   -0.115 |       -8.2 |    157 | sa11_sr\[1\]$_DFF_P_/D
iter:308, pass:3, current fixing endpoint: sa11_sr\[4\]$_DFF_P_/D, endpoint slack:-1.1305756e-10
      309 |       3 |      41 |       27 |      6 |    46 |   -0.115 |       -8.2 |    157 | sa11_sr\[1\]$_DFF_P_/D
iter:309, pass:4, current fixing endpoint: sa11_sr\[4\]$_DFF_P_/D, endpoint slack:-1.09263265e-10
      310 |       3 |      41 |       27 |      6 |    47 |   -0.115 |       -8.2 |    157 | sa11_sr\[1\]$_DFF_P_/D
iter:310, pass:5, current fixing endpoint: sa11_sr\[4\]$_DFF_P_/D, endpoint slack:-1.11363585e-10
      311 |       3 |      41 |       27 |      6 |    48 |   -0.117 |       -8.2 |    157 | sa11_sr\[4\]$_DFF_P_/D
iter:311, pass:6, current fixing endpoint: sa11_sr\[4\]$_DFF_P_/D, endpoint slack:-1.1707124e-10
      312 |       3 |      42 |       27 |      6 |    48 |   -0.116 |       -8.2 |    157 | sa11_sr\[4\]$_DFF_P_/D
iter:312, pass:7, current fixing endpoint: sa11_sr\[4\]$_DFF_P_/D, endpoint slack:-1.16162635e-10
      313 |       3 |      43 |       27 |      6 |    48 |   -0.115 |       -8.2 |    157 | sa11_sr\[1\]$_DFF_P_/D
iter:313, pass:8, current fixing endpoint: sa11_sr\[4\]$_DFF_P_/D, endpoint slack:-1.12181375e-10
      314 |       3 |      44 |       27 |      6 |    48 |   -0.115 |       -8.2 |    157 | sa11_sr\[4\]$_DFF_P_/D
iter:314, pass:9, current fixing endpoint: sa11_sr\[4\]$_DFF_P_/D, endpoint slack:-1.1473322e-10
      315 |       3 |      44 |       27 |      6 |    49 |   -0.115 |       -8.2 |    157 | sa11_sr\[1\]$_DFF_P_/D
iter:315, pass:10, current fixing endpoint: sa11_sr\[4\]$_DFF_P_/D, endpoint slack:-1.12799436e-10
      315 |       3 |      42 |       27 |      6 |    44 |   -0.115 |       -8.2 |    157 | sa11_sr\[1\]$_DFF_P_/D
      316 |       3 |      42 |       27 |      6 |    44 |   -0.115 |       -8.2 |    157 | sa11_sr\[1\]$_DFF_P_/D
iter:316, pass:1, current fixing endpoint: sa11_sr\[3\]$_DFF_P_/D, endpoint slack:-9.5898955e-11
      317 |       3 |      42 |       27 |      6 |    45 |   -0.115 |       -8.2 |    157 | sa11_sr\[7\]$_DFF_P_/D
iter:317, pass:2, current fixing endpoint: sa11_sr\[3\]$_DFF_P_/D, endpoint slack:-9.619605e-11
      318 |       3 |      42 |       27 |      6 |    46 |   -0.115 |       -8.2 |    157 | sa11_sr\[7\]$_DFF_P_/D
iter:318, pass:3, current fixing endpoint: sa11_sr\[3\]$_DFF_P_/D, endpoint slack:-1.13211995e-10
      319 |       3 |      42 |       27 |      6 |    47 |   -0.120 |       -8.2 |    157 | sa11_sr\[3\]$_DFF_P_/D
iter:319, pass:4, current fixing endpoint: sa11_sr\[3\]$_DFF_P_/D, endpoint slack:-1.2032997e-10
      320 |       3 |      42 |       27 |      6 |    48 |   -0.122 |       -8.2 |    157 | sa11_sr\[3\]$_DFF_P_/D
iter:320, pass:5, current fixing endpoint: sa11_sr\[3\]$_DFF_P_/D, endpoint slack:-1.2232892e-10
      321 |       3 |      43 |       27 |      6 |    48 |   -0.123 |       -8.2 |    157 | sa11_sr\[3\]$_DFF_P_/D
iter:321, pass:6, current fixing endpoint: sa11_sr\[3\]$_DFF_P_/D, endpoint slack:-1.2303158e-10
      321 |       3 |      42 |       27 |      6 |    44 |   -0.115 |       -8.2 |    157 | sa11_sr\[1\]$_DFF_P_/D
      322 |       3 |      42 |       27 |      6 |    44 |   -0.115 |       -8.2 |    157 | sa11_sr\[1\]$_DFF_P_/D
iter:322, pass:1, current fixing endpoint: sa20_sr\[5\]$_DFF_P_/D, endpoint slack:-9.29008e-11
      323 |       3 |      42 |       27 |      6 |    45 |   -0.115 |       -8.2 |    157 | sa11_sr\[1\]$_DFF_P_/D
iter:323, pass:2, current fixing endpoint: sa20_sr\[5\]$_DFF_P_/D, endpoint slack:-8.524503e-11
      324 |       3 |      43 |       27 |      6 |    45 |   -0.115 |       -8.2 |    157 | sa11_sr\[1\]$_DFF_P_/D
iter:324, pass:3, current fixing endpoint: sa20_sr\[5\]$_DFF_P_/D, endpoint slack:-8.377421e-11
      325 |       3 |      43 |       27 |      6 |    46 |   -0.115 |       -8.2 |    157 | sa11_sr\[1\]$_DFF_P_/D
iter:325, pass:4, current fixing endpoint: sa20_sr\[5\]$_DFF_P_/D, endpoint slack:-8.329393e-11
      326 |       3 |      44 |       27 |      6 |    46 |   -0.115 |       -8.2 |    157 | sa11_sr\[1\]$_DFF_P_/D
iter:326, pass:5, current fixing endpoint: sa20_sr\[5\]$_DFF_P_/D, endpoint slack:-8.3016705e-11
      327 |       3 |      44 |       27 |      6 |    47 |   -0.115 |       -8.2 |    157 | sa11_sr\[1\]$_DFF_P_/D
iter:327, pass:6, current fixing endpoint: sa20_sr\[5\]$_DFF_P_/D, endpoint slack:-8.785783e-11
      328 |       3 |      45 |       27 |      6 |    47 |   -0.115 |       -8.2 |    157 | sa11_sr\[1\]$_DFF_P_/D
iter:328, pass:7, current fixing endpoint: sa20_sr\[5\]$_DFF_P_/D, endpoint slack:-7.782319e-11
      329 |       3 |      46 |       27 |      6 |    47 |   -0.115 |       -8.2 |    157 | sa11_sr\[1\]$_DFF_P_/D
iter:329, pass:8, current fixing endpoint: sa20_sr\[5\]$_DFF_P_/D, endpoint slack:-7.7000295e-11
      330 |       3 |      47 |       27 |      6 |    47 |   -0.115 |       -8.2 |    157 | sa11_sr\[1\]$_DFF_P_/D
iter:330, pass:9, current fixing endpoint: sa20_sr\[5\]$_DFF_P_/D, endpoint slack:-8.0121354e-11
      331 |       3 |      47 |       27 |      6 |    48 |   -0.115 |       -8.2 |    157 | sa11_sr\[1\]$_DFF_P_/D
iter:331, pass:10, current fixing endpoint: sa20_sr\[5\]$_DFF_P_/D, endpoint slack:-9.839163e-11
      332 |       3 |      47 |       27 |      6 |    49 |   -0.115 |       -8.2 |    157 | sa11_sr\[1\]$_DFF_P_/D
iter:332, pass:11, current fixing endpoint: sa20_sr\[5\]$_DFF_P_/D, endpoint slack:-9.98468e-11
      332 |       3 |      46 |       27 |      6 |    47 |   -0.115 |       -8.2 |    157 | sa11_sr\[1\]$_DFF_P_/D
      333 |       3 |      46 |       27 |      6 |    47 |   -0.115 |       -8.2 |    157 | sa11_sr\[1\]$_DFF_P_/D
iter:333, pass:1, current fixing endpoint: sa11_sr\[0\]$_DFF_P_/D, endpoint slack:-8.439638e-11
      334 |       3 |      46 |       27 |      6 |    48 |   -0.115 |       -8.2 |    157 | sa11_sr\[1\]$_DFF_P_/D
iter:334, pass:2, current fixing endpoint: sa11_sr\[0\]$_DFF_P_/D, endpoint slack:-9.301249e-11
      335 |       3 |      46 |       27 |      6 |    49 |   -0.115 |       -8.2 |    157 | sa11_sr\[1\]$_DFF_P_/D
iter:335, pass:3, current fixing endpoint: sa11_sr\[0\]$_DFF_P_/D, endpoint slack:-8.721457e-11
      336 |       3 |      46 |       27 |      6 |    50 |   -0.115 |       -8.2 |    157 | sa11_sr\[1\]$_DFF_P_/D
iter:336, pass:4, current fixing endpoint: sa11_sr\[0\]$_DFF_P_/D, endpoint slack:-9.2329144e-11
      337 |       3 |      46 |       27 |      7 |    50 |   -0.118 |       -8.2 |    157 | sa11_sr\[7\]$_DFF_P_/D
iter:337, pass:5, current fixing endpoint: sa11_sr\[0\]$_DFF_P_/D, endpoint slack:-8.9388164e-11
      338 |       3 |      46 |       27 |      7 |    51 |   -0.118 |       -8.2 |    157 | sa11_sr\[7\]$_DFF_P_/D
iter:338, pass:6, current fixing endpoint: sa11_sr\[0\]$_DFF_P_/D, endpoint slack:-8.773082e-11
      338 |       3 |      46 |       27 |      6 |    47 |   -0.118 |       -8.2 |    157 | sa11_sr\[1\]$_DFF_P_/D
      339 |       3 |      46 |       27 |      6 |    47 |   -0.118 |       -8.2 |    157 | sa11_sr\[1\]$_DFF_P_/D
iter:339, pass:1, current fixing endpoint: u0.u1.d\[2\]$_DFF_P_/D, endpoint slack:-8.664769e-11
      340 |       3 |      46 |       27 |      6 |    48 |   -0.118 |       -8.2 |    157 | sa11_sr\[1\]$_DFF_P_/D
iter:340, pass:2, current fixing endpoint: u0.u1.d\[2\]$_DFF_P_/D, endpoint slack:-9.309731e-11
      341 |       3 |      47 |       27 |      6 |    48 |   -0.118 |       -8.2 |    157 | sa11_sr\[1\]$_DFF_P_/D
iter:341, pass:3, current fixing endpoint: u0.u1.d\[2\]$_DFF_P_/D, endpoint slack:-8.4870555e-11
      342 |       3 |      48 |       27 |      6 |    48 |   -0.118 |       -8.2 |    157 | sa11_sr\[1\]$_DFF_P_/D
iter:342, pass:4, current fixing endpoint: u0.u1.d\[2\]$_DFF_P_/D, endpoint slack:-8.294465e-11
      342 |       3 |      48 |       27 |      6 |    48 |   -0.118 |       -8.2 |    157 | sa11_sr\[1\]$_DFF_P_/D
      343 |       3 |      48 |       27 |      6 |    48 |   -0.118 |       -8.2 |    157 | sa11_sr\[1\]$_DFF_P_/D
iter:343, pass:1, current fixing endpoint: sa20_sr\[2\]$_DFF_P_/D, endpoint slack:-8.883749e-11
      344 |       3 |      48 |       27 |      6 |    49 |   -0.118 |       -8.2 |    157 | sa11_sr\[1\]$_DFF_P_/D
iter:344, pass:2, current fixing endpoint: sa20_sr\[2\]$_DFF_P_/D, endpoint slack:-8.3691276e-11
      345 |       3 |      48 |       27 |      6 |    50 |   -0.118 |       -8.2 |    157 | sa11_sr\[1\]$_DFF_P_/D
iter:345, pass:3, current fixing endpoint: sa20_sr\[2\]$_DFF_P_/D, endpoint slack:-8.1655904e-11
      346 |       3 |      48 |       27 |      6 |    51 |   -0.118 |       -8.2 |    157 | sa11_sr\[1\]$_DFF_P_/D
iter:346, pass:4, current fixing endpoint: sa20_sr\[2\]$_DFF_P_/D, endpoint slack:-8.098433e-11
      347 |       3 |      49 |       27 |      6 |    51 |   -0.118 |       -8.2 |    157 | sa11_sr\[1\]$_DFF_P_/D
iter:347, pass:5, current fixing endpoint: sa20_sr\[2\]$_DFF_P_/D, endpoint slack:-8.083478e-11
      348 |       3 |      50 |       27 |      6 |    51 |   -0.118 |       -8.2 |    157 | sa11_sr\[1\]$_DFF_P_/D
iter:348, pass:6, current fixing endpoint: sa20_sr\[2\]$_DFF_P_/D, endpoint slack:-7.753587e-11
      349 |       3 |      50 |       27 |      6 |    52 |   -0.118 |       -8.2 |    157 | sa11_sr\[1\]$_DFF_P_/D
iter:349, pass:7, current fixing endpoint: sa20_sr\[2\]$_DFF_P_/D, endpoint slack:-7.242873e-11
      350 |       3 |      51 |       27 |      6 |    52 |   -0.118 |       -8.2 |    157 | sa11_sr\[1\]$_DFF_P_/D
iter:350, pass:8, current fixing endpoint: sa20_sr\[2\]$_DFF_P_/D, endpoint slack:-8.06788e-11
      351 |       3 |      52 |       27 |      6 |    52 |   -0.118 |       -8.2 |    157 | sa11_sr\[1\]$_DFF_P_/D
iter:351, pass:9, current fixing endpoint: sa20_sr\[2\]$_DFF_P_/D, endpoint slack:-8.130552e-11
      352 |       3 |      52 |       27 |      6 |    53 |   -0.118 |       -8.2 |    157 | sa11_sr\[1\]$_DFF_P_/D
iter:352, pass:10, current fixing endpoint: sa20_sr\[2\]$_DFF_P_/D, endpoint slack:-7.8964946e-11
      352 |       3 |      50 |       27 |      6 |    52 |   -0.118 |       -8.2 |    157 | sa11_sr\[1\]$_DFF_P_/D
      353 |       3 |      50 |       27 |      6 |    52 |   -0.118 |       -8.2 |    157 | sa11_sr\[1\]$_DFF_P_/D
iter:353, pass:1, current fixing endpoint: sa32_sr\[7\]$_DFF_P_/D, endpoint slack:-8.597334e-11
      354 |       3 |      50 |       27 |      6 |    53 |   -0.118 |       -8.2 |    157 | sa11_sr\[1\]$_DFF_P_/D
iter:354, pass:2, current fixing endpoint: sa32_sr\[7\]$_DFF_P_/D, endpoint slack:-9.9343755e-11
      355 |       3 |      50 |       27 |      6 |    54 |   -0.118 |       -8.2 |    157 | sa11_sr\[1\]$_DFF_P_/D
iter:355, pass:3, current fixing endpoint: sa32_sr\[7\]$_DFF_P_/D, endpoint slack:-1.1055523e-10
      356 |       3 |      50 |       29 |      6 |    54 |   -0.118 |       -8.2 |    157 | sa11_sr\[1\]$_DFF_P_/D
iter:356, pass:4, current fixing endpoint: sa32_sr\[7\]$_DFF_P_/D, endpoint slack:-1.07292175e-10
      357 |       3 |      51 |       29 |      6 |    54 |   -0.118 |       -8.2 |    157 | sa11_sr\[1\]$_DFF_P_/D
iter:357, pass:5, current fixing endpoint: sa32_sr\[7\]$_DFF_P_/D, endpoint slack:-1.1028356e-10
      358 |       3 |      52 |       29 |      6 |    54 |   -0.118 |       -8.2 |    157 | sa11_sr\[1\]$_DFF_P_/D
iter:358, pass:6, current fixing endpoint: sa32_sr\[7\]$_DFF_P_/D, endpoint slack:-1.1104828e-10
      359 |       3 |      53 |       29 |      6 |    54 |   -0.118 |       -8.2 |    157 | sa11_sr\[1\]$_DFF_P_/D
iter:359, pass:7, current fixing endpoint: sa32_sr\[7\]$_DFF_P_/D, endpoint slack:-1.05680575e-10
      360 |       3 |      53 |       29 |      6 |    55 |   -0.118 |       -8.2 |    157 | sa11_sr\[1\]$_DFF_P_/D
iter:360, pass:8, current fixing endpoint: sa32_sr\[7\]$_DFF_P_/D, endpoint slack:-1.089302e-10
      361 |       3 |      53 |       29 |      6 |    56 |   -0.118 |       -8.2 |    157 | sa11_sr\[1\]$_DFF_P_/D
iter:361, pass:9, current fixing endpoint: sa32_sr\[7\]$_DFF_P_/D, endpoint slack:-1.0498247e-10
      362 |       3 |      53 |       29 |      6 |    57 |   -0.118 |       -8.2 |    157 | sa11_sr\[1\]$_DFF_P_/D
iter:362, pass:10, current fixing endpoint: sa32_sr\[7\]$_DFF_P_/D, endpoint slack:-1.1654877e-10
      362 |       3 |      50 |       28 |      6 |    52 |   -0.118 |       -8.2 |    157 | sa11_sr\[1\]$_DFF_P_/D
      363 |       3 |      50 |       28 |      6 |    52 |   -0.118 |       -8.2 |    157 | sa11_sr\[1\]$_DFF_P_/D
iter:363, pass:1, current fixing endpoint: sa20_sr\[7\]$_DFF_P_/D, endpoint slack:-8.607137e-11
      364 |       3 |      50 |       28 |      6 |    53 |   -0.118 |       -8.2 |    157 | sa11_sr\[1\]$_DFF_P_/D
iter:364, pass:2, current fixing endpoint: sa20_sr\[7\]$_DFF_P_/D, endpoint slack:-7.8371754e-11
      365 |       3 |      50 |       28 |      6 |    54 |   -0.118 |       -8.2 |    157 | sa11_sr\[1\]$_DFF_P_/D
iter:365, pass:3, current fixing endpoint: sa20_sr\[7\]$_DFF_P_/D, endpoint slack:-9.015011e-11
      366 |       3 |      51 |       28 |      6 |    54 |   -0.118 |       -8.2 |    157 | sa11_sr\[1\]$_DFF_P_/D
iter:366, pass:4, current fixing endpoint: sa20_sr\[7\]$_DFF_P_/D, endpoint slack:-9.0133345e-11
      367 |       3 |      52 |       28 |      6 |    54 |   -0.118 |       -8.2 |    157 | sa11_sr\[1\]$_DFF_P_/D
iter:367, pass:5, current fixing endpoint: sa20_sr\[7\]$_DFF_P_/D, endpoint slack:-9.4153685e-11
      368 |       3 |      52 |       28 |      6 |    55 |   -0.118 |       -8.2 |    157 | sa11_sr\[1\]$_DFF_P_/D
iter:368, pass:6, current fixing endpoint: sa20_sr\[7\]$_DFF_P_/D, endpoint slack:-9.653123e-11
      369 |       3 |      52 |       28 |      6 |    56 |   -0.118 |       -8.2 |    157 | sa11_sr\[1\]$_DFF_P_/D
iter:369, pass:7, current fixing endpoint: sa20_sr\[7\]$_DFF_P_/D, endpoint slack:-1.0021062e-10
      369 |       3 |      50 |       28 |      6 |    53 |   -0.118 |       -8.2 |    157 | sa11_sr\[1\]$_DFF_P_/D
      370 |       3 |      50 |       28 |      6 |    53 |   -0.118 |       -8.2 |    157 | sa11_sr\[1\]$_DFF_P_/D
iter:370, pass:1, current fixing endpoint: sa11_sr\[5\]$_DFF_P_/D, endpoint slack:-7.965539e-11
      371 |       3 |      50 |       28 |      6 |    54 |   -0.118 |       -8.2 |    157 | sa11_sr\[1\]$_DFF_P_/D
iter:371, pass:2, current fixing endpoint: sa11_sr\[5\]$_DFF_P_/D, endpoint slack:-7.526757e-11
      372 |       3 |      50 |       28 |      6 |    55 |   -0.118 |       -8.2 |    157 | sa11_sr\[1\]$_DFF_P_/D
iter:372, pass:3, current fixing endpoint: sa11_sr\[5\]$_DFF_P_/D, endpoint slack:-8.060641e-11
      373 |       3 |      51 |       28 |      6 |    55 |   -0.118 |       -8.2 |    157 | sa11_sr\[1\]$_DFF_P_/D
iter:373, pass:4, current fixing endpoint: sa11_sr\[5\]$_DFF_P_/D, endpoint slack:-8.4373175e-11
      374 |       3 |      52 |       28 |      6 |    55 |   -0.118 |       -8.2 |    157 | sa11_sr\[1\]$_DFF_P_/D
iter:374, pass:5, current fixing endpoint: sa11_sr\[5\]$_DFF_P_/D, endpoint slack:-7.908385e-11
      375 |       3 |      52 |       30 |      6 |    55 |   -0.118 |       -8.2 |    157 | sa11_sr\[1\]$_DFF_P_/D
iter:375, pass:6, current fixing endpoint: sa11_sr\[5\]$_DFF_P_/D, endpoint slack:-7.8438034e-11
      376 |       3 |      53 |       30 |      6 |    55 |   -0.118 |       -8.2 |    157 | sa11_sr\[1\]$_DFF_P_/D
iter:376, pass:7, current fixing endpoint: sa11_sr\[5\]$_DFF_P_/D, endpoint slack:-7.624801e-11
      377 |       3 |      53 |       30 |      6 |    56 |   -0.118 |       -8.2 |    157 | sa11_sr\[1\]$_DFF_P_/D
iter:377, pass:8, current fixing endpoint: sa11_sr\[5\]$_DFF_P_/D, endpoint slack:-7.5487505e-11
      378 |       3 |      53 |       30 |      6 |    57 |   -0.118 |       -8.2 |    157 | sa11_sr\[1\]$_DFF_P_/D
iter:378, pass:9, current fixing endpoint: sa11_sr\[5\]$_DFF_P_/D, endpoint slack:-7.6181395e-11
      379 |       4 |      53 |       30 |      6 |    57 |   -0.118 |       -8.2 |    157 | sa11_sr\[1\]$_DFF_P_/D
iter:379, pass:10, current fixing endpoint: sa11_sr\[5\]$_DFF_P_/D, endpoint slack:-7.227574e-11
      380 |       4 |      53 |       30 |      6 |    58 |   -0.118 |       -8.2 |    157 | sa11_sr\[1\]$_DFF_P_/D
iter:380, pass:11, current fixing endpoint: sa11_sr\[5\]$_DFF_P_/D, endpoint slack:-7.217871e-11
      381 |       4 |      54 |       30 |      6 |    58 |   -0.118 |       -8.2 |    157 | sa11_sr\[1\]$_DFF_P_/D
iter:381, pass:12, current fixing endpoint: sa11_sr\[5\]$_DFF_P_/D, endpoint slack:-7.742462e-11
      382 |       4 |      55 |       30 |      6 |    58 |   -0.118 |       -8.2 |    157 | sa11_sr\[1\]$_DFF_P_/D
iter:382, pass:13, current fixing endpoint: sa11_sr\[5\]$_DFF_P_/D, endpoint slack:-7.536649e-11
      383 |       4 |      55 |       30 |      6 |    59 |   -0.118 |       -8.2 |    157 | sa11_sr\[1\]$_DFF_P_/D
iter:383, pass:14, current fixing endpoint: sa11_sr\[5\]$_DFF_P_/D, endpoint slack:-7.157486e-11
      384 |       4 |      56 |       30 |      6 |    59 |   -0.118 |       -8.2 |    157 | sa11_sr\[1\]$_DFF_P_/D
iter:384, pass:15, current fixing endpoint: sa11_sr\[5\]$_DFF_P_/D, endpoint slack:-7.332046e-11
      385 |       4 |      56 |       30 |      6 |    60 |   -0.118 |       -8.2 |    157 | sa11_sr\[1\]$_DFF_P_/D
iter:385, pass:16, current fixing endpoint: sa11_sr\[5\]$_DFF_P_/D, endpoint slack:-9.169698e-11
      385 |       4 |      55 |       30 |      6 |    59 |   -0.118 |       -8.2 |    157 | sa11_sr\[1\]$_DFF_P_/D
      386 |       4 |      55 |       30 |      6 |    59 |   -0.118 |       -8.2 |    157 | sa11_sr\[1\]$_DFF_P_/D
iter:386, pass:1, current fixing endpoint: sa20_sr\[0\]$_DFF_P_/D, endpoint slack:-8.2674756e-11
      387 |       4 |      55 |       30 |      6 |    60 |   -0.118 |       -8.2 |    157 | sa11_sr\[1\]$_DFF_P_/D
iter:387, pass:2, current fixing endpoint: sa20_sr\[0\]$_DFF_P_/D, endpoint slack:-8.090906e-11
      388 |       4 |      55 |       30 |      6 |    61 |   -0.118 |       -8.2 |    157 | sa11_sr\[1\]$_DFF_P_/D
iter:388, pass:3, current fixing endpoint: sa20_sr\[0\]$_DFF_P_/D, endpoint slack:-8.1217366e-11
      388 |       4 |      55 |       30 |      6 |    60 |   -0.118 |       -8.2 |    157 | sa11_sr\[1\]$_DFF_P_/D
      389 |       4 |      55 |       30 |      6 |    60 |   -0.118 |       -8.2 |    157 | sa11_sr\[1\]$_DFF_P_/D
iter:389, pass:1, current fixing endpoint: sa03_sr\[3\]$_DFF_P_/D, endpoint slack:-8.134193e-11
      390 |       4 |      55 |       30 |      6 |    61 |   -0.118 |       -8.2 |    157 | sa11_sr\[1\]$_DFF_P_/D
iter:390, pass:2, current fixing endpoint: sa03_sr\[3\]$_DFF_P_/D, endpoint slack:-8.713974e-11
      391 |       4 |      55 |       30 |      6 |    62 |   -0.118 |       -8.2 |    157 | sa11_sr\[1\]$_DFF_P_/D
iter:391, pass:3, current fixing endpoint: sa03_sr\[3\]$_DFF_P_/D, endpoint slack:-8.591439e-11
      392 |       4 |      55 |       30 |      6 |    63 |   -0.118 |       -8.2 |    157 | sa11_sr\[1\]$_DFF_P_/D
iter:392, pass:4, current fixing endpoint: sa03_sr\[3\]$_DFF_P_/D, endpoint slack:-8.126677e-11
      393 |       4 |      55 |       30 |      6 |    64 |   -0.118 |       -8.2 |    157 | sa11_sr\[1\]$_DFF_P_/D
iter:393, pass:5, current fixing endpoint: sa03_sr\[3\]$_DFF_P_/D, endpoint slack:-7.883705e-11
      394 |       4 |      55 |       30 |      6 |    65 |   -0.118 |       -8.2 |    157 | sa11_sr\[1\]$_DFF_P_/D
iter:394, pass:6, current fixing endpoint: sa03_sr\[3\]$_DFF_P_/D, endpoint slack:-8.0515816e-11
      395 |       4 |      55 |       30 |      6 |    66 |   -0.118 |       -8.2 |    157 | sa11_sr\[1\]$_DFF_P_/D
iter:395, pass:7, current fixing endpoint: sa03_sr\[3\]$_DFF_P_/D, endpoint slack:-7.971035e-11
      396 |       4 |      55 |       30 |      6 |    67 |   -0.118 |       -8.2 |    157 | sa11_sr\[1\]$_DFF_P_/D
iter:396, pass:8, current fixing endpoint: sa03_sr\[3\]$_DFF_P_/D, endpoint slack:-8.295786e-11
      397 |       4 |      56 |       30 |      6 |    67 |   -0.118 |       -8.2 |    157 | sa11_sr\[1\]$_DFF_P_/D
iter:397, pass:9, current fixing endpoint: sa03_sr\[3\]$_DFF_P_/D, endpoint slack:-8.066536e-11
      398 |       4 |      56 |       30 |      6 |    68 |   -0.118 |       -8.2 |    157 | sa11_sr\[1\]$_DFF_P_/D
iter:398, pass:10, current fixing endpoint: sa03_sr\[3\]$_DFF_P_/D, endpoint slack:-9.6544994e-11
      399 |       4 |      56 |       30 |      6 |    69 |   -0.118 |       -8.2 |    157 | sa11_sr\[1\]$_DFF_P_/D
iter:399, pass:11, current fixing endpoint: sa03_sr\[3\]$_DFF_P_/D, endpoint slack:-9.926937e-11
      400 |       4 |      56 |       33 |      6 |    69 |   -0.118 |       -8.2 |    157 | sa11_sr\[1\]$_DFF_P_/D
iter:400, pass:12, current fixing endpoint: sa03_sr\[3\]$_DFF_P_/D, endpoint slack:-9.524659e-11
      401 |       4 |      56 |       33 |      6 |    70 |   -0.118 |       -8.2 |    157 | sa11_sr\[1\]$_DFF_P_/D
iter:401, pass:13, current fixing endpoint: sa03_sr\[3\]$_DFF_P_/D, endpoint slack:-9.3127284e-11
      402 |       4 |      57 |       33 |      6 |    70 |   -0.118 |       -8.2 |    157 | sa11_sr\[1\]$_DFF_P_/D
iter:402, pass:14, current fixing endpoint: sa03_sr\[3\]$_DFF_P_/D, endpoint slack:-9.553147e-11
      403 |       4 |      58 |       33 |      6 |    70 |   -0.118 |       -8.2 |    157 | sa11_sr\[1\]$_DFF_P_/D
iter:403, pass:15, current fixing endpoint: sa03_sr\[3\]$_DFF_P_/D, endpoint slack:-9.010448e-11
      404 |       4 |      59 |       33 |      6 |    70 |   -0.118 |       -8.2 |    157 | sa11_sr\[1\]$_DFF_P_/D
iter:404, pass:16, current fixing endpoint: sa03_sr\[3\]$_DFF_P_/D, endpoint slack:-9.4349084e-11
      405 |       4 |      60 |       33 |      6 |    70 |   -0.118 |       -8.2 |    157 | sa11_sr\[1\]$_DFF_P_/D
iter:405, pass:17, current fixing endpoint: sa03_sr\[3\]$_DFF_P_/D, endpoint slack:-9.3842045e-11
      406 |       5 |      60 |       33 |      6 |    70 |   -0.118 |       -8.1 |    157 | sa11_sr\[1\]$_DFF_P_/D
iter:406, pass:18, current fixing endpoint: sa03_sr\[3\]$_DFF_P_/D, endpoint slack:-7.789158e-11
      407 |       5 |      61 |       33 |      6 |    70 |   -0.118 |       -8.1 |    157 | sa11_sr\[1\]$_DFF_P_/D
iter:407, pass:19, current fixing endpoint: sa03_sr\[3\]$_DFF_P_/D, endpoint slack:-7.5807916e-11
      408 |       5 |      62 |       33 |      6 |    70 |   -0.118 |       -8.1 |    157 | sa11_sr\[1\]$_DFF_P_/D
iter:408, pass:20, current fixing endpoint: sa03_sr\[3\]$_DFF_P_/D, endpoint slack:-7.531453e-11
      409 |       5 |      63 |       33 |      6 |    70 |   -0.118 |       -8.1 |    157 | sa11_sr\[1\]$_DFF_P_/D
iter:409, pass:21, current fixing endpoint: sa03_sr\[3\]$_DFF_P_/D, endpoint slack:-7.9575124e-11
      410 |       5 |      64 |       33 |      6 |    70 |   -0.118 |       -8.1 |    157 | sa11_sr\[1\]$_DFF_P_/D
iter:410, pass:22, current fixing endpoint: sa03_sr\[3\]$_DFF_P_/D, endpoint slack:-7.5752515e-11
      411 |       5 |      65 |       33 |      6 |    70 |   -0.118 |       -8.1 |    157 | sa11_sr\[1\]$_DFF_P_/D
iter:411, pass:23, current fixing endpoint: sa03_sr\[3\]$_DFF_P_/D, endpoint slack:-7.452927e-11
      412 |       5 |      66 |       33 |      6 |    70 |   -0.118 |       -8.1 |    157 | sa11_sr\[1\]$_DFF_P_/D
iter:412, pass:24, current fixing endpoint: sa03_sr\[3\]$_DFF_P_/D, endpoint slack:-7.4310225e-11
      413 |       5 |      67 |       33 |      6 |    70 |   -0.118 |       -8.1 |    157 | sa11_sr\[1\]$_DFF_P_/D
iter:413, pass:25, current fixing endpoint: sa03_sr\[3\]$_DFF_P_/D, endpoint slack:-7.813139e-11
      414 |       5 |      68 |       33 |      6 |    70 |   -0.118 |       -8.1 |    157 | sa11_sr\[1\]$_DFF_P_/D
iter:414, pass:26, current fixing endpoint: sa03_sr\[3\]$_DFF_P_/D, endpoint slack:-7.336054e-11
      415 |       5 |      68 |       33 |      6 |    71 |   -0.118 |       -8.1 |    157 | sa11_sr\[1\]$_DFF_P_/D
iter:415, pass:27, current fixing endpoint: sa03_sr\[3\]$_DFF_P_/D, endpoint slack:-7.448708e-11
      416 |       5 |      68 |       33 |      7 |    71 |   -0.118 |       -8.1 |    157 | sa11_sr\[1\]$_DFF_P_/D
iter:416, pass:28, current fixing endpoint: sa03_sr\[3\]$_DFF_P_/D, endpoint slack:-7.2388096e-11
      417 |       6 |      68 |       33 |      7 |    71 |   -0.118 |       -8.1 |    157 | sa11_sr\[1\]$_DFF_P_/D
iter:417, pass:29, current fixing endpoint: sa03_sr\[3\]$_DFF_P_/D, endpoint slack:-7.056833e-11
      418 |       6 |      69 |       33 |      7 |    71 |   -0.118 |       -8.1 |    157 | sa11_sr\[1\]$_DFF_P_/D
iter:418, pass:30, current fixing endpoint: sa03_sr\[3\]$_DFF_P_/D, endpoint slack:-6.730139e-11
      419 |       6 |      69 |       33 |      7 |    72 |   -0.118 |       -8.1 |    157 | sa11_sr\[1\]$_DFF_P_/D
iter:419, pass:31, current fixing endpoint: sa03_sr\[3\]$_DFF_P_/D, endpoint slack:-7.318113e-11
      420 |       7 |      69 |       33 |      7 |    72 |   -0.118 |       -8.1 |    157 | sa11_sr\[1\]$_DFF_P_/D
iter:420, pass:32, current fixing endpoint: sa03_sr\[3\]$_DFF_P_/D, endpoint slack:-5.81738e-11
      421 |       7 |      69 |       33 |      8 |    72 |   -0.118 |       -8.1 |    157 | sa11_sr\[1\]$_DFF_P_/D
iter:421, pass:33, current fixing endpoint: sa03_sr\[3\]$_DFF_P_/D, endpoint slack:-5.200973e-11
      422 |       7 |      70 |       33 |      8 |    72 |   -0.118 |       -8.2 |    157 | sa11_sr\[1\]$_DFF_P_/D
iter:422, pass:34, current fixing endpoint: sa03_sr\[3\]$_DFF_P_/D, endpoint slack:-5.4584115e-11
      423 |       7 |      70 |       35 |      8 |    72 |   -0.118 |       -8.1 |    157 | sa11_sr\[1\]$_DFF_P_/D
iter:423, pass:35, current fixing endpoint: sa03_sr\[3\]$_DFF_P_/D, endpoint slack:-6.21968e-11
      424 |       8 |      70 |       35 |      8 |    72 |   -0.118 |       -8.0 |    157 | sa11_sr\[1\]$_DFF_P_/D
iter:424, pass:36, current fixing endpoint: sa03_sr\[3\]$_DFF_P_/D, endpoint slack:-4.5650483e-11
      425 |       8 |      71 |       35 |      8 |    72 |   -0.118 |       -8.0 |    157 | sa11_sr\[1\]$_DFF_P_/D
iter:425, pass:37, current fixing endpoint: sa03_sr\[3\]$_DFF_P_/D, endpoint slack:-4.73932e-11
      426 |       8 |      71 |       35 |      9 |    72 |   -0.118 |       -8.0 |    157 | sa11_sr\[1\]$_DFF_P_/D
iter:426, pass:38, current fixing endpoint: sa03_sr\[3\]$_DFF_P_/D, endpoint slack:-4.523859e-11
      427 |       8 |      71 |       37 |      9 |    72 |   -0.118 |       -8.0 |    157 | sa11_sr\[1\]$_DFF_P_/D
iter:427, pass:39, current fixing endpoint: sa03_sr\[3\]$_DFF_P_/D, endpoint slack:-4.1242565e-11
      428 |       8 |      71 |       37 |      9 |    73 |   -0.118 |       -8.0 |    157 | sa11_sr\[1\]$_DFF_P_/D
iter:428, pass:40, current fixing endpoint: sa03_sr\[3\]$_DFF_P_/D, endpoint slack:-4.6914472e-11
      429 |       8 |      71 |       37 |      9 |    74 |   -0.118 |       -8.1 |    157 | sa11_sr\[1\]$_DFF_P_/D
iter:429, pass:41, current fixing endpoint: sa03_sr\[3\]$_DFF_P_/D, endpoint slack:-4.779732e-11
      430 |       8 |      71 |       39 |      9 |    74 |   -0.118 |       -8.1 |    157 | sa11_sr\[1\]$_DFF_P_/D
iter:430, pass:42, current fixing endpoint: sa03_sr\[3\]$_DFF_P_/D, endpoint slack:-4.616796e-11
      430 |       8 |      71 |       38 |      9 |    72 |   -0.118 |       -8.0 |    157 | sa11_sr\[1\]$_DFF_P_/D
      431 |       8 |      71 |       38 |      9 |    72 |   -0.118 |       -8.0 |    157 | sa11_sr\[1\]$_DFF_P_/D
iter:431, pass:1, current fixing endpoint: sa33_sr\[6\]$_DFF_P_/D, endpoint slack:-7.986789e-11
      432 |       8 |      71 |       38 |      9 |    73 |   -0.118 |       -8.1 |    157 | sa11_sr\[1\]$_DFF_P_/D
iter:432, pass:2, current fixing endpoint: sa33_sr\[6\]$_DFF_P_/D, endpoint slack:-8.571743e-11
      433 |       8 |      71 |       38 |      9 |    74 |   -0.118 |       -8.1 |    157 | sa11_sr\[1\]$_DFF_P_/D
iter:433, pass:3, current fixing endpoint: sa33_sr\[6\]$_DFF_P_/D, endpoint slack:-7.7493345e-11
      434 |       8 |      71 |       38 |      9 |    75 |   -0.118 |       -8.1 |    157 | sa11_sr\[1\]$_DFF_P_/D
iter:434, pass:4, current fixing endpoint: sa33_sr\[6\]$_DFF_P_/D, endpoint slack:-6.740519e-11
      435 |       8 |      71 |       38 |      9 |    76 |   -0.118 |       -8.1 |    157 | sa11_sr\[1\]$_DFF_P_/D
iter:435, pass:5, current fixing endpoint: sa33_sr\[6\]$_DFF_P_/D, endpoint slack:-7.268308e-11
      436 |       8 |      71 |       38 |      9 |    77 |   -0.115 |       -8.1 |    157 | sa11_sr\[1\]$_DFF_P_/D
iter:436, pass:6, current fixing endpoint: sa33_sr\[6\]$_DFF_P_/D, endpoint slack:-7.13144e-11
      437 |       8 |      71 |       40 |      9 |    77 |   -0.115 |       -8.0 |    157 | sa11_sr\[1\]$_DFF_P_/D
iter:437, pass:7, current fixing endpoint: sa33_sr\[6\]$_DFF_P_/D, endpoint slack:-6.633083e-11
      438 |       8 |      72 |       40 |      9 |    77 |   -0.115 |       -8.0 |    157 | sa11_sr\[1\]$_DFF_P_/D
iter:438, pass:8, current fixing endpoint: sa33_sr\[6\]$_DFF_P_/D, endpoint slack:-5.937606e-11
      439 |       8 |      73 |       40 |      9 |    77 |   -0.115 |       -8.0 |    157 | sa11_sr\[1\]$_DFF_P_/D
iter:439, pass:9, current fixing endpoint: sa33_sr\[6\]$_DFF_P_/D, endpoint slack:-5.6029625e-11
      440 |       8 |      74 |       40 |      9 |    77 |   -0.115 |       -8.0 |    157 | sa11_sr\[1\]$_DFF_P_/D
iter:440, pass:10, current fixing endpoint: sa33_sr\[6\]$_DFF_P_/D, endpoint slack:-5.5050076e-11
      441 |       8 |      74 |       40 |      9 |    78 |   -0.115 |       -8.0 |    157 | sa11_sr\[1\]$_DFF_P_/D
iter:441, pass:11, current fixing endpoint: sa33_sr\[6\]$_DFF_P_/D, endpoint slack:-5.5908833e-11
      442 |       8 |      74 |       42 |      9 |    78 |   -0.115 |       -8.0 |    157 | sa11_sr\[1\]$_DFF_P_/D
iter:442, pass:12, current fixing endpoint: sa33_sr\[6\]$_DFF_P_/D, endpoint slack:-5.5708438e-11
      443 |       8 |      74 |       42 |      9 |    79 |   -0.115 |       -8.0 |    157 | sa11_sr\[1\]$_DFF_P_/D
iter:443, pass:13, current fixing endpoint: sa33_sr\[6\]$_DFF_P_/D, endpoint slack:-5.402756e-11
      444 |       8 |      74 |       42 |      9 |    80 |   -0.115 |       -8.0 |    157 | sa11_sr\[1\]$_DFF_P_/D
iter:444, pass:14, current fixing endpoint: sa33_sr\[6\]$_DFF_P_/D, endpoint slack:-5.7781113e-11
      445 |       8 |      75 |       42 |      9 |    80 |   -0.115 |       -8.0 |    157 | sa11_sr\[1\]$_DFF_P_/D
iter:445, pass:15, current fixing endpoint: sa33_sr\[6\]$_DFF_P_/D, endpoint slack:-5.8005933e-11
      446 |       8 |      75 |       42 |      9 |    81 |   -0.115 |       -8.0 |    157 | sa11_sr\[1\]$_DFF_P_/D
iter:446, pass:16, current fixing endpoint: sa33_sr\[6\]$_DFF_P_/D, endpoint slack:-6.035583e-11
      446 |       8 |      74 |       42 |      9 |    79 |   -0.115 |       -8.0 |    157 | sa11_sr\[1\]$_DFF_P_/D
      447 |       8 |      74 |       42 |      9 |    79 |   -0.115 |       -8.0 |    157 | sa11_sr\[1\]$_DFF_P_/D
iter:447, pass:1, current fixing endpoint: sa23_sr\[2\]$_DFF_P_/D, endpoint slack:-7.572143e-11
      448 |       8 |      74 |       42 |      9 |    80 |   -0.115 |       -8.0 |    157 | sa11_sr\[1\]$_DFF_P_/D
iter:448, pass:2, current fixing endpoint: sa23_sr\[2\]$_DFF_P_/D, endpoint slack:-6.4218963e-11
      449 |       8 |      74 |       44 |      9 |    80 |   -0.115 |       -8.0 |    157 | sa11_sr\[1\]$_DFF_P_/D
iter:449, pass:3, current fixing endpoint: sa23_sr\[2\]$_DFF_P_/D, endpoint slack:-5.938183e-11
      450 |       8 |      74 |       44 |      9 |    81 |   -0.115 |       -8.0 |    157 | sa11_sr\[1\]$_DFF_P_/D
iter:450, pass:4, current fixing endpoint: sa23_sr\[2\]$_DFF_P_/D, endpoint slack:-6.584977e-11
      451 |       8 |      75 |       44 |      9 |    81 |   -0.115 |       -8.0 |    157 | sa11_sr\[1\]$_DFF_P_/D
iter:451, pass:5, current fixing endpoint: sa23_sr\[2\]$_DFF_P_/D, endpoint slack:-6.7619466e-11
      452 |       8 |      75 |       44 |     10 |    81 |   -0.115 |       -8.0 |    157 | sa11_sr\[1\]$_DFF_P_/D
iter:452, pass:6, current fixing endpoint: sa23_sr\[2\]$_DFF_P_/D, endpoint slack:-6.7173156e-11
      453 |       8 |      75 |       44 |     10 |    82 |   -0.115 |       -8.0 |    157 | sa11_sr\[1\]$_DFF_P_/D
iter:453, pass:7, current fixing endpoint: sa23_sr\[2\]$_DFF_P_/D, endpoint slack:-6.5999095e-11
      453 |       8 |      74 |       44 |      9 |    80 |   -0.115 |       -8.0 |    157 | sa11_sr\[1\]$_DFF_P_/D
      454 |       8 |      74 |       44 |      9 |    80 |   -0.115 |       -8.0 |    157 | sa11_sr\[1\]$_DFF_P_/D
iter:454, pass:1, current fixing endpoint: u0.u0.d\[6\]$_DFF_P_/D, endpoint slack:-7.5635054e-11
      455 |       8 |      74 |       44 |      9 |    81 |   -0.115 |       -8.0 |    157 | sa11_sr\[1\]$_DFF_P_/D
iter:455, pass:2, current fixing endpoint: u0.u0.d\[6\]$_DFF_P_/D, endpoint slack:-7.19832e-11
      456 |       8 |      74 |       44 |      9 |    82 |   -0.115 |       -7.9 |    157 | sa11_sr\[1\]$_DFF_P_/D
iter:456, pass:3, current fixing endpoint: u0.u0.d\[6\]$_DFF_P_/D, endpoint slack:-6.9741324e-11
      457 |       9 |      74 |       44 |      9 |    82 |   -0.115 |       -7.9 |    157 | sa11_sr\[1\]$_DFF_P_/D
iter:457, pass:4, current fixing endpoint: u0.u0.d\[6\]$_DFF_P_/D, endpoint slack:-6.64776e-11
      458 |       9 |      74 |       47 |      9 |    82 |   -0.115 |       -8.0 |    157 | sa11_sr\[1\]$_DFF_P_/D
iter:458, pass:5, current fixing endpoint: u0.u0.d\[6\]$_DFF_P_/D, endpoint slack:-6.522394e-11
      459 |       9 |      74 |       47 |      9 |    83 |   -0.115 |       -8.0 |    157 | sa11_sr\[1\]$_DFF_P_/D
iter:459, pass:6, current fixing endpoint: u0.u0.d\[6\]$_DFF_P_/D, endpoint slack:-6.875134e-11
      460 |       9 |      74 |       47 |      9 |    84 |   -0.115 |       -8.0 |    157 | sa11_sr\[1\]$_DFF_P_/D
iter:460, pass:7, current fixing endpoint: u0.u0.d\[6\]$_DFF_P_/D, endpoint slack:-7.0438766e-11
      460 |       9 |      74 |       47 |      9 |    82 |   -0.115 |       -8.0 |    157 | sa11_sr\[1\]$_DFF_P_/D
      461 |       9 |      74 |       47 |      9 |    82 |   -0.115 |       -8.0 |    157 | sa11_sr\[1\]$_DFF_P_/D
iter:461, pass:1, current fixing endpoint: sa03_sr\[2\]$_DFF_P_/D, endpoint slack:-6.391965e-11
      462 |       9 |      74 |       47 |      9 |    83 |   -0.115 |       -8.0 |    157 | sa11_sr\[1\]$_DFF_P_/D
iter:462, pass:2, current fixing endpoint: sa03_sr\[2\]$_DFF_P_/D, endpoint slack:-5.625589e-11
      463 |       9 |      74 |       47 |      9 |    84 |   -0.115 |       -8.0 |    157 | sa11_sr\[1\]$_DFF_P_/D
iter:463, pass:3, current fixing endpoint: sa03_sr\[2\]$_DFF_P_/D, endpoint slack:-5.135181e-11
      464 |       9 |      74 |       47 |      9 |    85 |   -0.115 |       -8.0 |    157 | sa11_sr\[1\]$_DFF_P_/D
iter:464, pass:4, current fixing endpoint: sa03_sr\[2\]$_DFF_P_/D, endpoint slack:-5.0751847e-11
      465 |       9 |      75 |       47 |      9 |    85 |   -0.115 |       -8.0 |    157 | sa11_sr\[1\]$_DFF_P_/D
iter:465, pass:5, current fixing endpoint: sa03_sr\[2\]$_DFF_P_/D, endpoint slack:-4.8898996e-11
      466 |       9 |      75 |       47 |      9 |    86 |   -0.115 |       -8.0 |    157 | sa11_sr\[1\]$_DFF_P_/D
iter:466, pass:6, current fixing endpoint: sa03_sr\[2\]$_DFF_P_/D, endpoint slack:-4.733358e-11
      467 |       9 |      76 |       47 |      9 |    86 |   -0.115 |       -8.0 |    157 | sa11_sr\[1\]$_DFF_P_/D
iter:467, pass:7, current fixing endpoint: sa03_sr\[2\]$_DFF_P_/D, endpoint slack:-4.8327453e-11
      468 |       9 |      76 |       47 |     10 |    86 |   -0.115 |       -8.0 |    157 | sa11_sr\[1\]$_DFF_P_/D
iter:468, pass:8, current fixing endpoint: sa03_sr\[2\]$_DFF_P_/D, endpoint slack:-4.8338222e-11
      469 |       9 |      76 |       47 |     10 |    87 |   -0.115 |       -8.0 |    157 | sa11_sr\[1\]$_DFF_P_/D
iter:469, pass:9, current fixing endpoint: sa03_sr\[2\]$_DFF_P_/D, endpoint slack:-4.8984705e-11
      469 |       9 |      75 |       47 |      9 |    86 |   -0.115 |       -8.0 |    157 | sa11_sr\[1\]$_DFF_P_/D
      470 |       9 |      75 |       47 |      9 |    86 |   -0.115 |       -8.0 |    157 | sa11_sr\[1\]$_DFF_P_/D
iter:470, pass:1, current fixing endpoint: sa00_sr\[0\]$_DFF_P_/D, endpoint slack:-8.67737e-11
      471 |       9 |      75 |       47 |      9 |    87 |   -0.115 |       -8.0 |    157 | sa11_sr\[1\]$_DFF_P_/D
iter:471, pass:2, current fixing endpoint: sa00_sr\[0\]$_DFF_P_/D, endpoint slack:-8.066425e-11
      472 |       9 |      75 |       47 |      9 |    88 |   -0.115 |       -8.0 |    157 | sa11_sr\[1\]$_DFF_P_/D
iter:472, pass:3, current fixing endpoint: sa00_sr\[0\]$_DFF_P_/D, endpoint slack:-8.8905217e-11
      473 |      10 |      75 |       47 |      9 |    88 |   -0.115 |       -7.9 |    157 | sa11_sr\[1\]$_DFF_P_/D
iter:473, pass:4, current fixing endpoint: sa00_sr\[0\]$_DFF_P_/D, endpoint slack:-7.193379e-11
      474 |      10 |      76 |       47 |      9 |    88 |   -0.115 |       -7.9 |    157 | sa11_sr\[1\]$_DFF_P_/D
iter:474, pass:5, current fixing endpoint: sa00_sr\[0\]$_DFF_P_/D, endpoint slack:-7.8108076e-11
      475 |      10 |      77 |       47 |      9 |    88 |   -0.115 |       -7.9 |    157 | sa11_sr\[1\]$_DFF_P_/D
iter:475, pass:6, current fixing endpoint: sa00_sr\[0\]$_DFF_P_/D, endpoint slack:-7.140111e-11
      476 |      10 |      78 |       47 |      9 |    88 |   -0.115 |       -7.9 |    157 | sa11_sr\[1\]$_DFF_P_/D
iter:476, pass:7, current fixing endpoint: sa00_sr\[0\]$_DFF_P_/D, endpoint slack:-7.333012e-11
      477 |      10 |      78 |       47 |     10 |    88 |   -0.115 |       -7.9 |    157 | sa11_sr\[1\]$_DFF_P_/D
iter:477, pass:8, current fixing endpoint: sa00_sr\[0\]$_DFF_P_/D, endpoint slack:-7.064094e-11
      478 |      10 |      78 |       47 |     11 |    88 |   -0.115 |       -7.9 |    157 | sa11_sr\[1\]$_DFF_P_/D
iter:478, pass:9, current fixing endpoint: sa00_sr\[0\]$_DFF_P_/D, endpoint slack:-6.441325e-11
      478 |      10 |      78 |       47 |     11 |    88 |   -0.115 |       -7.9 |    157 | sa11_sr\[1\]$_DFF_P_/D
      479 |      10 |      78 |       47 |     11 |    88 |   -0.115 |       -7.9 |    157 | sa11_sr\[1\]$_DFF_P_/D
iter:479, pass:1, current fixing endpoint: sa11_sr\[2\]$_DFF_P_/D, endpoint slack:-7.811318e-11
      480 |      10 |      78 |       47 |     11 |    89 |   -0.115 |       -7.9 |    157 | sa11_sr\[1\]$_DFF_P_/D
iter:480, pass:2, current fixing endpoint: sa11_sr\[2\]$_DFF_P_/D, endpoint slack:-8.516321e-11
      481 |      10 |      78 |       50 |     11 |    89 |   -0.115 |       -7.9 |    157 | sa11_sr\[1\]$_DFF_P_/D
iter:481, pass:3, current fixing endpoint: sa11_sr\[2\]$_DFF_P_/D, endpoint slack:-7.691647e-11
      482 |      10 |      79 |       50 |     11 |    89 |   -0.119 |       -7.9 |    157 | sa11_sr\[1\]$_DFF_P_/D
iter:482, pass:4, current fixing endpoint: sa11_sr\[2\]$_DFF_P_/D, endpoint slack:-7.809242e-11
      483 |      10 |      79 |       50 |     11 |    90 |   -0.119 |       -7.9 |    157 | sa11_sr\[1\]$_DFF_P_/D
iter:483, pass:5, current fixing endpoint: sa11_sr\[2\]$_DFF_P_/D, endpoint slack:-6.964829e-11
      484 |      10 |      80 |       50 |     11 |    90 |   -0.119 |       -7.9 |    157 | sa11_sr\[1\]$_DFF_P_/D
iter:484, pass:6, current fixing endpoint: sa11_sr\[2\]$_DFF_P_/D, endpoint slack:-6.184797e-11
      485 |      10 |      80 |       52 |     11 |    90 |   -0.119 |       -7.9 |    157 | sa11_sr\[1\]$_DFF_P_/D
iter:485, pass:7, current fixing endpoint: sa11_sr\[2\]$_DFF_P_/D, endpoint slack:-8.4166785e-11
      486 |      10 |      81 |       52 |     11 |    90 |   -0.119 |       -7.9 |    157 | sa11_sr\[1\]$_DFF_P_/D
iter:486, pass:8, current fixing endpoint: sa11_sr\[2\]$_DFF_P_/D, endpoint slack:-7.989798e-11
      487 |      10 |      82 |       52 |     11 |    90 |   -0.119 |       -7.9 |    157 | sa11_sr\[1\]$_DFF_P_/D
iter:487, pass:9, current fixing endpoint: sa11_sr\[2\]$_DFF_P_/D, endpoint slack:-8.06476e-11
      488 |      10 |      82 |       52 |     11 |    91 |   -0.119 |       -7.9 |    157 | sa11_sr\[1\]$_DFF_P_/D
iter:488, pass:10, current fixing endpoint: sa11_sr\[2\]$_DFF_P_/D, endpoint slack:-8.458645e-11
      489 |      10 |      82 |       52 |     11 |    92 |   -0.119 |       -7.9 |    157 | sa11_sr\[1\]$_DFF_P_/D
iter:489, pass:11, current fixing endpoint: sa11_sr\[2\]$_DFF_P_/D, endpoint slack:-9.852774e-11
      490 |      10 |      82 |       52 |     11 |    93 |   -0.119 |       -7.9 |    157 | sa11_sr\[1\]$_DFF_P_/D
iter:490, pass:12, current fixing endpoint: sa11_sr\[2\]$_DFF_P_/D, endpoint slack:-9.368584e-11
      490 |      10 |      79 |       51 |     11 |    89 |   -0.115 |       -7.9 |    157 | sa11_sr\[1\]$_DFF_P_/D
      491 |      10 |      79 |       51 |     11 |    89 |   -0.115 |       -7.9 |    157 | sa11_sr\[1\]$_DFF_P_/D
iter:491, pass:1, current fixing endpoint: sa10_sr\[2\]$_DFF_P_/D, endpoint slack:-7.301115e-11
      492 |      10 |      79 |       51 |     11 |    90 |   -0.115 |       -7.8 |    157 | sa11_sr\[1\]$_DFF_P_/D
iter:492, pass:2, current fixing endpoint: sa10_sr\[2\]$_DFF_P_/D, endpoint slack:-6.280765e-11
      493 |      10 |      79 |       51 |     11 |    91 |   -0.115 |       -7.8 |    157 | sa11_sr\[1\]$_DFF_P_/D
iter:493, pass:3, current fixing endpoint: sa10_sr\[2\]$_DFF_P_/D, endpoint slack:-5.5751737e-11
      494 |      10 |      80 |       51 |     11 |    91 |   -0.115 |       -7.8 |    157 | sa11_sr\[1\]$_DFF_P_/D
iter:494, pass:4, current fixing endpoint: sa10_sr\[2\]$_DFF_P_/D, endpoint slack:-5.4259708e-11
      495 |      10 |      81 |       51 |     11 |    91 |   -0.115 |       -7.8 |    157 | sa11_sr\[1\]$_DFF_P_/D
iter:495, pass:5, current fixing endpoint: sa10_sr\[2\]$_DFF_P_/D, endpoint slack:-6.004497e-11
      496 |      10 |      81 |       51 |     11 |    92 |   -0.115 |       -7.8 |    157 | sa11_sr\[1\]$_DFF_P_/D
iter:496, pass:6, current fixing endpoint: sa10_sr\[2\]$_DFF_P_/D, endpoint slack:-6.177647e-11
      497 |      10 |      82 |       51 |     11 |    92 |   -0.115 |       -7.8 |    157 | sa11_sr\[1\]$_DFF_P_/D
iter:497, pass:7, current fixing endpoint: sa10_sr\[2\]$_DFF_P_/D, endpoint slack:-6.0507044e-11
      498 |      11 |      82 |       51 |     11 |    92 |   -0.115 |       -7.8 |    157 | sa11_sr\[1\]$_DFF_P_/D
iter:498, pass:8, current fixing endpoint: sa10_sr\[2\]$_DFF_P_/D, endpoint slack:-5.7478466e-11
      499 |      11 |      82 |       51 |     11 |    93 |   -0.115 |       -7.8 |    157 | sa11_sr\[1\]$_DFF_P_/D
iter:499, pass:9, current fixing endpoint: sa10_sr\[2\]$_DFF_P_/D, endpoint slack:-5.85455e-11
      500 |      11 |      82 |       51 |     11 |    94 |   -0.115 |       -7.8 |    157 | sa11_sr\[1\]$_DFF_P_/D
iter:500, pass:10, current fixing endpoint: sa10_sr\[2\]$_DFF_P_/D, endpoint slack:-6.053791e-11
      501 |      11 |      82 |       51 |     11 |    95 |   -0.115 |       -7.8 |    157 | sa11_sr\[1\]$_DFF_P_/D
iter:501, pass:11, current fixing endpoint: sa10_sr\[2\]$_DFF_P_/D, endpoint slack:-6.2035266e-11
      502 |      11 |      83 |       51 |     11 |    95 |   -0.115 |       -7.8 |    157 | sa11_sr\[1\]$_DFF_P_/D
iter:502, pass:12, current fixing endpoint: sa10_sr\[2\]$_DFF_P_/D, endpoint slack:-6.363332e-11
      503 |      11 |      83 |       51 |     11 |    96 |   -0.115 |       -7.8 |    157 | sa11_sr\[1\]$_DFF_P_/D
iter:503, pass:13, current fixing endpoint: sa10_sr\[2\]$_DFF_P_/D, endpoint slack:-5.845047e-11
      504 |      11 |      83 |       51 |     12 |    96 |   -0.115 |       -7.8 |    157 | sa11_sr\[1\]$_DFF_P_/D
iter:504, pass:14, current fixing endpoint: sa10_sr\[2\]$_DFF_P_/D, endpoint slack:-5.7245986e-11
      505 |      11 |      83 |       51 |     12 |    97 |   -0.115 |       -7.8 |    157 | sa11_sr\[1\]$_DFF_P_/D
iter:505, pass:15, current fixing endpoint: sa10_sr\[2\]$_DFF_P_/D, endpoint slack:-5.923306e-11
      505 |      10 |      80 |       51 |     11 |    91 |   -0.115 |       -7.8 |    157 | sa11_sr\[1\]$_DFF_P_/D
      506 |      10 |      80 |       51 |     11 |    91 |   -0.115 |       -7.8 |    157 | sa11_sr\[1\]$_DFF_P_/D
iter:506, pass:1, current fixing endpoint: sa03_sr\[0\]$_DFF_P_/D, endpoint slack:-4.7761572e-11
      507 |      10 |      81 |       51 |     11 |    91 |   -0.115 |       -7.8 |    157 | sa11_sr\[1\]$_DFF_P_/D
iter:507, pass:2, current fixing endpoint: sa03_sr\[0\]$_DFF_P_/D, endpoint slack:-5.4188987e-11
      508 |      10 |      82 |       51 |     11 |    91 |   -0.115 |       -7.8 |    157 | sa11_sr\[1\]$_DFF_P_/D
iter:508, pass:3, current fixing endpoint: sa03_sr\[0\]$_DFF_P_/D, endpoint slack:-3.9394155e-11
      509 |      10 |      82 |       51 |     11 |    92 |   -0.115 |       -7.8 |    157 | sa11_sr\[1\]$_DFF_P_/D
iter:509, pass:4, current fixing endpoint: sa03_sr\[0\]$_DFF_P_/D, endpoint slack:-3.6725623e-11
      510 |      10 |      82 |       53 |     11 |    92 |   -0.115 |       -7.9 |    157 | sa11_sr\[1\]$_DFF_P_/D
iter:510, pass:5, current fixing endpoint: sa03_sr\[0\]$_DFF_P_/D, endpoint slack:-5.408496e-11
      511 |      10 |      83 |       53 |     11 |    92 |   -0.115 |       -7.9 |    157 | sa11_sr\[1\]$_DFF_P_/D
iter:511, pass:6, current fixing endpoint: sa03_sr\[0\]$_DFF_P_/D, endpoint slack:-4.9680038e-11
      512 |      10 |      83 |       53 |     11 |    93 |   -0.115 |       -7.9 |    157 | sa11_sr\[1\]$_DFF_P_/D
iter:512, pass:7, current fixing endpoint: sa03_sr\[0\]$_DFF_P_/D, endpoint slack:-7.217882e-11
      513 |      10 |      83 |       53 |     11 |    94 |   -0.115 |       -7.9 |    157 | sa11_sr\[1\]$_DFF_P_/D
iter:513, pass:8, current fixing endpoint: sa03_sr\[0\]$_DFF_P_/D, endpoint slack:-7.740275e-11
      514 |      10 |      83 |       53 |     11 |    95 |   -0.115 |       -7.9 |    157 | sa11_sr\[1\]$_DFF_P_/D
iter:514, pass:9, current fixing endpoint: sa03_sr\[0\]$_DFF_P_/D, endpoint slack:-7.615364e-11
      514 |      10 |      82 |       52 |     11 |    92 |   -0.115 |       -7.8 |    157 | sa11_sr\[1\]$_DFF_P_/D
      515 |      10 |      82 |       52 |     11 |    92 |   -0.115 |       -7.8 |    157 | sa11_sr\[1\]$_DFF_P_/D
iter:515, pass:1, current fixing endpoint: u0.u2.d\[6\]$_DFF_P_/D, endpoint slack:-6.3532624e-11
      516 |      10 |      82 |       52 |     11 |    93 |   -0.115 |       -7.8 |    157 | sa11_sr\[1\]$_DFF_P_/D
iter:516, pass:2, current fixing endpoint: u0.u2.d\[6\]$_DFF_P_/D, endpoint slack:-5.5770832e-11
      517 |      10 |      83 |       52 |     11 |    93 |   -0.115 |       -7.8 |    157 | sa11_sr\[1\]$_DFF_P_/D
iter:517, pass:3, current fixing endpoint: u0.u2.d\[6\]$_DFF_P_/D, endpoint slack:-5.4484306e-11
      518 |      10 |      83 |       52 |     11 |    94 |   -0.115 |       -7.8 |    157 | sa11_sr\[1\]$_DFF_P_/D
iter:518, pass:4, current fixing endpoint: u0.u2.d\[6\]$_DFF_P_/D, endpoint slack:-5.130163e-11
      519 |      10 |      84 |       52 |     11 |    94 |   -0.115 |       -7.8 |    157 | sa11_sr\[1\]$_DFF_P_/D
iter:519, pass:5, current fixing endpoint: u0.u2.d\[6\]$_DFF_P_/D, endpoint slack:-5.161127e-11
      520 |      10 |      85 |       52 |     11 |    94 |   -0.115 |       -7.8 |    157 | sa11_sr\[1\]$_DFF_P_/D
iter:520, pass:6, current fixing endpoint: u0.u2.d\[6\]$_DFF_P_/D, endpoint slack:-5.0676574e-11
      521 |      10 |      85 |       52 |     11 |    95 |   -0.115 |       -7.8 |    157 | sa11_sr\[1\]$_DFF_P_/D
iter:521, pass:7, current fixing endpoint: u0.u2.d\[6\]$_DFF_P_/D, endpoint slack:-5.7294725e-11
      522 |      10 |      86 |       52 |     11 |    95 |   -0.115 |       -7.8 |    157 | sa11_sr\[1\]$_DFF_P_/D
iter:522, pass:8, current fixing endpoint: u0.u2.d\[6\]$_DFF_P_/D, endpoint slack:-5.6769367e-11
      523 |      10 |      86 |       52 |     12 |    95 |   -0.115 |       -7.8 |    157 | sa11_sr\[1\]$_DFF_P_/D
iter:523, pass:9, current fixing endpoint: u0.u2.d\[6\]$_DFF_P_/D, endpoint slack:-5.460221e-11
      524 |      10 |      86 |       52 |     13 |    95 |   -0.115 |       -7.8 |    157 | sa11_sr\[1\]$_DFF_P_/D
iter:524, pass:10, current fixing endpoint: u0.u2.d\[6\]$_DFF_P_/D, endpoint slack:-5.4460325e-11
      524 |      10 |      85 |       52 |     11 |    94 |   -0.115 |       -7.8 |    157 | sa11_sr\[1\]$_DFF_P_/D
      525 |      10 |      85 |       52 |     11 |    94 |   -0.115 |       -7.8 |    157 | sa11_sr\[1\]$_DFF_P_/D
iter:525, pass:1, current fixing endpoint: sa23_sr\[7\]$_DFF_P_/D, endpoint slack:-6.9730666e-11
      526 |      10 |      85 |       52 |     11 |    95 |   -0.115 |       -7.8 |    157 | sa11_sr\[1\]$_DFF_P_/D
iter:526, pass:2, current fixing endpoint: sa23_sr\[7\]$_DFF_P_/D, endpoint slack:-7.561585e-11
      527 |      10 |      85 |       52 |     11 |    96 |   -0.115 |       -7.8 |    157 | sa11_sr\[1\]$_DFF_P_/D
iter:527, pass:3, current fixing endpoint: sa23_sr\[7\]$_DFF_P_/D, endpoint slack:-7.445922e-11
      528 |      10 |      85 |       54 |     11 |    96 |   -0.115 |       -7.8 |    157 | sa11_sr\[1\]$_DFF_P_/D
iter:528, pass:4, current fixing endpoint: sa23_sr\[7\]$_DFF_P_/D, endpoint slack:-7.308887e-11
      529 |      10 |      85 |       54 |     11 |    97 |   -0.115 |       -7.8 |    157 | sa11_sr\[1\]$_DFF_P_/D
iter:529, pass:5, current fixing endpoint: sa23_sr\[7\]$_DFF_P_/D, endpoint slack:-7.38577e-11
      530 |      10 |      86 |       54 |     11 |    97 |   -0.115 |       -7.8 |    157 | sa11_sr\[1\]$_DFF_P_/D
iter:530, pass:6, current fixing endpoint: sa23_sr\[7\]$_DFF_P_/D, endpoint slack:-7.139167e-11
      531 |      10 |      86 |       54 |     11 |    98 |   -0.115 |       -7.8 |    157 | sa11_sr\[1\]$_DFF_P_/D
iter:531, pass:7, current fixing endpoint: sa23_sr\[7\]$_DFF_P_/D, endpoint slack:-7.94822e-11
      532 |      10 |      86 |       54 |     11 |    99 |   -0.115 |       -7.8 |    157 | sa11_sr\[1\]$_DFF_P_/D
iter:532, pass:8, current fixing endpoint: sa23_sr\[7\]$_DFF_P_/D, endpoint slack:-8.162604e-11
      533 |      10 |      86 |       54 |     11 |   100 |   -0.115 |       -7.8 |    157 | sa11_sr\[1\]$_DFF_P_/D
iter:533, pass:9, current fixing endpoint: sa23_sr\[7\]$_DFF_P_/D, endpoint slack:-7.911749e-11
      534 |      10 |      87 |       54 |     11 |   100 |   -0.115 |       -7.8 |    157 | sa11_sr\[1\]$_DFF_P_/D
iter:534, pass:10, current fixing endpoint: sa23_sr\[7\]$_DFF_P_/D, endpoint slack:-7.693246e-11
      535 |      10 |      87 |       54 |     12 |   100 |   -0.115 |       -7.8 |    157 | sa11_sr\[1\]$_DFF_P_/D
iter:535, pass:11, current fixing endpoint: sa23_sr\[7\]$_DFF_P_/D, endpoint slack:-7.467982e-11
      536 |      10 |      88 |       54 |     12 |   100 |   -0.115 |       -7.8 |    157 | sa11_sr\[1\]$_DFF_P_/D
iter:536, pass:12, current fixing endpoint: sa23_sr\[7\]$_DFF_P_/D, endpoint slack:-7.2712614e-11
      537 |      10 |      88 |       54 |     12 |   101 |   -0.115 |       -7.8 |    157 | sa11_sr\[1\]$_DFF_P_/D
iter:537, pass:13, current fixing endpoint: sa23_sr\[7\]$_DFF_P_/D, endpoint slack:-7.4464324e-11
      537 |      10 |      85 |       53 |     11 |    94 |   -0.115 |       -7.8 |    157 | sa11_sr\[1\]$_DFF_P_/D
      538 |      10 |      85 |       53 |     11 |    94 |   -0.115 |       -7.8 |    157 | sa11_sr\[1\]$_DFF_P_/D
iter:538, pass:1, current fixing endpoint: sa31_sr\[1\]$_DFF_P_/D, endpoint slack:-6.869316e-11
      539 |      10 |      85 |       53 |     11 |    95 |   -0.115 |       -7.8 |    157 | sa11_sr\[1\]$_DFF_P_/D
iter:539, pass:2, current fixing endpoint: sa31_sr\[1\]$_DFF_P_/D, endpoint slack:-5.732992e-11
      540 |      10 |      85 |       53 |     11 |    96 |   -0.115 |       -7.8 |    157 | sa11_sr\[1\]$_DFF_P_/D
iter:540, pass:3, current fixing endpoint: sa31_sr\[1\]$_DFF_P_/D, endpoint slack:-5.7883143e-11
      541 |      10 |      85 |       55 |     11 |    96 |   -0.115 |       -7.8 |    157 | sa11_sr\[1\]$_DFF_P_/D
iter:541, pass:4, current fixing endpoint: sa31_sr\[1\]$_DFF_P_/D, endpoint slack:-5.663736e-11
      542 |      10 |      85 |       55 |     11 |    97 |   -0.115 |       -7.8 |    157 | sa11_sr\[1\]$_DFF_P_/D
iter:542, pass:5, current fixing endpoint: sa31_sr\[1\]$_DFF_P_/D, endpoint slack:-6.241707e-11
      543 |      10 |      85 |       55 |     11 |    98 |   -0.115 |       -7.8 |    157 | sa11_sr\[1\]$_DFF_P_/D
iter:543, pass:6, current fixing endpoint: sa31_sr\[1\]$_DFF_P_/D, endpoint slack:-6.4102834e-11
      544 |      10 |      85 |       55 |     11 |    99 |   -0.115 |       -7.8 |    157 | sa11_sr\[1\]$_DFF_P_/D
iter:544, pass:7, current fixing endpoint: sa31_sr\[1\]$_DFF_P_/D, endpoint slack:-6.5210504e-11
      545 |      10 |      85 |       55 |     11 |   100 |   -0.115 |       -7.9 |    157 | sa11_sr\[1\]$_DFF_P_/D
iter:545, pass:8, current fixing endpoint: sa31_sr\[1\]$_DFF_P_/D, endpoint slack:-6.622913e-11
      546 |      10 |      86 |       55 |     11 |   100 |   -0.115 |       -7.9 |    157 | sa11_sr\[1\]$_DFF_P_/D
iter:546, pass:9, current fixing endpoint: sa31_sr\[1\]$_DFF_P_/D, endpoint slack:-6.777312e-11
      547 |      10 |      86 |       55 |     11 |   101 |   -0.115 |       -7.9 |    157 | sa11_sr\[1\]$_DFF_P_/D
iter:547, pass:10, current fixing endpoint: sa31_sr\[1\]$_DFF_P_/D, endpoint slack:-7.4286355e-11
      548 |      10 |      87 |       55 |     11 |   101 |   -0.115 |       -7.9 |    157 | sa11_sr\[1\]$_DFF_P_/D
iter:548, pass:11, current fixing endpoint: sa31_sr\[1\]$_DFF_P_/D, endpoint slack:-7.0810025e-11
      549 |      10 |      87 |       55 |     11 |   102 |   -0.115 |       -7.9 |    157 | sa11_sr\[1\]$_DFF_P_/D
iter:549, pass:12, current fixing endpoint: sa31_sr\[1\]$_DFF_P_/D, endpoint slack:-7.346124e-11
      550 |      10 |      88 |       55 |     11 |   102 |   -0.115 |       -7.9 |    157 | sa11_sr\[1\]$_DFF_P_/D
iter:550, pass:13, current fixing endpoint: sa31_sr\[1\]$_DFF_P_/D, endpoint slack:-7.190293e-11
      551 |      10 |      89 |       55 |     11 |   102 |   -0.115 |       -7.9 |    157 | sa11_sr\[1\]$_DFF_P_/D
iter:551, pass:14, current fixing endpoint: sa31_sr\[1\]$_DFF_P_/D, endpoint slack:-7.3011264e-11
      552 |      10 |      90 |       55 |     11 |   102 |   -0.115 |       -7.9 |    157 | sa11_sr\[1\]$_DFF_P_/D
iter:552, pass:15, current fixing endpoint: sa31_sr\[1\]$_DFF_P_/D, endpoint slack:-6.969103e-11
      553 |      10 |      90 |       55 |     11 |   103 |   -0.115 |       -7.9 |    157 | sa11_sr\[1\]$_DFF_P_/D
iter:553, pass:16, current fixing endpoint: sa31_sr\[1\]$_DFF_P_/D, endpoint slack:-7.480638e-11
      554 |      10 |      91 |       55 |     11 |   103 |   -0.115 |       -7.9 |    157 | sa11_sr\[1\]$_DFF_P_/D
iter:554, pass:17, current fixing endpoint: sa31_sr\[1\]$_DFF_P_/D, endpoint slack:-7.568279e-11
      554 |      10 |      86 |       55 |     11 |    96 |   -0.115 |       -7.8 |    157 | sa11_sr\[1\]$_DFF_P_/D
      555 |      10 |      86 |       55 |     11 |    96 |   -0.115 |       -7.8 |    157 | sa11_sr\[1\]$_DFF_P_/D
iter:555, pass:1, current fixing endpoint: sa30_sr\[1\]$_DFF_P_/D, endpoint slack:-6.833378e-11
      556 |      10 |      86 |       55 |     11 |    97 |   -0.115 |       -7.8 |    157 | sa11_sr\[1\]$_DFF_P_/D
iter:556, pass:2, current fixing endpoint: sa30_sr\[1\]$_DFF_P_/D, endpoint slack:-6.1554095e-11
      557 |      10 |      86 |       55 |     11 |    98 |   -0.115 |       -7.8 |    157 | sa11_sr\[1\]$_DFF_P_/D
iter:557, pass:3, current fixing endpoint: sa30_sr\[1\]$_DFF_P_/D, endpoint slack:-6.6749384e-11
      558 |      10 |      86 |       55 |     11 |    99 |   -0.115 |       -7.8 |    157 | sa11_sr\[1\]$_DFF_P_/D
iter:558, pass:4, current fixing endpoint: sa30_sr\[1\]$_DFF_P_/D, endpoint slack:-6.721124e-11
      559 |      10 |      86 |       55 |     11 |   100 |   -0.115 |       -7.8 |    157 | sa11_sr\[1\]$_DFF_P_/D
iter:559, pass:5, current fixing endpoint: sa30_sr\[1\]$_DFF_P_/D, endpoint slack:-6.873102e-11
      560 |      10 |      86 |       55 |     11 |   101 |   -0.115 |       -7.8 |    157 | sa11_sr\[1\]$_DFF_P_/D
iter:560, pass:6, current fixing endpoint: sa30_sr\[1\]$_DFF_P_/D, endpoint slack:-6.7765016e-11
      561 |      10 |      86 |       55 |     11 |   102 |   -0.115 |       -7.8 |    157 | sa11_sr\[1\]$_DFF_P_/D
iter:561, pass:7, current fixing endpoint: sa30_sr\[1\]$_DFF_P_/D, endpoint slack:-6.613887e-11
      562 |      11 |      86 |       55 |     11 |   102 |   -0.115 |       -7.7 |    157 | sa11_sr\[1\]$_DFF_P_/D
iter:562, pass:8, current fixing endpoint: sa30_sr\[1\]$_DFF_P_/D, endpoint slack:-5.565859e-11
      563 |      11 |      87 |       55 |     11 |   102 |   -0.115 |       -7.7 |    157 | sa11_sr\[1\]$_DFF_P_/D
iter:563, pass:9, current fixing endpoint: sa30_sr\[1\]$_DFF_P_/D, endpoint slack:-4.9926174e-11
      564 |      11 |      88 |       55 |     11 |   102 |   -0.115 |       -7.7 |    157 | sa11_sr\[1\]$_DFF_P_/D
iter:564, pass:10, current fixing endpoint: sa30_sr\[1\]$_DFF_P_/D, endpoint slack:-5.910472e-11
      565 |      11 |      88 |       55 |     12 |   102 |   -0.115 |       -7.8 |    157 | sa11_sr\[1\]$_DFF_P_/D
iter:565, pass:11, current fixing endpoint: sa30_sr\[1\]$_DFF_P_/D, endpoint slack:-5.6715965e-11
      566 |      11 |      89 |       55 |     12 |   102 |   -0.115 |       -7.8 |    157 | sa11_sr\[1\]$_DFF_P_/D
iter:566, pass:12, current fixing endpoint: sa30_sr\[1\]$_DFF_P_/D, endpoint slack:-5.5382143e-11
      567 |      11 |      90 |       55 |     12 |   102 |   -0.115 |       -7.8 |    157 | sa11_sr\[1\]$_DFF_P_/D
iter:567, pass:13, current fixing endpoint: sa30_sr\[1\]$_DFF_P_/D, endpoint slack:-5.3155702e-11
      568 |      11 |      91 |       55 |     12 |   102 |   -0.115 |       -7.8 |    157 | sa11_sr\[1\]$_DFF_P_/D
iter:568, pass:14, current fixing endpoint: sa30_sr\[1\]$_DFF_P_/D, endpoint slack:-5.560208e-11
      569 |      11 |      91 |       55 |     12 |   103 |   -0.115 |       -7.8 |    157 | sa11_sr\[1\]$_DFF_P_/D
iter:569, pass:15, current fixing endpoint: sa30_sr\[1\]$_DFF_P_/D, endpoint slack:-6.649892e-11
      570 |      11 |      91 |       57 |     12 |   103 |   -0.115 |       -7.8 |    157 | sa11_sr\[1\]$_DFF_P_/D
iter:570, pass:16, current fixing endpoint: sa30_sr\[1\]$_DFF_P_/D, endpoint slack:-5.2481797e-11
      571 |      11 |      91 |       57 |     12 |   104 |   -0.115 |       -7.8 |    157 | sa11_sr\[1\]$_DFF_P_/D
iter:571, pass:17, current fixing endpoint: sa30_sr\[1\]$_DFF_P_/D, endpoint slack:-5.5514815e-11
      572 |      11 |      92 |       57 |     12 |   104 |   -0.115 |       -7.8 |    157 | sa11_sr\[1\]$_DFF_P_/D
iter:572, pass:18, current fixing endpoint: sa30_sr\[1\]$_DFF_P_/D, endpoint slack:-5.4329652e-11
      573 |      11 |      93 |       57 |     12 |   104 |   -0.115 |       -7.8 |    157 | sa11_sr\[1\]$_DFF_P_/D
iter:573, pass:19, current fixing endpoint: sa30_sr\[1\]$_DFF_P_/D, endpoint slack:-5.388634e-11
      573 |      11 |      88 |       56 |     11 |   102 |   -0.115 |       -7.8 |    157 | sa11_sr\[1\]$_DFF_P_/D
--------------------
update violating ends at fixEndpointNum 39
top element of violating ends is: sa11_sr\[1\]$_DFF_P_/D
--------------------
      574 |      11 |      88 |       56 |     11 |   102 |   -0.115 |       -7.8 |    157 | sa11_sr\[1\]$_DFF_P_/D
iter:574, pass:1, current fixing endpoint: sa11_sr\[1\]$_DFF_P_/D, endpoint slack:-1.14686594e-10
      575 |      11 |      88 |       56 |     12 |   102 |   -0.118 |       -7.8 |    157 | sa11_sr\[7\]$_DFF_P_/D
iter:575, pass:2, current fixing endpoint: sa11_sr\[1\]$_DFF_P_/D, endpoint slack:-1.1125301e-10
      576 |      11 |      89 |       56 |     12 |   102 |   -0.118 |       -7.8 |    157 | sa11_sr\[7\]$_DFF_P_/D
iter:576, pass:3, current fixing endpoint: sa11_sr\[1\]$_DFF_P_/D, endpoint slack:-1.0924628e-10
      577 |      11 |      90 |       56 |     12 |   102 |   -0.118 |       -7.8 |    157 | sa11_sr\[7\]$_DFF_P_/D
iter:577, pass:4, current fixing endpoint: sa11_sr\[1\]$_DFF_P_/D, endpoint slack:-1.0854828e-10
      578 |      11 |      91 |       56 |     12 |   102 |   -0.118 |       -7.8 |    157 | sa11_sr\[7\]$_DFF_P_/D
iter:578, pass:5, current fixing endpoint: sa11_sr\[1\]$_DFF_P_/D, endpoint slack:-1.0566992e-10
      579 |      11 |      91 |       56 |     12 |   103 |   -0.118 |       -7.8 |    157 | sa11_sr\[7\]$_DFF_P_/D
iter:579, pass:6, current fixing endpoint: sa11_sr\[1\]$_DFF_P_/D, endpoint slack:-1.0543688e-10
      580 |      11 |      91 |       56 |     12 |   104 |   -0.118 |       -7.8 |    157 | sa11_sr\[7\]$_DFF_P_/D
iter:580, pass:7, current fixing endpoint: sa11_sr\[1\]$_DFF_P_/D, endpoint slack:-1.02147624e-10
      581 |      11 |      91 |       56 |     12 |   105 |   -0.118 |       -7.8 |    157 | sa11_sr\[7\]$_DFF_P_/D
iter:581, pass:8, current fixing endpoint: sa11_sr\[1\]$_DFF_P_/D, endpoint slack:-9.9336095e-11
      582 |      11 |      92 |       56 |     12 |   105 |   -0.118 |       -7.8 |    157 | sa11_sr\[7\]$_DFF_P_/D
iter:582, pass:9, current fixing endpoint: sa11_sr\[1\]$_DFF_P_/D, endpoint slack:-9.805701e-11
      583 |      11 |      92 |       56 |     12 |   106 |   -0.118 |       -7.8 |    157 | sa11_sr\[7\]$_DFF_P_/D
iter:583, pass:10, current fixing endpoint: sa11_sr\[1\]$_DFF_P_/D, endpoint slack:-1.0318968e-10
      584 |      11 |      93 |       56 |     12 |   106 |   -0.118 |       -7.8 |    157 | sa11_sr\[7\]$_DFF_P_/D
iter:584, pass:11, current fixing endpoint: sa11_sr\[1\]$_DFF_P_/D, endpoint slack:-1.0138623e-10
      585 |      11 |      94 |       56 |     12 |   106 |   -0.118 |       -7.8 |    157 | sa11_sr\[7\]$_DFF_P_/D
iter:585, pass:12, current fixing endpoint: sa11_sr\[1\]$_DFF_P_/D, endpoint slack:-1.0062062e-10
      586 |      11 |      95 |       56 |     12 |   106 |   -0.118 |       -7.8 |    157 | sa11_sr\[7\]$_DFF_P_/D
iter:586, pass:13, current fixing endpoint: sa11_sr\[1\]$_DFF_P_/D, endpoint slack:-1.0065038e-10
      586 |      11 |      90 |       56 |     11 |   102 |   -0.115 |       -7.8 |    157 | sa11_sr\[1\]$_DFF_P_/D
      587 |      11 |      90 |       56 |     11 |   102 |   -0.115 |       -7.8 |    157 | sa11_sr\[1\]$_DFF_P_/D
iter:587, pass:1, current fixing endpoint: sa11_sr\[7\]$_DFF_P_/D, endpoint slack:-1.1432777e-10
      587 |      11 |      90 |       56 |     11 |   102 |   -0.115 |       -7.8 |    157 | sa11_sr\[1\]$_DFF_P_/D
      588 |      11 |      90 |       56 |     11 |   102 |   -0.115 |       -7.8 |    157 | sa11_sr\[1\]$_DFF_P_/D
iter:588, pass:1, current fixing endpoint: sa32_sr\[3\]$_DFF_P_/D, endpoint slack:-1.1369872e-10
      589 |      11 |      90 |       58 |     11 |   102 |   -0.115 |       -7.8 |    157 | sa11_sr\[1\]$_DFF_P_/D
iter:589, pass:2, current fixing endpoint: sa32_sr\[3\]$_DFF_P_/D, endpoint slack:-1.1043577e-10
      589 |      11 |      90 |       58 |     11 |   102 |   -0.115 |       -7.8 |    157 | sa11_sr\[1\]$_DFF_P_/D
      590 |      11 |      90 |       58 |     11 |   102 |   -0.115 |       -7.8 |    157 | sa11_sr\[1\]$_DFF_P_/D
iter:590, pass:1, current fixing endpoint: sa20_sr\[3\]$_DFF_P_/D, endpoint slack:-1.05901066e-10
      591 |      11 |      91 |       58 |     11 |   102 |   -0.115 |       -7.8 |    157 | sa11_sr\[1\]$_DFF_P_/D
iter:591, pass:2, current fixing endpoint: sa20_sr\[3\]$_DFF_P_/D, endpoint slack:-1.0398693e-10
      592 |      11 |      92 |       58 |     11 |   102 |   -0.115 |       -7.8 |    157 | sa11_sr\[1\]$_DFF_P_/D
iter:592, pass:3, current fixing endpoint: sa20_sr\[3\]$_DFF_P_/D, endpoint slack:-1.0484691e-10
      593 |      11 |      93 |       58 |     11 |   102 |   -0.115 |       -7.8 |    157 | sa11_sr\[1\]$_DFF_P_/D
iter:593, pass:4, current fixing endpoint: sa20_sr\[3\]$_DFF_P_/D, endpoint slack:-1.00909614e-10
      593 |      11 |      93 |       58 |     11 |   102 |   -0.115 |       -7.8 |    157 | sa11_sr\[1\]$_DFF_P_/D
      594 |      11 |      93 |       58 |     11 |   102 |   -0.115 |       -7.8 |    157 | sa11_sr\[1\]$_DFF_P_/D
iter:594, pass:1, current fixing endpoint: sa11_sr\[4\]$_DFF_P_/D, endpoint slack:-1.0551826e-10
      595 |      11 |      94 |       58 |     11 |   102 |   -0.115 |       -7.8 |    157 | sa11_sr\[1\]$_DFF_P_/D
iter:595, pass:2, current fixing endpoint: sa11_sr\[4\]$_DFF_P_/D, endpoint slack:-1.0464285e-10
      596 |      11 |      95 |       58 |     11 |   102 |   -0.115 |       -7.8 |    157 | sa11_sr\[1\]$_DFF_P_/D
iter:596, pass:3, current fixing endpoint: sa11_sr\[4\]$_DFF_P_/D, endpoint slack:-1.0720813e-10
      597 |      11 |      96 |       58 |     11 |   102 |   -0.115 |       -7.8 |    157 | sa11_sr\[1\]$_DFF_P_/D
iter:597, pass:4, current fixing endpoint: sa11_sr\[4\]$_DFF_P_/D, endpoint slack:-1.0354373e-10
      597 |      11 |      96 |       58 |     11 |   102 |   -0.115 |       -7.8 |    157 | sa11_sr\[1\]$_DFF_P_/D
      598 |      11 |      96 |       58 |     11 |   102 |   -0.115 |       -7.8 |    157 | sa11_sr\[1\]$_DFF_P_/D
iter:598, pass:1, current fixing endpoint: sa02_sr\[5\]$_DFF_P_/D, endpoint slack:-1.0219159e-10
      599 |      11 |      96 |       58 |     12 |   102 |   -0.115 |       -7.8 |    157 | sa11_sr\[1\]$_DFF_P_/D
iter:599, pass:2, current fixing endpoint: sa02_sr\[5\]$_DFF_P_/D, endpoint slack:-1.0960188e-10
      600 |      11 |      96 |       60 |     12 |   102 |   -0.115 |       -7.8 |    157 | sa11_sr\[1\]$_DFF_P_/D
iter:600, pass:3, current fixing endpoint: sa02_sr\[5\]$_DFF_P_/D, endpoint slack:-9.6744834e-11
      601 |      11 |      97 |       60 |     12 |   102 |   -0.117 |       -7.8 |    157 | sa11_sr\[1\]$_DFF_P_/D
iter:601, pass:4, current fixing endpoint: sa02_sr\[5\]$_DFF_P_/D, endpoint slack:-9.5713104e-11
      602 |      11 |      98 |       60 |     12 |   102 |   -0.117 |       -7.8 |    157 | sa11_sr\[1\]$_DFF_P_/D
iter:602, pass:5, current fixing endpoint: sa02_sr\[5\]$_DFF_P_/D, endpoint slack:-9.881662e-11
      603 |      11 |      99 |       60 |     12 |   102 |   -0.117 |       -7.8 |    157 | sa11_sr\[1\]$_DFF_P_/D
iter:603, pass:6, current fixing endpoint: sa02_sr\[5\]$_DFF_P_/D, endpoint slack:-9.507484e-11
      604 |      11 |     100 |       60 |     12 |   102 |   -0.117 |       -7.7 |    157 | sa11_sr\[1\]$_DFF_P_/D
iter:604, pass:7, current fixing endpoint: sa02_sr\[5\]$_DFF_P_/D, endpoint slack:-9.3594354e-11
      605 |      11 |     101 |       60 |     12 |   102 |   -0.117 |       -7.7 |    157 | sa11_sr\[1\]$_DFF_P_/D
iter:605, pass:8, current fixing endpoint: sa02_sr\[5\]$_DFF_P_/D, endpoint slack:-9.195278e-11
      606 |      11 |     102 |       60 |     12 |   102 |   -0.117 |       -7.7 |    157 | sa11_sr\[1\]$_DFF_P_/D
iter:606, pass:9, current fixing endpoint: sa02_sr\[5\]$_DFF_P_/D, endpoint slack:-9.089529e-11
      607 |      11 |     103 |       60 |     12 |   102 |   -0.117 |       -7.7 |    157 | sa11_sr\[1\]$_DFF_P_/D
iter:607, pass:10, current fixing endpoint: sa02_sr\[5\]$_DFF_P_/D, endpoint slack:-9.05781e-11
      608 |      11 |     103 |       60 |     13 |   102 |   -0.117 |       -7.7 |    157 | sa11_sr\[1\]$_DFF_P_/D
iter:608, pass:11, current fixing endpoint: sa02_sr\[5\]$_DFF_P_/D, endpoint slack:-8.783407e-11
      609 |      11 |     104 |       60 |     13 |   102 |   -0.117 |       -7.7 |    157 | sa11_sr\[1\]$_DFF_P_/D
iter:609, pass:12, current fixing endpoint: sa02_sr\[5\]$_DFF_P_/D, endpoint slack:-8.802126e-11
      610 |      11 |     105 |       60 |     13 |   102 |   -0.117 |       -7.7 |    157 | sa11_sr\[1\]$_DFF_P_/D
iter:610, pass:13, current fixing endpoint: sa02_sr\[5\]$_DFF_P_/D, endpoint slack:-7.532219e-11
      611 |      11 |     106 |       60 |     13 |   102 |   -0.117 |       -7.7 |    157 | sa11_sr\[1\]$_DFF_P_/D
iter:611, pass:14, current fixing endpoint: sa02_sr\[5\]$_DFF_P_/D, endpoint slack:-7.371592e-11
      612 |      11 |     106 |       60 |     14 |   102 |   -0.117 |       -7.7 |    157 | sa11_sr\[1\]$_DFF_P_/D
iter:612, pass:15, current fixing endpoint: sa02_sr\[5\]$_DFF_P_/D, endpoint slack:-7.628276e-11
      612 |      11 |      97 |       60 |     12 |   102 |   -0.115 |       -7.8 |    157 | sa11_sr\[1\]$_DFF_P_/D
      613 |      11 |      97 |       60 |     12 |   102 |   -0.115 |       -7.8 |    157 | sa11_sr\[1\]$_DFF_P_/D
iter:613, pass:1, current fixing endpoint: sa00_sr\[7\]$_DFF_P_/D, endpoint slack:-1.0091239e-10
      614 |      11 |      98 |       60 |     12 |   102 |   -0.115 |       -7.8 |    157 | sa11_sr\[1\]$_DFF_P_/D
iter:614, pass:2, current fixing endpoint: sa00_sr\[7\]$_DFF_P_/D, endpoint slack:-1.0253387e-10
      615 |      11 |      99 |       60 |     12 |   102 |   -0.115 |       -7.8 |    157 | sa11_sr\[1\]$_DFF_P_/D
iter:615, pass:3, current fixing endpoint: sa00_sr\[7\]$_DFF_P_/D, endpoint slack:-1.0546064e-10
      616 |      11 |      99 |       62 |     12 |   102 |   -0.115 |       -7.9 |    157 | sa11_sr\[1\]$_DFF_P_/D
iter:616, pass:4, current fixing endpoint: sa00_sr\[7\]$_DFF_P_/D, endpoint slack:-1.0470169e-10
      617 |      11 |     100 |       62 |     12 |   102 |   -0.115 |       -7.9 |    157 | sa11_sr\[1\]$_DFF_P_/D
iter:617, pass:5, current fixing endpoint: sa00_sr\[7\]$_DFF_P_/D, endpoint slack:-1.0455603e-10
      618 |      11 |     100 |       62 |     13 |   102 |   -0.115 |       -7.9 |    157 | sa11_sr\[1\]$_DFF_P_/D
iter:618, pass:6, current fixing endpoint: sa00_sr\[7\]$_DFF_P_/D, endpoint slack:-1.0326762e-10
      618 |      11 |      97 |       61 |     12 |   102 |   -0.115 |       -7.8 |    157 | sa11_sr\[1\]$_DFF_P_/D
      619 |      11 |      97 |       61 |     12 |   102 |   -0.115 |       -7.8 |    157 | sa11_sr\[1\]$_DFF_P_/D
iter:619, pass:1, current fixing endpoint: sa11_sr\[3\]$_DFF_P_/D, endpoint slack:-9.5898955e-11
      620 |      11 |      98 |       61 |     12 |   102 |   -0.115 |       -7.8 |    157 | sa11_sr\[1\]$_DFF_P_/D
iter:620, pass:2, current fixing endpoint: sa11_sr\[3\]$_DFF_P_/D, endpoint slack:-9.657064e-11
      620 |      11 |      97 |       61 |     12 |   102 |   -0.115 |       -7.8 |    157 | sa11_sr\[1\]$_DFF_P_/D
      621 |      11 |      97 |       61 |     12 |   102 |   -0.115 |       -7.8 |    157 | sa11_sr\[1\]$_DFF_P_/D
iter:621, pass:1, current fixing endpoint: u0.u1.d\[6\]$_DFF_P_/D, endpoint slack:-9.316958e-11
      621 |      11 |      97 |       61 |     12 |   102 |   -0.115 |       -7.8 |    157 | sa11_sr\[1\]$_DFF_P_/D
      622 |      11 |      97 |       61 |     12 |   102 |   -0.115 |       -7.8 |    157 | sa11_sr\[1\]$_DFF_P_/D
iter:622, pass:1, current fixing endpoint: sa22_sr\[3\]$_DFF_P_/D, endpoint slack:-8.885592e-11
      623 |      11 |      98 |       61 |     12 |   102 |   -0.115 |       -7.8 |    157 | sa11_sr\[1\]$_DFF_P_/D
iter:623, pass:2, current fixing endpoint: sa22_sr\[3\]$_DFF_P_/D, endpoint slack:-8.247891e-11
      624 |      11 |      99 |       61 |     12 |   102 |   -0.115 |       -7.7 |    157 | sa11_sr\[1\]$_DFF_P_/D
iter:624, pass:3, current fixing endpoint: sa22_sr\[3\]$_DFF_P_/D, endpoint slack:-7.2420514e-11
      625 |      11 |     100 |       61 |     12 |   102 |   -0.115 |       -7.7 |    157 | sa11_sr\[1\]$_DFF_P_/D
iter:625, pass:4, current fixing endpoint: sa22_sr\[3\]$_DFF_P_/D, endpoint slack:-7.544931e-11
      626 |      11 |     100 |       61 |     12 |   103 |   -0.115 |       -7.7 |    157 | sa11_sr\[1\]$_DFF_P_/D
iter:626, pass:5, current fixing endpoint: sa22_sr\[3\]$_DFF_P_/D, endpoint slack:-7.897649e-11
      627 |      11 |     101 |       61 |     12 |   103 |   -0.115 |       -7.7 |    157 | sa11_sr\[1\]$_DFF_P_/D
iter:627, pass:6, current fixing endpoint: sa22_sr\[3\]$_DFF_P_/D, endpoint slack:-7.7231777e-11
      628 |      11 |     102 |       61 |     12 |   103 |   -0.115 |       -7.7 |    157 | sa11_sr\[1\]$_DFF_P_/D
iter:628, pass:7, current fixing endpoint: sa22_sr\[3\]$_DFF_P_/D, endpoint slack:-6.998879e-11
      629 |      11 |     103 |       61 |     12 |   103 |   -0.115 |       -7.7 |    157 | sa11_sr\[1\]$_DFF_P_/D
iter:629, pass:8, current fixing endpoint: sa22_sr\[3\]$_DFF_P_/D, endpoint slack:-7.241063e-11
      630 |      11 |     104 |       61 |     12 |   103 |   -0.115 |       -7.7 |    157 | sa11_sr\[1\]$_DFF_P_/D
iter:630, pass:9, current fixing endpoint: sa22_sr\[3\]$_DFF_P_/D, endpoint slack:-7.0167205e-11
      631 |      11 |     105 |       61 |     12 |   103 |   -0.115 |       -7.7 |    157 | sa11_sr\[1\]$_DFF_P_/D
iter:631, pass:10, current fixing endpoint: sa22_sr\[3\]$_DFF_P_/D, endpoint slack:-6.630807e-11
      632 |      11 |     106 |       61 |     12 |   103 |   -0.115 |       -7.6 |    157 | sa11_sr\[1\]$_DFF_P_/D
iter:632, pass:11, current fixing endpoint: sa22_sr\[3\]$_DFF_P_/D, endpoint slack:-6.102441e-11
      633 |      11 |     106 |       61 |     12 |   104 |   -0.115 |       -7.6 |    157 | sa11_sr\[1\]$_DFF_P_/D
iter:633, pass:12, current fixing endpoint: sa22_sr\[3\]$_DFF_P_/D, endpoint slack:-6.714129e-11
      634 |      11 |     106 |       61 |     12 |   105 |   -0.115 |       -7.6 |    157 | sa11_sr\[1\]$_DFF_P_/D
iter:634, pass:13, current fixing endpoint: sa22_sr\[3\]$_DFF_P_/D, endpoint slack:-6.202927e-11
      635 |      11 |     106 |       61 |     12 |   106 |   -0.115 |       -7.6 |    157 | sa11_sr\[1\]$_DFF_P_/D
iter:635, pass:14, current fixing endpoint: sa22_sr\[3\]$_DFF_P_/D, endpoint slack:-6.018119e-11
      636 |      11 |     107 |       61 |     12 |   106 |   -0.115 |       -7.6 |    157 | sa11_sr\[1\]$_DFF_P_/D
iter:636, pass:15, current fixing endpoint: sa22_sr\[3\]$_DFF_P_/D, endpoint slack:-5.945622e-11
      637 |      11 |     108 |       61 |     12 |   106 |   -0.115 |       -7.6 |    157 | sa11_sr\[1\]$_DFF_P_/D
iter:637, pass:16, current fixing endpoint: sa22_sr\[3\]$_DFF_P_/D, endpoint slack:-5.788503e-11
      638 |      11 |     109 |       61 |     12 |   106 |   -0.115 |       -7.6 |    157 | sa11_sr\[1\]$_DFF_P_/D
iter:638, pass:17, current fixing endpoint: sa22_sr\[3\]$_DFF_P_/D, endpoint slack:-5.5964122e-11
      639 |      11 |     109 |       61 |     12 |   107 |   -0.115 |       -7.6 |    157 | sa11_sr\[1\]$_DFF_P_/D
iter:639, pass:18, current fixing endpoint: sa22_sr\[3\]$_DFF_P_/D, endpoint slack:-7.389067e-11
      640 |      11 |     109 |       63 |     12 |   107 |   -0.115 |       -7.7 |    157 | sa11_sr\[1\]$_DFF_P_/D
iter:640, pass:19, current fixing endpoint: sa22_sr\[3\]$_DFF_P_/D, endpoint slack:-6.3978156e-11
      641 |      11 |     109 |       63 |     12 |   108 |   -0.115 |       -7.7 |    157 | sa11_sr\[1\]$_DFF_P_/D
iter:641, pass:20, current fixing endpoint: sa22_sr\[3\]$_DFF_P_/D, endpoint slack:-5.2361004e-11
      642 |      11 |     110 |       63 |     12 |   108 |   -0.115 |       -7.7 |    157 | sa11_sr\[1\]$_DFF_P_/D
iter:642, pass:21, current fixing endpoint: sa22_sr\[3\]$_DFF_P_/D, endpoint slack:-5.9675154e-11
      643 |      11 |     110 |       63 |     12 |   109 |   -0.115 |       -7.6 |    157 | sa11_sr\[1\]$_DFF_P_/D
iter:643, pass:22, current fixing endpoint: sa22_sr\[3\]$_DFF_P_/D, endpoint slack:-5.0561777e-11
      644 |      11 |     111 |       63 |     12 |   109 |   -0.115 |       -7.6 |    157 | sa11_sr\[1\]$_DFF_P_/D
iter:644, pass:23, current fixing endpoint: sa22_sr\[3\]$_DFF_P_/D, endpoint slack:-4.9939386e-11
      645 |      11 |     112 |       63 |     12 |   109 |   -0.115 |       -7.6 |    157 | sa11_sr\[1\]$_DFF_P_/D
iter:645, pass:24, current fixing endpoint: sa22_sr\[3\]$_DFF_P_/D, endpoint slack:-5.099743e-11
      646 |      11 |     113 |       63 |     12 |   109 |   -0.115 |       -7.6 |    157 | sa11_sr\[1\]$_DFF_P_/D
iter:646, pass:25, current fixing endpoint: sa22_sr\[3\]$_DFF_P_/D, endpoint slack:-4.769629e-11
      647 |      11 |     114 |       63 |     12 |   109 |   -0.115 |       -7.6 |    157 | sa11_sr\[1\]$_DFF_P_/D
iter:647, pass:26, current fixing endpoint: sa22_sr\[3\]$_DFF_P_/D, endpoint slack:-4.494516e-11
      648 |      11 |     114 |       63 |     12 |   110 |   -0.115 |       -7.6 |    157 | sa11_sr\[1\]$_DFF_P_/D
iter:648, pass:27, current fixing endpoint: sa22_sr\[3\]$_DFF_P_/D, endpoint slack:-4.4710013e-11
      649 |      11 |     114 |       63 |     12 |   111 |   -0.115 |       -7.6 |    157 | sa11_sr\[1\]$_DFF_P_/D
iter:649, pass:28, current fixing endpoint: sa22_sr\[3\]$_DFF_P_/D, endpoint slack:-4.1142423e-11
      650 |      11 |     114 |       63 |     12 |   112 |   -0.115 |       -7.6 |    157 | sa11_sr\[1\]$_DFF_P_/D
iter:650, pass:29, current fixing endpoint: sa22_sr\[3\]$_DFF_P_/D, endpoint slack:-4.0917825e-11
      651 |      11 |     114 |       63 |     12 |   113 |   -0.115 |       -7.6 |    157 | sa11_sr\[1\]$_DFF_P_/D
iter:651, pass:30, current fixing endpoint: sa22_sr\[3\]$_DFF_P_/D, endpoint slack:-4.1799786e-11
      652 |      11 |     114 |       63 |     12 |   114 |   -0.115 |       -7.6 |    157 | sa11_sr\[1\]$_DFF_P_/D
iter:652, pass:31, current fixing endpoint: sa22_sr\[3\]$_DFF_P_/D, endpoint slack:-4.3790194e-11
      653 |      11 |     114 |       63 |     12 |   115 |   -0.115 |       -7.7 |    157 | sa11_sr\[1\]$_DFF_P_/D
iter:653, pass:32, current fixing endpoint: sa22_sr\[3\]$_DFF_P_/D, endpoint slack:-5.4451443e-11
      654 |      11 |     115 |       63 |     12 |   115 |   -0.115 |       -7.7 |    157 | sa11_sr\[1\]$_DFF_P_/D
iter:654, pass:33, current fixing endpoint: sa22_sr\[3\]$_DFF_P_/D, endpoint slack:-5.3265947e-11
      654 |      11 |     114 |       63 |     12 |   112 |   -0.115 |       -7.6 |    157 | sa11_sr\[1\]$_DFF_P_/D
      655 |      11 |     114 |       63 |     12 |   112 |   -0.115 |       -7.6 |    157 | sa11_sr\[1\]$_DFF_P_/D
iter:655, pass:1, current fixing endpoint: u0.u2.d\[2\]$_DFF_P_/D, endpoint slack:-8.737855e-11
      656 |      11 |     115 |       63 |     12 |   112 |   -0.115 |       -7.6 |    157 | sa11_sr\[1\]$_DFF_P_/D
iter:656, pass:2, current fixing endpoint: u0.u2.d\[2\]$_DFF_P_/D, endpoint slack:-8.8393515e-11
      657 |      11 |     116 |       63 |     12 |   112 |   -0.115 |       -7.6 |    157 | sa11_sr\[1\]$_DFF_P_/D
iter:657, pass:3, current fixing endpoint: u0.u2.d\[2\]$_DFF_P_/D, endpoint slack:-8.882606e-11
      657 |      11 |     114 |       63 |     12 |   112 |   -0.115 |       -7.6 |    157 | sa11_sr\[1\]$_DFF_P_/D
      658 |      11 |     114 |       63 |     12 |   112 |   -0.115 |       -7.6 |    157 | sa11_sr\[1\]$_DFF_P_/D
iter:658, pass:1, current fixing endpoint: sa32_sr\[7\]$_DFF_P_/D, endpoint slack:-8.27336e-11
      659 |      11 |     114 |       65 |     12 |   112 |   -0.115 |       -7.6 |    157 | sa11_sr\[1\]$_DFF_P_/D
iter:659, pass:2, current fixing endpoint: sa32_sr\[7\]$_DFF_P_/D, endpoint slack:-8.5315977e-11
      660 |      11 |     115 |       65 |     12 |   112 |   -0.115 |       -7.6 |    157 | sa11_sr\[1\]$_DFF_P_/D
iter:660, pass:3, current fixing endpoint: sa32_sr\[7\]$_DFF_P_/D, endpoint slack:-8.823098e-11
      661 |      11 |     116 |       65 |     12 |   112 |   -0.115 |       -7.6 |    157 | sa11_sr\[1\]$_DFF_P_/D
iter:661, pass:4, current fixing endpoint: sa32_sr\[7\]$_DFF_P_/D, endpoint slack:-8.88245e-11
      662 |      11 |     117 |       65 |     12 |   112 |   -0.115 |       -7.6 |    157 | sa11_sr\[1\]$_DFF_P_/D
iter:662, pass:5, current fixing endpoint: sa32_sr\[7\]$_DFF_P_/D, endpoint slack:-8.640966e-11
      663 |      11 |     118 |       65 |     12 |   112 |   -0.115 |       -7.6 |    157 | sa11_sr\[1\]$_DFF_P_/D
iter:663, pass:6, current fixing endpoint: sa32_sr\[7\]$_DFF_P_/D, endpoint slack:-8.347878e-11
      663 |      11 |     114 |       64 |     12 |   112 |   -0.115 |       -7.6 |    157 | sa11_sr\[1\]$_DFF_P_/D
      664 |      11 |     114 |       64 |     12 |   112 |   -0.115 |       -7.6 |    157 | sa11_sr\[1\]$_DFF_P_/D
iter:664, pass:1, current fixing endpoint: sa02_sr\[2\]$_DFF_P_/D, endpoint slack:-8.518719e-11
      665 |      11 |     115 |       64 |     12 |   112 |   -0.117 |       -7.6 |    157 | sa11_sr\[1\]$_DFF_P_/D
iter:665, pass:2, current fixing endpoint: sa02_sr\[2\]$_DFF_P_/D, endpoint slack:-8.415535e-11
      666 |      11 |     116 |       64 |     12 |   112 |   -0.117 |       -7.6 |    157 | sa11_sr\[1\]$_DFF_P_/D
iter:666, pass:3, current fixing endpoint: sa02_sr\[2\]$_DFF_P_/D, endpoint slack:-8.2674756e-11
      667 |      11 |     117 |       64 |     12 |   112 |   -0.117 |       -7.6 |    157 | sa11_sr\[1\]$_DFF_P_/D
iter:667, pass:4, current fixing endpoint: sa02_sr\[2\]$_DFF_P_/D, endpoint slack:-8.103318e-11
      668 |      11 |     118 |       64 |     12 |   112 |   -0.117 |       -7.6 |    157 | sa11_sr\[1\]$_DFF_P_/D
iter:668, pass:5, current fixing endpoint: sa02_sr\[2\]$_DFF_P_/D, endpoint slack:-7.9975804e-11
      669 |      11 |     119 |       64 |     12 |   112 |   -0.117 |       -7.7 |    157 | sa11_sr\[1\]$_DFF_P_/D
iter:669, pass:6, current fixing endpoint: sa02_sr\[2\]$_DFF_P_/D, endpoint slack:-8.338219e-11
      670 |      11 |     120 |       64 |     12 |   112 |   -0.117 |       -7.6 |    157 | sa11_sr\[1\]$_DFF_P_/D
iter:670, pass:7, current fixing endpoint: sa02_sr\[2\]$_DFF_P_/D, endpoint slack:-7.945544e-11
      671 |      11 |     121 |       64 |     12 |   112 |   -0.117 |       -7.6 |    157 | sa11_sr\[1\]$_DFF_P_/D
iter:671, pass:8, current fixing endpoint: sa02_sr\[2\]$_DFF_P_/D, endpoint slack:-7.906564e-11
      672 |      11 |     122 |       64 |     12 |   112 |   -0.117 |       -7.6 |    157 | sa11_sr\[1\]$_DFF_P_/D
iter:672, pass:9, current fixing endpoint: sa02_sr\[2\]$_DFF_P_/D, endpoint slack:-7.568279e-11
      673 |      11 |     122 |       64 |     13 |   112 |   -0.117 |       -7.6 |    157 | sa11_sr\[1\]$_DFF_P_/D
iter:673, pass:10, current fixing endpoint: sa02_sr\[2\]$_DFF_P_/D, endpoint slack:-7.591372e-11
      674 |      11 |     123 |       64 |     13 |   112 |   -0.117 |       -7.6 |    157 | sa11_sr\[1\]$_DFF_P_/D
iter:674, pass:11, current fixing endpoint: sa02_sr\[2\]$_DFF_P_/D, endpoint slack:-7.54109e-11
      675 |      11 |     124 |       64 |     13 |   112 |   -0.117 |       -7.6 |    157 | sa11_sr\[1\]$_DFF_P_/D
iter:675, pass:12, current fixing endpoint: sa02_sr\[2\]$_DFF_P_/D, endpoint slack:-7.5072726e-11
      676 |      11 |     125 |       64 |     13 |   112 |   -0.117 |       -7.6 |    157 | sa11_sr\[1\]$_DFF_P_/D
iter:676, pass:13, current fixing endpoint: sa02_sr\[2\]$_DFF_P_/D, endpoint slack:-7.469225e-11
      677 |      11 |     126 |       64 |     13 |   112 |   -0.117 |       -7.6 |    157 | sa11_sr\[1\]$_DFF_P_/D
iter:677, pass:14, current fixing endpoint: sa02_sr\[2\]$_DFF_P_/D, endpoint slack:-7.133949e-11
      678 |      11 |     127 |       64 |     13 |   112 |   -0.117 |       -7.6 |    157 | sa11_sr\[1\]$_DFF_P_/D
iter:678, pass:15, current fixing endpoint: sa02_sr\[2\]$_DFF_P_/D, endpoint slack:-7.078926e-11
      679 |      11 |     127 |       64 |     14 |   112 |   -0.117 |       -7.6 |    157 | sa11_sr\[1\]$_DFF_P_/D
iter:679, pass:16, current fixing endpoint: sa02_sr\[2\]$_DFF_P_/D, endpoint slack:-6.904266e-11
      680 |      11 |     128 |       64 |     14 |   112 |   -0.117 |       -7.6 |    157 | sa11_sr\[1\]$_DFF_P_/D
iter:680, pass:17, current fixing endpoint: sa02_sr\[2\]$_DFF_P_/D, endpoint slack:-6.797929e-11
      681 |      11 |     129 |       64 |     14 |   112 |   -0.117 |       -7.6 |    157 | sa11_sr\[1\]$_DFF_P_/D
iter:681, pass:18, current fixing endpoint: sa02_sr\[2\]$_DFF_P_/D, endpoint slack:-6.5028094e-11
      682 |      11 |     129 |       64 |     15 |   112 |   -0.117 |       -7.6 |    157 | sa11_sr\[1\]$_DFF_P_/D
iter:682, pass:19, current fixing endpoint: sa02_sr\[2\]$_DFF_P_/D, endpoint slack:-6.761236e-11
      682 |      11 |     115 |       64 |     12 |   112 |   -0.115 |       -7.6 |    157 | sa11_sr\[1\]$_DFF_P_/D
      683 |      11 |     115 |       64 |     12 |   112 |   -0.115 |       -7.6 |    157 | sa11_sr\[1\]$_DFF_P_/D
iter:683, pass:1, current fixing endpoint: sa11_sr\[0\]$_DFF_P_/D, endpoint slack:-8.439638e-11
      684 |      11 |     115 |       64 |     13 |   112 |   -0.118 |       -7.6 |    157 | sa11_sr\[7\]$_DFF_P_/D
iter:684, pass:2, current fixing endpoint: sa11_sr\[0\]$_DFF_P_/D, endpoint slack:-8.14554e-11
      684 |      11 |     115 |       64 |     12 |   112 |   -0.118 |       -7.6 |    157 | sa11_sr\[1\]$_DFF_P_/D
      685 |      11 |     115 |       64 |     12 |   112 |   -0.118 |       -7.6 |    157 | sa11_sr\[1\]$_DFF_P_/D
iter:685, pass:1, current fixing endpoint: u0.u1.d\[2\]$_DFF_P_/D, endpoint slack:-8.294465e-11
      685 |      11 |     115 |       64 |     12 |   112 |   -0.118 |       -7.6 |    157 | sa11_sr\[1\]$_DFF_P_/D
      686 |      11 |     115 |       64 |     12 |   112 |   -0.118 |       -7.6 |    157 | sa11_sr\[1\]$_DFF_P_/D
iter:686, pass:1, current fixing endpoint: sa20_sr\[0\]$_DFF_P_/D, endpoint slack:-8.090906e-11
      686 |      11 |     115 |       64 |     12 |   112 |   -0.118 |       -7.6 |    157 | sa11_sr\[1\]$_DFF_P_/D
      687 |      11 |     115 |       64 |     12 |   112 |   -0.118 |       -7.6 |    157 | sa11_sr\[1\]$_DFF_P_/D
iter:687, pass:1, current fixing endpoint: u0.u2.d\[1\]$_DFF_P_/D, endpoint slack:-8.074297e-11
      688 |      11 |     116 |       64 |     12 |   112 |   -0.118 |       -7.6 |    157 | sa11_sr\[1\]$_DFF_P_/D
iter:688, pass:2, current fixing endpoint: u0.u2.d\[1\]$_DFF_P_/D, endpoint slack:-8.114853e-11
      689 |      11 |     117 |       64 |     12 |   112 |   -0.118 |       -7.7 |    157 | sa11_sr\[1\]$_DFF_P_/D
iter:689, pass:3, current fixing endpoint: u0.u2.d\[1\]$_DFF_P_/D, endpoint slack:-8.216605e-11
      690 |      11 |     118 |       64 |     12 |   112 |   -0.118 |       -7.7 |    157 | sa11_sr\[1\]$_DFF_P_/D
iter:690, pass:4, current fixing endpoint: u0.u2.d\[1\]$_DFF_P_/D, endpoint slack:-8.189438e-11
      691 |      11 |     119 |       64 |     12 |   112 |   -0.118 |       -7.7 |    157 | sa11_sr\[1\]$_DFF_P_/D
iter:691, pass:5, current fixing endpoint: u0.u2.d\[1\]$_DFF_P_/D, endpoint slack:-9.203882e-11
      692 |      11 |     120 |       64 |     12 |   112 |   -0.118 |       -7.7 |    157 | sa11_sr\[1\]$_DFF_P_/D
iter:692, pass:6, current fixing endpoint: u0.u2.d\[1\]$_DFF_P_/D, endpoint slack:-8.332468e-11
      692 |      11 |     116 |       64 |     12 |   112 |   -0.118 |       -7.6 |    157 | sa11_sr\[1\]$_DFF_P_/D
      693 |      11 |     116 |       64 |     12 |   112 |   -0.118 |       -7.6 |    157 | sa11_sr\[1\]$_DFF_P_/D
iter:693, pass:1, current fixing endpoint: sa20_sr\[7\]$_DFF_P_/D, endpoint slack:-7.8371754e-11
      694 |      11 |     117 |       64 |     12 |   112 |   -0.118 |       -7.6 |    157 | sa11_sr\[1\]$_DFF_P_/D
iter:694, pass:2, current fixing endpoint: sa20_sr\[7\]$_DFF_P_/D, endpoint slack:-7.835499e-11
      695 |      11 |     118 |       64 |     12 |   112 |   -0.118 |       -7.6 |    157 | sa11_sr\[1\]$_DFF_P_/D
iter:695, pass:3, current fixing endpoint: sa20_sr\[7\]$_DFF_P_/D, endpoint slack:-8.254497e-11
      695 |      11 |     117 |       64 |     12 |   112 |   -0.118 |       -7.6 |    157 | sa11_sr\[1\]$_DFF_P_/D
      696 |      11 |     117 |       64 |     12 |   112 |   -0.118 |       -7.6 |    157 | sa11_sr\[1\]$_DFF_P_/D
iter:696, pass:1, current fixing endpoint: sa13_sr\[3\]$_DFF_P_/D, endpoint slack:-7.833301e-11
      697 |      11 |     117 |       64 |     13 |   112 |   -0.118 |       -7.6 |    157 | sa11_sr\[1\]$_DFF_P_/D
iter:697, pass:2, current fixing endpoint: sa13_sr\[3\]$_DFF_P_/D, endpoint slack:-7.815448e-11
      697 |      11 |     117 |       64 |     13 |   112 |   -0.118 |       -7.6 |    157 | sa11_sr\[1\]$_DFF_P_/D
      698 |      11 |     117 |       64 |     13 |   112 |   -0.118 |       -7.6 |    157 | sa11_sr\[1\]$_DFF_P_/D
iter:698, pass:1, current fixing endpoint: sa20_sr\[5\]$_DFF_P_/D, endpoint slack:-8.130985e-11
      699 |      11 |     118 |       64 |     13 |   112 |   -0.118 |       -7.6 |    157 | sa11_sr\[1\]$_DFF_P_/D
iter:699, pass:2, current fixing endpoint: sa20_sr\[5\]$_DFF_P_/D, endpoint slack:-8.4493634e-11
      699 |      11 |     117 |       64 |     13 |   112 |   -0.118 |       -7.6 |    157 | sa11_sr\[1\]$_DFF_P_/D
      700 |      11 |     117 |       64 |     13 |   112 |   -0.118 |       -7.6 |    157 | sa11_sr\[1\]$_DFF_P_/D
iter:700, pass:1, current fixing endpoint: sa11_sr\[2\]$_DFF_P_/D, endpoint slack:-7.7416074e-11
      701 |      11 |     118 |       64 |     13 |   112 |   -0.118 |       -7.6 |    157 | sa11_sr\[1\]$_DFF_P_/D
iter:701, pass:2, current fixing endpoint: sa11_sr\[2\]$_DFF_P_/D, endpoint slack:-6.9196426e-11
      701 |      11 |     118 |       64 |     13 |   112 |   -0.118 |       -7.6 |    157 | sa11_sr\[1\]$_DFF_P_/D
      702 |      11 |     118 |       64 |     13 |   112 |   -0.118 |       -7.6 |    157 | sa11_sr\[1\]$_DFF_P_/D
iter:702, pass:1, current fixing endpoint: sa02_sr\[1\]$_DFF_P_/D, endpoint slack:-7.575718e-11
      703 |      11 |     119 |       64 |     13 |   112 |   -0.117 |       -7.6 |    157 | sa11_sr\[1\]$_DFF_P_/D
iter:703, pass:2, current fixing endpoint: sa02_sr\[1\]$_DFF_P_/D, endpoint slack:-7.472545e-11
      704 |      11 |     120 |       64 |     13 |   112 |   -0.117 |       -7.6 |    157 | sa11_sr\[1\]$_DFF_P_/D
iter:704, pass:3, current fixing endpoint: sa02_sr\[1\]$_DFF_P_/D, endpoint slack:-7.226597e-11
      705 |      11 |     121 |       64 |     13 |   112 |   -0.117 |       -7.6 |    157 | sa11_sr\[1\]$_DFF_P_/D
iter:705, pass:4, current fixing endpoint: sa02_sr\[1\]$_DFF_P_/D, endpoint slack:-6.84951e-11
      706 |      11 |     122 |       64 |     13 |   112 |   -0.117 |       -7.6 |    157 | sa11_sr\[1\]$_DFF_P_/D
iter:706, pass:5, current fixing endpoint: sa02_sr\[1\]$_DFF_P_/D, endpoint slack:-6.7014505e-11
      707 |      11 |     123 |       64 |     13 |   112 |   -0.117 |       -7.6 |    157 | sa11_sr\[1\]$_DFF_P_/D
iter:707, pass:6, current fixing endpoint: sa02_sr\[1\]$_DFF_P_/D, endpoint slack:-6.537293e-11
      708 |      11 |     124 |       64 |     13 |   112 |   -0.117 |       -7.6 |    157 | sa11_sr\[1\]$_DFF_P_/D
iter:708, pass:7, current fixing endpoint: sa02_sr\[1\]$_DFF_P_/D, endpoint slack:-6.431544e-11
      709 |      11 |     124 |       64 |     14 |   112 |   -0.117 |       -7.6 |    157 | sa11_sr\[1\]$_DFF_P_/D
iter:709, pass:8, current fixing endpoint: sa02_sr\[1\]$_DFF_P_/D, endpoint slack:-6.5999206e-11
      710 |      11 |     125 |       64 |     14 |   112 |   -0.117 |       -7.6 |    157 | sa11_sr\[1\]$_DFF_P_/D
iter:710, pass:9, current fixing endpoint: sa02_sr\[1\]$_DFF_P_/D, endpoint slack:-6.544909e-11
      711 |      11 |     125 |       64 |     15 |   112 |   -0.117 |       -7.6 |    157 | sa11_sr\[1\]$_DFF_P_/D
iter:711, pass:10, current fixing endpoint: sa02_sr\[1\]$_DFF_P_/D, endpoint slack:-6.2644334e-11
      712 |      11 |     125 |       64 |     16 |   112 |   -0.117 |       -7.6 |    157 | sa11_sr\[1\]$_DFF_P_/D
iter:712, pass:11, current fixing endpoint: sa02_sr\[1\]$_DFF_P_/D, endpoint slack:-6.494072e-11
      712 |      11 |     125 |       64 |     15 |   112 |   -0.117 |       -7.6 |    157 | sa11_sr\[1\]$_DFF_P_/D
      713 |      11 |     125 |       64 |     15 |   112 |   -0.117 |       -7.6 |    157 | sa11_sr\[1\]$_DFF_P_/D
iter:713, pass:1, current fixing endpoint: sa02_sr\[3\]$_DFF_P_/D, endpoint slack:-7.18281e-11
      714 |      11 |     126 |       64 |     15 |   112 |   -0.117 |       -7.6 |    157 | sa11_sr\[1\]$_DFF_P_/D
iter:714, pass:2, current fixing endpoint: sa02_sr\[3\]$_DFF_P_/D, endpoint slack:-7.124057e-11
      715 |      11 |     126 |       64 |     15 |   113 |   -0.117 |       -7.6 |    157 | sa11_sr\[1\]$_DFF_P_/D
iter:715, pass:3, current fixing endpoint: sa02_sr\[3\]$_DFF_P_/D, endpoint slack:-7.369039e-11
      716 |      11 |     126 |       64 |     16 |   113 |   -0.117 |       -7.6 |    157 | sa11_sr\[1\]$_DFF_P_/D
iter:716, pass:4, current fixing endpoint: sa02_sr\[3\]$_DFF_P_/D, endpoint slack:-6.9456774e-11
      716 |      11 |     126 |       64 |     16 |   113 |   -0.117 |       -7.6 |    157 | sa11_sr\[1\]$_DFF_P_/D
      717 |      11 |     126 |       64 |     16 |   113 |   -0.117 |       -7.6 |    157 | sa11_sr\[1\]$_DFF_P_/D
iter:717, pass:1, current fixing endpoint: sa02_sr\[7\]$_DFF_P_/D, endpoint slack:-6.53001e-11
      718 |      11 |     127 |       64 |     16 |   113 |   -0.117 |       -7.6 |    157 | sa11_sr\[1\]$_DFF_P_/D
iter:718, pass:2, current fixing endpoint: sa02_sr\[7\]$_DFF_P_/D, endpoint slack:-6.305689e-11
      719 |      11 |     128 |       64 |     16 |   113 |   -0.117 |       -7.6 |    157 | sa11_sr\[1\]$_DFF_P_/D
iter:719, pass:3, current fixing endpoint: sa02_sr\[7\]$_DFF_P_/D, endpoint slack:-6.731493e-11
      720 |      11 |     129 |       64 |     16 |   113 |   -0.117 |       -7.6 |    157 | sa11_sr\[1\]$_DFF_P_/D
iter:720, pass:4, current fixing endpoint: sa02_sr\[7\]$_DFF_P_/D, endpoint slack:-5.5649374e-11
      721 |      11 |     130 |       64 |     16 |   113 |   -0.117 |       -7.6 |    157 | sa11_sr\[1\]$_DFF_P_/D
iter:721, pass:5, current fixing endpoint: sa02_sr\[7\]$_DFF_P_/D, endpoint slack:-5.2556737e-11
      722 |      11 |     131 |       64 |     16 |   113 |   -0.117 |       -7.6 |    157 | sa11_sr\[1\]$_DFF_P_/D
iter:722, pass:6, current fixing endpoint: sa02_sr\[7\]$_DFF_P_/D, endpoint slack:-5.4048543e-11
      723 |      11 |     132 |       64 |     16 |   113 |   -0.117 |       -7.6 |    157 | sa11_sr\[1\]$_DFF_P_/D
iter:723, pass:7, current fixing endpoint: sa02_sr\[7\]$_DFF_P_/D, endpoint slack:-5.3309468e-11
      724 |      11 |     133 |       64 |     16 |   113 |   -0.117 |       -7.6 |    157 | sa11_sr\[1\]$_DFF_P_/D
iter:724, pass:8, current fixing endpoint: sa02_sr\[7\]$_DFF_P_/D, endpoint slack:-5.1728732e-11
      725 |      11 |     134 |       64 |     16 |   113 |   -0.117 |       -7.6 |    157 | sa11_sr\[1\]$_DFF_P_/D
iter:725, pass:9, current fixing endpoint: sa02_sr\[7\]$_DFF_P_/D, endpoint slack:-5.079237e-11
      726 |      11 |     135 |       64 |     16 |   113 |   -0.117 |       -7.6 |    157 | sa11_sr\[1\]$_DFF_P_/D
iter:726, pass:10, current fixing endpoint: sa02_sr\[7\]$_DFF_P_/D, endpoint slack:-5.249612e-11
      726 |      11 |     134 |       64 |     16 |   113 |   -0.117 |       -7.6 |    157 | sa11_sr\[1\]$_DFF_P_/D
      727 |      11 |     134 |       64 |     16 |   113 |   -0.117 |       -7.6 |    157 | sa11_sr\[1\]$_DFF_P_/D
iter:727, pass:1, current fixing endpoint: sa20_sr\[2\]$_DFF_P_/D, endpoint slack:-7.6778583e-11
      728 |      11 |     135 |       64 |     16 |   113 |   -0.117 |       -7.6 |    157 | sa11_sr\[1\]$_DFF_P_/D
iter:728, pass:2, current fixing endpoint: sa20_sr\[2\]$_DFF_P_/D, endpoint slack:-7.712131e-11
      729 |      11 |     135 |       66 |     16 |   113 |   -0.117 |       -7.6 |    157 | sa11_sr\[1\]$_DFF_P_/D
iter:729, pass:3, current fixing endpoint: sa20_sr\[2\]$_DFF_P_/D, endpoint slack:-9.077272e-11
      729 |      11 |     134 |       65 |     16 |   113 |   -0.117 |       -7.6 |    157 | sa11_sr\[1\]$_DFF_P_/D
      730 |      11 |     134 |       65 |     16 |   113 |   -0.117 |       -7.6 |    157 | sa11_sr\[1\]$_DFF_P_/D
iter:730, pass:1, current fixing endpoint: sa11_sr\[5\]$_DFF_P_/D, endpoint slack:-7.359191e-11
      731 |      11 |     135 |       65 |     16 |   113 |   -0.117 |       -7.6 |    157 | sa11_sr\[1\]$_DFF_P_/D
iter:731, pass:2, current fixing endpoint: sa11_sr\[5\]$_DFF_P_/D, endpoint slack:-7.5337514e-11
      731 |      11 |     134 |       65 |     16 |   113 |   -0.117 |       -7.6 |    157 | sa11_sr\[1\]$_DFF_P_/D
      732 |      11 |     134 |       65 |     16 |   113 |   -0.117 |       -7.6 |    157 | sa11_sr\[1\]$_DFF_P_/D
iter:732, pass:1, current fixing endpoint: sa23_sr\[7\]$_DFF_P_/D, endpoint slack:-6.964984e-11
      733 |      11 |     134 |       67 |     16 |   113 |   -0.117 |       -7.6 |    157 | sa11_sr\[1\]$_DFF_P_/D
iter:733, pass:2, current fixing endpoint: sa23_sr\[7\]$_DFF_P_/D, endpoint slack:-6.712275e-11
      734 |      11 |     135 |       67 |     16 |   113 |   -0.117 |       -7.6 |    157 | sa11_sr\[1\]$_DFF_P_/D
iter:734, pass:3, current fixing endpoint: sa23_sr\[7\]$_DFF_P_/D, endpoint slack:-6.5018435e-11
      735 |      11 |     135 |       67 |     17 |   113 |   -0.117 |       -7.6 |    157 | sa11_sr\[1\]$_DFF_P_/D
iter:735, pass:4, current fixing endpoint: sa23_sr\[7\]$_DFF_P_/D, endpoint slack:-6.2765904e-11
      736 |      11 |     136 |       67 |     17 |   113 |   -0.117 |       -7.6 |    157 | sa11_sr\[1\]$_DFF_P_/D
iter:736, pass:5, current fixing endpoint: sa23_sr\[7\]$_DFF_P_/D, endpoint slack:-6.07987e-11
      737 |      11 |     136 |       69 |     17 |   113 |   -0.117 |       -7.7 |    157 | sa11_sr\[1\]$_DFF_P_/D
iter:737, pass:6, current fixing endpoint: sa23_sr\[7\]$_DFF_P_/D, endpoint slack:-7.974854e-11
      738 |      11 |     137 |       69 |     17 |   113 |   -0.117 |       -7.7 |    157 | sa11_sr\[1\]$_DFF_P_/D
iter:738, pass:7, current fixing endpoint: sa23_sr\[7\]$_DFF_P_/D, endpoint slack:-7.800638e-11
      739 |      12 |     137 |       69 |     17 |   113 |   -0.117 |       -7.6 |    157 | sa11_sr\[1\]$_DFF_P_/D
iter:739, pass:8, current fixing endpoint: sa23_sr\[7\]$_DFF_P_/D, endpoint slack:-6.0539795e-11
      739 |      12 |     137 |       69 |     17 |   113 |   -0.117 |       -7.6 |    157 | sa11_sr\[1\]$_DFF_P_/D
      740 |      12 |     137 |       69 |     17 |   113 |   -0.117 |       -7.6 |    157 | sa11_sr\[1\]$_DFF_P_/D
iter:740, pass:1, current fixing endpoint: sa20_sr\[6\]$_DFF_P_/D, endpoint slack:-7.242906e-11
      741 |      12 |     137 |       69 |     17 |   114 |   -0.117 |       -7.6 |    157 | sa11_sr\[1\]$_DFF_P_/D
iter:741, pass:2, current fixing endpoint: sa20_sr\[6\]$_DFF_P_/D, endpoint slack:-8.222201e-11
      742 |      12 |     137 |       69 |     17 |   115 |   -0.117 |       -7.6 |    157 | sa11_sr\[1\]$_DFF_P_/D
iter:742, pass:3, current fixing endpoint: sa20_sr\[6\]$_DFF_P_/D, endpoint slack:-8.6667784e-11
      743 |      12 |     137 |       71 |     17 |   115 |   -0.118 |       -7.7 |    157 | sa20_sr\[0\]$_DFF_P_/D
iter:743, pass:4, current fixing endpoint: sa20_sr\[6\]$_DFF_P_/D, endpoint slack:-7.607459e-11
      744 |      12 |     138 |       71 |     17 |   115 |   -0.118 |       -7.7 |    157 | sa20_sr\[0\]$_DFF_P_/D
iter:744, pass:5, current fixing endpoint: sa20_sr\[6\]$_DFF_P_/D, endpoint slack:-7.634349e-11
      745 |      12 |     138 |       71 |     17 |   116 |   -0.118 |       -7.7 |    157 | sa20_sr\[0\]$_DFF_P_/D
iter:745, pass:6, current fixing endpoint: sa20_sr\[6\]$_DFF_P_/D, endpoint slack:-7.129464e-11
      745 |      12 |     137 |       70 |     17 |   113 |   -0.117 |       -7.6 |    157 | sa11_sr\[1\]$_DFF_P_/D
      746 |      12 |     137 |       70 |     17 |   113 |   -0.117 |       -7.6 |    157 | sa11_sr\[1\]$_DFF_P_/D
iter:746, pass:1, current fixing endpoint: u0.u3.d\[1\]$_DFF_P_/D, endpoint slack:-6.8041905e-11
      747 |      12 |     137 |       70 |     17 |   114 |   -0.117 |       -7.6 |    157 | sa11_sr\[1\]$_DFF_P_/D
iter:747, pass:2, current fixing endpoint: u0.u3.d\[1\]$_DFF_P_/D, endpoint slack:-6.261747e-11
      748 |      12 |     137 |       70 |     17 |   115 |   -0.117 |       -7.6 |    157 | sa11_sr\[1\]$_DFF_P_/D
iter:748, pass:3, current fixing endpoint: u0.u3.d\[1\]$_DFF_P_/D, endpoint slack:-6.3536176e-11
      749 |      12 |     137 |       70 |     17 |   116 |   -0.117 |       -7.6 |    157 | sa11_sr\[1\]$_DFF_P_/D
iter:749, pass:4, current fixing endpoint: u0.u3.d\[1\]$_DFF_P_/D, endpoint slack:-6.4379724e-11
      750 |      13 |     137 |       70 |     17 |   116 |   -0.117 |       -7.6 |    157 | sa11_sr\[1\]$_DFF_P_/D
iter:750, pass:5, current fixing endpoint: u0.u3.d\[1\]$_DFF_P_/D, endpoint slack:-6.433809e-11
      751 |      13 |     137 |       72 |     17 |   116 |   -0.117 |       -7.6 |    157 | sa11_sr\[1\]$_DFF_P_/D
iter:751, pass:6, current fixing endpoint: u0.u3.d\[1\]$_DFF_P_/D, endpoint slack:-6.143075e-11
      752 |      14 |     137 |       72 |     17 |   116 |   -0.117 |       -7.6 |    157 | sa11_sr\[1\]$_DFF_P_/D
iter:752, pass:7, current fixing endpoint: u0.u3.d\[1\]$_DFF_P_/D, endpoint slack:-6.094014e-11
      753 |      14 |     137 |       72 |     17 |   117 |   -0.117 |       -7.6 |    157 | sa11_sr\[1\]$_DFF_P_/D
iter:753, pass:8, current fixing endpoint: u0.u3.d\[1\]$_DFF_P_/D, endpoint slack:-6.037648e-11
      754 |      14 |     138 |       72 |     17 |   117 |   -0.117 |       -7.6 |    157 | sa11_sr\[1\]$_DFF_P_/D
iter:754, pass:9, current fixing endpoint: u0.u3.d\[1\]$_DFF_P_/D, endpoint slack:-5.9144356e-11
      754 |      14 |     138 |       72 |     17 |   117 |   -0.117 |       -7.6 |    157 | sa11_sr\[1\]$_DFF_P_/D
      755 |      14 |     138 |       72 |     17 |   117 |   -0.117 |       -7.6 |    157 | sa11_sr\[1\]$_DFF_P_/D
iter:755, pass:1, current fixing endpoint: sa13_sr\[2\]$_DFF_P_/D, endpoint slack:-6.875711e-11
      756 |      14 |     138 |       72 |     17 |   118 |   -0.117 |       -7.6 |    157 | sa11_sr\[1\]$_DFF_P_/D
iter:756, pass:2, current fixing endpoint: sa13_sr\[2\]$_DFF_P_/D, endpoint slack:-7.58168e-11
      757 |      14 |     138 |       72 |     17 |   119 |   -0.117 |       -7.6 |    157 | sa11_sr\[1\]$_DFF_P_/D
iter:757, pass:3, current fixing endpoint: sa13_sr\[2\]$_DFF_P_/D, endpoint slack:-7.560663e-11
      758 |      14 |     139 |       72 |     17 |   119 |   -0.117 |       -7.6 |    157 | sa11_sr\[1\]$_DFF_P_/D
iter:758, pass:4, current fixing endpoint: sa13_sr\[2\]$_DFF_P_/D, endpoint slack:-7.2961304e-11
      759 |      14 |     140 |       72 |     17 |   119 |   -0.117 |       -7.5 |    157 | sa11_sr\[1\]$_DFF_P_/D
iter:759, pass:5, current fixing endpoint: sa13_sr\[2\]$_DFF_P_/D, endpoint slack:-7.130929e-11
      760 |      15 |     140 |       72 |     17 |   119 |   -0.117 |       -7.5 |    157 | sa11_sr\[1\]$_DFF_P_/D
iter:760, pass:6, current fixing endpoint: sa13_sr\[2\]$_DFF_P_/D, endpoint slack:-6.022749e-11
      761 |      15 |     140 |       72 |     18 |   119 |   -0.117 |       -7.5 |    157 | sa11_sr\[1\]$_DFF_P_/D
iter:761, pass:7, current fixing endpoint: sa13_sr\[2\]$_DFF_P_/D, endpoint slack:-6.308032e-11
      762 |      15 |     141 |       72 |     18 |   119 |   -0.117 |       -7.5 |    157 | sa11_sr\[1\]$_DFF_P_/D
iter:762, pass:8, current fixing endpoint: sa13_sr\[2\]$_DFF_P_/D, endpoint slack:-6.015244e-11
      763 |      15 |     142 |       72 |     18 |   119 |   -0.117 |       -7.6 |    157 | sa11_sr\[1\]$_DFF_P_/D
iter:763, pass:9, current fixing endpoint: sa13_sr\[2\]$_DFF_P_/D, endpoint slack:-6.290901e-11
      764 |      15 |     143 |       72 |     18 |   119 |   -0.117 |       -7.6 |    157 | sa11_sr\[1\]$_DFF_P_/D
iter:764, pass:10, current fixing endpoint: sa13_sr\[2\]$_DFF_P_/D, endpoint slack:-6.288747e-11
      765 |      15 |     144 |       72 |     18 |   119 |   -0.117 |       -7.6 |    157 | sa11_sr\[1\]$_DFF_P_/D
iter:765, pass:11, current fixing endpoint: sa13_sr\[2\]$_DFF_P_/D, endpoint slack:-6.329226e-11
      766 |      15 |     144 |       72 |     19 |   119 |   -0.117 |       -7.5 |    157 | sa11_sr\[1\]$_DFF_P_/D
iter:766, pass:12, current fixing endpoint: sa13_sr\[2\]$_DFF_P_/D, endpoint slack:-6.216705e-11
      767 |      15 |     144 |       72 |     20 |   119 |   -0.117 |       -7.5 |    157 | sa11_sr\[1\]$_DFF_P_/D
iter:767, pass:13, current fixing endpoint: sa13_sr\[2\]$_DFF_P_/D, endpoint slack:-5.819889e-11
      768 |      15 |     144 |       72 |     20 |   120 |   -0.117 |       -7.5 |    157 | sa11_sr\[1\]$_DFF_P_/D
iter:768, pass:14, current fixing endpoint: sa13_sr\[2\]$_DFF_P_/D, endpoint slack:-6.145151e-11
      768 |      15 |     144 |       72 |     20 |   119 |   -0.117 |       -7.5 |    157 | sa11_sr\[1\]$_DFF_P_/D
      769 |      15 |     144 |       72 |     20 |   119 |   -0.117 |       -7.5 |    157 | sa11_sr\[1\]$_DFF_P_/D
iter:769, pass:1, current fixing endpoint: sa12_sr\[0\]$_DFF_P_/D, endpoint slack:-6.63577e-11
      770 |      15 |     144 |       72 |     20 |   120 |   -0.117 |       -7.6 |    157 | sa11_sr\[1\]$_DFF_P_/D
iter:770, pass:2, current fixing endpoint: sa12_sr\[0\]$_DFF_P_/D, endpoint slack:-7.231593e-11
      771 |      15 |     144 |       72 |     20 |   121 |   -0.117 |       -7.6 |    157 | sa11_sr\[1\]$_DFF_P_/D
iter:771, pass:3, current fixing endpoint: sa12_sr\[0\]$_DFF_P_/D, endpoint slack:-6.321832e-11
      772 |      15 |     144 |       72 |     20 |   122 |   -0.117 |       -7.5 |    157 | sa11_sr\[1\]$_DFF_P_/D
iter:772, pass:4, current fixing endpoint: sa12_sr\[0\]$_DFF_P_/D, endpoint slack:-6.038203e-11
      773 |      15 |     144 |       72 |     20 |   123 |   -0.117 |       -7.5 |    157 | sa11_sr\[1\]$_DFF_P_/D
iter:773, pass:5, current fixing endpoint: sa12_sr\[0\]$_DFF_P_/D, endpoint slack:-5.906142e-11
      774 |      15 |     144 |       72 |     20 |   124 |   -0.117 |       -7.5 |    157 | sa11_sr\[1\]$_DFF_P_/D
iter:774, pass:6, current fixing endpoint: sa12_sr\[0\]$_DFF_P_/D, endpoint slack:-5.874534e-11
      775 |      15 |     144 |       72 |     20 |   125 |   -0.117 |       -7.5 |    157 | sa11_sr\[1\]$_DFF_P_/D
iter:775, pass:7, current fixing endpoint: sa12_sr\[0\]$_DFF_P_/D, endpoint slack:-6.2870265e-11
      776 |      15 |     145 |       72 |     20 |   125 |   -0.117 |       -7.5 |    157 | sa11_sr\[1\]$_DFF_P_/D
iter:776, pass:8, current fixing endpoint: sa12_sr\[0\]$_DFF_P_/D, endpoint slack:-6.796097e-11
      777 |      15 |     145 |       72 |     20 |   126 |   -0.117 |       -7.5 |    157 | sa11_sr\[1\]$_DFF_P_/D
iter:777, pass:9, current fixing endpoint: sa12_sr\[0\]$_DFF_P_/D, endpoint slack:-7.018297e-11
      778 |      15 |     145 |       72 |     20 |   127 |   -0.117 |       -7.5 |    157 | sa11_sr\[1\]$_DFF_P_/D
iter:778, pass:10, current fixing endpoint: sa12_sr\[0\]$_DFF_P_/D, endpoint slack:-6.451484e-11
      779 |      15 |     145 |       72 |     20 |   128 |   -0.117 |       -7.5 |    157 | sa11_sr\[1\]$_DFF_P_/D
iter:779, pass:11, current fixing endpoint: sa12_sr\[0\]$_DFF_P_/D, endpoint slack:-6.306189e-11
      780 |      15 |     145 |       72 |     20 |   129 |   -0.117 |       -7.5 |    157 | sa11_sr\[1\]$_DFF_P_/D
iter:780, pass:12, current fixing endpoint: sa12_sr\[0\]$_DFF_P_/D, endpoint slack:-6.466716e-11
      780 |      15 |     144 |       72 |     20 |   124 |   -0.117 |       -7.5 |    157 | sa11_sr\[1\]$_DFF_P_/D
      781 |      15 |     144 |       72 |     20 |   124 |   -0.117 |       -7.5 |    157 | sa11_sr\[1\]$_DFF_P_/D
iter:781, pass:1, current fixing endpoint: u0.u0.d\[6\]$_DFF_P_/D, endpoint slack:-6.556666e-11
      781 |      15 |     144 |       72 |     20 |   124 |   -0.117 |       -7.5 |    157 | sa11_sr\[1\]$_DFF_P_/D
      782 |      15 |     144 |       72 |     20 |   124 |   -0.117 |       -7.5 |    157 | sa11_sr\[1\]$_DFF_P_/D
iter:782, pass:1, current fixing endpoint: sa32_sr\[5\]$_DFF_P_/D, endpoint slack:-6.37187e-11
      783 |      15 |     144 |       72 |     20 |   125 |   -0.117 |       -7.5 |    157 | sa11_sr\[1\]$_DFF_P_/D
iter:783, pass:2, current fixing endpoint: sa32_sr\[5\]$_DFF_P_/D, endpoint slack:-6.227463e-11
      784 |      15 |     144 |       74 |     20 |   125 |   -0.117 |       -7.5 |    157 | sa11_sr\[1\]$_DFF_P_/D
iter:784, pass:3, current fixing endpoint: sa32_sr\[5\]$_DFF_P_/D, endpoint slack:-6.193346e-11
      785 |      15 |     145 |       74 |     20 |   125 |   -0.117 |       -7.5 |    157 | sa11_sr\[1\]$_DFF_P_/D
iter:785, pass:4, current fixing endpoint: sa32_sr\[5\]$_DFF_P_/D, endpoint slack:-7.415413e-11
      786 |      15 |     146 |       74 |     20 |   125 |   -0.117 |       -7.5 |    157 | sa11_sr\[1\]$_DFF_P_/D
iter:786, pass:5, current fixing endpoint: sa32_sr\[5\]$_DFF_P_/D, endpoint slack:-6.4123595e-11
      787 |      15 |     146 |       74 |     20 |   126 |   -0.117 |       -7.5 |    157 | sa11_sr\[1\]$_DFF_P_/D
iter:787, pass:6, current fixing endpoint: sa32_sr\[5\]$_DFF_P_/D, endpoint slack:-7.148471e-11
      788 |      15 |     146 |       74 |     20 |   127 |   -0.117 |       -7.5 |    157 | sa11_sr\[1\]$_DFF_P_/D
iter:788, pass:7, current fixing endpoint: sa32_sr\[5\]$_DFF_P_/D, endpoint slack:-7.496803e-11
      788 |      15 |     144 |       74 |     20 |   125 |   -0.117 |       -7.5 |    157 | sa11_sr\[1\]$_DFF_P_/D
      789 |      15 |     144 |       74 |     20 |   125 |   -0.117 |       -7.5 |    157 | sa11_sr\[1\]$_DFF_P_/D
iter:789, pass:1, current fixing endpoint: sa01_sr\[6\]$_DFF_P_/D, endpoint slack:-6.540024e-11
      790 |      15 |     144 |       74 |     20 |   126 |   -0.117 |       -7.5 |    157 | sa11_sr\[1\]$_DFF_P_/D
iter:790, pass:2, current fixing endpoint: sa01_sr\[6\]$_DFF_P_/D, endpoint slack:-7.106016e-11
      791 |      15 |     144 |       76 |     20 |   126 |   -0.117 |       -7.5 |    157 | sa11_sr\[1\]$_DFF_P_/D
iter:791, pass:3, current fixing endpoint: sa01_sr\[6\]$_DFF_P_/D, endpoint slack:-6.4403816e-11
      792 |      15 |     144 |       76 |     20 |   127 |   -0.117 |       -7.5 |    157 | sa11_sr\[1\]$_DFF_P_/D
iter:792, pass:4, current fixing endpoint: sa01_sr\[6\]$_DFF_P_/D, endpoint slack:-6.28384e-11
      793 |      15 |     145 |       76 |     20 |   127 |   -0.117 |       -7.5 |    157 | sa11_sr\[1\]$_DFF_P_/D
iter:793, pass:5, current fixing endpoint: sa01_sr\[6\]$_DFF_P_/D, endpoint slack:-6.884826e-11
      794 |      15 |     145 |       76 |     20 |   128 |   -0.117 |       -7.5 |    157 | sa11_sr\[1\]$_DFF_P_/D
iter:794, pass:6, current fixing endpoint: sa01_sr\[6\]$_DFF_P_/D, endpoint slack:-7.7041484e-11
      795 |      15 |     145 |       78 |     20 |   128 |   -0.117 |       -7.5 |    157 | sa11_sr\[1\]$_DFF_P_/D
iter:795, pass:7, current fixing endpoint: sa01_sr\[6\]$_DFF_P_/D, endpoint slack:-6.857248e-11
      796 |      15 |     145 |       78 |     20 |   129 |   -0.117 |       -7.5 |    157 | sa11_sr\[1\]$_DFF_P_/D
iter:796, pass:8, current fixing endpoint: sa01_sr\[6\]$_DFF_P_/D, endpoint slack:-7.086065e-11
      797 |      15 |     146 |       78 |     20 |   129 |   -0.117 |       -7.5 |    157 | sa11_sr\[1\]$_DFF_P_/D
iter:797, pass:9, current fixing endpoint: sa01_sr\[6\]$_DFF_P_/D, endpoint slack:-6.583123e-11
      798 |      15 |     146 |       78 |     20 |   130 |   -0.117 |       -7.5 |    157 | sa11_sr\[1\]$_DFF_P_/D
iter:798, pass:10, current fixing endpoint: sa01_sr\[6\]$_DFF_P_/D, endpoint slack:-6.138867e-11
      799 |      15 |     147 |       78 |     20 |   130 |   -0.117 |       -7.4 |    157 | sa11_sr\[1\]$_DFF_P_/D
iter:799, pass:11, current fixing endpoint: sa01_sr\[6\]$_DFF_P_/D, endpoint slack:-5.9197536e-11
      800 |      15 |     148 |       78 |     20 |   130 |   -0.117 |       -7.4 |    157 | sa11_sr\[1\]$_DFF_P_/D
iter:800, pass:12, current fixing endpoint: sa01_sr\[6\]$_DFF_P_/D, endpoint slack:-5.694567e-11
      801 |      15 |     149 |       78 |     20 |   130 |   -0.117 |       -7.4 |    157 | sa11_sr\[1\]$_DFF_P_/D
iter:801, pass:13, current fixing endpoint: sa01_sr\[6\]$_DFF_P_/D, endpoint slack:-5.522849e-11
      802 |      15 |     149 |       78 |     20 |   131 |   -0.117 |       -7.4 |    157 | sa11_sr\[1\]$_DFF_P_/D
iter:802, pass:14, current fixing endpoint: sa01_sr\[6\]$_DFF_P_/D, endpoint slack:-5.2354343e-11
      803 |      15 |     149 |       78 |     20 |   132 |   -0.117 |       -7.4 |    157 | sa11_sr\[1\]$_DFF_P_/D
iter:803, pass:15, current fixing endpoint: sa01_sr\[6\]$_DFF_P_/D, endpoint slack:-4.7403415e-11
      803 |      15 |     149 |       78 |     20 |   132 |   -0.117 |       -7.4 |    157 | sa11_sr\[1\]$_DFF_P_/D
      804 |      15 |     149 |       78 |     20 |   132 |   -0.117 |       -7.4 |    157 | sa11_sr\[1\]$_DFF_P_/D
iter:804, pass:1, current fixing endpoint: sa32_sr\[6\]$_DFF_P_/D, endpoint slack:-6.176781e-11
      805 |      15 |     149 |       78 |     20 |   133 |   -0.117 |       -7.4 |    157 | sa11_sr\[1\]$_DFF_P_/D
iter:805, pass:2, current fixing endpoint: sa32_sr\[6\]$_DFF_P_/D, endpoint slack:-8.01188e-11
      806 |      15 |     149 |       78 |     20 |   134 |   -0.117 |       -7.4 |    157 | sa11_sr\[1\]$_DFF_P_/D
iter:806, pass:3, current fixing endpoint: sa32_sr\[6\]$_DFF_P_/D, endpoint slack:-7.875445e-11
      807 |      15 |     150 |       78 |     20 |   134 |   -0.117 |       -7.4 |    157 | sa11_sr\[1\]$_DFF_P_/D
iter:807, pass:4, current fixing endpoint: sa32_sr\[6\]$_DFF_P_/D, endpoint slack:-7.631262e-11
      808 |      15 |     150 |       78 |     20 |   135 |   -0.117 |       -7.4 |    157 | sa11_sr\[1\]$_DFF_P_/D
iter:808, pass:5, current fixing endpoint: sa32_sr\[6\]$_DFF_P_/D, endpoint slack:-7.1144535e-11
      809 |      15 |     151 |       78 |     20 |   135 |   -0.117 |       -7.4 |    157 | sa11_sr\[1\]$_DFF_P_/D
iter:809, pass:6, current fixing endpoint: sa32_sr\[6\]$_DFF_P_/D, endpoint slack:-6.754386e-11
      810 |      15 |     151 |       80 |     20 |   135 |   -0.117 |       -7.6 |    157 | sa11_sr\[1\]$_DFF_P_/D
iter:810, pass:7, current fixing endpoint: sa32_sr\[6\]$_DFF_P_/D, endpoint slack:-9.561041e-11
      811 |      15 |     152 |       80 |     20 |   135 |   -0.117 |       -7.5 |    157 | sa11_sr\[1\]$_DFF_P_/D
iter:811, pass:8, current fixing endpoint: sa32_sr\[6\]$_DFF_P_/D, endpoint slack:-8.568157e-11
      812 |      15 |     153 |       80 |     20 |   135 |   -0.117 |       -7.5 |    157 | sa11_sr\[1\]$_DFF_P_/D
iter:812, pass:9, current fixing endpoint: sa32_sr\[6\]$_DFF_P_/D, endpoint slack:-8.337875e-11
      813 |      15 |     154 |       80 |     20 |   135 |   -0.117 |       -7.5 |    157 | sa11_sr\[1\]$_DFF_P_/D
iter:813, pass:10, current fixing endpoint: sa32_sr\[6\]$_DFF_P_/D, endpoint slack:-8.218759e-11
      814 |      15 |     155 |       80 |     20 |   135 |   -0.117 |       -7.5 |    157 | sa11_sr\[1\]$_DFF_P_/D
iter:814, pass:11, current fixing endpoint: sa32_sr\[6\]$_DFF_P_/D, endpoint slack:-8.2589935e-11
      815 |      15 |     156 |       80 |     20 |   135 |   -0.117 |       -7.5 |    157 | sa11_sr\[1\]$_DFF_P_/D
iter:815, pass:12, current fixing endpoint: sa32_sr\[6\]$_DFF_P_/D, endpoint slack:-8.7056806e-11
      816 |      15 |     156 |       80 |     20 |   136 |   -0.117 |       -7.5 |    157 | sa11_sr\[1\]$_DFF_P_/D
iter:816, pass:13, current fixing endpoint: sa32_sr\[6\]$_DFF_P_/D, endpoint slack:-8.5981444e-11
      817 |      15 |     157 |       80 |     20 |   136 |   -0.117 |       -7.5 |    157 | sa11_sr\[1\]$_DFF_P_/D
iter:817, pass:14, current fixing endpoint: sa32_sr\[6\]$_DFF_P_/D, endpoint slack:-8.391743e-11
      818 |      15 |     157 |       80 |     21 |   136 |   -0.117 |       -7.5 |    157 | sa11_sr\[1\]$_DFF_P_/D
iter:818, pass:15, current fixing endpoint: sa32_sr\[6\]$_DFF_P_/D, endpoint slack:-8.370438e-11
      819 |      15 |     158 |       80 |     21 |   136 |   -0.117 |       -7.5 |    157 | sa11_sr\[1\]$_DFF_P_/D
iter:819, pass:16, current fixing endpoint: sa32_sr\[6\]$_DFF_P_/D, endpoint slack:-8.5540575e-11
      820 |      15 |     159 |       80 |     21 |   136 |   -0.117 |       -7.5 |    157 | sa11_sr\[1\]$_DFF_P_/D
iter:820, pass:17, current fixing endpoint: sa32_sr\[6\]$_DFF_P_/D, endpoint slack:-8.0882856e-11
      821 |      15 |     160 |       80 |     21 |   136 |   -0.117 |       -7.5 |    157 | sa11_sr\[1\]$_DFF_P_/D
iter:821, pass:18, current fixing endpoint: sa32_sr\[6\]$_DFF_P_/D, endpoint slack:-7.920198e-11
      822 |      15 |     160 |       80 |     21 |   137 |   -0.117 |       -7.5 |    157 | sa11_sr\[1\]$_DFF_P_/D
iter:822, pass:19, current fixing endpoint: sa32_sr\[6\]$_DFF_P_/D, endpoint slack:-7.761514e-11
      822 |      15 |     153 |       79 |     20 |   132 |   -0.117 |       -7.4 |    157 | sa11_sr\[1\]$_DFF_P_/D
      823 |      15 |     153 |       79 |     20 |   132 |   -0.117 |       -7.4 |    157 | sa11_sr\[1\]$_DFF_P_/D
iter:823, pass:1, current fixing endpoint: sa01_sr\[0\]$_DFF_P_/D, endpoint slack:-5.6683436e-11
      824 |      15 |     153 |       79 |     20 |   133 |   -0.117 |       -7.4 |    157 | sa11_sr\[1\]$_DFF_P_/D
iter:824, pass:2, current fixing endpoint: sa01_sr\[0\]$_DFF_P_/D, endpoint slack:-5.4807936e-11
      825 |      15 |     153 |       79 |     20 |   134 |   -0.117 |       -7.4 |    157 | sa11_sr\[1\]$_DFF_P_/D
iter:825, pass:3, current fixing endpoint: sa01_sr\[0\]$_DFF_P_/D, endpoint slack:-5.2581273e-11
      826 |      15 |     153 |       79 |     20 |   135 |   -0.117 |       -7.4 |    157 | sa11_sr\[1\]$_DFF_P_/D
iter:826, pass:4, current fixing endpoint: sa01_sr\[0\]$_DFF_P_/D, endpoint slack:-7.0574324e-11
      827 |      15 |     153 |       81 |     20 |   135 |   -0.117 |       -7.4 |    157 | sa11_sr\[1\]$_DFF_P_/D
iter:827, pass:5, current fixing endpoint: sa01_sr\[0\]$_DFF_P_/D, endpoint slack:-5.295142e-11
      828 |      15 |     153 |       81 |     20 |   136 |   -0.117 |       -7.4 |    157 | sa11_sr\[1\]$_DFF_P_/D
iter:828, pass:6, current fixing endpoint: sa01_sr\[0\]$_DFF_P_/D, endpoint slack:-5.248213e-11
      829 |      15 |     154 |       81 |     20 |   136 |   -0.117 |       -7.4 |    157 | sa11_sr\[1\]$_DFF_P_/D
iter:829, pass:7, current fixing endpoint: sa01_sr\[0\]$_DFF_P_/D, endpoint slack:-5.155598e-11
      830 |      15 |     155 |       81 |     20 |   136 |   -0.117 |       -7.4 |    157 | sa11_sr\[1\]$_DFF_P_/D
iter:830, pass:8, current fixing endpoint: sa01_sr\[0\]$_DFF_P_/D, endpoint slack:-5.583556e-11
      831 |      15 |     156 |       81 |     20 |   136 |   -0.117 |       -7.4 |    157 | sa11_sr\[1\]$_DFF_P_/D
iter:831, pass:9, current fixing endpoint: sa01_sr\[0\]$_DFF_P_/D, endpoint slack:-5.6405547e-11
      832 |      15 |     157 |       81 |     20 |   136 |   -0.117 |       -7.4 |    157 | sa11_sr\[1\]$_DFF_P_/D
iter:832, pass:10, current fixing endpoint: sa01_sr\[0\]$_DFF_P_/D, endpoint slack:-5.019185e-11
      833 |      15 |     157 |       81 |     20 |   137 |   -0.117 |       -7.5 |    157 | sa11_sr\[1\]$_DFF_P_/D
iter:833, pass:11, current fixing endpoint: sa01_sr\[0\]$_DFF_P_/D, endpoint slack:-7.33249e-11
      834 |      15 |     158 |       81 |     20 |   137 |   -0.117 |       -7.5 |    157 | sa11_sr\[1\]$_DFF_P_/D
iter:834, pass:12, current fixing endpoint: sa01_sr\[0\]$_DFF_P_/D, endpoint slack:-7.737355e-11
      835 |      15 |     159 |       81 |     20 |   137 |   -0.117 |       -7.5 |    157 | sa11_sr\[1\]$_DFF_P_/D
iter:835, pass:13, current fixing endpoint: sa01_sr\[0\]$_DFF_P_/D, endpoint slack:-7.799261e-11
      836 |      15 |     160 |       81 |     20 |   137 |   -0.117 |       -7.5 |    157 | sa11_sr\[1\]$_DFF_P_/D
iter:836, pass:14, current fixing endpoint: sa01_sr\[0\]$_DFF_P_/D, endpoint slack:-7.7647e-11
      837 |      15 |     160 |       81 |     20 |   138 |   -0.117 |       -7.5 |    157 | sa11_sr\[1\]$_DFF_P_/D
iter:837, pass:15, current fixing endpoint: sa01_sr\[0\]$_DFF_P_/D, endpoint slack:-8.145273e-11
      838 |      15 |     161 |       81 |     20 |   138 |   -0.117 |       -7.5 |    157 | sa11_sr\[1\]$_DFF_P_/D
iter:838, pass:16, current fixing endpoint: sa01_sr\[0\]$_DFF_P_/D, endpoint slack:-8.452172e-11
      839 |      15 |     162 |       81 |     20 |   138 |   -0.117 |       -7.5 |    157 | sa11_sr\[1\]$_DFF_P_/D
iter:839, pass:17, current fixing endpoint: sa01_sr\[0\]$_DFF_P_/D, endpoint slack:-7.5608964e-11
      839 |      15 |     158 |       81 |     20 |   136 |   -0.117 |       -7.4 |    157 | sa11_sr\[1\]$_DFF_P_/D
      840 |      15 |     158 |       81 |     20 |   136 |   -0.117 |       -7.4 |    157 | sa11_sr\[1\]$_DFF_P_/D
iter:840, pass:1, current fixing endpoint: sa13_sr\[0\]$_DFF_P_/D, endpoint slack:-6.354883e-11
      841 |      15 |     158 |       81 |     20 |   137 |   -0.117 |       -7.4 |    157 | sa11_sr\[1\]$_DFF_P_/D
iter:841, pass:2, current fixing endpoint: sa13_sr\[0\]$_DFF_P_/D, endpoint slack:-6.0277894e-11
      842 |      15 |     158 |       81 |     20 |   138 |   -0.117 |       -7.4 |    157 | sa11_sr\[1\]$_DFF_P_/D
iter:842, pass:3, current fixing endpoint: sa13_sr\[0\]$_DFF_P_/D, endpoint slack:-5.426337e-11
      843 |      15 |     158 |       81 |     20 |   139 |   -0.117 |       -7.4 |    157 | sa11_sr\[1\]$_DFF_P_/D
iter:843, pass:4, current fixing endpoint: sa13_sr\[0\]$_DFF_P_/D, endpoint slack:-5.9122485e-11
      844 |      15 |     158 |       81 |     20 |   140 |   -0.117 |       -7.4 |    157 | sa11_sr\[1\]$_DFF_P_/D
iter:844, pass:5, current fixing endpoint: sa13_sr\[0\]$_DFF_P_/D, endpoint slack:-6.453471e-11
      845 |      15 |     159 |       81 |     20 |   140 |   -0.117 |       -7.4 |    157 | sa11_sr\[1\]$_DFF_P_/D
iter:845, pass:6, current fixing endpoint: sa13_sr\[0\]$_DFF_P_/D, endpoint slack:-6.66478e-11
      846 |      15 |     160 |       81 |     20 |   140 |   -0.117 |       -7.4 |    157 | sa11_sr\[1\]$_DFF_P_/D
iter:846, pass:7, current fixing endpoint: sa13_sr\[0\]$_DFF_P_/D, endpoint slack:-6.987044e-11
      847 |      15 |     160 |       81 |     20 |   141 |   -0.117 |       -7.4 |    157 | sa11_sr\[1\]$_DFF_P_/D
iter:847, pass:8, current fixing endpoint: sa13_sr\[0\]$_DFF_P_/D, endpoint slack:-6.746248e-11
      848 |      15 |     160 |       81 |     20 |   142 |   -0.117 |       -7.4 |    157 | sa11_sr\[1\]$_DFF_P_/D
iter:848, pass:9, current fixing endpoint: sa13_sr\[0\]$_DFF_P_/D, endpoint slack:-6.5318195e-11
      848 |      15 |     158 |       81 |     20 |   138 |   -0.117 |       -7.4 |    157 | sa11_sr\[1\]$_DFF_P_/D
      849 |      15 |     158 |       81 |     20 |   138 |   -0.117 |       -7.4 |    157 | sa11_sr\[1\]$_DFF_P_/D
iter:849, pass:1, current fixing endpoint: sa00_sr\[0\]$_DFF_P_/D, endpoint slack:-6.441636e-11
      850 |      15 |     158 |       84 |     20 |   138 |   -0.117 |       -7.4 |    157 | sa11_sr\[1\]$_DFF_P_/D
iter:850, pass:2, current fixing endpoint: sa00_sr\[0\]$_DFF_P_/D, endpoint slack:-6.3655414e-11
      850 |      15 |     158 |       84 |     20 |   138 |   -0.117 |       -7.4 |    157 | sa11_sr\[1\]$_DFF_P_/D
      851 |      15 |     158 |       84 |     20 |   138 |   -0.117 |       -7.4 |    157 | sa11_sr\[1\]$_DFF_P_/D
iter:851, pass:1, current fixing endpoint: sa33_sr\[3\]$_DFF_P_/D, endpoint slack:-6.420986e-11
      852 |      15 |     158 |       84 |     20 |   139 |   -0.117 |       -7.4 |    157 | sa11_sr\[1\]$_DFF_P_/D
iter:852, pass:2, current fixing endpoint: sa33_sr\[3\]$_DFF_P_/D, endpoint slack:-7.7202245e-11
      853 |      15 |     158 |       84 |     20 |   140 |   -0.117 |       -7.4 |    157 | sa11_sr\[1\]$_DFF_P_/D
iter:853, pass:3, current fixing endpoint: sa33_sr\[3\]$_DFF_P_/D, endpoint slack:-8.269485e-11
      854 |      15 |     158 |       86 |     20 |   140 |   -0.117 |       -7.4 |    157 | sa11_sr\[1\]$_DFF_P_/D
iter:854, pass:4, current fixing endpoint: sa33_sr\[3\]$_DFF_P_/D, endpoint slack:-6.672152e-11
      855 |      15 |     159 |       86 |     20 |   140 |   -0.117 |       -7.4 |    157 | sa11_sr\[1\]$_DFF_P_/D
iter:855, pass:5, current fixing endpoint: sa33_sr\[3\]$_DFF_P_/D, endpoint slack:-5.551226e-11
      856 |      15 |     159 |       86 |     20 |   141 |   -0.117 |       -7.4 |    157 | sa11_sr\[1\]$_DFF_P_/D
iter:856, pass:6, current fixing endpoint: sa33_sr\[3\]$_DFF_P_/D, endpoint slack:-5.7773564e-11
      857 |      15 |     159 |       86 |     21 |   141 |   -0.117 |       -7.4 |    157 | sa11_sr\[1\]$_DFF_P_/D
iter:857, pass:7, current fixing endpoint: sa33_sr\[3\]$_DFF_P_/D, endpoint slack:-5.9398264e-11
      858 |      15 |     160 |       86 |     21 |   141 |   -0.117 |       -7.4 |    157 | sa11_sr\[1\]$_DFF_P_/D
iter:858, pass:8, current fixing endpoint: sa33_sr\[3\]$_DFF_P_/D, endpoint slack:-5.935241e-11
      859 |      15 |     161 |       86 |     21 |   141 |   -0.117 |       -7.4 |    157 | sa11_sr\[1\]$_DFF_P_/D
iter:859, pass:9, current fixing endpoint: sa33_sr\[3\]$_DFF_P_/D, endpoint slack:-5.7633787e-11
      860 |      15 |     161 |       86 |     21 |   142 |   -0.117 |       -7.5 |    157 | sa11_sr\[1\]$_DFF_P_/D
iter:860, pass:10, current fixing endpoint: sa33_sr\[3\]$_DFF_P_/D, endpoint slack:-8.637424e-11
      861 |      15 |     161 |       88 |     21 |   142 |   -0.117 |       -7.4 |    157 | sa11_sr\[1\]$_DFF_P_/D
iter:861, pass:11, current fixing endpoint: sa33_sr\[3\]$_DFF_P_/D, endpoint slack:-8.363654e-11
      862 |      15 |     161 |       88 |     21 |   143 |   -0.117 |       -7.5 |    157 | sa11_sr\[1\]$_DFF_P_/D
iter:862, pass:12, current fixing endpoint: sa33_sr\[3\]$_DFF_P_/D, endpoint slack:-8.7024055e-11
      863 |      15 |     161 |       90 |     21 |   143 |   -0.117 |       -7.5 |    157 | sa11_sr\[1\]$_DFF_P_/D
iter:863, pass:13, current fixing endpoint: sa33_sr\[3\]$_DFF_P_/D, endpoint slack:-8.673218e-11
      864 |      15 |     161 |       90 |     21 |   144 |   -0.117 |       -7.4 |    157 | sa11_sr\[1\]$_DFF_P_/D
iter:864, pass:14, current fixing endpoint: sa33_sr\[3\]$_DFF_P_/D, endpoint slack:-8.6273655e-11
      865 |      15 |     161 |       90 |     21 |   145 |   -0.117 |       -7.5 |    157 | sa11_sr\[1\]$_DFF_P_/D
iter:865, pass:15, current fixing endpoint: sa33_sr\[3\]$_DFF_P_/D, endpoint slack:-8.698997e-11
      866 |      15 |     161 |       90 |     21 |   146 |   -0.117 |       -7.5 |    157 | sa11_sr\[1\]$_DFF_P_/D
iter:866, pass:16, current fixing endpoint: sa33_sr\[3\]$_DFF_P_/D, endpoint slack:-8.653733e-11
      867 |      15 |     162 |       90 |     21 |   146 |   -0.117 |       -7.4 |    157 | sa11_sr\[1\]$_DFF_P_/D
iter:867, pass:17, current fixing endpoint: sa33_sr\[3\]$_DFF_P_/D, endpoint slack:-8.616985e-11
      868 |      15 |     162 |       92 |     21 |   146 |   -0.117 |       -7.5 |    157 | sa11_sr\[1\]$_DFF_P_/D
iter:868, pass:18, current fixing endpoint: sa33_sr\[3\]$_DFF_P_/D, endpoint slack:-8.5163876e-11
      869 |      15 |     162 |       94 |     21 |   146 |   -0.117 |       -7.5 |    157 | sa11_sr\[1\]$_DFF_P_/D
iter:869, pass:19, current fixing endpoint: sa33_sr\[3\]$_DFF_P_/D, endpoint slack:-8.385126e-11
      870 |      15 |     163 |       94 |     21 |   146 |   -0.117 |       -7.5 |    157 | sa11_sr\[1\]$_DFF_P_/D
iter:870, pass:20, current fixing endpoint: sa33_sr\[3\]$_DFF_P_/D, endpoint slack:-8.6604834e-11
      871 |      15 |     163 |       94 |     21 |   147 |   -0.117 |       -7.5 |    157 | sa11_sr\[1\]$_DFF_P_/D
iter:871, pass:21, current fixing endpoint: sa33_sr\[3\]$_DFF_P_/D, endpoint slack:-8.813528e-11
      872 |      15 |     164 |       94 |     21 |   147 |   -0.117 |       -7.5 |    157 | sa11_sr\[1\]$_DFF_P_/D
iter:872, pass:22, current fixing endpoint: sa33_sr\[3\]$_DFF_P_/D, endpoint slack:-9.366852e-11
      873 |      15 |     165 |       94 |     21 |   147 |   -0.117 |       -7.5 |    157 | sa11_sr\[1\]$_DFF_P_/D
iter:873, pass:23, current fixing endpoint: sa33_sr\[3\]$_DFF_P_/D, endpoint slack:-9.187795e-11
      874 |      15 |     165 |       96 |     21 |   147 |   -0.117 |       -7.5 |    157 | sa11_sr\[1\]$_DFF_P_/D
iter:874, pass:24, current fixing endpoint: sa33_sr\[3\]$_DFF_P_/D, endpoint slack:-8.731005e-11
      874 |      15 |     160 |       91 |     20 |   140 |   -0.117 |       -7.4 |    157 | sa11_sr\[1\]$_DFF_P_/D
--------------------
update violating ends at fixEndpointNum 78
top element of violating ends is: sa11_sr\[1\]$_DFF_P_/D
--------------------
      875 |      15 |     160 |       91 |     20 |   140 |   -0.117 |       -7.4 |    157 | sa11_sr\[1\]$_DFF_P_/D
iter:875, pass:1, current fixing endpoint: sa11_sr\[1\]$_DFF_P_/D, endpoint slack:-1.1670365e-10
      876 |      15 |     160 |       91 |     21 |   140 |   -0.120 |       -7.4 |    157 | sa11_sr\[7\]$_DFF_P_/D
iter:876, pass:2, current fixing endpoint: sa11_sr\[1\]$_DFF_P_/D, endpoint slack:-1.1327006e-10
      877 |      15 |     161 |       91 |     21 |   140 |   -0.120 |       -7.4 |    157 | sa11_sr\[7\]$_DFF_P_/D
iter:877, pass:3, current fixing endpoint: sa11_sr\[1\]$_DFF_P_/D, endpoint slack:-1.1126333e-10
      878 |      15 |     162 |       91 |     21 |   140 |   -0.120 |       -7.4 |    157 | sa11_sr\[7\]$_DFF_P_/D
iter:878, pass:4, current fixing endpoint: sa11_sr\[1\]$_DFF_P_/D, endpoint slack:-1.10565335e-10
      879 |      15 |     163 |       91 |     21 |   140 |   -0.120 |       -7.4 |    157 | sa11_sr\[7\]$_DFF_P_/D
iter:879, pass:5, current fixing endpoint: sa11_sr\[1\]$_DFF_P_/D, endpoint slack:-1.0768697e-10
      880 |      15 |     164 |       91 |     21 |   140 |   -0.120 |       -7.4 |    157 | sa11_sr\[7\]$_DFF_P_/D
iter:880, pass:6, current fixing endpoint: sa11_sr\[1\]$_DFF_P_/D, endpoint slack:-1.0601908e-10
      880 |      15 |     161 |       91 |     20 |   140 |   -0.120 |       -7.4 |    157 | sa11_sr\[1\]$_DFF_P_/D
      881 |      15 |     161 |       91 |     20 |   140 |   -0.120 |       -7.4 |    157 | sa11_sr\[1\]$_DFF_P_/D
iter:881, pass:1, current fixing endpoint: sa11_sr\[7\]$_DFF_P_/D, endpoint slack:-1.1965506e-10
      881 |      15 |     161 |       91 |     20 |   140 |   -0.120 |       -7.4 |    157 | sa11_sr\[1\]$_DFF_P_/D
      882 |      15 |     161 |       91 |     20 |   140 |   -0.120 |       -7.4 |    157 | sa11_sr\[1\]$_DFF_P_/D
iter:882, pass:1, current fixing endpoint: sa32_sr\[3\]$_DFF_P_/D, endpoint slack:-1.1043577e-10
      882 |      15 |     161 |       91 |     20 |   140 |   -0.120 |       -7.4 |    157 | sa11_sr\[1\]$_DFF_P_/D
      883 |      15 |     161 |       91 |     20 |   140 |   -0.120 |       -7.4 |    157 | sa11_sr\[1\]$_DFF_P_/D
iter:883, pass:1, current fixing endpoint: sa11_sr\[4\]$_DFF_P_/D, endpoint slack:-1.0556078e-10
      883 |      15 |     161 |       91 |     20 |   140 |   -0.120 |       -7.4 |    157 | sa11_sr\[1\]$_DFF_P_/D
      884 |      15 |     161 |       91 |     20 |   140 |   -0.120 |       -7.4 |    157 | sa11_sr\[1\]$_DFF_P_/D
iter:884, pass:1, current fixing endpoint: sa20_sr\[3\]$_DFF_P_/D, endpoint slack:-1.03309694e-10
      884 |      15 |     161 |       91 |     20 |   140 |   -0.120 |       -7.4 |    157 | sa11_sr\[1\]$_DFF_P_/D
      885 |      15 |     161 |       91 |     20 |   140 |   -0.120 |       -7.4 |    157 | sa11_sr\[1\]$_DFF_P_/D
iter:885, pass:1, current fixing endpoint: sa00_sr\[7\]$_DFF_P_/D, endpoint slack:-1.0015455e-10
      886 |      15 |     162 |       91 |     20 |   140 |   -0.120 |       -7.4 |    157 | sa11_sr\[1\]$_DFF_P_/D
iter:886, pass:2, current fixing endpoint: sa00_sr\[7\]$_DFF_P_/D, endpoint slack:-1.0177603e-10
      887 |      15 |     163 |       91 |     20 |   140 |   -0.120 |       -7.4 |    157 | sa11_sr\[1\]$_DFF_P_/D
iter:887, pass:3, current fixing endpoint: sa00_sr\[7\]$_DFF_P_/D, endpoint slack:-1.047028e-10
      888 |      15 |     164 |       91 |     20 |   140 |   -0.120 |       -7.4 |    157 | sa11_sr\[1\]$_DFF_P_/D
iter:888, pass:4, current fixing endpoint: sa00_sr\[7\]$_DFF_P_/D, endpoint slack:-1.0455703e-10
      889 |      15 |     164 |       91 |     21 |   140 |   -0.120 |       -7.4 |    157 | sa11_sr\[1\]$_DFF_P_/D
iter:889, pass:5, current fixing endpoint: sa00_sr\[7\]$_DFF_P_/D, endpoint slack:-1.0326873e-10
      889 |      15 |     161 |       91 |     20 |   140 |   -0.120 |       -7.5 |    157 | sa11_sr\[1\]$_DFF_P_/D
      890 |      15 |     161 |       91 |     20 |   140 |   -0.120 |       -7.5 |    157 | sa11_sr\[1\]$_DFF_P_/D
iter:890, pass:1, current fixing endpoint: sa11_sr\[3\]$_DFF_P_/D, endpoint slack:-1.0190848e-10
      891 |      15 |     162 |       91 |     20 |   140 |   -0.120 |       -7.5 |    157 | sa11_sr\[1\]$_DFF_P_/D
iter:891, pass:2, current fixing endpoint: sa11_sr\[3\]$_DFF_P_/D, endpoint slack:-1.025815e-10
      891 |      15 |     161 |       91 |     20 |   140 |   -0.120 |       -7.5 |    157 | sa11_sr\[1\]$_DFF_P_/D
      892 |      15 |     161 |       91 |     20 |   140 |   -0.120 |       -7.5 |    157 | sa11_sr\[1\]$_DFF_P_/D
iter:892, pass:1, current fixing endpoint: u0.u1.d\[6\]$_DFF_P_/D, endpoint slack:-9.316958e-11
      892 |      15 |     161 |       91 |     20 |   140 |   -0.120 |       -7.5 |    157 | sa11_sr\[1\]$_DFF_P_/D
      893 |      15 |     161 |       91 |     20 |   140 |   -0.120 |       -7.5 |    157 | sa11_sr\[1\]$_DFF_P_/D
iter:893, pass:1, current fixing endpoint: sa02_sr\[5\]$_DFF_P_/D, endpoint slack:-9.274104e-11
      894 |      15 |     162 |       91 |     20 |   140 |   -0.120 |       -7.5 |    157 | sa11_sr\[1\]$_DFF_P_/D
iter:894, pass:2, current fixing endpoint: sa02_sr\[5\]$_DFF_P_/D, endpoint slack:-9.5844666e-11
      895 |      15 |     163 |       91 |     20 |   140 |   -0.120 |       -7.5 |    157 | sa11_sr\[1\]$_DFF_P_/D
iter:895, pass:3, current fixing endpoint: sa02_sr\[5\]$_DFF_P_/D, endpoint slack:-9.2463814e-11
      896 |      15 |     164 |       91 |     20 |   140 |   -0.120 |       -7.4 |    157 | sa11_sr\[1\]$_DFF_P_/D
iter:896, pass:4, current fixing endpoint: sa02_sr\[5\]$_DFF_P_/D, endpoint slack:-7.9767304e-11
      897 |      15 |     165 |       91 |     20 |   140 |   -0.120 |       -7.4 |    157 | sa11_sr\[1\]$_DFF_P_/D
iter:897, pass:5, current fixing endpoint: sa02_sr\[5\]$_DFF_P_/D, endpoint slack:-7.8156814e-11
      897 |      15 |     165 |       91 |     20 |   140 |   -0.120 |       -7.4 |    157 | sa11_sr\[1\]$_DFF_P_/D
      898 |      15 |     165 |       91 |     20 |   140 |   -0.120 |       -7.4 |    157 | sa11_sr\[1\]$_DFF_P_/D
iter:898, pass:1, current fixing endpoint: u0.u2.d\[2\]$_DFF_P_/D, endpoint slack:-8.737855e-11
      899 |      15 |     166 |       91 |     20 |   140 |   -0.120 |       -7.5 |    157 | sa11_sr\[1\]$_DFF_P_/D
iter:899, pass:2, current fixing endpoint: u0.u2.d\[2\]$_DFF_P_/D, endpoint slack:-8.8393515e-11
      900 |      15 |     167 |       91 |     20 |   140 |   -0.120 |       -7.5 |    157 | sa11_sr\[1\]$_DFF_P_/D
iter:900, pass:3, current fixing endpoint: u0.u2.d\[2\]$_DFF_P_/D, endpoint slack:-8.882606e-11
      900 |      15 |     165 |       91 |     20 |   140 |   -0.120 |       -7.4 |    157 | sa11_sr\[1\]$_DFF_P_/D
      901 |      15 |     165 |       91 |     20 |   140 |   -0.120 |       -7.4 |    157 | sa11_sr\[1\]$_DFF_P_/D
iter:901, pass:1, current fixing endpoint: sa11_sr\[0\]$_DFF_P_/D, endpoint slack:-8.986045e-11
      902 |      15 |     165 |       91 |     21 |   140 |   -0.120 |       -7.4 |    157 | sa11_sr\[7\]$_DFF_P_/D
iter:902, pass:2, current fixing endpoint: sa11_sr\[0\]$_DFF_P_/D, endpoint slack:-8.347245e-11
      902 |      15 |     165 |       91 |     21 |   140 |   -0.120 |       -7.4 |    157 | sa11_sr\[7\]$_DFF_P_/D
      903 |      15 |     165 |       91 |     21 |   140 |   -0.120 |       -7.4 |    157 | sa11_sr\[7\]$_DFF_P_/D
iter:903, pass:1, current fixing endpoint: sa20_sr\[0\]$_DFF_P_/D, endpoint slack:-8.590095e-11
      903 |      15 |     165 |       91 |     21 |   140 |   -0.120 |       -7.4 |    157 | sa11_sr\[7\]$_DFF_P_/D
      904 |      15 |     165 |       91 |     21 |   140 |   -0.120 |       -7.4 |    157 | sa11_sr\[7\]$_DFF_P_/D
iter:904, pass:1, current fixing endpoint: sa20_sr\[5\]$_DFF_P_/D, endpoint slack:-8.370993e-11
      905 |      15 |     166 |       91 |     21 |   140 |   -0.120 |       -7.4 |    157 | sa11_sr\[7\]$_DFF_P_/D
iter:905, pass:2, current fixing endpoint: sa20_sr\[5\]$_DFF_P_/D, endpoint slack:-8.6893714e-11
      905 |      15 |     165 |       91 |     21 |   140 |   -0.120 |       -7.4 |    157 | sa11_sr\[7\]$_DFF_P_/D
      906 |      15 |     165 |       91 |     21 |   140 |   -0.120 |       -7.4 |    157 | sa11_sr\[7\]$_DFF_P_/D
iter:906, pass:1, current fixing endpoint: u0.u1.d\[2\]$_DFF_P_/D, endpoint slack:-8.294465e-11
      906 |      15 |     165 |       91 |     21 |   140 |   -0.120 |       -7.4 |    157 | sa11_sr\[7\]$_DFF_P_/D
      907 |      15 |     165 |       91 |     21 |   140 |   -0.120 |       -7.4 |    157 | sa11_sr\[7\]$_DFF_P_/D
iter:907, pass:1, current fixing endpoint: sa13_sr\[3\]$_DFF_P_/D, endpoint slack:-8.286405e-11
      907 |      15 |     165 |       91 |     21 |   140 |   -0.120 |       -7.4 |    157 | sa11_sr\[7\]$_DFF_P_/D
      908 |      15 |     165 |       91 |     21 |   140 |   -0.120 |       -7.4 |    157 | sa11_sr\[7\]$_DFF_P_/D
iter:908, pass:1, current fixing endpoint: sa32_sr\[7\]$_DFF_P_/D, endpoint slack:-8.27336e-11
      909 |      15 |     166 |       91 |     21 |   140 |   -0.120 |       -7.4 |    157 | sa11_sr\[7\]$_DFF_P_/D
iter:909, pass:2, current fixing endpoint: sa32_sr\[7\]$_DFF_P_/D, endpoint slack:-8.571377e-11
      910 |      15 |     167 |       91 |     21 |   140 |   -0.120 |       -7.4 |    157 | sa11_sr\[7\]$_DFF_P_/D
iter:910, pass:3, current fixing endpoint: sa32_sr\[7\]$_DFF_P_/D, endpoint slack:-8.6611274e-11
      911 |      15 |     168 |       91 |     21 |   140 |   -0.120 |       -7.4 |    157 | sa11_sr\[7\]$_DFF_P_/D
iter:911, pass:4, current fixing endpoint: sa32_sr\[7\]$_DFF_P_/D, endpoint slack:-8.6307295e-11
      912 |      15 |     169 |       91 |     21 |   140 |   -0.120 |       -7.4 |    157 | sa11_sr\[7\]$_DFF_P_/D
iter:912, pass:5, current fixing endpoint: sa32_sr\[7\]$_DFF_P_/D, endpoint slack:-8.0939366e-11
      912 |      15 |     169 |       91 |     21 |   140 |   -0.120 |       -7.4 |    157 | sa11_sr\[7\]$_DFF_P_/D
      913 |      15 |     169 |       91 |     21 |   140 |   -0.120 |       -7.4 |    157 | sa11_sr\[7\]$_DFF_P_/D
iter:913, pass:1, current fixing endpoint: sa20_sr\[7\]$_DFF_P_/D, endpoint slack:-8.075507e-11
      914 |      15 |     170 |       91 |     21 |   140 |   -0.120 |       -7.4 |    157 | sa11_sr\[7\]$_DFF_P_/D
iter:914, pass:2, current fixing endpoint: sa20_sr\[7\]$_DFF_P_/D, endpoint slack:-8.494505e-11
      914 |      15 |     169 |       91 |     21 |   140 |   -0.120 |       -7.4 |    157 | sa11_sr\[7\]$_DFF_P_/D
      915 |      15 |     169 |       91 |     21 |   140 |   -0.120 |       -7.4 |    157 | sa11_sr\[7\]$_DFF_P_/D
iter:915, pass:1, current fixing endpoint: u0.u2.d\[1\]$_DFF_P_/D, endpoint slack:-8.074286e-11
      916 |      15 |     170 |       91 |     21 |   140 |   -0.120 |       -7.4 |    157 | sa11_sr\[7\]$_DFF_P_/D
iter:916, pass:2, current fixing endpoint: u0.u2.d\[1\]$_DFF_P_/D, endpoint slack:-8.114842e-11
      917 |      15 |     171 |       91 |     21 |   140 |   -0.120 |       -7.4 |    157 | sa11_sr\[7\]$_DFF_P_/D
iter:917, pass:3, current fixing endpoint: u0.u2.d\[1\]$_DFF_P_/D, endpoint slack:-8.216594e-11
      918 |      15 |     172 |       91 |     21 |   140 |   -0.120 |       -7.4 |    157 | sa11_sr\[7\]$_DFF_P_/D
iter:918, pass:4, current fixing endpoint: u0.u2.d\[1\]$_DFF_P_/D, endpoint slack:-8.189438e-11
      919 |      15 |     173 |       91 |     21 |   140 |   -0.120 |       -7.5 |    157 | sa11_sr\[7\]$_DFF_P_/D
iter:919, pass:5, current fixing endpoint: u0.u2.d\[1\]$_DFF_P_/D, endpoint slack:-9.194889e-11
      920 |      15 |     174 |       91 |     21 |   140 |   -0.120 |       -7.4 |    157 | sa11_sr\[7\]$_DFF_P_/D
iter:920, pass:6, current fixing endpoint: u0.u2.d\[1\]$_DFF_P_/D, endpoint slack:-8.332468e-11
      920 |      15 |     170 |       91 |     21 |   140 |   -0.120 |       -7.4 |    157 | sa11_sr\[7\]$_DFF_P_/D
      921 |      15 |     170 |       91 |     21 |   140 |   -0.120 |       -7.4 |    157 | sa11_sr\[7\]$_DFF_P_/D
iter:921, pass:1, current fixing endpoint: sa02_sr\[2\]$_DFF_P_/D, endpoint slack:-8.273504e-11
      922 |      15 |     171 |       91 |     21 |   140 |   -0.120 |       -7.4 |    157 | sa11_sr\[7\]$_DFF_P_/D
iter:922, pass:2, current fixing endpoint: sa02_sr\[2\]$_DFF_P_/D, endpoint slack:-7.904466e-11
      923 |      15 |     171 |       91 |     22 |   140 |   -0.120 |       -7.4 |    157 | sa11_sr\[7\]$_DFF_P_/D
iter:923, pass:3, current fixing endpoint: sa02_sr\[2\]$_DFF_P_/D, endpoint slack:-7.6381346e-11
      924 |      15 |     172 |       91 |     22 |   140 |   -0.120 |       -7.5 |    157 | sa11_sr\[7\]$_DFF_P_/D
iter:924, pass:4, current fixing endpoint: sa02_sr\[2\]$_DFF_P_/D, endpoint slack:-7.849099e-11
      925 |      15 |     173 |       91 |     22 |   140 |   -0.120 |       -7.5 |    157 | sa11_sr\[7\]$_DFF_P_/D
iter:925, pass:5, current fixing endpoint: sa02_sr\[2\]$_DFF_P_/D, endpoint slack:-7.4564355e-11
      926 |      15 |     174 |       91 |     22 |   140 |   -0.120 |       -7.4 |    157 | sa11_sr\[7\]$_DFF_P_/D
iter:926, pass:6, current fixing endpoint: sa02_sr\[2\]$_DFF_P_/D, endpoint slack:-7.385559e-11
      927 |      15 |     175 |       91 |     22 |   140 |   -0.120 |       -7.4 |    157 | sa11_sr\[7\]$_DFF_P_/D
iter:927, pass:7, current fixing endpoint: sa02_sr\[2\]$_DFF_P_/D, endpoint slack:-7.048917e-11
      928 |      15 |     176 |       91 |     22 |   140 |   -0.120 |       -7.4 |    157 | sa11_sr\[7\]$_DFF_P_/D
iter:928, pass:8, current fixing endpoint: sa02_sr\[2\]$_DFF_P_/D, endpoint slack:-6.8205996e-11
      929 |      15 |     177 |       91 |     22 |   140 |   -0.120 |       -7.4 |    157 | sa11_sr\[7\]$_DFF_P_/D
iter:929, pass:9, current fixing endpoint: sa02_sr\[2\]$_DFF_P_/D, endpoint slack:-6.753398e-11
      929 |      15 |     177 |       91 |     22 |   140 |   -0.120 |       -7.4 |    157 | sa11_sr\[7\]$_DFF_P_/D
      930 |      15 |     177 |       91 |     22 |   140 |   -0.120 |       -7.4 |    157 | sa11_sr\[7\]$_DFF_P_/D
iter:930, pass:1, current fixing endpoint: sa20_sr\[2\]$_DFF_P_/D, endpoint slack:-7.6778583e-11
      931 |      15 |     178 |       91 |     22 |   140 |   -0.120 |       -7.5 |    157 | sa11_sr\[7\]$_DFF_P_/D
iter:931, pass:2, current fixing endpoint: sa20_sr\[2\]$_DFF_P_/D, endpoint slack:-7.712131e-11
      932 |      15 |     178 |       93 |     22 |   140 |   -0.120 |       -7.5 |    157 | sa11_sr\[7\]$_DFF_P_/D
iter:932, pass:3, current fixing endpoint: sa20_sr\[2\]$_DFF_P_/D, endpoint slack:-9.077272e-11
      932 |      15 |     177 |       92 |     22 |   140 |   -0.120 |       -7.4 |    157 | sa11_sr\[7\]$_DFF_P_/D
      933 |      15 |     177 |       92 |     22 |   140 |   -0.120 |       -7.4 |    157 | sa11_sr\[7\]$_DFF_P_/D
iter:933, pass:1, current fixing endpoint: sa11_sr\[5\]$_DFF_P_/D, endpoint slack:-7.359191e-11
      934 |      15 |     178 |       92 |     22 |   140 |   -0.120 |       -7.4 |    157 | sa11_sr\[7\]$_DFF_P_/D
iter:934, pass:2, current fixing endpoint: sa11_sr\[5\]$_DFF_P_/D, endpoint slack:-7.5337514e-11
      934 |      15 |     177 |       92 |     22 |   140 |   -0.120 |       -7.4 |    157 | sa11_sr\[7\]$_DFF_P_/D
      935 |      15 |     177 |       92 |     22 |   140 |   -0.120 |       -7.4 |    157 | sa11_sr\[7\]$_DFF_P_/D
iter:935, pass:1, current fixing endpoint: sa20_sr\[6\]$_DFF_P_/D, endpoint slack:-7.242906e-11
      936 |      15 |     178 |       92 |     22 |   140 |   -0.120 |       -7.4 |    157 | sa11_sr\[7\]$_DFF_P_/D
iter:936, pass:2, current fixing endpoint: sa20_sr\[6\]$_DFF_P_/D, endpoint slack:-7.3262174e-11
      936 |      15 |     177 |       92 |     22 |   140 |   -0.120 |       -7.4 |    157 | sa11_sr\[7\]$_DFF_P_/D
      937 |      15 |     177 |       92 |     22 |   140 |   -0.120 |       -7.4 |    157 | sa11_sr\[7\]$_DFF_P_/D
iter:937, pass:1, current fixing endpoint: sa11_sr\[2\]$_DFF_P_/D, endpoint slack:-7.121337e-11
      937 |      15 |     177 |       92 |     22 |   140 |   -0.120 |       -7.4 |    157 | sa11_sr\[7\]$_DFF_P_/D
      938 |      15 |     177 |       92 |     22 |   140 |   -0.120 |       -7.4 |    157 | sa11_sr\[7\]$_DFF_P_/D
iter:938, pass:1, current fixing endpoint: sa02_sr\[3\]$_DFF_P_/D, endpoint slack:-7.397305e-11
      938 |      15 |     177 |       92 |     22 |   140 |   -0.120 |       -7.4 |    157 | sa11_sr\[7\]$_DFF_P_/D
      939 |      15 |     177 |       92 |     22 |   140 |   -0.120 |       -7.4 |    157 | sa11_sr\[7\]$_DFF_P_/D
iter:939, pass:1, current fixing endpoint: sa33_sr\[5\]$_DFF_P_/D, endpoint slack:-6.784795e-11
      940 |      15 |     178 |       92 |     22 |   140 |   -0.120 |       -7.4 |    157 | sa11_sr\[7\]$_DFF_P_/D
iter:940, pass:2, current fixing endpoint: sa33_sr\[5\]$_DFF_P_/D, endpoint slack:-6.759715e-11
      941 |      15 |     178 |       92 |     22 |   141 |   -0.120 |       -7.4 |    157 | sa11_sr\[7\]$_DFF_P_/D
iter:941, pass:3, current fixing endpoint: sa33_sr\[5\]$_DFF_P_/D, endpoint slack:-6.6855965e-11
      942 |      15 |     179 |       92 |     22 |   141 |   -0.120 |       -7.5 |    157 | sa11_sr\[7\]$_DFF_P_/D
iter:942, pass:4, current fixing endpoint: sa33_sr\[5\]$_DFF_P_/D, endpoint slack:-7.17727e-11
      943 |      15 |     180 |       92 |     22 |   141 |   -0.120 |       -7.5 |    157 | sa11_sr\[7\]$_DFF_P_/D
iter:943, pass:5, current fixing endpoint: sa33_sr\[5\]$_DFF_P_/D, endpoint slack:-6.855727e-11
      944 |      15 |     181 |       92 |     22 |   141 |   -0.120 |       -7.5 |    157 | sa11_sr\[7\]$_DFF_P_/D
iter:944, pass:6, current fixing endpoint: sa33_sr\[5\]$_DFF_P_/D, endpoint slack:-7.08692e-11
      945 |      15 |     182 |       92 |     22 |   141 |   -0.120 |       -7.5 |    157 | sa11_sr\[7\]$_DFF_P_/D
iter:945, pass:7, current fixing endpoint: sa33_sr\[5\]$_DFF_P_/D, endpoint slack:-7.159451e-11
      946 |      15 |     182 |       92 |     22 |   142 |   -0.120 |       -7.5 |    157 | sa11_sr\[7\]$_DFF_P_/D
iter:946, pass:8, current fixing endpoint: sa33_sr\[5\]$_DFF_P_/D, endpoint slack:-6.64111e-11
      947 |      15 |     183 |       92 |     22 |   142 |   -0.120 |       -7.5 |    157 | sa11_sr\[7\]$_DFF_P_/D
iter:947, pass:9, current fixing endpoint: sa33_sr\[5\]$_DFF_P_/D, endpoint slack:-6.818701e-11
      948 |      15 |     183 |       92 |     22 |   143 |   -0.120 |       -7.5 |    157 | sa11_sr\[7\]$_DFF_P_/D
iter:948, pass:10, current fixing endpoint: sa33_sr\[5\]$_DFF_P_/D, endpoint slack:-7.361578e-11
      949 |      15 |     183 |       92 |     22 |   144 |   -0.120 |       -7.5 |    157 | sa11_sr\[7\]$_DFF_P_/D
iter:949, pass:11, current fixing endpoint: sa33_sr\[5\]$_DFF_P_/D, endpoint slack:-7.514178e-11
      950 |      15 |     183 |       94 |     22 |   144 |   -0.120 |       -7.5 |    157 | sa11_sr\[7\]$_DFF_P_/D
iter:950, pass:12, current fixing endpoint: sa33_sr\[5\]$_DFF_P_/D, endpoint slack:-7.4849904e-11
      951 |      15 |     183 |       96 |     22 |   144 |   -0.120 |       -7.5 |    157 | sa11_sr\[7\]$_DFF_P_/D
iter:951, pass:13, current fixing endpoint: sa33_sr\[5\]$_DFF_P_/D, endpoint slack:-7.439116e-11
      952 |      15 |     183 |       98 |     22 |   144 |   -0.120 |       -7.5 |    157 | sa11_sr\[7\]$_DFF_P_/D
iter:952, pass:14, current fixing endpoint: sa33_sr\[5\]$_DFF_P_/D, endpoint slack:-7.31637e-11
      953 |      15 |     184 |       98 |     22 |   144 |   -0.120 |       -7.5 |    157 | sa11_sr\[7\]$_DFF_P_/D
iter:953, pass:15, current fixing endpoint: sa33_sr\[5\]$_DFF_P_/D, endpoint slack:-7.165191e-11
      954 |      15 |     184 |       98 |     22 |   145 |   -0.120 |       -7.5 |    157 | sa11_sr\[7\]$_DFF_P_/D
iter:954, pass:16, current fixing endpoint: sa33_sr\[5\]$_DFF_P_/D, endpoint slack:-6.986267e-11
      955 |      15 |     184 |      101 |     22 |   145 |   -0.120 |       -7.5 |    157 | sa11_sr\[7\]$_DFF_P_/D
iter:955, pass:17, current fixing endpoint: sa33_sr\[5\]$_DFF_P_/D, endpoint slack:-6.070733e-11
      956 |      15 |     185 |      101 |     22 |   145 |   -0.120 |       -7.5 |    157 | sa11_sr\[7\]$_DFF_P_/D
iter:956, pass:18, current fixing endpoint: sa33_sr\[5\]$_DFF_P_/D, endpoint slack:-6.011014e-11
      957 |      15 |     185 |      101 |     22 |   146 |   -0.120 |       -7.5 |    157 | sa11_sr\[7\]$_DFF_P_/D
iter:957, pass:19, current fixing endpoint: sa33_sr\[5\]$_DFF_P_/D, endpoint slack:-6.285383e-11
      958 |      15 |     185 |      101 |     22 |   147 |   -0.120 |       -7.5 |    157 | sa11_sr\[7\]$_DFF_P_/D
iter:958, pass:20, current fixing endpoint: sa33_sr\[5\]$_DFF_P_/D, endpoint slack:-6.532064e-11
      958 |      15 |     185 |      101 |     22 |   145 |   -0.120 |       -7.5 |    157 | sa11_sr\[7\]$_DFF_P_/D
      959 |      15 |     185 |      101 |     22 |   145 |   -0.120 |       -7.5 |    157 | sa11_sr\[7\]$_DFF_P_/D
iter:959, pass:1, current fixing endpoint: sa02_sr\[1\]$_DFF_P_/D, endpoint slack:-7.2139184e-11
      959 |      15 |     185 |      101 |     22 |   145 |   -0.120 |       -7.5 |    157 | sa11_sr\[7\]$_DFF_P_/D
      960 |      15 |     185 |      101 |     22 |   145 |   -0.120 |       -7.5 |    157 | sa11_sr\[7\]$_DFF_P_/D
iter:960, pass:1, current fixing endpoint: u0.u0.d\[6\]$_DFF_P_/D, endpoint slack:-6.556666e-11
      960 |      15 |     185 |      101 |     22 |   145 |   -0.120 |       -7.5 |    157 | sa11_sr\[7\]$_DFF_P_/D
      961 |      15 |     185 |      101 |     22 |   145 |   -0.120 |       -7.5 |    157 | sa11_sr\[7\]$_DFF_P_/D
iter:961, pass:1, current fixing endpoint: sa33_sr\[1\]$_DFF_P_/D, endpoint slack:-6.292733e-11
      962 |      15 |     186 |      101 |     22 |   145 |   -0.120 |       -7.5 |    157 | sa11_sr\[7\]$_DFF_P_/D
iter:962, pass:2, current fixing endpoint: sa33_sr\[1\]$_DFF_P_/D, endpoint slack:-5.5725535e-11
      963 |      15 |     186 |      101 |     22 |   146 |   -0.120 |       -7.5 |    157 | sa11_sr\[7\]$_DFF_P_/D
iter:963, pass:3, current fixing endpoint: sa33_sr\[1\]$_DFF_P_/D, endpoint slack:-5.7767346e-11
      964 |      15 |     186 |      104 |     22 |   146 |   -0.120 |       -7.4 |    157 | sa11_sr\[7\]$_DFF_P_/D
iter:964, pass:4, current fixing endpoint: sa33_sr\[1\]$_DFF_P_/D, endpoint slack:-4.3591908e-11
      965 |      15 |     187 |      104 |     22 |   146 |   -0.120 |       -7.4 |    157 | sa11_sr\[7\]$_DFF_P_/D
iter:965, pass:5, current fixing endpoint: sa33_sr\[1\]$_DFF_P_/D, endpoint slack:-4.348788e-11
      966 |      15 |     188 |      104 |     22 |   146 |   -0.120 |       -7.4 |    157 | sa11_sr\[7\]$_DFF_P_/D
iter:966, pass:6, current fixing endpoint: sa33_sr\[1\]$_DFF_P_/D, endpoint slack:-3.9822257e-11
      967 |      15 |     189 |      104 |     22 |   146 |   -0.120 |       -7.4 |    157 | sa11_sr\[7\]$_DFF_P_/D
iter:967, pass:7, current fixing endpoint: sa33_sr\[1\]$_DFF_P_/D, endpoint slack:-3.601497e-11
      968 |      15 |     190 |      104 |     22 |   146 |   -0.120 |       -7.4 |    157 | sa11_sr\[7\]$_DFF_P_/D
iter:968, pass:8, current fixing endpoint: sa33_sr\[1\]$_DFF_P_/D, endpoint slack:-3.556566e-11
      969 |      15 |     190 |      104 |     22 |   147 |   -0.120 |       -7.4 |    157 | sa11_sr\[7\]$_DFF_P_/D
iter:969, pass:9, current fixing endpoint: sa33_sr\[1\]$_DFF_P_/D, endpoint slack:-3.3224534e-11
      970 |      15 |     191 |      104 |     22 |   147 |   -0.120 |       -7.4 |    157 | sa11_sr\[7\]$_DFF_P_/D
iter:970, pass:10, current fixing endpoint: sa33_sr\[1\]$_DFF_P_/D, endpoint slack:-3.130629e-11
      971 |      15 |     192 |      104 |     22 |   147 |   -0.120 |       -7.4 |    157 | sa11_sr\[7\]$_DFF_P_/D
iter:971, pass:11, current fixing endpoint: sa33_sr\[1\]$_DFF_P_/D, endpoint slack:-2.986189e-11
      972 |      15 |     193 |      104 |     22 |   147 |   -0.120 |       -7.4 |    157 | sa11_sr\[7\]$_DFF_P_/D
iter:972, pass:12, current fixing endpoint: sa33_sr\[1\]$_DFF_P_/D, endpoint slack:-2.948597e-11
      973 |      15 |     193 |      104 |     22 |   148 |   -0.120 |       -7.4 |    157 | sa11_sr\[7\]$_DFF_P_/D
iter:973, pass:13, current fixing endpoint: sa33_sr\[1\]$_DFF_P_/D, endpoint slack:-3.5092707e-11
      974 |      15 |     194 |      104 |     22 |   148 |   -0.120 |       -7.5 |    157 | sa11_sr\[7\]$_DFF_P_/D
iter:974, pass:14, current fixing endpoint: sa33_sr\[1\]$_DFF_P_/D, endpoint slack:-3.517553e-11
      975 |      15 |     195 |      104 |     22 |   148 |   -0.120 |       -7.4 |    157 | sa11_sr\[7\]$_DFF_P_/D
iter:975, pass:15, current fixing endpoint: sa33_sr\[1\]$_DFF_P_/D, endpoint slack:-3.3572145e-11
      976 |      15 |     195 |      106 |     22 |   148 |   -0.120 |       -7.5 |    157 | sa11_sr\[7\]$_DFF_P_/D
iter:976, pass:16, current fixing endpoint: sa33_sr\[1\]$_DFF_P_/D, endpoint slack:-4.7953974e-11
      977 |      15 |     195 |      106 |     22 |   149 |   -0.120 |       -7.5 |    157 | sa11_sr\[7\]$_DFF_P_/D
iter:977, pass:17, current fixing endpoint: sa33_sr\[1\]$_DFF_P_/D, endpoint slack:-5.3301252e-11
      978 |      15 |     196 |      106 |     22 |   149 |   -0.120 |       -7.5 |    157 | sa11_sr\[7\]$_DFF_P_/D
iter:978, pass:18, current fixing endpoint: sa33_sr\[1\]$_DFF_P_/D, endpoint slack:-5.4265703e-11
      979 |      15 |     197 |      106 |     22 |   149 |   -0.120 |       -7.5 |    157 | sa11_sr\[7\]$_DFF_P_/D
iter:979, pass:19, current fixing endpoint: sa33_sr\[1\]$_DFF_P_/D, endpoint slack:-4.7644555e-11
      980 |      15 |     198 |      106 |     22 |   149 |   -0.120 |       -7.5 |    157 | sa11_sr\[7\]$_DFF_P_/D
iter:980, pass:20, current fixing endpoint: sa33_sr\[1\]$_DFF_P_/D, endpoint slack:-5.2113536e-11
      981 |      15 |     199 |      106 |     22 |   149 |   -0.120 |       -7.5 |    157 | sa11_sr\[7\]$_DFF_P_/D
iter:981, pass:21, current fixing endpoint: sa33_sr\[1\]$_DFF_P_/D, endpoint slack:-4.8621218e-11
      982 |      15 |     199 |      106 |     22 |   150 |   -0.120 |       -7.5 |    157 | sa11_sr\[7\]$_DFF_P_/D
iter:982, pass:22, current fixing endpoint: sa33_sr\[1\]$_DFF_P_/D, endpoint slack:-4.4301895e-11
      983 |      15 |     200 |      106 |     22 |   150 |   -0.120 |       -7.5 |    157 | sa11_sr\[7\]$_DFF_P_/D
iter:983, pass:23, current fixing endpoint: sa33_sr\[1\]$_DFF_P_/D, endpoint slack:-4.423506e-11
      984 |      15 |     200 |      108 |     22 |   150 |   -0.120 |       -7.5 |    157 | sa11_sr\[7\]$_DFF_P_/D
iter:984, pass:24, current fixing endpoint: sa33_sr\[1\]$_DFF_P_/D, endpoint slack:-4.9902527e-11
      985 |      15 |     200 |      108 |     22 |   151 |   -0.120 |       -7.5 |    157 | sa11_sr\[7\]$_DFF_P_/D
iter:985, pass:25, current fixing endpoint: sa33_sr\[1\]$_DFF_P_/D, endpoint slack:-5.125189e-11
      985 |      15 |     194 |      106 |     22 |   147 |   -0.120 |       -7.4 |    157 | sa11_sr\[7\]$_DFF_P_/D
      986 |      15 |     194 |      106 |     22 |   147 |   -0.120 |       -7.4 |    157 | sa11_sr\[7\]$_DFF_P_/D
iter:986, pass:1, current fixing endpoint: sa20_sr\[4\]$_DFF_P_/D, endpoint slack:-6.4175e-11
      987 |      15 |     194 |      106 |     22 |   148 |   -0.120 |       -7.4 |    157 | sa11_sr\[7\]$_DFF_P_/D
iter:987, pass:2, current fixing endpoint: sa20_sr\[4\]$_DFF_P_/D, endpoint slack:-5.5913607e-11
      988 |      15 |     194 |      106 |     22 |   149 |   -0.120 |       -7.4 |    157 | sa11_sr\[7\]$_DFF_P_/D
iter:988, pass:3, current fixing endpoint: sa20_sr\[4\]$_DFF_P_/D, endpoint slack:-5.9847016e-11
      988 |      15 |     194 |      106 |     22 |   148 |   -0.120 |       -7.4 |    157 | sa11_sr\[7\]$_DFF_P_/D
      989 |      15 |     194 |      106 |     22 |   148 |   -0.120 |       -7.4 |    157 | sa11_sr\[7\]$_DFF_P_/D
iter:989, pass:1, current fixing endpoint: sa12_sr\[7\]$_DFF_P_/D, endpoint slack:-6.398193e-11
      990 |      15 |     194 |      106 |     22 |   149 |   -0.120 |       -7.4 |    157 | sa11_sr\[7\]$_DFF_P_/D
iter:990, pass:2, current fixing endpoint: sa12_sr\[7\]$_DFF_P_/D, endpoint slack:-6.8317796e-11
      991 |      15 |     195 |      106 |     22 |   149 |   -0.120 |       -7.4 |    157 | sa11_sr\[7\]$_DFF_P_/D
iter:991, pass:3, current fixing endpoint: sa12_sr\[7\]$_DFF_P_/D, endpoint slack:-6.423173e-11
      992 |      15 |     195 |      106 |     22 |   150 |   -0.120 |       -7.4 |    157 | sa11_sr\[7\]$_DFF_P_/D
iter:992, pass:4, current fixing endpoint: sa12_sr\[7\]$_DFF_P_/D, endpoint slack:-6.577039e-11
      993 |      15 |     195 |      106 |     22 |   151 |   -0.120 |       -7.4 |    157 | sa11_sr\[7\]$_DFF_P_/D
iter:993, pass:5, current fixing endpoint: sa12_sr\[7\]$_DFF_P_/D, endpoint slack:-7.076495e-11
      993 |      15 |     194 |      106 |     22 |   148 |   -0.120 |       -7.4 |    157 | sa11_sr\[7\]$_DFF_P_/D
      994 |      15 |     194 |      106 |     22 |   148 |   -0.120 |       -7.4 |    157 | sa11_sr\[7\]$_DFF_P_/D
iter:994, pass:1, current fixing endpoint: sa00_sr\[0\]$_DFF_P_/D, endpoint slack:-6.3655414e-11
      994 |      15 |     194 |      106 |     22 |   148 |   -0.120 |       -7.4 |    157 | sa11_sr\[7\]$_DFF_P_/D
      995 |      15 |     194 |      106 |     22 |   148 |   -0.120 |       -7.4 |    157 | sa11_sr\[7\]$_DFF_P_/D
iter:995, pass:1, current fixing endpoint: sa32_sr\[5\]$_DFF_P_/D, endpoint slack:-6.193346e-11
      996 |      15 |     195 |      106 |     22 |   148 |   -0.120 |       -7.4 |    157 | sa11_sr\[7\]$_DFF_P_/D
iter:996, pass:2, current fixing endpoint: sa32_sr\[5\]$_DFF_P_/D, endpoint slack:-7.415413e-11
      997 |      15 |     196 |      106 |     22 |   148 |   -0.120 |       -7.4 |    157 | sa11_sr\[7\]$_DFF_P_/D
iter:997, pass:3, current fixing endpoint: sa32_sr\[5\]$_DFF_P_/D, endpoint slack:-6.4123595e-11
      997 |      15 |     194 |      106 |     22 |   148 |   -0.120 |       -7.4 |    157 | sa11_sr\[7\]$_DFF_P_/D
      998 |      15 |     194 |      106 |     22 |   148 |   -0.120 |       -7.4 |    157 | sa11_sr\[7\]$_DFF_P_/D
iter:998, pass:1, current fixing endpoint: sa32_sr\[6\]$_DFF_P_/D, endpoint slack:-6.191114e-11
      999 |      15 |     195 |      106 |     22 |   148 |   -0.120 |       -7.4 |    157 | sa11_sr\[7\]$_DFF_P_/D
iter:999, pass:2, current fixing endpoint: sa32_sr\[6\]$_DFF_P_/D, endpoint slack:-5.947032e-11
     1000 |      15 |     195 |      108 |     22 |   148 |   -0.120 |       -7.6 |    157 | sa11_sr\[7\]$_DFF_P_/D
iter:1000, pass:3, current fixing endpoint: sa32_sr\[6\]$_DFF_P_/D, endpoint slack:-8.75402e-11
     1001 |      15 |     196 |      108 |     22 |   148 |   -0.120 |       -7.5 |    157 | sa11_sr\[7\]$_DFF_P_/D
iter:1001, pass:4, current fixing endpoint: sa32_sr\[6\]$_DFF_P_/D, endpoint slack:-7.759515e-11
     1002 |      15 |     197 |      108 |     22 |   148 |   -0.120 |       -7.5 |    157 | sa11_sr\[7\]$_DFF_P_/D
iter:1002, pass:5, current fixing endpoint: sa32_sr\[6\]$_DFF_P_/D, endpoint slack:-7.5284556e-11
     1003 |      15 |     198 |      108 |     22 |   148 |   -0.120 |       -7.5 |    157 | sa11_sr\[7\]$_DFF_P_/D
iter:1003, pass:6, current fixing endpoint: sa32_sr\[6\]$_DFF_P_/D, endpoint slack:-7.155254e-11
     1004 |      15 |     199 |      108 |     22 |   148 |   -0.120 |       -7.5 |    157 | sa11_sr\[7\]$_DFF_P_/D
iter:1004, pass:7, current fixing endpoint: sa32_sr\[6\]$_DFF_P_/D, endpoint slack:-7.036138e-11
     1005 |      15 |     200 |      108 |     22 |   148 |   -0.120 |       -7.5 |    157 | sa11_sr\[7\]$_DFF_P_/D
iter:1005, pass:8, current fixing endpoint: sa32_sr\[6\]$_DFF_P_/D, endpoint slack:-7.092382e-11
     1006 |      15 |     201 |      108 |     22 |   148 |   -0.120 |       -7.5 |    157 | sa11_sr\[7\]$_DFF_P_/D
iter:1006, pass:9, current fixing endpoint: sa32_sr\[6\]$_DFF_P_/D, endpoint slack:-7.5575324e-11
     1007 |      15 |     202 |      108 |     22 |   148 |   -0.120 |       -7.5 |    157 | sa11_sr\[7\]$_DFF_P_/D
iter:1007, pass:10, current fixing endpoint: sa32_sr\[6\]$_DFF_P_/D, endpoint slack:-7.3275275e-11
     1008 |      15 |     203 |      108 |     22 |   148 |   -0.120 |       -7.5 |    157 | sa11_sr\[7\]$_DFF_P_/D
iter:1008, pass:11, current fixing endpoint: sa32_sr\[6\]$_DFF_P_/D, endpoint slack:-7.004819e-11
     1009 |      15 |     204 |      108 |     22 |   148 |   -0.120 |       -7.5 |    157 | sa11_sr\[7\]$_DFF_P_/D
iter:1009, pass:12, current fixing endpoint: sa32_sr\[6\]$_DFF_P_/D, endpoint slack:-6.7658656e-11
     1010 |      15 |     205 |      108 |     22 |   148 |   -0.120 |       -7.5 |    157 | sa11_sr\[7\]$_DFF_P_/D
iter:1010, pass:13, current fixing endpoint: sa32_sr\[6\]$_DFF_P_/D, endpoint slack:-6.72975e-11
     1011 |      15 |     205 |      108 |     23 |   148 |   -0.120 |       -7.5 |    157 | sa11_sr\[7\]$_DFF_P_/D
iter:1011, pass:14, current fixing endpoint: sa32_sr\[6\]$_DFF_P_/D, endpoint slack:-6.681811e-11
     1012 |      15 |     205 |      108 |     23 |   149 |   -0.120 |       -7.5 |    157 | sa11_sr\[7\]$_DFF_P_/D
iter:1012, pass:15, current fixing endpoint: sa32_sr\[6\]$_DFF_P_/D, endpoint slack:-6.719647e-11
     1013 |      15 |     205 |      108 |     23 |   150 |   -0.120 |       -7.5 |    157 | sa11_sr\[7\]$_DFF_P_/D
iter:1013, pass:16, current fixing endpoint: sa32_sr\[6\]$_DFF_P_/D, endpoint slack:-7.221157e-11
     1014 |      15 |     206 |      108 |     23 |   150 |   -0.120 |       -7.5 |    157 | sa11_sr\[7\]$_DFF_P_/D
iter:1014, pass:17, current fixing endpoint: sa32_sr\[6\]$_DFF_P_/D, endpoint slack:-6.83571e-11
     1015 |      15 |     207 |      108 |     23 |   150 |   -0.120 |       -7.5 |    157 | sa11_sr\[7\]$_DFF_P_/D
iter:1015, pass:18, current fixing endpoint: sa32_sr\[6\]$_DFF_P_/D, endpoint slack:-6.8517636e-11
     1016 |      15 |     207 |      108 |     23 |   151 |   -0.120 |       -7.5 |    157 | sa11_sr\[7\]$_DFF_P_/D
iter:1016, pass:19, current fixing endpoint: sa32_sr\[6\]$_DFF_P_/D, endpoint slack:-7.0814576e-11
     1016 |      15 |     199 |      107 |     22 |   148 |   -0.120 |       -7.4 |    157 | sa11_sr\[7\]$_DFF_P_/D
     1017 |      15 |     199 |      107 |     22 |   148 |   -0.120 |       -7.4 |    157 | sa11_sr\[7\]$_DFF_P_/D
iter:1017, pass:1, current fixing endpoint: sa23_sr\[2\]$_DFF_P_/D, endpoint slack:-6.168832e-11
     1018 |      15 |     200 |      107 |     22 |   148 |   -0.120 |       -7.4 |    157 | sa11_sr\[7\]$_DFF_P_/D
iter:1018, pass:2, current fixing endpoint: sa23_sr\[2\]$_DFF_P_/D, endpoint slack:-6.345802e-11
     1019 |      15 |     200 |      107 |     23 |   148 |   -0.120 |       -7.4 |    157 | sa11_sr\[7\]$_DFF_P_/D
iter:1019, pass:3, current fixing endpoint: sa23_sr\[2\]$_DFF_P_/D, endpoint slack:-6.28434e-11
     1019 |      15 |     199 |      107 |     22 |   148 |   -0.120 |       -7.4 |    157 | sa11_sr\[7\]$_DFF_P_/D
     1020 |      15 |     199 |      107 |     22 |   148 |   -0.120 |       -7.4 |    157 | sa11_sr\[7\]$_DFF_P_/D
iter:1020, pass:1, current fixing endpoint: sa20_sr\[1\]$_DFF_P_/D, endpoint slack:-6.098311e-11
     1021 |      15 |     199 |      107 |     22 |   149 |   -0.120 |       -7.4 |    157 | sa11_sr\[7\]$_DFF_P_/D
iter:1021, pass:2, current fixing endpoint: sa20_sr\[1\]$_DFF_P_/D, endpoint slack:-6.611389e-11
     1022 |      15 |     199 |      107 |     22 |   150 |   -0.120 |       -7.4 |    157 | sa11_sr\[7\]$_DFF_P_/D
iter:1022, pass:3, current fixing endpoint: sa20_sr\[1\]$_DFF_P_/D, endpoint slack:-5.862422e-11
     1023 |      15 |     199 |      107 |     22 |   151 |   -0.120 |       -7.4 |    157 | sa11_sr\[7\]$_DFF_P_/D
iter:1023, pass:4, current fixing endpoint: sa20_sr\[1\]$_DFF_P_/D, endpoint slack:-6.0016436e-11
     1024 |      15 |     199 |      107 |     22 |   152 |   -0.120 |       -7.4 |    157 | sa11_sr\[7\]$_DFF_P_/D
iter:1024, pass:5, current fixing endpoint: sa20_sr\[1\]$_DFF_P_/D, endpoint slack:-6.5934036e-11
     1025 |      16 |     199 |      107 |     22 |   152 |   -0.120 |       -7.4 |    157 | sa11_sr\[7\]$_DFF_P_/D
iter:1025, pass:6, current fixing endpoint: sa20_sr\[1\]$_DFF_P_/D, endpoint slack:-5.71847e-11
     1026 |      16 |     200 |      107 |     22 |   152 |   -0.120 |       -7.4 |    157 | sa11_sr\[7\]$_DFF_P_/D
iter:1026, pass:7, current fixing endpoint: sa20_sr\[1\]$_DFF_P_/D, endpoint slack:-5.4180105e-11
     1027 |      16 |     201 |      107 |     22 |   152 |   -0.120 |       -7.4 |    157 | sa11_sr\[7\]$_DFF_P_/D
iter:1027, pass:8, current fixing endpoint: sa20_sr\[1\]$_DFF_P_/D, endpoint slack:-4.7006732e-11
     1028 |      16 |     201 |      109 |     22 |   152 |   -0.120 |       -7.4 |    157 | sa11_sr\[7\]$_DFF_P_/D
iter:1028, pass:9, current fixing endpoint: sa20_sr\[1\]$_DFF_P_/D, endpoint slack:-6.822887e-11
     1029 |      16 |     202 |      109 |     22 |   152 |   -0.120 |       -7.4 |    157 | sa11_sr\[7\]$_DFF_P_/D
iter:1029, pass:10, current fixing endpoint: sa20_sr\[1\]$_DFF_P_/D, endpoint slack:-6.3516414e-11
     1030 |      16 |     203 |      109 |     22 |   152 |   -0.120 |       -7.4 |    157 | sa11_sr\[7\]$_DFF_P_/D
iter:1030, pass:11, current fixing endpoint: sa20_sr\[1\]$_DFF_P_/D, endpoint slack:-6.896894e-11
     1031 |      16 |     204 |      109 |     22 |   152 |   -0.120 |       -7.4 |    157 | sa11_sr\[7\]$_DFF_P_/D
iter:1031, pass:12, current fixing endpoint: sa20_sr\[1\]$_DFF_P_/D, endpoint slack:-6.4030004e-11
     1032 |      16 |     204 |      109 |     23 |   152 |   -0.120 |       -7.4 |    157 | sa11_sr\[7\]$_DFF_P_/D
iter:1032, pass:13, current fixing endpoint: sa20_sr\[1\]$_DFF_P_/D, endpoint slack:-6.352974e-11
     1033 |      16 |     204 |      109 |     24 |   152 |   -0.120 |       -7.4 |    157 | sa11_sr\[7\]$_DFF_P_/D
iter:1033, pass:14, current fixing endpoint: sa20_sr\[1\]$_DFF_P_/D, endpoint slack:-6.3643646e-11
     1034 |      16 |     204 |      109 |     25 |   152 |   -0.120 |       -7.4 |    157 | sa11_sr\[7\]$_DFF_P_/D
iter:1034, pass:15, current fixing endpoint: sa20_sr\[1\]$_DFF_P_/D, endpoint slack:-6.4029004e-11
     1034 |      16 |     201 |      108 |     22 |   152 |   -0.120 |       -7.4 |    157 | sa11_sr\[7\]$_DFF_P_/D
     1035 |      16 |     201 |      108 |     22 |   152 |   -0.120 |       -7.4 |    157 | sa11_sr\[7\]$_DFF_P_/D
iter:1035, pass:1, current fixing endpoint: sa23_sr\[7\]$_DFF_P_/D, endpoint slack:-6.0539795e-11
     1035 |      16 |     201 |      108 |     22 |   152 |   -0.120 |       -7.4 |    157 | sa11_sr\[7\]$_DFF_P_/D
     1036 |      16 |     201 |      108 |     22 |   152 |   -0.120 |       -7.4 |    157 | sa11_sr\[7\]$_DFF_P_/D
iter:1036, pass:1, current fixing endpoint: sa13_sr\[6\]$_DFF_P_/D, endpoint slack:-6.0405236e-11
     1037 |      16 |     201 |      108 |     22 |   153 |   -0.120 |       -7.4 |    157 | sa11_sr\[7\]$_DFF_P_/D
iter:1037, pass:2, current fixing endpoint: sa13_sr\[6\]$_DFF_P_/D, endpoint slack:-5.5014104e-11
     1038 |      16 |     201 |      108 |     22 |   154 |   -0.120 |       -7.4 |    157 | sa11_sr\[7\]$_DFF_P_/D
iter:1038, pass:3, current fixing endpoint: sa13_sr\[6\]$_DFF_P_/D, endpoint slack:-5.1583737e-11
     1039 |      16 |     201 |      108 |     22 |   155 |   -0.120 |       -7.4 |    157 | sa11_sr\[7\]$_DFF_P_/D
iter:1039, pass:4, current fixing endpoint: sa13_sr\[6\]$_DFF_P_/D, endpoint slack:-5.6406657e-11
     1040 |      16 |     201 |      108 |     22 |   156 |   -0.120 |       -7.4 |    157 | sa11_sr\[7\]$_DFF_P_/D
iter:1040, pass:5, current fixing endpoint: sa13_sr\[6\]$_DFF_P_/D, endpoint slack:-6.403844e-11
     1041 |      16 |     201 |      108 |     22 |   157 |   -0.120 |       -7.5 |    157 | sa11_sr\[7\]$_DFF_P_/D
iter:1041, pass:6, current fixing endpoint: sa13_sr\[6\]$_DFF_P_/D, endpoint slack:-8.043455e-11
     1042 |      16 |     201 |      108 |     22 |   158 |   -0.120 |       -7.5 |    157 | sa11_sr\[7\]$_DFF_P_/D
iter:1042, pass:7, current fixing endpoint: sa13_sr\[6\]$_DFF_P_/D, endpoint slack:-7.858936e-11
     1042 |      16 |     201 |      108 |     22 |   154 |   -0.120 |       -7.4 |    157 | sa11_sr\[7\]$_DFF_P_/D
     1043 |      16 |     201 |      108 |     22 |   154 |   -0.120 |       -7.4 |    157 | sa11_sr\[7\]$_DFF_P_/D
iter:1043, pass:1, current fixing endpoint: sa32_sr\[1\]$_DFF_P_/D, endpoint slack:-5.981016e-11
     1044 |      16 |     201 |      110 |     22 |   154 |   -0.120 |       -7.4 |    157 | sa11_sr\[7\]$_DFF_P_/D
iter:1044, pass:2, current fixing endpoint: sa32_sr\[1\]$_DFF_P_/D, endpoint slack:-5.182743e-11
     1045 |      16 |     201 |      110 |     22 |   155 |   -0.120 |       -7.5 |    157 | sa11_sr\[7\]$_DFF_P_/D
iter:1045, pass:3, current fixing endpoint: sa32_sr\[1\]$_DFF_P_/D, endpoint slack:-8.322876e-11
     1046 |      16 |     201 |      112 |     22 |   155 |   -0.120 |       -7.6 |    157 | sa11_sr\[7\]$_DFF_P_/D
iter:1046, pass:4, current fixing endpoint: sa32_sr\[1\]$_DFF_P_/D, endpoint slack:-7.431411e-11
     1047 |      16 |     201 |      112 |     22 |   156 |   -0.120 |       -7.6 |    157 | sa11_sr\[7\]$_DFF_P_/D
iter:1047, pass:5, current fixing endpoint: sa32_sr\[1\]$_DFF_P_/D, endpoint slack:-8.58007e-11
     1048 |      16 |     202 |      112 |     22 |   156 |   -0.120 |       -7.6 |    157 | sa11_sr\[7\]$_DFF_P_/D
iter:1048, pass:6, current fixing endpoint: sa32_sr\[1\]$_DFF_P_/D, endpoint slack:-9.192025e-11
     1049 |      16 |     202 |      112 |     22 |   157 |   -0.120 |       -7.6 |    157 | sa11_sr\[7\]$_DFF_P_/D
iter:1049, pass:7, current fixing endpoint: sa32_sr\[1\]$_DFF_P_/D, endpoint slack:-9.634327e-11
     1049 |      16 |     201 |      111 |     22 |   154 |   -0.120 |       -7.4 |    157 | sa11_sr\[7\]$_DFF_P_/D
     1050 |      16 |     201 |      111 |     22 |   154 |   -0.120 |       -7.4 |    157 | sa11_sr\[7\]$_DFF_P_/D
iter:1050, pass:1, current fixing endpoint: sa03_sr\[1\]$_DFF_P_/D, endpoint slack:-5.971401e-11
     1051 |      16 |     201 |      111 |     22 |   155 |   -0.120 |       -7.4 |    157 | sa11_sr\[7\]$_DFF_P_/D
iter:1051, pass:2, current fixing endpoint: sa03_sr\[1\]$_DFF_P_/D, endpoint slack:-5.2416405e-11
     1052 |      16 |     201 |      111 |     22 |   156 |   -0.120 |       -7.4 |    157 | sa11_sr\[7\]$_DFF_P_/D
iter:1052, pass:3, current fixing endpoint: sa03_sr\[1\]$_DFF_P_/D, endpoint slack:-5.476508e-11
     1053 |      16 |     202 |      111 |     22 |   156 |   -0.120 |       -7.4 |    157 | sa11_sr\[7\]$_DFF_P_/D
iter:1053, pass:4, current fixing endpoint: sa03_sr\[1\]$_DFF_P_/D, endpoint slack:-5.552403e-11
     1054 |      16 |     202 |      111 |     22 |   157 |   -0.120 |       -7.4 |    157 | sa11_sr\[7\]$_DFF_P_/D
iter:1054, pass:5, current fixing endpoint: sa03_sr\[1\]$_DFF_P_/D, endpoint slack:-5.114742e-11
     1055 |      16 |     202 |      111 |     22 |   158 |   -0.120 |       -7.4 |    157 | sa11_sr\[7\]$_DFF_P_/D
iter:1055, pass:6, current fixing endpoint: sa03_sr\[1\]$_DFF_P_/D, endpoint slack:-5.589562e-11
     1056 |      16 |     203 |      111 |     22 |   158 |   -0.120 |       -7.4 |    157 | sa11_sr\[7\]$_DFF_P_/D
iter:1056, pass:7, current fixing endpoint: sa03_sr\[1\]$_DFF_P_/D, endpoint slack:-5.0498605e-11
     1057 |      16 |     204 |      111 |     22 |   158 |   -0.120 |       -7.4 |    157 | sa11_sr\[7\]$_DFF_P_/D
iter:1057, pass:8, current fixing endpoint: sa03_sr\[1\]$_DFF_P_/D, endpoint slack:-4.9633853e-11
     1058 |      16 |     205 |      111 |     22 |   158 |   -0.120 |       -7.4 |    157 | sa11_sr\[7\]$_DFF_P_/D
iter:1058, pass:9, current fixing endpoint: sa03_sr\[1\]$_DFF_P_/D, endpoint slack:-4.9083737e-11
     1059 |      16 |     206 |      111 |     22 |   158 |   -0.120 |       -7.4 |    157 | sa11_sr\[7\]$_DFF_P_/D
iter:1059, pass:10, current fixing endpoint: sa03_sr\[1\]$_DFF_P_/D, endpoint slack:-5.160461e-11
     1059 |      16 |     205 |      111 |     22 |   158 |   -0.120 |       -7.4 |    157 | sa11_sr\[7\]$_DFF_P_/D
--------------------
update violating ends at fixEndpointNum 117
top element of violating ends is: sa11_sr\[7\]$_DFF_P_/D
--------------------
     1060 |      16 |     205 |      111 |     22 |   158 |   -0.120 |       -7.4 |    157 | sa11_sr\[7\]$_DFF_P_/D
iter:1060, pass:1, current fixing endpoint: sa11_sr\[7\]$_DFF_P_/D, endpoint slack:-1.1965506e-10
     1060 |      16 |     205 |      111 |     22 |   158 |   -0.120 |       -7.4 |    157 | sa11_sr\[7\]$_DFF_P_/D
     1061 |      16 |     205 |      111 |     22 |   158 |   -0.120 |       -7.4 |    157 | sa11_sr\[7\]$_DFF_P_/D
iter:1061, pass:1, current fixing endpoint: sa11_sr\[1\]$_DFF_P_/D, endpoint slack:-1.1327006e-10
     1062 |      16 |     206 |      111 |     22 |   158 |   -0.120 |       -7.4 |    157 | sa11_sr\[7\]$_DFF_P_/D
iter:1062, pass:2, current fixing endpoint: sa11_sr\[1\]$_DFF_P_/D, endpoint slack:-1.1126333e-10
     1063 |      16 |     207 |      111 |     22 |   158 |   -0.120 |       -7.4 |    157 | sa11_sr\[7\]$_DFF_P_/D
iter:1063, pass:3, current fixing endpoint: sa11_sr\[1\]$_DFF_P_/D, endpoint slack:-1.10565335e-10
     1064 |      16 |     208 |      111 |     22 |   158 |   -0.120 |       -7.4 |    157 | sa11_sr\[7\]$_DFF_P_/D
iter:1064, pass:4, current fixing endpoint: sa11_sr\[1\]$_DFF_P_/D, endpoint slack:-1.0768697e-10
     1065 |      16 |     209 |      111 |     22 |   158 |   -0.120 |       -7.4 |    157 | sa11_sr\[7\]$_DFF_P_/D
iter:1065, pass:5, current fixing endpoint: sa11_sr\[1\]$_DFF_P_/D, endpoint slack:-1.0601908e-10
     1065 |      16 |     209 |      111 |     22 |   158 |   -0.120 |       -7.4 |    157 | sa11_sr\[7\]$_DFF_P_/D
     1066 |      16 |     209 |      111 |     22 |   158 |   -0.120 |       -7.4 |    157 | sa11_sr\[7\]$_DFF_P_/D
iter:1066, pass:1, current fixing endpoint: sa32_sr\[3\]$_DFF_P_/D, endpoint slack:-1.12788334e-10
     1067 |      16 |     209 |      113 |     22 |   158 |   -0.120 |       -7.6 |    157 | sa11_sr\[7\]$_DFF_P_/D
iter:1067, pass:2, current fixing endpoint: sa32_sr\[3\]$_DFF_P_/D, endpoint slack:-1.03716924e-10
     1067 |      16 |     209 |      113 |     22 |   158 |   -0.120 |       -7.6 |    157 | sa11_sr\[7\]$_DFF_P_/D
     1068 |      16 |     209 |      113 |     22 |   158 |   -0.120 |       -7.6 |    157 | sa11_sr\[7\]$_DFF_P_/D
iter:1068, pass:1, current fixing endpoint: sa20_sr\[3\]$_DFF_P_/D, endpoint slack:-1.07777454e-10
     1069 |      16 |     209 |      115 |     22 |   158 |   -0.120 |       -7.5 |    157 | sa11_sr\[7\]$_DFF_P_/D
iter:1069, pass:2, current fixing endpoint: sa20_sr\[3\]$_DFF_P_/D, endpoint slack:-1.0041967e-10
     1069 |      16 |     209 |      115 |     22 |   158 |   -0.120 |       -7.5 |    157 | sa11_sr\[7\]$_DFF_P_/D
     1070 |      16 |     209 |      115 |     22 |   158 |   -0.120 |       -7.5 |    157 | sa11_sr\[7\]$_DFF_P_/D
iter:1070, pass:1, current fixing endpoint: sa11_sr\[4\]$_DFF_P_/D, endpoint slack:-1.0556078e-10
     1070 |      16 |     209 |      115 |     22 |   158 |   -0.120 |       -7.5 |    157 | sa11_sr\[7\]$_DFF_P_/D
     1071 |      16 |     209 |      115 |     22 |   158 |   -0.120 |       -7.5 |    157 | sa11_sr\[7\]$_DFF_P_/D
iter:1071, pass:1, current fixing endpoint: sa00_sr\[7\]$_DFF_P_/D, endpoint slack:-1.02694075e-10
     1072 |      16 |     209 |      115 |     23 |   158 |   -0.120 |       -7.5 |    157 | sa11_sr\[7\]$_DFF_P_/D
iter:1072, pass:2, current fixing endpoint: sa00_sr\[7\]$_DFF_P_/D, endpoint slack:-9.886614e-11
     1073 |      16 |     210 |      115 |     23 |   158 |   -0.120 |       -7.5 |    157 | sa11_sr\[7\]$_DFF_P_/D
iter:1073, pass:3, current fixing endpoint: sa00_sr\[7\]$_DFF_P_/D, endpoint slack:-1.0048762e-10
     1074 |      16 |     211 |      115 |     23 |   158 |   -0.120 |       -7.5 |    157 | sa11_sr\[7\]$_DFF_P_/D
iter:1074, pass:4, current fixing endpoint: sa00_sr\[7\]$_DFF_P_/D, endpoint slack:-1.0341439e-10
     1075 |      16 |     212 |      115 |     23 |   158 |   -0.120 |       -7.5 |    157 | sa11_sr\[7\]$_DFF_P_/D
iter:1075, pass:5, current fixing endpoint: sa00_sr\[7\]$_DFF_P_/D, endpoint slack:-1.0326873e-10
     1075 |      16 |     209 |      115 |     23 |   158 |   -0.120 |       -7.5 |    157 | sa11_sr\[7\]$_DFF_P_/D
     1076 |      16 |     209 |      115 |     23 |   158 |   -0.120 |       -7.5 |    157 | sa11_sr\[7\]$_DFF_P_/D
iter:1076, pass:1, current fixing endpoint: sa11_sr\[3\]$_DFF_P_/D, endpoint slack:-1.0190848e-10
     1077 |      16 |     210 |      115 |     23 |   158 |   -0.120 |       -7.5 |    157 | sa11_sr\[7\]$_DFF_P_/D
iter:1077, pass:2, current fixing endpoint: sa11_sr\[3\]$_DFF_P_/D, endpoint slack:-1.025815e-10
     1077 |      16 |     209 |      115 |     23 |   158 |   -0.120 |       -7.5 |    157 | sa11_sr\[7\]$_DFF_P_/D
     1078 |      16 |     209 |      115 |     23 |   158 |   -0.120 |       -7.5 |    157 | sa11_sr\[7\]$_DFF_P_/D
iter:1078, pass:1, current fixing endpoint: u0.u1.d\[6\]$_DFF_P_/D, endpoint slack:-9.316958e-11
     1078 |      16 |     209 |      115 |     23 |   158 |   -0.120 |       -7.5 |    157 | sa11_sr\[7\]$_DFF_P_/D
     1079 |      16 |     209 |      115 |     23 |   158 |   -0.120 |       -7.5 |    157 | sa11_sr\[7\]$_DFF_P_/D
iter:1079, pass:1, current fixing endpoint: sa20_sr\[0\]$_DFF_P_/D, endpoint slack:-8.301093e-11
     1079 |      16 |     209 |      115 |     23 |   158 |   -0.120 |       -7.5 |    157 | sa11_sr\[7\]$_DFF_P_/D
     1080 |      16 |     209 |      115 |     23 |   158 |   -0.120 |       -7.5 |    157 | sa11_sr\[7\]$_DFF_P_/D
iter:1080, pass:1, current fixing endpoint: u0.u2.d\[2\]$_DFF_P_/D, endpoint slack:-8.737855e-11
     1081 |      16 |     210 |      115 |     23 |   158 |   -0.120 |       -7.5 |    157 | sa11_sr\[7\]$_DFF_P_/D
iter:1081, pass:2, current fixing endpoint: u0.u2.d\[2\]$_DFF_P_/D, endpoint slack:-8.8393515e-11
     1082 |      16 |     211 |      115 |     23 |   158 |   -0.120 |       -7.5 |    157 | sa11_sr\[7\]$_DFF_P_/D
iter:1082, pass:3, current fixing endpoint: u0.u2.d\[2\]$_DFF_P_/D, endpoint slack:-8.882606e-11
     1082 |      16 |     209 |      115 |     23 |   158 |   -0.120 |       -7.5 |    157 | sa11_sr\[7\]$_DFF_P_/D
     1083 |      16 |     209 |      115 |     23 |   158 |   -0.120 |       -7.5 |    157 | sa11_sr\[7\]$_DFF_P_/D
iter:1083, pass:1, current fixing endpoint: sa20_sr\[7\]$_DFF_P_/D, endpoint slack:-7.786505e-11
     1084 |      16 |     210 |      115 |     23 |   158 |   -0.120 |       -7.5 |    157 | sa11_sr\[7\]$_DFF_P_/D
iter:1084, pass:2, current fixing endpoint: sa20_sr\[7\]$_DFF_P_/D, endpoint slack:-8.205503e-11
     1084 |      16 |     209 |      115 |     23 |   158 |   -0.120 |       -7.5 |    157 | sa11_sr\[7\]$_DFF_P_/D
     1085 |      16 |     209 |      115 |     23 |   158 |   -0.120 |       -7.5 |    157 | sa11_sr\[7\]$_DFF_P_/D
iter:1085, pass:1, current fixing endpoint: sa20_sr\[5\]$_DFF_P_/D, endpoint slack:-8.26178e-11
     1086 |      16 |     210 |      115 |     23 |   158 |   -0.120 |       -7.5 |    157 | sa11_sr\[7\]$_DFF_P_/D
iter:1086, pass:2, current fixing endpoint: sa20_sr\[5\]$_DFF_P_/D, endpoint slack:-8.580159e-11
     1086 |      16 |     209 |      115 |     23 |   158 |   -0.120 |       -7.5 |    157 | sa11_sr\[7\]$_DFF_P_/D
     1087 |      16 |     209 |      115 |     23 |   158 |   -0.120 |       -7.5 |    157 | sa11_sr\[7\]$_DFF_P_/D
iter:1087, pass:1, current fixing endpoint: sa11_sr\[0\]$_DFF_P_/D, endpoint slack:-8.7677865e-11
     1087 |      16 |     209 |      115 |     23 |   158 |   -0.120 |       -7.5 |    157 | sa11_sr\[7\]$_DFF_P_/D
     1088 |      16 |     209 |      115 |     23 |   158 |   -0.120 |       -7.5 |    157 | sa11_sr\[7\]$_DFF_P_/D
iter:1088, pass:1, current fixing endpoint: sa32_sr\[7\]$_DFF_P_/D, endpoint slack:-9.5829567e-11
     1089 |      16 |     210 |      115 |     23 |   158 |   -0.120 |       -7.4 |    157 | sa11_sr\[7\]$_DFF_P_/D
iter:1089, pass:2, current fixing endpoint: sa32_sr\[7\]$_DFF_P_/D, endpoint slack:-8.588463e-11
     1090 |      16 |     211 |      115 |     23 |   158 |   -0.120 |       -7.4 |    157 | sa11_sr\[7\]$_DFF_P_/D
iter:1090, pass:3, current fixing endpoint: sa32_sr\[7\]$_DFF_P_/D, endpoint slack:-8.252887e-11
     1091 |      16 |     212 |      115 |     23 |   158 |   -0.120 |       -7.4 |    157 | sa11_sr\[7\]$_DFF_P_/D
iter:1091, pass:4, current fixing endpoint: sa32_sr\[7\]$_DFF_P_/D, endpoint slack:-8.021839e-11
     1092 |      16 |     212 |      115 |     23 |   159 |   -0.120 |       -7.4 |    157 | sa11_sr\[7\]$_DFF_P_/D
iter:1092, pass:5, current fixing endpoint: sa32_sr\[7\]$_DFF_P_/D, endpoint slack:-8.7225005e-11
     1093 |      16 |     213 |      115 |     23 |   159 |   -0.120 |       -7.4 |    157 | sa11_sr\[7\]$_DFF_P_/D
iter:1093, pass:6, current fixing endpoint: sa32_sr\[7\]$_DFF_P_/D, endpoint slack:-8.388645e-11
     1094 |      16 |     214 |      115 |     23 |   159 |   -0.120 |       -7.4 |    157 | sa11_sr\[7\]$_DFF_P_/D
iter:1094, pass:7, current fixing endpoint: sa32_sr\[7\]$_DFF_P_/D, endpoint slack:-8.2695295e-11
     1095 |      16 |     215 |      115 |     23 |   159 |   -0.120 |       -7.4 |    157 | sa11_sr\[7\]$_DFF_P_/D
iter:1095, pass:8, current fixing endpoint: sa32_sr\[7\]$_DFF_P_/D, endpoint slack:-8.3554275e-11
     1096 |      16 |     216 |      115 |     23 |   159 |   -0.120 |       -7.4 |    157 | sa11_sr\[7\]$_DFF_P_/D
iter:1096, pass:9, current fixing endpoint: sa32_sr\[7\]$_DFF_P_/D, endpoint slack:-8.1753715e-11
     1097 |      16 |     216 |      115 |     24 |   159 |   -0.120 |       -7.4 |    157 | sa11_sr\[7\]$_DFF_P_/D
iter:1097, pass:10, current fixing endpoint: sa32_sr\[7\]$_DFF_P_/D, endpoint slack:-8.071788e-11
     1098 |      16 |     217 |      115 |     24 |   159 |   -0.120 |       -7.4 |    157 | sa11_sr\[7\]$_DFF_P_/D
iter:1098, pass:11, current fixing endpoint: sa32_sr\[7\]$_DFF_P_/D, endpoint slack:-8.2029494e-11
     1099 |      16 |     217 |      115 |     24 |   160 |   -0.120 |       -7.4 |    157 | sa11_sr\[7\]$_DFF_P_/D
iter:1099, pass:12, current fixing endpoint: sa32_sr\[7\]$_DFF_P_/D, endpoint slack:-8.0580875e-11
     1099 |      16 |     214 |      115 |     23 |   158 |   -0.120 |       -7.4 |    157 | sa11_sr\[7\]$_DFF_P_/D
     1100 |      16 |     214 |      115 |     23 |   158 |   -0.120 |       -7.4 |    157 | sa11_sr\[7\]$_DFF_P_/D
iter:1100, pass:1, current fixing endpoint: u0.u1.d\[2\]$_DFF_P_/D, endpoint slack:-8.294465e-11
     1100 |      16 |     214 |      115 |     23 |   158 |   -0.120 |       -7.4 |    157 | sa11_sr\[7\]$_DFF_P_/D
     1101 |      16 |     214 |      115 |     23 |   158 |   -0.120 |       -7.4 |    157 | sa11_sr\[7\]$_DFF_P_/D
iter:1101, pass:1, current fixing endpoint: sa13_sr\[3\]$_DFF_P_/D, endpoint slack:-8.286405e-11
     1101 |      16 |     214 |      115 |     23 |   158 |   -0.120 |       -7.4 |    157 | sa11_sr\[7\]$_DFF_P_/D
     1102 |      16 |     214 |      115 |     23 |   158 |   -0.120 |       -7.4 |    157 | sa11_sr\[7\]$_DFF_P_/D
iter:1102, pass:1, current fixing endpoint: sa02_sr\[5\]$_DFF_P_/D, endpoint slack:-8.2647444e-11
     1102 |      16 |     214 |      115 |     23 |   158 |   -0.120 |       -7.4 |    157 | sa11_sr\[7\]$_DFF_P_/D
     1103 |      16 |     214 |      115 |     23 |   158 |   -0.120 |       -7.4 |    157 | sa11_sr\[7\]$_DFF_P_/D
iter:1103, pass:1, current fixing endpoint: sa20_sr\[2\]$_DFF_P_/D, endpoint slack:-7.740797e-11
     1104 |      16 |     215 |      115 |     23 |   158 |   -0.120 |       -7.4 |    157 | sa11_sr\[7\]$_DFF_P_/D
iter:1104, pass:2, current fixing endpoint: sa20_sr\[2\]$_DFF_P_/D, endpoint slack:-7.610801e-11
     1105 |      16 |     216 |      115 |     23 |   158 |   -0.120 |       -7.4 |    157 | sa11_sr\[7\]$_DFF_P_/D
iter:1105, pass:3, current fixing endpoint: sa20_sr\[2\]$_DFF_P_/D, endpoint slack:-7.6450735e-11
     1106 |      16 |     216 |      117 |     23 |   158 |   -0.120 |       -7.5 |    157 | sa11_sr\[7\]$_DFF_P_/D
iter:1106, pass:4, current fixing endpoint: sa20_sr\[2\]$_DFF_P_/D, endpoint slack:-9.010215e-11
     1106 |      16 |     215 |      116 |     23 |   158 |   -0.120 |       -7.4 |    157 | sa11_sr\[7\]$_DFF_P_/D
     1107 |      16 |     215 |      116 |     23 |   158 |   -0.120 |       -7.4 |    157 | sa11_sr\[7\]$_DFF_P_/D
iter:1107, pass:1, current fixing endpoint: u0.u2.d\[1\]$_DFF_P_/D, endpoint slack:-8.074286e-11
     1108 |      16 |     216 |      116 |     23 |   158 |   -0.120 |       -7.4 |    157 | sa11_sr\[7\]$_DFF_P_/D
iter:1108, pass:2, current fixing endpoint: u0.u2.d\[1\]$_DFF_P_/D, endpoint slack:-8.114842e-11
     1109 |      16 |     217 |      116 |     23 |   158 |   -0.120 |       -7.5 |    157 | sa11_sr\[7\]$_DFF_P_/D
iter:1109, pass:3, current fixing endpoint: u0.u2.d\[1\]$_DFF_P_/D, endpoint slack:-8.216594e-11
     1110 |      16 |     218 |      116 |     23 |   158 |   -0.120 |       -7.5 |    157 | sa11_sr\[7\]$_DFF_P_/D
iter:1110, pass:4, current fixing endpoint: u0.u2.d\[1\]$_DFF_P_/D, endpoint slack:-8.189438e-11
     1111 |      16 |     219 |      116 |     23 |   158 |   -0.120 |       -7.5 |    157 | sa11_sr\[7\]$_DFF_P_/D
iter:1111, pass:5, current fixing endpoint: u0.u2.d\[1\]$_DFF_P_/D, endpoint slack:-9.194889e-11
     1112 |      16 |     220 |      116 |     23 |   158 |   -0.120 |       -7.5 |    157 | sa11_sr\[7\]$_DFF_P_/D
iter:1112, pass:6, current fixing endpoint: u0.u2.d\[1\]$_DFF_P_/D, endpoint slack:-8.332468e-11
     1112 |      16 |     216 |      116 |     23 |   158 |   -0.120 |       -7.4 |    157 | sa11_sr\[7\]$_DFF_P_/D
     1113 |      16 |     216 |      116 |     23 |   158 |   -0.120 |       -7.4 |    157 | sa11_sr\[7\]$_DFF_P_/D
iter:1113, pass:1, current fixing endpoint: sa20_sr\[6\]$_DFF_P_/D, endpoint slack:-7.217871e-11
     1114 |      16 |     217 |      116 |     23 |   158 |   -0.120 |       -7.4 |    157 | sa11_sr\[7\]$_DFF_P_/D
iter:1114, pass:2, current fixing endpoint: sa20_sr\[6\]$_DFF_P_/D, endpoint slack:-7.250189e-11
     1114 |      16 |     216 |      116 |     23 |   158 |   -0.120 |       -7.4 |    157 | sa11_sr\[7\]$_DFF_P_/D
     1115 |      16 |     216 |      116 |     23 |   158 |   -0.120 |       -7.4 |    157 | sa11_sr\[7\]$_DFF_P_/D
iter:1115, pass:1, current fixing endpoint: sa02_sr\[3\]$_DFF_P_/D, endpoint slack:-7.3971385e-11
     1115 |      16 |     216 |      116 |     23 |   158 |   -0.120 |       -7.4 |    157 | sa11_sr\[7\]$_DFF_P_/D
     1116 |      16 |     216 |      116 |     23 |   158 |   -0.120 |       -7.4 |    157 | sa11_sr\[7\]$_DFF_P_/D
iter:1116, pass:1, current fixing endpoint: sa11_sr\[5\]$_DFF_P_/D, endpoint slack:-7.359191e-11
     1117 |      16 |     217 |      116 |     23 |   158 |   -0.120 |       -7.4 |    157 | sa11_sr\[7\]$_DFF_P_/D
iter:1117, pass:2, current fixing endpoint: sa11_sr\[5\]$_DFF_P_/D, endpoint slack:-7.5337514e-11
     1117 |      16 |     216 |      116 |     23 |   158 |   -0.120 |       -7.4 |    157 | sa11_sr\[7\]$_DFF_P_/D
     1118 |      16 |     216 |      116 |     23 |   158 |   -0.120 |       -7.4 |    157 | sa11_sr\[7\]$_DFF_P_/D
iter:1118, pass:1, current fixing endpoint: sa02_sr\[1\]$_DFF_P_/D, endpoint slack:-7.2139184e-11
     1118 |      16 |     216 |      116 |     23 |   158 |   -0.120 |       -7.4 |    157 | sa11_sr\[7\]$_DFF_P_/D
     1119 |      16 |     216 |      116 |     23 |   158 |   -0.120 |       -7.4 |    157 | sa11_sr\[7\]$_DFF_P_/D
iter:1119, pass:1, current fixing endpoint: sa11_sr\[2\]$_DFF_P_/D, endpoint slack:-7.121337e-11
     1119 |      16 |     216 |      116 |     23 |   158 |   -0.120 |       -7.4 |    157 | sa11_sr\[7\]$_DFF_P_/D
     1120 |      16 |     216 |      116 |     23 |   158 |   -0.120 |       -7.4 |    157 | sa11_sr\[7\]$_DFF_P_/D
iter:1120, pass:1, current fixing endpoint: sa02_sr\[2\]$_DFF_P_/D, endpoint slack:-6.75322e-11
     1120 |      16 |     216 |      116 |     23 |   158 |   -0.120 |       -7.4 |    157 | sa11_sr\[7\]$_DFF_P_/D
     1121 |      16 |     216 |      116 |     23 |   158 |   -0.120 |       -7.4 |    157 | sa11_sr\[7\]$_DFF_P_/D
iter:1121, pass:1, current fixing endpoint: u0.u0.d\[6\]$_DFF_P_/D, endpoint slack:-6.556666e-11
     1121 |      16 |     216 |      116 |     23 |   158 |   -0.120 |       -7.4 |    157 | sa11_sr\[7\]$_DFF_P_/D
     1122 |      16 |     216 |      116 |     23 |   158 |   -0.120 |       -7.4 |    157 | sa11_sr\[7\]$_DFF_P_/D
iter:1122, pass:1, current fixing endpoint: sa32_sr\[5\]$_DFF_P_/D, endpoint slack:-7.19359e-11
     1123 |      16 |     217 |      116 |     23 |   158 |   -0.120 |       -7.4 |    157 | sa11_sr\[7\]$_DFF_P_/D
iter:1123, pass:2, current fixing endpoint: sa32_sr\[5\]$_DFF_P_/D, endpoint slack:-6.889089e-11
     1124 |      16 |     218 |      116 |     23 |   158 |   -0.120 |       -7.4 |    157 | sa11_sr\[7\]$_DFF_P_/D
iter:1124, pass:3, current fixing endpoint: sa32_sr\[5\]$_DFF_P_/D, endpoint slack:-6.835066e-11
     1125 |      16 |     218 |      116 |     23 |   159 |   -0.120 |       -7.4 |    157 | sa11_sr\[7\]$_DFF_P_/D
iter:1125, pass:4, current fixing endpoint: sa32_sr\[5\]$_DFF_P_/D, endpoint slack:-7.084877e-11
     1125 |      16 |     218 |      116 |     23 |   158 |   -0.120 |       -7.4 |    157 | sa11_sr\[7\]$_DFF_P_/D
     1126 |      16 |     218 |      116 |     23 |   158 |   -0.120 |       -7.4 |    157 | sa11_sr\[7\]$_DFF_P_/D
iter:1126, pass:1, current fixing endpoint: sa12_sr\[7\]$_DFF_P_/D, endpoint slack:-6.398193e-11
     1127 |      16 |     219 |      116 |     23 |   158 |   -0.120 |       -7.4 |    157 | sa11_sr\[7\]$_DFF_P_/D
iter:1127, pass:2, current fixing endpoint: sa12_sr\[7\]$_DFF_P_/D, endpoint slack:-6.384615e-11
     1128 |      16 |     220 |      116 |     23 |   158 |   -0.120 |       -7.4 |    157 | sa11_sr\[7\]$_DFF_P_/D
iter:1128, pass:3, current fixing endpoint: sa12_sr\[7\]$_DFF_P_/D, endpoint slack:-5.985923e-11
     1129 |      16 |     220 |      116 |     23 |   159 |   -0.120 |       -7.4 |    157 | sa11_sr\[7\]$_DFF_P_/D
iter:1129, pass:4, current fixing endpoint: sa12_sr\[7\]$_DFF_P_/D, endpoint slack:-6.505563e-11
     1130 |      16 |     221 |      116 |     23 |   159 |   -0.120 |       -7.4 |    157 | sa11_sr\[7\]$_DFF_P_/D
iter:1130, pass:5, current fixing endpoint: sa12_sr\[7\]$_DFF_P_/D, endpoint slack:-6.441381e-11
     1131 |      16 |     221 |      116 |     23 |   160 |   -0.120 |       -7.4 |    157 | sa11_sr\[7\]$_DFF_P_/D
iter:1131, pass:6, current fixing endpoint: sa12_sr\[7\]$_DFF_P_/D, endpoint slack:-6.5687344e-11
     1132 |      16 |     222 |      116 |     23 |   160 |   -0.120 |       -7.4 |    157 | sa11_sr\[7\]$_DFF_P_/D
iter:1132, pass:7, current fixing endpoint: sa12_sr\[7\]$_DFF_P_/D, endpoint slack:-6.650813e-11
     1133 |      16 |     223 |      116 |     23 |   160 |   -0.120 |       -7.4 |    157 | sa11_sr\[7\]$_DFF_P_/D
iter:1133, pass:8, current fixing endpoint: sa12_sr\[7\]$_DFF_P_/D, endpoint slack:-6.349987e-11
     1134 |      16 |     223 |      118 |     23 |   160 |   -0.120 |       -7.4 |    157 | sa11_sr\[7\]$_DFF_P_/D
iter:1134, pass:9, current fixing endpoint: sa12_sr\[7\]$_DFF_P_/D, endpoint slack:-6.2318484e-11
     1135 |      16 |     223 |      118 |     23 |   161 |   -0.120 |       -7.4 |    157 | sa11_sr\[7\]$_DFF_P_/D
iter:1135, pass:10, current fixing endpoint: sa12_sr\[7\]$_DFF_P_/D, endpoint slack:-6.5073835e-11
     1135 |      16 |     220 |      117 |     23 |   158 |   -0.120 |       -7.4 |    157 | sa11_sr\[7\]$_DFF_P_/D
     1136 |      16 |     220 |      117 |     23 |   158 |   -0.120 |       -7.4 |    157 | sa11_sr\[7\]$_DFF_P_/D
iter:1136, pass:1, current fixing endpoint: sa23_sr\[2\]$_DFF_P_/D, endpoint slack:-6.3681616e-11
     1137 |      16 |     221 |      117 |     23 |   158 |   -0.120 |       -7.4 |    157 | sa11_sr\[7\]$_DFF_P_/D
iter:1137, pass:2, current fixing endpoint: sa23_sr\[2\]$_DFF_P_/D, endpoint slack:-6.545142e-11
     1138 |      16 |     221 |      117 |     24 |   158 |   -0.120 |       -7.4 |    157 | sa11_sr\[7\]$_DFF_P_/D
iter:1138, pass:3, current fixing endpoint: sa23_sr\[2\]$_DFF_P_/D, endpoint slack:-6.28434e-11
     1138 |      16 |     221 |      117 |     24 |   158 |   -0.120 |       -7.4 |    157 | sa11_sr\[7\]$_DFF_P_/D
     1139 |      16 |     221 |      117 |     24 |   158 |   -0.120 |       -7.4 |    157 | sa11_sr\[7\]$_DFF_P_/D
iter:1139, pass:1, current fixing endpoint: sa00_sr\[0\]$_DFF_P_/D, endpoint slack:-6.3655414e-11
     1139 |      16 |     221 |      117 |     24 |   158 |   -0.120 |       -7.4 |    157 | sa11_sr\[7\]$_DFF_P_/D
     1140 |      16 |     221 |      117 |     24 |   158 |   -0.120 |       -7.4 |    157 | sa11_sr\[7\]$_DFF_P_/D
iter:1140, pass:1, current fixing endpoint: sa02_sr\[6\]$_DFF_P_/D, endpoint slack:-6.325074e-11
     1141 |      16 |     222 |      117 |     24 |   158 |   -0.120 |       -7.4 |    157 | sa11_sr\[7\]$_DFF_P_/D
iter:1141, pass:2, current fixing endpoint: sa02_sr\[6\]$_DFF_P_/D, endpoint slack:-6.117962e-11
     1142 |      16 |     223 |      117 |     24 |   158 |   -0.120 |       -7.4 |    157 | sa11_sr\[7\]$_DFF_P_/D
iter:1142, pass:3, current fixing endpoint: sa02_sr\[6\]$_DFF_P_/D, endpoint slack:-6.818668e-11
     1143 |      16 |     224 |      117 |     24 |   158 |   -0.120 |       -7.4 |    157 | sa11_sr\[7\]$_DFF_P_/D
iter:1143, pass:4, current fixing endpoint: sa02_sr\[6\]$_DFF_P_/D, endpoint slack:-5.7789884e-11
     1144 |      16 |     225 |      117 |     24 |   158 |   -0.120 |       -7.4 |    157 | sa11_sr\[7\]$_DFF_P_/D
iter:1144, pass:5, current fixing endpoint: sa02_sr\[6\]$_DFF_P_/D, endpoint slack:-5.5639382e-11
     1145 |      16 |     226 |      117 |     24 |   158 |   -0.120 |       -7.4 |    157 | sa11_sr\[7\]$_DFF_P_/D
iter:1145, pass:6, current fixing endpoint: sa02_sr\[6\]$_DFF_P_/D, endpoint slack:-5.512313e-11
     1146 |      16 |     226 |      117 |     24 |   159 |   -0.120 |       -7.4 |    157 | sa11_sr\[7\]$_DFF_P_/D
iter:1146, pass:7, current fixing endpoint: sa02_sr\[6\]$_DFF_P_/D, endpoint slack:-6.5565664e-11
     1147 |      16 |     226 |      122 |     24 |   159 |   -0.120 |       -7.4 |    157 | sa11_sr\[7\]$_DFF_P_/D
iter:1147, pass:8, current fixing endpoint: sa02_sr\[6\]$_DFF_P_/D, endpoint slack:-5.4729332e-11
     1148 |      16 |     227 |      122 |     24 |   159 |   -0.120 |       -7.4 |    157 | sa11_sr\[7\]$_DFF_P_/D
iter:1148, pass:9, current fixing endpoint: sa02_sr\[6\]$_DFF_P_/D, endpoint slack:-5.4935168e-11
     1149 |      16 |     227 |      122 |     24 |   160 |   -0.120 |       -7.4 |    157 | sa11_sr\[7\]$_DFF_P_/D
iter:1149, pass:10, current fixing endpoint: sa02_sr\[6\]$_DFF_P_/D, endpoint slack:-5.4473315e-11
     1150 |      16 |     228 |      122 |     24 |   160 |   -0.120 |       -7.4 |    157 | sa11_sr\[7\]$_DFF_P_/D
iter:1150, pass:11, current fixing endpoint: sa02_sr\[6\]$_DFF_P_/D, endpoint slack:-5.443157e-11
     1151 |      16 |     229 |      122 |     24 |   160 |   -0.120 |       -7.4 |    157 | sa11_sr\[7\]$_DFF_P_/D
iter:1151, pass:12, current fixing endpoint: sa02_sr\[6\]$_DFF_P_/D, endpoint slack:-5.4056537e-11
     1152 |      16 |     229 |      122 |     24 |   161 |   -0.120 |       -7.4 |    157 | sa11_sr\[7\]$_DFF_P_/D
iter:1152, pass:13, current fixing endpoint: sa02_sr\[6\]$_DFF_P_/D, endpoint slack:-4.920997e-11
     1152 |      16 |     229 |      122 |     24 |   161 |   -0.120 |       -7.4 |    157 | sa11_sr\[7\]$_DFF_P_/D
     1153 |      16 |     229 |      122 |     24 |   161 |   -0.120 |       -7.4 |    157 | sa11_sr\[7\]$_DFF_P_/D
iter:1153, pass:1, current fixing endpoint: sa02_sr\[0\]$_DFF_P_/D, endpoint slack:-6.15068e-11
     1153 |      16 |     229 |      122 |     24 |   161 |   -0.120 |       -7.4 |    157 | sa11_sr\[7\]$_DFF_P_/D
     1154 |      16 |     229 |      122 |     24 |   161 |   -0.120 |       -7.4 |    157 | sa11_sr\[7\]$_DFF_P_/D
iter:1154, pass:1, current fixing endpoint: sa33_sr\[5\]$_DFF_P_/D, endpoint slack:-6.131151e-11
     1154 |      16 |     229 |      122 |     24 |   161 |   -0.120 |       -7.4 |    157 | sa11_sr\[7\]$_DFF_P_/D
     1155 |      16 |     229 |      122 |     24 |   161 |   -0.120 |       -7.4 |    157 | sa11_sr\[7\]$_DFF_P_/D
iter:1155, pass:1, current fixing endpoint: sa23_sr\[7\]$_DFF_P_/D, endpoint slack:-6.0539795e-11
     1155 |      16 |     229 |      122 |     24 |   161 |   -0.120 |       -7.4 |    157 | sa11_sr\[7\]$_DFF_P_/D
     1156 |      16 |     229 |      122 |     24 |   161 |   -0.120 |       -7.4 |    157 | sa11_sr\[7\]$_DFF_P_/D
iter:1156, pass:1, current fixing endpoint: sa20_sr\[4\]$_DFF_P_/D, endpoint slack:-5.5243032e-11
     1156 |      16 |     229 |      122 |     24 |   161 |   -0.120 |       -7.4 |    157 | sa11_sr\[7\]$_DFF_P_/D
     1157 |      16 |     229 |      122 |     24 |   161 |   -0.120 |       -7.4 |    157 | sa11_sr\[7\]$_DFF_P_/D
iter:1157, pass:1, current fixing endpoint: sa32_sr\[6\]$_DFF_P_/D, endpoint slack:-7.529832e-11
     1158 |      16 |     230 |      122 |     24 |   161 |   -0.120 |       -7.4 |    157 | sa11_sr\[7\]$_DFF_P_/D
iter:1158, pass:2, current fixing endpoint: sa32_sr\[6\]$_DFF_P_/D, endpoint slack:-7.171297e-11
     1159 |      16 |     231 |      122 |     24 |   161 |   -0.120 |       -7.4 |    157 | sa11_sr\[7\]$_DFF_P_/D
iter:1159, pass:3, current fixing endpoint: sa32_sr\[6\]$_DFF_P_/D, endpoint slack:-7.052181e-11
     1160 |      16 |     232 |      122 |     24 |   161 |   -0.120 |       -7.4 |    157 | sa11_sr\[7\]$_DFF_P_/D
iter:1160, pass:4, current fixing endpoint: sa32_sr\[6\]$_DFF_P_/D, endpoint slack:-7.103507e-11
     1161 |      16 |     233 |      122 |     24 |   161 |   -0.120 |       -7.4 |    157 | sa11_sr\[7\]$_DFF_P_/D
iter:1161, pass:5, current fixing endpoint: sa32_sr\[6\]$_DFF_P_/D, endpoint slack:-7.568657e-11
     1162 |      16 |     234 |      122 |     24 |   161 |   -0.120 |       -7.4 |    157 | sa11_sr\[7\]$_DFF_P_/D
iter:1162, pass:6, current fixing endpoint: sa32_sr\[6\]$_DFF_P_/D, endpoint slack:-7.342915e-11
     1163 |      16 |     235 |      122 |     24 |   161 |   -0.120 |       -7.4 |    157 | sa11_sr\[7\]$_DFF_P_/D
iter:1163, pass:7, current fixing endpoint: sa32_sr\[6\]$_DFF_P_/D, endpoint slack:-7.020684e-11
     1164 |      16 |     236 |      122 |     24 |   161 |   -0.120 |       -7.4 |    157 | sa11_sr\[7\]$_DFF_P_/D
iter:1164, pass:8, current fixing endpoint: sa32_sr\[6\]$_DFF_P_/D, endpoint slack:-6.804324e-11
     1165 |      16 |     237 |      122 |     24 |   161 |   -0.120 |       -7.4 |    157 | sa11_sr\[7\]$_DFF_P_/D
iter:1165, pass:9, current fixing endpoint: sa32_sr\[6\]$_DFF_P_/D, endpoint slack:-6.781753e-11
     1166 |      16 |     238 |      122 |     24 |   161 |   -0.120 |       -7.4 |    157 | sa11_sr\[7\]$_DFF_P_/D
iter:1166, pass:10, current fixing endpoint: sa32_sr\[6\]$_DFF_P_/D, endpoint slack:-6.742029e-11
     1167 |      16 |     238 |      122 |     25 |   161 |   -0.120 |       -7.4 |    157 | sa11_sr\[7\]$_DFF_P_/D
iter:1167, pass:11, current fixing endpoint: sa32_sr\[6\]$_DFF_P_/D, endpoint slack:-6.576795e-11
     1167 |      16 |     238 |      122 |     25 |   161 |   -0.120 |       -7.4 |    157 | sa11_sr\[7\]$_DFF_P_/D
     1168 |      16 |     238 |      122 |     25 |   161 |   -0.120 |       -7.4 |    157 | sa11_sr\[7\]$_DFF_P_/D
iter:1168, pass:1, current fixing endpoint: sa03_sr\[6\]$_DFF_P_/D, endpoint slack:-5.9403704e-11
     1169 |      16 |     238 |      124 |     25 |   161 |   -0.120 |       -7.5 |    157 | sa11_sr\[7\]$_DFF_P_/D
iter:1169, pass:2, current fixing endpoint: sa03_sr\[6\]$_DFF_P_/D, endpoint slack:-5.916012e-11
     1170 |      16 |     239 |      124 |     25 |   161 |   -0.120 |       -7.4 |    157 | sa11_sr\[7\]$_DFF_P_/D
iter:1170, pass:3, current fixing endpoint: sa03_sr\[6\]$_DFF_P_/D, endpoint slack:-5.6002647e-11
     1171 |      16 |     240 |      124 |     25 |   161 |   -0.120 |       -7.4 |    157 | sa11_sr\[7\]$_DFF_P_/D
iter:1171, pass:4, current fixing endpoint: sa03_sr\[6\]$_DFF_P_/D, endpoint slack:-5.4671268e-11
     1172 |      16 |     240 |      124 |     25 |   162 |   -0.120 |       -7.5 |    157 | sa11_sr\[7\]$_DFF_P_/D
iter:1172, pass:5, current fixing endpoint: sa03_sr\[6\]$_DFF_P_/D, endpoint slack:-6.182799e-11
     1173 |      16 |     240 |      124 |     25 |   163 |   -0.120 |       -7.5 |    157 | sa11_sr\[7\]$_DFF_P_/D
iter:1173, pass:6, current fixing endpoint: sa03_sr\[6\]$_DFF_P_/D, endpoint slack:-6.689449e-11
     1174 |      16 |     241 |      124 |     25 |   163 |   -0.120 |       -7.5 |    157 | sa11_sr\[7\]$_DFF_P_/D
iter:1174, pass:7, current fixing endpoint: sa03_sr\[6\]$_DFF_P_/D, endpoint slack:-6.755618e-11
     1175 |      16 |     241 |      124 |     25 |   164 |   -0.120 |       -7.5 |    157 | sa11_sr\[7\]$_DFF_P_/D
iter:1175, pass:8, current fixing endpoint: sa03_sr\[6\]$_DFF_P_/D, endpoint slack:-7.254508e-11
     1175 |      16 |     240 |      124 |     25 |   161 |   -0.120 |       -7.4 |    157 | sa11_sr\[7\]$_DFF_P_/D
     1176 |      16 |     240 |      124 |     25 |   161 |   -0.120 |       -7.4 |    157 | sa11_sr\[7\]$_DFF_P_/D
iter:1176, pass:1, current fixing endpoint: u0.u3.d\[1\]$_DFF_P_/D, endpoint slack:-5.9144356e-11
     1176 |      16 |     240 |      124 |     25 |   161 |   -0.120 |       -7.4 |    157 | sa11_sr\[7\]$_DFF_P_/D
     1177 |      16 |     240 |      124 |     25 |   161 |   -0.120 |       -7.4 |    157 | sa11_sr\[7\]$_DFF_P_/D
iter:1177, pass:1, current fixing endpoint: sa12_sr\[0\]$_DFF_P_/D, endpoint slack:-5.8780536e-11
     1178 |      16 |     241 |      124 |     25 |   161 |   -0.120 |       -7.4 |    157 | sa11_sr\[7\]$_DFF_P_/D
iter:1178, pass:2, current fixing endpoint: sa12_sr\[0\]$_DFF_P_/D, endpoint slack:-6.388012e-11
     1178 |      16 |     240 |      124 |     25 |   161 |   -0.120 |       -7.4 |    157 | sa11_sr\[7\]$_DFF_P_/D
--------------------
update violating ends at fixEndpointNum 156
top element of violating ends is: sa11_sr\[7\]$_DFF_P_/D
--------------------
     1179 |      16 |     240 |      124 |     25 |   161 |   -0.120 |       -7.4 |    157 | sa11_sr\[7\]$_DFF_P_/D
iter:1179, pass:1, current fixing endpoint: sa11_sr\[7\]$_DFF_P_/D, endpoint slack:-1.1965506e-10
     1179 |      16 |     240 |      124 |     25 |   161 |   -0.120 |       -7.4 |    157 | sa11_sr\[7\]$_DFF_P_/D
    1179* |      16 |     240 |      124 |     25 |   161 |   -0.120 |       -7.4 |    156 | sa11_sr\[7\]$_DFF_P_/D
    1180* |      16 |     240 |      124 |     25 |   161 |   -0.120 |       -7.4 |    156 | sa11_sr\[7\]$_DFF_P_/D
    1180* |      16 |     240 |      124 |     25 |   161 |   -0.120 |       -7.4 |    156 | sa11_sr\[7\]$_DFF_P_/D
    1181* |      16 |     240 |      124 |     25 |   161 |   -0.120 |       -7.4 |    156 | sa11_sr\[7\]$_DFF_P_/D
    1181* |      16 |     240 |      124 |     25 |   161 |   -0.120 |       -7.4 |    156 | sa11_sr\[7\]$_DFF_P_/D
    1182* |      16 |     240 |      124 |     25 |   161 |   -0.120 |       -7.4 |    156 | sa11_sr\[7\]$_DFF_P_/D
    1182* |      16 |     240 |      124 |     25 |   161 |   -0.120 |       -7.4 |    156 | sa11_sr\[7\]$_DFF_P_/D
    1183* |      16 |     240 |      124 |     25 |   161 |   -0.120 |       -7.4 |    156 | sa11_sr\[7\]$_DFF_P_/D
    1183* |      16 |     240 |      124 |     25 |   161 |   -0.120 |       -7.4 |    156 | sa11_sr\[7\]$_DFF_P_/D
    1184* |      16 |     240 |      124 |     25 |   161 |   -0.120 |       -7.4 |    156 | sa11_sr\[7\]$_DFF_P_/D
    1184* |      16 |     240 |      124 |     25 |   161 |   -0.120 |       -7.4 |    156 | sa11_sr\[7\]$_DFF_P_/D
    1185* |      16 |     240 |      124 |     25 |   161 |   -0.120 |       -7.4 |    156 | sa11_sr\[7\]$_DFF_P_/D
    1185* |      16 |     240 |      124 |     25 |   161 |   -0.120 |       -7.4 |    156 | sa11_sr\[7\]$_DFF_P_/D
    1186* |      16 |     240 |      124 |     25 |   161 |   -0.120 |       -7.4 |    156 | sa11_sr\[7\]$_DFF_P_/D
    1186* |      16 |     240 |      124 |     25 |   161 |   -0.120 |       -7.4 |    156 | sa11_sr\[7\]$_DFF_P_/D
    1187* |      16 |     240 |      124 |     25 |   161 |   -0.120 |       -7.4 |    156 | sa11_sr\[7\]$_DFF_P_/D
    1187* |      16 |     240 |      124 |     25 |   161 |   -0.120 |       -7.4 |    156 | sa11_sr\[7\]$_DFF_P_/D
    1188* |      16 |     240 |      124 |     25 |   161 |   -0.120 |       -7.4 |    156 | sa11_sr\[7\]$_DFF_P_/D
    1188* |      16 |     240 |      124 |     25 |   161 |   -0.120 |       -7.4 |    156 | sa11_sr\[7\]$_DFF_P_/D
    1189* |      16 |     240 |      124 |     25 |   161 |   -0.120 |       -7.4 |    156 | sa11_sr\[7\]$_DFF_P_/D
    1189* |      16 |     240 |      124 |     25 |   161 |   -0.120 |       -7.4 |    156 | sa11_sr\[7\]$_DFF_P_/D
    1190* |      16 |     240 |      124 |     25 |   161 |   -0.120 |       -7.4 |    156 | sa11_sr\[7\]$_DFF_P_/D
    1190* |      16 |     240 |      124 |     25 |   161 |   -0.120 |       -7.4 |    156 | sa11_sr\[7\]$_DFF_P_/D
    1191* |      16 |     240 |      124 |     25 |   161 |   -0.120 |       -7.4 |    156 | sa11_sr\[7\]$_DFF_P_/D
    1191* |      16 |     240 |      124 |     25 |   161 |   -0.120 |       -7.4 |    156 | sa11_sr\[7\]$_DFF_P_/D
    1192* |      16 |     240 |      124 |     25 |   161 |   -0.120 |       -7.4 |    156 | sa11_sr\[7\]$_DFF_P_/D
    1192* |      16 |     240 |      124 |     25 |   161 |   -0.120 |       -7.4 |    156 | sa11_sr\[7\]$_DFF_P_/D
    1193* |      16 |     240 |      124 |     25 |   161 |   -0.120 |       -7.4 |    156 | sa11_sr\[7\]$_DFF_P_/D
    1193* |      16 |     240 |      124 |     25 |   161 |   -0.120 |       -7.4 |    156 | sa11_sr\[7\]$_DFF_P_/D
    1194* |      16 |     240 |      124 |     25 |   161 |   -0.120 |       -7.4 |    156 | sa11_sr\[7\]$_DFF_P_/D
    1194* |      16 |     240 |      124 |     25 |   161 |   -0.120 |       -7.4 |    156 | sa11_sr\[7\]$_DFF_P_/D
    1195* |      16 |     240 |      124 |     25 |   161 |   -0.120 |       -7.4 |    156 | sa11_sr\[7\]$_DFF_P_/D
    1195* |      16 |     240 |      124 |     25 |   161 |   -0.120 |       -7.4 |    156 | sa11_sr\[7\]$_DFF_P_/D
    1196* |      16 |     240 |      124 |     25 |   161 |   -0.120 |       -7.4 |    156 | sa11_sr\[7\]$_DFF_P_/D
    1196* |      16 |     240 |      124 |     25 |   161 |   -0.120 |       -7.4 |    156 | sa11_sr\[7\]$_DFF_P_/D
    1197* |      16 |     240 |      124 |     25 |   161 |   -0.120 |       -7.4 |    156 | sa11_sr\[7\]$_DFF_P_/D
    1197* |      16 |     240 |      124 |     25 |   161 |   -0.120 |       -7.4 |    156 | sa11_sr\[7\]$_DFF_P_/D
    1198* |      16 |     240 |      124 |     25 |   161 |   -0.120 |       -7.4 |    156 | sa11_sr\[7\]$_DFF_P_/D
    1198* |      16 |     240 |      124 |     25 |   161 |   -0.120 |       -7.4 |    156 | sa11_sr\[7\]$_DFF_P_/D
    1199* |      16 |     240 |      124 |     25 |   161 |   -0.120 |       -7.4 |    156 | sa11_sr\[7\]$_DFF_P_/D
    1199* |      16 |     240 |      124 |     25 |   161 |   -0.120 |       -7.4 |    156 | sa11_sr\[7\]$_DFF_P_/D
    1200* |      16 |     240 |      124 |     25 |   161 |   -0.120 |       -7.4 |    156 | sa11_sr\[7\]$_DFF_P_/D
    1201* |      16 |     240 |      124 |     25 |   161 |   -0.120 |       -7.4 |    156 | sa11_sr\[7\]$_DFF_P_/D
    1201* |      16 |     240 |      124 |     25 |   161 |   -0.120 |       -7.4 |    156 | sa11_sr\[7\]$_DFF_P_/D
    1202* |      16 |     240 |      124 |     25 |   161 |   -0.120 |       -7.4 |    156 | sa11_sr\[7\]$_DFF_P_/D
    1202* |      16 |     240 |      124 |     25 |   161 |   -0.120 |       -7.4 |    156 | sa11_sr\[7\]$_DFF_P_/D
    1203* |      16 |     240 |      124 |     25 |   161 |   -0.120 |       -7.4 |    156 | sa11_sr\[7\]$_DFF_P_/D
    1203* |      16 |     240 |      124 |     25 |   161 |   -0.120 |       -7.4 |    156 | sa11_sr\[7\]$_DFF_P_/D
    1204* |      16 |     240 |      124 |     25 |   161 |   -0.120 |       -7.4 |    156 | sa11_sr\[7\]$_DFF_P_/D
    1204* |      16 |     240 |      124 |     25 |   161 |   -0.120 |       -7.4 |    156 | sa11_sr\[7\]$_DFF_P_/D
    1205* |      16 |     240 |      124 |     25 |   161 |   -0.120 |       -7.4 |    156 | sa11_sr\[7\]$_DFF_P_/D
    1205* |      16 |     240 |      124 |     25 |   161 |   -0.120 |       -7.4 |    156 | sa11_sr\[7\]$_DFF_P_/D
    1206* |      16 |     240 |      124 |     25 |   161 |   -0.120 |       -7.4 |    156 | sa11_sr\[7\]$_DFF_P_/D
    1206* |      16 |     240 |      124 |     25 |   161 |   -0.120 |       -7.4 |    156 | sa11_sr\[7\]$_DFF_P_/D
    1207* |      16 |     240 |      124 |     25 |   161 |   -0.120 |       -7.4 |    156 | sa11_sr\[7\]$_DFF_P_/D
    1207* |      16 |     240 |      124 |     25 |   161 |   -0.120 |       -7.4 |    156 | sa11_sr\[7\]$_DFF_P_/D
    1208* |      16 |     240 |      124 |     25 |   161 |   -0.120 |       -7.4 |    156 | sa11_sr\[7\]$_DFF_P_/D
    1208* |      16 |     240 |      124 |     25 |   161 |   -0.120 |       -7.4 |    156 | sa11_sr\[7\]$_DFF_P_/D
    1209* |      16 |     240 |      124 |     25 |   161 |   -0.120 |       -7.4 |    156 | sa11_sr\[7\]$_DFF_P_/D
    1209* |      16 |     240 |      124 |     25 |   161 |   -0.120 |       -7.4 |    156 | sa11_sr\[7\]$_DFF_P_/D
    1210* |      16 |     240 |      124 |     25 |   161 |   -0.120 |       -7.4 |    156 | sa11_sr\[7\]$_DFF_P_/D
    1210* |      16 |     240 |      124 |     25 |   161 |   -0.120 |       -7.5 |    156 | sa11_sr\[7\]$_DFF_P_/D
    1211* |      16 |     240 |      124 |     25 |   161 |   -0.120 |       -7.5 |    156 | sa11_sr\[7\]$_DFF_P_/D
    1211* |      16 |     240 |      124 |     25 |   161 |   -0.120 |       -7.5 |    156 | sa11_sr\[7\]$_DFF_P_/D
    1212* |      16 |     240 |      124 |     25 |   161 |   -0.120 |       -7.5 |    156 | sa11_sr\[7\]$_DFF_P_/D
    1212* |      16 |     240 |      124 |     25 |   161 |   -0.120 |       -7.5 |    156 | sa11_sr\[7\]$_DFF_P_/D
    1213* |      16 |     240 |      124 |     25 |   161 |   -0.120 |       -7.5 |    156 | sa11_sr\[7\]$_DFF_P_/D
    1213* |      16 |     240 |      124 |     25 |   161 |   -0.120 |       -7.5 |    156 | sa11_sr\[7\]$_DFF_P_/D
    1214* |      16 |     240 |      124 |     25 |   161 |   -0.120 |       -7.5 |    156 | sa11_sr\[7\]$_DFF_P_/D
    1214* |      16 |     240 |      124 |     25 |   161 |   -0.120 |       -7.5 |    156 | sa11_sr\[7\]$_DFF_P_/D
    1215* |      16 |     240 |      124 |     25 |   161 |   -0.120 |       -7.5 |    156 | sa11_sr\[7\]$_DFF_P_/D
    1215* |      16 |     240 |      124 |     25 |   161 |   -0.120 |       -7.5 |    156 | sa11_sr\[7\]$_DFF_P_/D
    1216* |      16 |     240 |      124 |     25 |   161 |   -0.120 |       -7.5 |    156 | sa11_sr\[7\]$_DFF_P_/D
    1216* |      16 |     240 |      124 |     25 |   161 |   -0.120 |       -7.5 |    156 | sa11_sr\[7\]$_DFF_P_/D
    1217* |      16 |     240 |      124 |     25 |   161 |   -0.120 |       -7.5 |    156 | sa11_sr\[7\]$_DFF_P_/D
    1217* |      16 |     240 |      124 |     25 |   161 |   -0.120 |       -7.5 |    156 | sa11_sr\[7\]$_DFF_P_/D
    1218* |      16 |     240 |      124 |     25 |   161 |   -0.120 |       -7.5 |    156 | sa11_sr\[7\]$_DFF_P_/D
    1218* |      16 |     240 |      124 |     25 |   161 |   -0.120 |       -7.5 |    156 | sa11_sr\[7\]$_DFF_P_/D
    1219* |      16 |     240 |      124 |     25 |   161 |   -0.120 |       -7.5 |    156 | sa11_sr\[7\]$_DFF_P_/D
    1219* |      16 |     240 |      124 |     25 |   161 |   -0.120 |       -7.5 |    156 | sa11_sr\[7\]$_DFF_P_/D
    1220* |      16 |     240 |      124 |     25 |   161 |   -0.120 |       -7.5 |    156 | sa11_sr\[7\]$_DFF_P_/D
    1220* |      16 |     240 |      124 |     25 |   161 |   -0.120 |       -7.5 |    156 | sa11_sr\[7\]$_DFF_P_/D
    1221* |      16 |     240 |      124 |     25 |   161 |   -0.120 |       -7.5 |    156 | sa11_sr\[7\]$_DFF_P_/D
    1221* |      16 |     240 |      124 |     25 |   161 |   -0.120 |       -7.5 |    156 | sa11_sr\[7\]$_DFF_P_/D
    1222* |      16 |     240 |      124 |     25 |   161 |   -0.120 |       -7.5 |    156 | sa11_sr\[7\]$_DFF_P_/D
    1222* |      16 |     240 |      124 |     25 |   161 |   -0.120 |       -7.5 |    156 | sa11_sr\[7\]$_DFF_P_/D
    1223* |      16 |     240 |      124 |     25 |   161 |   -0.120 |       -7.5 |    156 | sa11_sr\[7\]$_DFF_P_/D
    1223* |      16 |     240 |      124 |     25 |   161 |   -0.120 |       -7.5 |    156 | sa11_sr\[7\]$_DFF_P_/D
    1224* |      16 |     240 |      124 |     25 |   161 |   -0.120 |       -7.5 |    156 | sa11_sr\[7\]$_DFF_P_/D
    1224* |      16 |     240 |      124 |     25 |   161 |   -0.120 |       -7.5 |    156 | sa11_sr\[7\]$_DFF_P_/D
    1225* |      16 |     240 |      124 |     25 |   161 |   -0.120 |       -7.5 |    156 | sa11_sr\[7\]$_DFF_P_/D
    1225* |      16 |     240 |      124 |     25 |   161 |   -0.120 |       -7.5 |    156 | sa11_sr\[7\]$_DFF_P_/D
    1226* |      16 |     240 |      124 |     25 |   161 |   -0.120 |       -7.5 |    156 | sa11_sr\[7\]$_DFF_P_/D
    1226* |      16 |     240 |      124 |     25 |   161 |   -0.120 |       -7.5 |    156 | sa11_sr\[7\]$_DFF_P_/D
    1227* |      16 |     240 |      124 |     25 |   161 |   -0.120 |       -7.5 |    156 | sa11_sr\[7\]$_DFF_P_/D
    1227* |      16 |     240 |      124 |     25 |   161 |   -0.120 |       -7.5 |    156 | sa11_sr\[7\]$_DFF_P_/D
    1228* |      16 |     240 |      124 |     25 |   161 |   -0.120 |       -7.5 |    156 | sa11_sr\[7\]$_DFF_P_/D
    1228* |      16 |     240 |      124 |     25 |   161 |   -0.120 |       -7.5 |    156 | sa11_sr\[7\]$_DFF_P_/D
    1229* |      16 |     240 |      124 |     25 |   161 |   -0.120 |       -7.5 |    156 | sa11_sr\[7\]$_DFF_P_/D
    1229* |      16 |     240 |      124 |     25 |   161 |   -0.120 |       -7.5 |    156 | sa11_sr\[7\]$_DFF_P_/D
    1230* |      16 |     240 |      124 |     25 |   161 |   -0.120 |       -7.5 |    156 | sa11_sr\[7\]$_DFF_P_/D
    1230* |      16 |     240 |      124 |     25 |   161 |   -0.120 |       -7.5 |    156 | sa11_sr\[7\]$_DFF_P_/D
    1231* |      16 |     240 |      124 |     25 |   161 |   -0.120 |       -7.5 |    156 | sa11_sr\[7\]$_DFF_P_/D
    1231* |      16 |     240 |      124 |     25 |   161 |   -0.120 |       -7.5 |    156 | sa11_sr\[7\]$_DFF_P_/D
    1232* |      16 |     240 |      124 |     25 |   161 |   -0.120 |       -7.5 |    156 | sa11_sr\[7\]$_DFF_P_/D
    1232* |      16 |     240 |      124 |     25 |   161 |   -0.120 |       -7.5 |    156 | sa11_sr\[7\]$_DFF_P_/D
    1233* |      16 |     240 |      124 |     25 |   161 |   -0.120 |       -7.5 |    156 | sa11_sr\[7\]$_DFF_P_/D
    1233* |      16 |     240 |      124 |     25 |   161 |   -0.120 |       -7.5 |    156 | sa11_sr\[7\]$_DFF_P_/D
    1234* |      16 |     240 |      124 |     25 |   161 |   -0.120 |       -7.5 |    156 | sa11_sr\[7\]$_DFF_P_/D
    1234* |      16 |     240 |      124 |     25 |   161 |   -0.120 |       -7.5 |    156 | sa11_sr\[7\]$_DFF_P_/D
    1235* |      16 |     240 |      124 |     25 |   161 |   -0.120 |       -7.5 |    156 | sa11_sr\[7\]$_DFF_P_/D
    1235* |      16 |     240 |      124 |     25 |   161 |   -0.120 |       -7.5 |    156 | sa11_sr\[7\]$_DFF_P_/D
    1236* |      16 |     240 |      124 |     25 |   161 |   -0.120 |       -7.5 |    156 | sa11_sr\[7\]$_DFF_P_/D
    1236* |      16 |     240 |      124 |     25 |   161 |   -0.120 |       -7.5 |    156 | sa11_sr\[7\]$_DFF_P_/D
    1237* |      16 |     240 |      124 |     25 |   161 |   -0.120 |       -7.5 |    156 | sa11_sr\[7\]$_DFF_P_/D
    1237* |      16 |     240 |      124 |     25 |   161 |   -0.120 |       -7.5 |    156 | sa11_sr\[7\]$_DFF_P_/D
    1238* |      16 |     240 |      124 |     25 |   161 |   -0.120 |       -7.5 |    156 | sa11_sr\[7\]$_DFF_P_/D
    1238* |      16 |     240 |      124 |     25 |   161 |   -0.120 |       -7.5 |    156 | sa11_sr\[7\]$_DFF_P_/D
    1239* |      16 |     240 |      124 |     25 |   161 |   -0.120 |       -7.5 |    156 | sa11_sr\[7\]$_DFF_P_/D
    1239* |      16 |     240 |      124 |     25 |   161 |   -0.120 |       -7.5 |    156 | sa11_sr\[7\]$_DFF_P_/D
    1240* |      16 |     240 |      124 |     25 |   161 |   -0.120 |       -7.5 |    156 | sa11_sr\[7\]$_DFF_P_/D
    1240* |      16 |     240 |      124 |     25 |   161 |   -0.120 |       -7.5 |    156 | sa11_sr\[7\]$_DFF_P_/D
    1241* |      16 |     240 |      124 |     25 |   161 |   -0.120 |       -7.5 |    156 | sa11_sr\[7\]$_DFF_P_/D
    1241* |      16 |     240 |      124 |     25 |   161 |   -0.120 |       -7.5 |    156 | sa11_sr\[7\]$_DFF_P_/D
    1242* |      16 |     240 |      124 |     25 |   161 |   -0.120 |       -7.5 |    156 | sa11_sr\[7\]$_DFF_P_/D
    1242* |      16 |     240 |      124 |     25 |   161 |   -0.120 |       -7.5 |    156 | sa11_sr\[7\]$_DFF_P_/D
    1243* |      16 |     240 |      124 |     25 |   161 |   -0.120 |       -7.5 |    156 | sa11_sr\[7\]$_DFF_P_/D
    1243* |      16 |     240 |      124 |     25 |   161 |   -0.120 |       -7.5 |    156 | sa11_sr\[7\]$_DFF_P_/D
    1244* |      16 |     240 |      124 |     25 |   161 |   -0.120 |       -7.5 |    156 | sa11_sr\[7\]$_DFF_P_/D
    1244* |      16 |     240 |      124 |     25 |   161 |   -0.120 |       -7.5 |    156 | sa11_sr\[7\]$_DFF_P_/D
    1245* |      16 |     240 |      124 |     25 |   161 |   -0.120 |       -7.5 |    156 | sa11_sr\[7\]$_DFF_P_/D
    1245* |      16 |     240 |      124 |     25 |   161 |   -0.120 |       -7.5 |    156 | sa11_sr\[7\]$_DFF_P_/D
    1246* |      16 |     240 |      124 |     25 |   161 |   -0.120 |       -7.5 |    156 | sa11_sr\[7\]$_DFF_P_/D
    1246* |      16 |     240 |      124 |     25 |   161 |   -0.120 |       -7.5 |    156 | sa11_sr\[7\]$_DFF_P_/D
    1247* |      16 |     240 |      124 |     25 |   161 |   -0.120 |       -7.5 |    156 | sa11_sr\[7\]$_DFF_P_/D
    1247* |      16 |     240 |      124 |     25 |   161 |   -0.120 |       -7.5 |    156 | sa11_sr\[7\]$_DFF_P_/D
    1248* |      16 |     240 |      124 |     25 |   161 |   -0.120 |       -7.5 |    156 | sa11_sr\[7\]$_DFF_P_/D
    1248* |      16 |     240 |      124 |     25 |   161 |   -0.120 |       -7.5 |    156 | sa11_sr\[7\]$_DFF_P_/D
    1249* |      16 |     240 |      124 |     25 |   161 |   -0.120 |       -7.5 |    156 | sa11_sr\[7\]$_DFF_P_/D
    1250* |      16 |     241 |      124 |     25 |   161 |   -0.120 |       -7.4 |    156 | sa11_sr\[7\]$_DFF_P_/D
    1251* |      16 |     242 |      124 |     25 |   161 |   -0.120 |       -7.4 |    156 | sa11_sr\[7\]$_DFF_P_/D
    1251* |      16 |     242 |      124 |     25 |   161 |   -0.120 |       -7.4 |    156 | sa11_sr\[7\]$_DFF_P_/D
    1252* |      16 |     242 |      124 |     25 |   161 |   -0.120 |       -7.4 |    156 | sa11_sr\[7\]$_DFF_P_/D
    1253* |      16 |     243 |      124 |     25 |   161 |   -0.120 |       -7.4 |    156 | sa11_sr\[7\]$_DFF_P_/D
    1254* |      16 |     244 |      124 |     25 |   161 |   -0.120 |       -7.4 |    156 | sa11_sr\[7\]$_DFF_P_/D
    1254* |      16 |     244 |      124 |     25 |   161 |   -0.120 |       -7.4 |    156 | sa11_sr\[7\]$_DFF_P_/D
    1255* |      16 |     244 |      124 |     25 |   161 |   -0.120 |       -7.4 |    156 | sa11_sr\[7\]$_DFF_P_/D
    1255* |      16 |     244 |      124 |     25 |   161 |   -0.120 |       -7.4 |    156 | sa11_sr\[7\]$_DFF_P_/D
    1256* |      16 |     244 |      124 |     25 |   161 |   -0.120 |       -7.4 |    156 | sa11_sr\[7\]$_DFF_P_/D
    1256* |      16 |     244 |      124 |     25 |   161 |   -0.120 |       -7.4 |    156 | sa11_sr\[7\]$_DFF_P_/D
    1257* |      16 |     244 |      124 |     25 |   161 |   -0.120 |       -7.4 |    156 | sa11_sr\[7\]$_DFF_P_/D
    1257* |      16 |     244 |      124 |     25 |   161 |   -0.120 |       -7.4 |    156 | sa11_sr\[7\]$_DFF_P_/D
    1258* |      16 |     244 |      124 |     25 |   161 |   -0.120 |       -7.4 |    156 | sa11_sr\[7\]$_DFF_P_/D
    1258* |      16 |     244 |      124 |     25 |   161 |   -0.120 |       -7.4 |    156 | sa11_sr\[7\]$_DFF_P_/D
    1259* |      16 |     244 |      124 |     25 |   161 |   -0.120 |       -7.4 |    156 | sa11_sr\[7\]$_DFF_P_/D
    1259* |      16 |     244 |      124 |     25 |   161 |   -0.120 |       -7.4 |    156 | sa11_sr\[7\]$_DFF_P_/D
    1260* |      16 |     244 |      124 |     25 |   161 |   -0.120 |       -7.4 |    156 | sa11_sr\[7\]$_DFF_P_/D
    1260* |      16 |     244 |      124 |     25 |   161 |   -0.120 |       -7.4 |    156 | sa11_sr\[7\]$_DFF_P_/D
    1261* |      16 |     244 |      124 |     25 |   161 |   -0.120 |       -7.4 |    156 | sa11_sr\[7\]$_DFF_P_/D
    1261* |      16 |     244 |      124 |     25 |   161 |   -0.120 |       -7.4 |    156 | sa11_sr\[7\]$_DFF_P_/D
    1262* |      16 |     244 |      124 |     25 |   161 |   -0.120 |       -7.4 |    156 | sa11_sr\[7\]$_DFF_P_/D
    1262* |      16 |     244 |      124 |     25 |   161 |   -0.120 |       -7.4 |    156 | sa11_sr\[7\]$_DFF_P_/D
    1263* |      16 |     244 |      124 |     25 |   161 |   -0.120 |       -7.4 |    156 | sa11_sr\[7\]$_DFF_P_/D
    1263* |      16 |     244 |      124 |     25 |   161 |   -0.120 |       -7.4 |    156 | sa11_sr\[7\]$_DFF_P_/D
    1264* |      16 |     244 |      124 |     25 |   161 |   -0.120 |       -7.4 |    156 | sa11_sr\[7\]$_DFF_P_/D
    1264* |      16 |     244 |      124 |     25 |   161 |   -0.120 |       -7.4 |    156 | sa11_sr\[7\]$_DFF_P_/D
    1265* |      16 |     244 |      124 |     25 |   161 |   -0.120 |       -7.4 |    156 | sa11_sr\[7\]$_DFF_P_/D
    1265* |      16 |     244 |      124 |     25 |   161 |   -0.120 |       -7.4 |    156 | sa11_sr\[7\]$_DFF_P_/D
    1266* |      16 |     244 |      124 |     25 |   161 |   -0.120 |       -7.4 |    156 | sa11_sr\[7\]$_DFF_P_/D
    1267* |      16 |     245 |      124 |     25 |   161 |   -0.120 |       -7.4 |    156 | sa11_sr\[7\]$_DFF_P_/D
    1268* |      16 |     246 |      124 |     25 |   161 |   -0.120 |       -7.4 |    156 | sa11_sr\[7\]$_DFF_P_/D
    1269* |      16 |     247 |      124 |     25 |   161 |   -0.120 |       -7.4 |    156 | sa11_sr\[7\]$_DFF_P_/D
    1269* |      16 |     247 |      124 |     25 |   161 |   -0.120 |       -7.4 |    156 | sa11_sr\[7\]$_DFF_P_/D
    1270* |      16 |     247 |      124 |     25 |   161 |   -0.120 |       -7.4 |    156 | sa11_sr\[7\]$_DFF_P_/D
    1271* |      16 |     248 |      124 |     25 |   161 |   -0.120 |       -7.4 |    156 | sa11_sr\[7\]$_DFF_P_/D
    1272* |      16 |     249 |      124 |     25 |   161 |   -0.120 |       -7.4 |    156 | sa11_sr\[7\]$_DFF_P_/D
    1272* |      16 |     249 |      124 |     25 |   161 |   -0.120 |       -7.4 |    156 | sa11_sr\[7\]$_DFF_P_/D
    1273* |      16 |     249 |      124 |     25 |   161 |   -0.120 |       -7.4 |    156 | sa11_sr\[7\]$_DFF_P_/D
    1274* |      16 |     250 |      124 |     25 |   161 |   -0.120 |       -7.3 |    156 | sa11_sr\[7\]$_DFF_P_/D
    1275* |      16 |     251 |      124 |     25 |   161 |   -0.120 |       -7.3 |    156 | sa11_sr\[7\]$_DFF_P_/D
    1276* |      16 |     252 |      124 |     25 |   161 |   -0.120 |       -7.3 |    156 | sa11_sr\[7\]$_DFF_P_/D
    1276* |      16 |     252 |      124 |     25 |   161 |   -0.120 |       -7.3 |    156 | sa11_sr\[7\]$_DFF_P_/D
    1277* |      16 |     252 |      124 |     25 |   161 |   -0.120 |       -7.3 |    156 | sa11_sr\[7\]$_DFF_P_/D
    1278* |      16 |     253 |      124 |     25 |   161 |   -0.120 |       -7.3 |    156 | sa11_sr\[7\]$_DFF_P_/D
    1279* |      16 |     254 |      124 |     25 |   161 |   -0.120 |       -7.3 |    156 | sa11_sr\[7\]$_DFF_P_/D
    1279* |      16 |     254 |      124 |     25 |   161 |   -0.120 |       -7.3 |    156 | sa11_sr\[7\]$_DFF_P_/D
    1280* |      16 |     254 |      124 |     25 |   161 |   -0.120 |       -7.3 |    156 | sa11_sr\[7\]$_DFF_P_/D
    1280* |      16 |     254 |      124 |     25 |   161 |   -0.120 |       -7.3 |    156 | sa11_sr\[7\]$_DFF_P_/D
    1281* |      16 |     254 |      124 |     25 |   161 |   -0.120 |       -7.3 |    156 | sa11_sr\[7\]$_DFF_P_/D
    1281* |      16 |     254 |      124 |     25 |   161 |   -0.120 |       -7.3 |    156 | sa11_sr\[7\]$_DFF_P_/D
    1282* |      16 |     254 |      124 |     25 |   161 |   -0.120 |       -7.3 |    156 | sa11_sr\[7\]$_DFF_P_/D
    1283* |      16 |     255 |      124 |     25 |   161 |   -0.120 |       -7.3 |    156 | sa11_sr\[7\]$_DFF_P_/D
    1283* |      16 |     255 |      124 |     25 |   161 |   -0.120 |       -7.3 |    156 | sa11_sr\[7\]$_DFF_P_/D
    1284* |      16 |     255 |      124 |     25 |   161 |   -0.120 |       -7.3 |    156 | sa11_sr\[7\]$_DFF_P_/D
    1284* |      16 |     255 |      124 |     25 |   161 |   -0.120 |       -7.3 |    156 | sa11_sr\[7\]$_DFF_P_/D
    1285* |      16 |     255 |      124 |     25 |   161 |   -0.120 |       -7.3 |    156 | sa11_sr\[7\]$_DFF_P_/D
    1286* |      16 |     256 |      124 |     25 |   161 |   -0.120 |       -7.3 |    156 | sa11_sr\[7\]$_DFF_P_/D
    1287* |      16 |     257 |      124 |     25 |   161 |   -0.120 |       -7.3 |    156 | sa11_sr\[7\]$_DFF_P_/D
    1288* |      16 |     258 |      124 |     25 |   161 |   -0.120 |       -7.3 |    156 | sa11_sr\[7\]$_DFF_P_/D
    1288* |      16 |     258 |      124 |     25 |   161 |   -0.120 |       -7.3 |    156 | sa11_sr\[7\]$_DFF_P_/D
    1289* |      16 |     258 |      124 |     25 |   161 |   -0.120 |       -7.3 |    156 | sa11_sr\[7\]$_DFF_P_/D
    1290* |      16 |     259 |      124 |     25 |   161 |   -0.120 |       -7.3 |    156 | sa11_sr\[7\]$_DFF_P_/D
    1290* |      16 |     259 |      124 |     25 |   161 |   -0.120 |       -7.3 |    156 | sa11_sr\[7\]$_DFF_P_/D
    1291* |      16 |     259 |      124 |     25 |   161 |   -0.120 |       -7.3 |    156 | sa11_sr\[7\]$_DFF_P_/D
    1292* |      16 |     260 |      124 |     25 |   161 |   -0.120 |       -7.3 |    156 | sa11_sr\[7\]$_DFF_P_/D
    1292* |      16 |     260 |      124 |     25 |   161 |   -0.120 |       -7.3 |    156 | sa11_sr\[7\]$_DFF_P_/D
    1293* |      16 |     260 |      124 |     25 |   161 |   -0.120 |       -7.3 |    156 | sa11_sr\[7\]$_DFF_P_/D
    1294* |      16 |     261 |      124 |     25 |   161 |   -0.120 |       -7.3 |    156 | sa11_sr\[7\]$_DFF_P_/D
    1294* |      16 |     261 |      124 |     25 |   161 |   -0.120 |       -7.3 |    156 | sa11_sr\[7\]$_DFF_P_/D
    1295* |      16 |     261 |      124 |     25 |   161 |   -0.120 |       -7.3 |    156 | sa11_sr\[7\]$_DFF_P_/D
    1295* |      16 |     261 |      124 |     25 |   161 |   -0.120 |       -7.3 |    156 | sa11_sr\[7\]$_DFF_P_/D
    1296* |      16 |     261 |      124 |     25 |   161 |   -0.120 |       -7.3 |    156 | sa11_sr\[7\]$_DFF_P_/D
    1297* |      16 |     262 |      124 |     25 |   161 |   -0.120 |       -7.3 |    156 | sa11_sr\[7\]$_DFF_P_/D
    1297* |      16 |     262 |      124 |     25 |   161 |   -0.120 |       -7.3 |    156 | sa11_sr\[7\]$_DFF_P_/D
    1298* |      16 |     262 |      124 |     25 |   161 |   -0.120 |       -7.3 |    156 | sa11_sr\[7\]$_DFF_P_/D
    1299* |      16 |     263 |      124 |     25 |   161 |   -0.120 |       -7.3 |    156 | sa11_sr\[7\]$_DFF_P_/D
    1299* |      16 |     263 |      124 |     25 |   161 |   -0.120 |       -7.3 |    156 | sa11_sr\[7\]$_DFF_P_/D
    1300* |      16 |     263 |      124 |     25 |   161 |   -0.120 |       -7.3 |    156 | sa11_sr\[7\]$_DFF_P_/D
    final |      16 |     263 |      124 |     25 |   161 |   -0.120 |       -7.3 |    156 | sa11_sr\[7\]$_DFF_P_/D
---------------------------------------------------------------------------------------------------
[INFO RSZ-0059] Removed 16 buffers.
[INFO RSZ-0040] Inserted 51 buffers.
[INFO RSZ-0041] Resized 263 instances.
[INFO RSZ-0043] Swapped pins on 161 instances.
[INFO RSZ-0049] Cloned 25 instances.
[WARNING RSZ-0062] Unable to repair all setup violations.
[INFO RSZ-0033] No hold violations found.
Placement Analysis
---------------------------------
total displacement       1471.4 u
average displacement        0.1 u
max displacement            8.8 u
original HPWL          242447.5 u
legalized HPWL         243697.3 u
delta HPWL                    1 %

Repair antennas...
[WARNING GRT-0246] No diode with LEF class CORE ANTENNACELL found.
[INFO ANT-0002] Found 0 net violations.
[INFO ANT-0001] Found 0 pin violations.
Estimate parasitics...
Report metrics stage 5, global route...
