OpenROAD bd42475189c7c2c6851df5fd060613f58d7c14b4 
Features included (+) or not (-): +Charts +GPU +GUI +Python
This program is licensed under the BSD-3 license. See the LICENSE file for details.
Components of this program may be licensed under more restrictive licenses which must be honored.
[INFO ORD-0030] Using 16 thread(s).
global_route -congestion_report_file ./reports/nangate45/aes/base/congestion.rpt -congestion_iterations 30 -congestion_report_iter_step 5 -verbose
[INFO GRT-0020] Min routing layer: metal2
[INFO GRT-0021] Max routing layer: metal10
[INFO GRT-0022] Global adjustment: 0%
[INFO GRT-0023] Grid origin: (0, 0)
[INFO GRT-0043] No OR_DEFAULT vias defined.
[INFO GRT-0088] Layer metal1  Track-Pitch = 0.1400  line-2-Via Pitch: 0.1350
[INFO GRT-0088] Layer metal2  Track-Pitch = 0.1900  line-2-Via Pitch: 0.1400
[INFO GRT-0088] Layer metal3  Track-Pitch = 0.1400  line-2-Via Pitch: 0.1400
[INFO GRT-0088] Layer metal4  Track-Pitch = 0.2800  line-2-Via Pitch: 0.2800
[INFO GRT-0088] Layer metal5  Track-Pitch = 0.2800  line-2-Via Pitch: 0.2800
[INFO GRT-0088] Layer metal6  Track-Pitch = 0.2800  line-2-Via Pitch: 0.2800
[INFO GRT-0088] Layer metal7  Track-Pitch = 0.7975  line-2-Via Pitch: 0.8000
[INFO GRT-0088] Layer metal8  Track-Pitch = 0.7975  line-2-Via Pitch: 0.8000
[INFO GRT-0088] Layer metal9  Track-Pitch = 1.5900  line-2-Via Pitch: 1.6000
[INFO GRT-0088] Layer metal10 Track-Pitch = 1.5900  line-2-Via Pitch: 1.6000
[INFO GRT-0019] Found 107 clock nets.
[INFO GRT-0001] Minimum degree: 2
[INFO GRT-0002] Maximum degree: 20
[INFO GRT-0003] Macros: 0
[INFO GRT-0043] No OR_DEFAULT vias defined.
[INFO GRT-0004] Blockages: 0

[INFO GRT-0053] Routing resources analysis:
          Routing      Original      Derated      Resource
Layer     Direction    Resources     Resources    Reduction (%)
---------------------------------------------------------------
metal1     Horizontal          0             0          0.00%
metal2     Vertical       155663         69963          55.05%
metal3     Horizontal     211205         97812          53.69%
metal4     Vertical        99134         67921          31.49%
metal5     Horizontal      98641         69740          29.30%
metal6     Vertical        99134         70094          29.29%
metal7     Horizontal      28200         12724          54.88%
metal8     Vertical        28443         14160          50.22%
metal9     Horizontal      14041         13923          0.84%
metal10    Vertical        14162         13924          1.68%
---------------------------------------------------------------

[INFO GRT-0101] Running extra iterations to remove overflow.
[INFO GRT-0197] Via related to pin nodes: 130836
[INFO GRT-0198] Via related Steiner nodes: 4917
[INFO GRT-0199] Via filling finished.
[INFO GRT-0111] Final number of vias: 181689
[INFO GRT-0112] Final usage 3D: 684812

[INFO GRT-0096] Final congestion report:
Layer         Resource        Demand        Usage (%)    Max H / Max V / Total Overflow
---------------------------------------------------------------------------------------
metal1               0             0            0.00%             0 /  0 /  0
metal2           69963         32917           47.05%             0 /  0 /  0
metal3           97812         43607           44.58%             0 /  0 /  0
metal4           67921         23593           34.74%             0 /  0 /  0
metal5           69740         19403           27.82%             0 /  0 /  0
metal6           70094         13833           19.73%             0 /  0 /  0
metal7           12724          2721           21.38%             0 /  0 /  0
metal8           14160           835            5.90%             0 /  0 /  0
metal9           13923          2591           18.61%             0 /  0 /  0
metal10          13924           245            1.76%             0 /  0 /  0
---------------------------------------------------------------------------------------
Total           430261        139745           32.48%             0 /  0 /  0

[INFO GRT-0018] Total wirelength: 413109 um
[INFO GRT-0014] Routed nets: 16355
Perform buffer insertion...
[INFO RSZ-0058] Using max wire length 640um.
Placement Analysis
---------------------------------
total displacement          0.0 u
average displacement        0.0 u
max displacement            0.0 u
original HPWL          241297.5 u
legalized HPWL         241297.5 u
delta HPWL                    0 %

Repair setup and hold violations...
repair_timing -verbose -repair_tns 100
[INFO RSZ-0094] Found 157 endpoints with setup violations.
[INFO RSZ-0099] Repairing 157 out of 157 (100.00%) violating endpoints...
   Iter   | Removed | Resized | Inserted | Cloned |  Pin  |    WNS   |   TNS      |  Viol  | Worst
          | Buffers |  Gates  | Buffers  |  Gates | Swaps |          |            | Endpts | Endpt
---------------------------------------------------------------------------------------------------
        0 |       0 |       0 |        0 |      0 |     0 |   -0.134 |       -8.3 |    157 | sa11_sr\[1\]$_DFF_P_/D
        1 |       0 |       0 |        0 |      0 |     0 |   -0.134 |       -8.3 |    157 | sa11_sr\[1\]$_DFF_P_/D
iter:1, pass:1, current fixing endpoint: sa11_sr\[1\]$_DFF_P_/D, endpoint slack:-1.3372325e-10
        2 |       0 |       0 |        0 |      0 |     1 |   -0.123 |       -8.3 |    157 | sa11_sr\[1\]$_DFF_P_/D
iter:2, pass:2, current fixing endpoint: sa11_sr\[1\]$_DFF_P_/D, endpoint slack:-1.2322288e-10
        3 |       0 |       0 |        2 |      0 |     1 |   -0.121 |       -8.3 |    157 | sa11_sr\[7\]$_DFF_P_/D
iter:3, pass:3, current fixing endpoint: sa11_sr\[7\]$_DFF_P_/D, endpoint slack:-1.2113033e-10
        4 |       0 |       0 |        2 |      0 |     2 |   -0.127 |       -8.4 |    157 | sa11_sr\[7\]$_DFF_P_/D
iter:4, pass:4, current fixing endpoint: sa11_sr\[7\]$_DFF_P_/D, endpoint slack:-1.268915e-10
        5 |       0 |       1 |        2 |      0 |     2 |   -0.126 |       -8.3 |    157 | sa11_sr\[7\]$_DFF_P_/D
iter:5, pass:5, current fixing endpoint: sa11_sr\[7\]$_DFF_P_/D, endpoint slack:-1.2576229e-10
        6 |       0 |       1 |        2 |      0 |     3 |   -0.139 |       -8.4 |    157 | sa11_sr\[7\]$_DFF_P_/D
iter:6, pass:6, current fixing endpoint: sa11_sr\[7\]$_DFF_P_/D, endpoint slack:-1.3874268e-10
        7 |       0 |       1 |        2 |      0 |     4 |   -0.140 |       -8.4 |    157 | sa11_sr\[7\]$_DFF_P_/D
iter:7, pass:7, current fixing endpoint: sa11_sr\[7\]$_DFF_P_/D, endpoint slack:-1.3959445e-10
        8 |       0 |       1 |        2 |      0 |     5 |   -0.141 |       -8.4 |    157 | sa11_sr\[7\]$_DFF_P_/D
iter:8, pass:8, current fixing endpoint: sa11_sr\[7\]$_DFF_P_/D, endpoint slack:-1.405629e-10
        9 |       0 |       1 |        2 |      0 |     6 |   -0.142 |       -8.4 |    157 | sa11_sr\[7\]$_DFF_P_/D
iter:9, pass:9, current fixing endpoint: sa11_sr\[7\]$_DFF_P_/D, endpoint slack:-1.4182244e-10
       10 |       0 |       1 |        5 |      0 |     6 |   -0.139 |       -8.5 |    157 | sa11_sr\[7\]$_DFF_P_/D
iter:10, pass:10, current fixing endpoint: sa11_sr\[7\]$_DFF_P_/D, endpoint slack:-1.387801e-10
       11 |       0 |       1 |        5 |      0 |     7 |   -0.138 |       -8.5 |    157 | sa11_sr\[7\]$_DFF_P_/D
iter:11, pass:11, current fixing endpoint: sa11_sr\[7\]$_DFF_P_/D, endpoint slack:-1.3753565e-10
       12 |       0 |       1 |        5 |      0 |     8 |   -0.129 |       -8.5 |    157 | sa11_sr\[7\]$_DFF_P_/D
iter:12, pass:12, current fixing endpoint: sa11_sr\[7\]$_DFF_P_/D, endpoint slack:-1.2928614e-10
       13 |       1 |       1 |        5 |      0 |     8 |   -0.126 |       -8.4 |    157 | sa02_sr\[5\]$_DFF_P_/D
iter:13, pass:13, current fixing endpoint: sa02_sr\[5\]$_DFF_P_/D, endpoint slack:-1.2610724e-10
       14 |       1 |       2 |        5 |      0 |     8 |   -0.123 |       -8.3 |    157 | sa11_sr\[1\]$_DFF_P_/D
iter:14, pass:14, current fixing endpoint: sa11_sr\[1\]$_DFF_P_/D, endpoint slack:-1.2277113e-10
       15 |       1 |       3 |        5 |      0 |     8 |   -0.117 |       -8.3 |    157 | sa11_sr\[1\]$_DFF_P_/D
iter:15, pass:15, current fixing endpoint: sa11_sr\[1\]$_DFF_P_/D, endpoint slack:-1.1725532e-10
       16 |       1 |       3 |        5 |      1 |     8 |   -0.120 |       -8.3 |    157 | sa11_sr\[7\]$_DFF_P_/D
iter:16, pass:16, current fixing endpoint: sa11_sr\[7\]$_DFF_P_/D, endpoint slack:-1.1991208e-10
       17 |       1 |       3 |        5 |      2 |     8 |   -0.118 |       -8.3 |    157 | sa11_sr\[7\]$_DFF_P_/D
iter:17, pass:17, current fixing endpoint: sa11_sr\[7\]$_DFF_P_/D, endpoint slack:-1.1786216e-10
       17 |       1 |       3 |        5 |      0 |     8 |   -0.120 |       -8.3 |    157 | sa11_sr\[1\]$_DFF_P_/D
       18 |       1 |       3 |        5 |      0 |     8 |   -0.120 |       -8.3 |    157 | sa11_sr\[1\]$_DFF_P_/D
iter:18, pass:1, current fixing endpoint: sa32_sr\[3\]$_DFF_P_/D, endpoint slack:-1.1378454e-10
       19 |       1 |       3 |        5 |      0 |     9 |   -0.120 |       -8.3 |    157 | sa11_sr\[1\]$_DFF_P_/D
iter:19, pass:2, current fixing endpoint: sa32_sr\[3\]$_DFF_P_/D, endpoint slack:-1.1934576e-10
       20 |       1 |       3 |        5 |      0 |    10 |   -0.121 |       -8.4 |    157 | sa32_sr\[3\]$_DFF_P_/D
iter:20, pass:3, current fixing endpoint: sa32_sr\[3\]$_DFF_P_/D, endpoint slack:-1.2104628e-10
       21 |       1 |       3 |        7 |      0 |    10 |   -0.120 |       -8.3 |    157 | sa11_sr\[1\]$_DFF_P_/D
iter:21, pass:4, current fixing endpoint: sa32_sr\[3\]$_DFF_P_/D, endpoint slack:-1.1768142e-10
       22 |       1 |       3 |        7 |      0 |    11 |   -0.120 |       -8.3 |    157 | sa11_sr\[1\]$_DFF_P_/D
iter:22, pass:5, current fixing endpoint: sa32_sr\[3\]$_DFF_P_/D, endpoint slack:-1.1934598e-10
       23 |       1 |       3 |        7 |      0 |    12 |   -0.121 |       -8.3 |    157 | sa32_sr\[3\]$_DFF_P_/D
iter:23, pass:6, current fixing endpoint: sa32_sr\[3\]$_DFF_P_/D, endpoint slack:-1.2103984e-10
       24 |       1 |       3 |        7 |      0 |    13 |   -0.120 |       -8.3 |    157 | sa32_sr\[3\]$_DFF_P_/D
iter:24, pass:7, current fixing endpoint: sa32_sr\[3\]$_DFF_P_/D, endpoint slack:-1.198297e-10
       25 |       1 |       3 |        7 |      0 |    14 |   -0.127 |       -8.3 |    157 | sa32_sr\[3\]$_DFF_P_/D
iter:25, pass:8, current fixing endpoint: sa32_sr\[3\]$_DFF_P_/D, endpoint slack:-1.2719015e-10
       25 |       1 |       3 |        6 |      0 |     8 |   -0.120 |       -8.3 |    157 | sa11_sr\[1\]$_DFF_P_/D
       26 |       1 |       3 |        6 |      0 |     8 |   -0.120 |       -8.3 |    157 | sa11_sr\[1\]$_DFF_P_/D
iter:26, pass:1, current fixing endpoint: sa11_sr\[7\]$_DFF_P_/D, endpoint slack:-1.1938761e-10
       27 |       1 |       3 |        6 |      1 |     8 |   -0.115 |       -8.3 |    157 | sa11_sr\[1\]$_DFF_P_/D
iter:27, pass:2, current fixing endpoint: sa11_sr\[7\]$_DFF_P_/D, endpoint slack:-1.1432766e-10
       27 |       1 |       3 |        6 |      1 |     8 |   -0.115 |       -8.3 |    157 | sa11_sr\[1\]$_DFF_P_/D
       28 |       1 |       3 |        6 |      1 |     8 |   -0.115 |       -8.3 |    157 | sa11_sr\[1\]$_DFF_P_/D
iter:28, pass:1, current fixing endpoint: sa13_sr\[3\]$_DFF_P_/D, endpoint slack:-1.1069101e-10
       29 |       1 |       3 |        6 |      1 |     9 |   -0.116 |       -8.3 |    157 | sa13_sr\[3\]$_DFF_P_/D
iter:29, pass:2, current fixing endpoint: sa13_sr\[3\]$_DFF_P_/D, endpoint slack:-1.1632961e-10
       30 |       1 |       3 |        6 |      1 |    10 |   -0.115 |       -8.3 |    157 | sa11_sr\[1\]$_DFF_P_/D
iter:30, pass:3, current fixing endpoint: sa13_sr\[3\]$_DFF_P_/D, endpoint slack:-1.0794843e-10
       31 |       1 |       3 |        6 |      1 |    11 |   -0.115 |       -8.3 |    157 | sa11_sr\[1\]$_DFF_P_/D
iter:31, pass:4, current fixing endpoint: sa13_sr\[3\]$_DFF_P_/D, endpoint slack:-1.031385e-10
       32 |       1 |       3 |        6 |      1 |    12 |   -0.115 |       -8.3 |    157 | sa11_sr\[1\]$_DFF_P_/D
iter:32, pass:5, current fixing endpoint: sa13_sr\[3\]$_DFF_P_/D, endpoint slack:-1.0438128e-10
       33 |       1 |       3 |        8 |      1 |    12 |   -0.115 |       -8.5 |    157 | sa11_sr\[1\]$_DFF_P_/D
iter:33, pass:6, current fixing endpoint: sa13_sr\[3\]$_DFF_P_/D, endpoint slack:-1.0042045e-10
       34 |       1 |       3 |        8 |      1 |    13 |   -0.115 |       -8.5 |    157 | sa11_sr\[1\]$_DFF_P_/D
iter:34, pass:7, current fixing endpoint: sa13_sr\[3\]$_DFF_P_/D, endpoint slack:-1.05830456e-10
       35 |       1 |       4 |        8 |      1 |    13 |   -0.115 |       -8.5 |    157 | sa11_sr\[1\]$_DFF_P_/D
iter:35, pass:8, current fixing endpoint: sa13_sr\[3\]$_DFF_P_/D, endpoint slack:-1.0305856e-10
       36 |       1 |       4 |        8 |      1 |    14 |   -0.115 |       -8.5 |    157 | sa11_sr\[1\]$_DFF_P_/D
iter:36, pass:9, current fixing endpoint: sa13_sr\[3\]$_DFF_P_/D, endpoint slack:-1.0189083e-10
       37 |       1 |       4 |        8 |      1 |    15 |   -0.115 |       -8.5 |    157 | sa11_sr\[1\]$_DFF_P_/D
iter:37, pass:10, current fixing endpoint: sa13_sr\[3\]$_DFF_P_/D, endpoint slack:-1.0023504e-10
       38 |       1 |       5 |        8 |      1 |    15 |   -0.115 |       -8.5 |    157 | sa11_sr\[1\]$_DFF_P_/D
iter:38, pass:11, current fixing endpoint: sa13_sr\[3\]$_DFF_P_/D, endpoint slack:-9.980872e-11
       39 |       1 |       6 |        8 |      1 |    15 |   -0.115 |       -8.5 |    157 | sa11_sr\[1\]$_DFF_P_/D
iter:39, pass:12, current fixing endpoint: sa13_sr\[3\]$_DFF_P_/D, endpoint slack:-9.420442e-11
       40 |       1 |       6 |        8 |      1 |    16 |   -0.115 |       -8.5 |    157 | sa11_sr\[1\]$_DFF_P_/D
iter:40, pass:13, current fixing endpoint: sa13_sr\[3\]$_DFF_P_/D, endpoint slack:-9.245593e-11
       41 |       2 |       6 |        8 |      1 |    16 |   -0.115 |       -8.4 |    157 | sa11_sr\[1\]$_DFF_P_/D
iter:41, pass:14, current fixing endpoint: sa13_sr\[3\]$_DFF_P_/D, endpoint slack:-8.002432e-11
       42 |       2 |       7 |        8 |      1 |    16 |   -0.115 |       -8.4 |    157 | sa11_sr\[1\]$_DFF_P_/D
iter:42, pass:15, current fixing endpoint: sa13_sr\[3\]$_DFF_P_/D, endpoint slack:-7.7781004e-11
       43 |       2 |       7 |        8 |      2 |    16 |   -0.115 |       -8.5 |    157 | sa11_sr\[1\]$_DFF_P_/D
iter:43, pass:16, current fixing endpoint: sa13_sr\[3\]$_DFF_P_/D, endpoint slack:-8.257006e-11
       44 |       2 |       7 |       10 |      2 |    16 |   -0.115 |       -8.4 |    157 | sa11_sr\[1\]$_DFF_P_/D
iter:44, pass:17, current fixing endpoint: sa13_sr\[3\]$_DFF_P_/D, endpoint slack:-7.36623e-11
       45 |       2 |       7 |       10 |      3 |    16 |   -0.115 |       -8.4 |    157 | sa11_sr\[1\]$_DFF_P_/D
iter:45, pass:18, current fixing endpoint: sa13_sr\[3\]$_DFF_P_/D, endpoint slack:-7.703138e-11
       45 |       2 |       7 |       10 |      2 |    16 |   -0.115 |       -8.5 |    157 | sa11_sr\[1\]$_DFF_P_/D
       46 |       2 |       7 |       10 |      2 |    16 |   -0.115 |       -8.5 |    157 | sa11_sr\[1\]$_DFF_P_/D
iter:46, pass:1, current fixing endpoint: u0.u2.d\[2\]$_DFF_P_/D, endpoint slack:-1.1029633e-10
       47 |       2 |       7 |       10 |      2 |    17 |   -0.115 |       -8.4 |    157 | sa11_sr\[1\]$_DFF_P_/D
iter:47, pass:2, current fixing endpoint: u0.u2.d\[2\]$_DFF_P_/D, endpoint slack:-1.0430157e-10
       48 |       2 |       7 |       10 |      2 |    18 |   -0.115 |       -8.4 |    157 | sa11_sr\[1\]$_DFF_P_/D
iter:48, pass:3, current fixing endpoint: u0.u2.d\[2\]$_DFF_P_/D, endpoint slack:-9.160084e-11
       49 |       2 |       7 |       10 |      2 |    19 |   -0.115 |       -8.4 |    157 | sa11_sr\[1\]$_DFF_P_/D
iter:49, pass:4, current fixing endpoint: u0.u2.d\[2\]$_DFF_P_/D, endpoint slack:-8.928425e-11
       50 |       3 |       7 |       10 |      2 |    19 |   -0.115 |       -8.4 |    157 | sa11_sr\[1\]$_DFF_P_/D
iter:50, pass:5, current fixing endpoint: u0.u2.d\[2\]$_DFF_P_/D, endpoint slack:-8.914125e-11
       51 |       3 |       7 |       10 |      2 |    20 |   -0.115 |       -8.4 |    157 | sa11_sr\[1\]$_DFF_P_/D
iter:51, pass:6, current fixing endpoint: u0.u2.d\[2\]$_DFF_P_/D, endpoint slack:-8.771861e-11
       52 |       3 |       7 |       10 |      2 |    21 |   -0.115 |       -8.4 |    157 | sa11_sr\[1\]$_DFF_P_/D
iter:52, pass:7, current fixing endpoint: u0.u2.d\[2\]$_DFF_P_/D, endpoint slack:-8.935097e-11
       53 |       3 |       8 |       10 |      2 |    21 |   -0.115 |       -8.4 |    157 | sa11_sr\[1\]$_DFF_P_/D
iter:53, pass:8, current fixing endpoint: u0.u2.d\[2\]$_DFF_P_/D, endpoint slack:-9.036638e-11
       54 |       3 |       9 |       10 |      2 |    21 |   -0.115 |       -8.4 |    157 | sa11_sr\[1\]$_DFF_P_/D
iter:54, pass:9, current fixing endpoint: u0.u2.d\[2\]$_DFF_P_/D, endpoint slack:-9.080248e-11
       55 |       3 |       9 |       10 |      2 |    22 |   -0.115 |       -8.4 |    157 | sa11_sr\[1\]$_DFF_P_/D
iter:55, pass:10, current fixing endpoint: u0.u2.d\[2\]$_DFF_P_/D, endpoint slack:-9.516654e-11
       55 |       3 |       7 |       10 |      2 |    20 |   -0.115 |       -8.4 |    157 | sa11_sr\[1\]$_DFF_P_/D
       56 |       3 |       7 |       10 |      2 |    20 |   -0.115 |       -8.4 |    157 | sa11_sr\[1\]$_DFF_P_/D
iter:56, pass:1, current fixing endpoint: sa02_sr\[5\]$_DFF_P_/D, endpoint slack:-1.0842516e-10
       57 |       3 |       7 |       10 |      2 |    21 |   -0.115 |       -8.4 |    157 | sa11_sr\[1\]$_DFF_P_/D
iter:57, pass:2, current fixing endpoint: sa02_sr\[5\]$_DFF_P_/D, endpoint slack:-1.1419976e-10
       58 |       3 |       8 |       10 |      2 |    21 |   -0.115 |       -8.4 |    157 | sa11_sr\[1\]$_DFF_P_/D
iter:58, pass:3, current fixing endpoint: sa02_sr\[5\]$_DFF_P_/D, endpoint slack:-1.1021739e-10
       59 |       3 |       9 |       10 |      2 |    21 |   -0.115 |       -8.4 |    157 | sa11_sr\[1\]$_DFF_P_/D
iter:59, pass:4, current fixing endpoint: sa02_sr\[5\]$_DFF_P_/D, endpoint slack:-1.0919221e-10
       60 |       3 |      10 |       10 |      2 |    21 |   -0.115 |       -8.3 |    157 | sa11_sr\[1\]$_DFF_P_/D
iter:60, pass:5, current fixing endpoint: sa02_sr\[5\]$_DFF_P_/D, endpoint slack:-1.02994946e-10
       61 |       3 |      10 |       10 |      2 |    22 |   -0.115 |       -8.3 |    157 | sa11_sr\[1\]$_DFF_P_/D
iter:61, pass:6, current fixing endpoint: sa02_sr\[5\]$_DFF_P_/D, endpoint slack:-1.1034795e-10
       62 |       3 |      10 |       10 |      2 |    23 |   -0.115 |       -8.3 |    157 | sa11_sr\[1\]$_DFF_P_/D
iter:62, pass:7, current fixing endpoint: sa02_sr\[5\]$_DFF_P_/D, endpoint slack:-9.843193e-11
       63 |       3 |      10 |       10 |      2 |    24 |   -0.115 |       -8.3 |    157 | sa11_sr\[1\]$_DFF_P_/D
iter:63, pass:8, current fixing endpoint: sa02_sr\[5\]$_DFF_P_/D, endpoint slack:-9.6668895e-11
       64 |       3 |      11 |       10 |      2 |    24 |   -0.115 |       -8.3 |    157 | sa11_sr\[1\]$_DFF_P_/D
iter:64, pass:9, current fixing endpoint: sa02_sr\[5\]$_DFF_P_/D, endpoint slack:-9.8414166e-11
       65 |       3 |      11 |       10 |      2 |    25 |   -0.115 |       -8.3 |    157 | sa11_sr\[1\]$_DFF_P_/D
iter:65, pass:10, current fixing endpoint: sa02_sr\[5\]$_DFF_P_/D, endpoint slack:-1.05845e-10
       66 |       3 |      11 |       10 |      3 |    25 |   -0.115 |       -8.3 |    157 | sa11_sr\[1\]$_DFF_P_/D
iter:66, pass:11, current fixing endpoint: sa02_sr\[5\]$_DFF_P_/D, endpoint slack:-1.0284529e-10
       67 |       3 |      11 |       10 |      3 |    26 |   -0.115 |       -8.3 |    157 | sa11_sr\[1\]$_DFF_P_/D
iter:67, pass:12, current fixing endpoint: sa02_sr\[5\]$_DFF_P_/D, endpoint slack:-1.0083301e-10
       68 |       3 |      11 |       12 |      3 |    26 |   -0.115 |       -8.2 |    157 | sa11_sr\[1\]$_DFF_P_/D
iter:68, pass:13, current fixing endpoint: sa02_sr\[5\]$_DFF_P_/D, endpoint slack:-9.5287445e-11
       69 |       3 |      11 |       12 |      3 |    27 |   -0.115 |       -8.2 |    157 | sa11_sr\[1\]$_DFF_P_/D
iter:69, pass:14, current fixing endpoint: sa02_sr\[5\]$_DFF_P_/D, endpoint slack:-9.4964925e-11
       70 |       3 |      12 |       12 |      3 |    27 |   -0.115 |       -8.2 |    157 | sa11_sr\[1\]$_DFF_P_/D
iter:70, pass:15, current fixing endpoint: sa02_sr\[5\]$_DFF_P_/D, endpoint slack:-9.2772456e-11
       71 |       3 |      12 |       12 |      3 |    28 |   -0.115 |       -8.2 |    157 | sa11_sr\[1\]$_DFF_P_/D
iter:71, pass:16, current fixing endpoint: sa02_sr\[5\]$_DFF_P_/D, endpoint slack:-9.3730024e-11
       72 |       3 |      13 |       12 |      3 |    28 |   -0.115 |       -8.3 |    157 | sa11_sr\[1\]$_DFF_P_/D
iter:72, pass:17, current fixing endpoint: sa02_sr\[5\]$_DFF_P_/D, endpoint slack:-9.033008e-11
       73 |       3 |      14 |       12 |      3 |    28 |   -0.117 |       -8.3 |    157 | sa11_sr\[1\]$_DFF_P_/D
iter:73, pass:18, current fixing endpoint: sa02_sr\[5\]$_DFF_P_/D, endpoint slack:-8.931278e-11
       74 |       3 |      14 |       12 |      3 |    29 |   -0.117 |       -8.3 |    157 | sa11_sr\[1\]$_DFF_P_/D
iter:74, pass:19, current fixing endpoint: sa02_sr\[5\]$_DFF_P_/D, endpoint slack:-9.195089e-11
       75 |       3 |      14 |       12 |      4 |    29 |   -0.117 |       -8.3 |    157 | sa11_sr\[1\]$_DFF_P_/D
iter:75, pass:20, current fixing endpoint: sa02_sr\[5\]$_DFF_P_/D, endpoint slack:-9.926415e-11
       76 |       3 |      14 |       14 |      4 |    29 |   -0.117 |       -8.3 |    157 | sa11_sr\[1\]$_DFF_P_/D
iter:76, pass:21, current fixing endpoint: sa02_sr\[5\]$_DFF_P_/D, endpoint slack:-8.905143e-11
       77 |       3 |      15 |       14 |      4 |    29 |   -0.117 |       -8.3 |    157 | sa11_sr\[1\]$_DFF_P_/D
iter:77, pass:22, current fixing endpoint: sa02_sr\[5\]$_DFF_P_/D, endpoint slack:-8.545298e-11
       78 |       3 |      16 |       14 |      4 |    29 |   -0.117 |       -8.3 |    157 | sa11_sr\[1\]$_DFF_P_/D
iter:78, pass:23, current fixing endpoint: sa02_sr\[5\]$_DFF_P_/D, endpoint slack:-8.8556495e-11
       79 |       3 |      17 |       14 |      4 |    29 |   -0.117 |       -8.3 |    157 | sa11_sr\[1\]$_DFF_P_/D
iter:79, pass:24, current fixing endpoint: sa02_sr\[5\]$_DFF_P_/D, endpoint slack:-8.848833e-11
       80 |       3 |      18 |       14 |      4 |    29 |   -0.117 |       -8.3 |    157 | sa11_sr\[1\]$_DFF_P_/D
iter:80, pass:25, current fixing endpoint: sa02_sr\[5\]$_DFF_P_/D, endpoint slack:-8.461043e-11
       81 |       3 |      19 |       14 |      4 |    29 |   -0.117 |       -8.3 |    157 | sa11_sr\[1\]$_DFF_P_/D
iter:81, pass:26, current fixing endpoint: sa02_sr\[5\]$_DFF_P_/D, endpoint slack:-8.429035e-11
       82 |       3 |      20 |       14 |      4 |    29 |   -0.117 |       -8.3 |    157 | sa11_sr\[1\]$_DFF_P_/D
iter:82, pass:27, current fixing endpoint: sa02_sr\[5\]$_DFF_P_/D, endpoint slack:-8.379708e-11
       83 |       3 |      20 |       14 |      5 |    29 |   -0.117 |       -8.2 |    157 | sa11_sr\[1\]$_DFF_P_/D
iter:83, pass:28, current fixing endpoint: sa02_sr\[5\]$_DFF_P_/D, endpoint slack:-8.300449e-11
       84 |       3 |      21 |       14 |      5 |    29 |   -0.117 |       -8.2 |    157 | sa11_sr\[1\]$_DFF_P_/D
iter:84, pass:29, current fixing endpoint: sa02_sr\[5\]$_DFF_P_/D, endpoint slack:-8.1161855e-11
       85 |       3 |      22 |       14 |      5 |    29 |   -0.117 |       -8.2 |    157 | sa11_sr\[1\]$_DFF_P_/D
iter:85, pass:30, current fixing endpoint: sa02_sr\[5\]$_DFF_P_/D, endpoint slack:-8.101442e-11
       86 |       3 |      23 |       14 |      5 |    29 |   -0.117 |       -8.2 |    157 | sa11_sr\[1\]$_DFF_P_/D
iter:86, pass:31, current fixing endpoint: sa02_sr\[5\]$_DFF_P_/D, endpoint slack:-7.2884365e-11
       87 |       3 |      24 |       14 |      5 |    29 |   -0.117 |       -8.2 |    157 | sa11_sr\[1\]$_DFF_P_/D
iter:87, pass:32, current fixing endpoint: sa02_sr\[5\]$_DFF_P_/D, endpoint slack:-7.073431e-11
       88 |       3 |      25 |       14 |      5 |    29 |   -0.117 |       -8.2 |    157 | sa11_sr\[1\]$_DFF_P_/D
iter:88, pass:33, current fixing endpoint: sa02_sr\[5\]$_DFF_P_/D, endpoint slack:-6.829337e-11
       89 |       3 |      26 |       14 |      5 |    29 |   -0.117 |       -8.2 |    157 | sa11_sr\[1\]$_DFF_P_/D
iter:89, pass:34, current fixing endpoint: sa02_sr\[5\]$_DFF_P_/D, endpoint slack:-6.680678e-11
       90 |       3 |      26 |       14 |      6 |    29 |   -0.117 |       -8.2 |    157 | sa11_sr\[1\]$_DFF_P_/D
iter:90, pass:35, current fixing endpoint: sa02_sr\[5\]$_DFF_P_/D, endpoint slack:-6.922374e-11
       91 |       3 |      26 |       14 |      6 |    30 |   -0.117 |       -8.2 |    157 | sa11_sr\[1\]$_DFF_P_/D
iter:91, pass:36, current fixing endpoint: sa02_sr\[5\]$_DFF_P_/D, endpoint slack:-7.0084605e-11
       91 |       3 |      14 |       13 |      3 |    28 |   -0.115 |       -8.3 |    157 | sa11_sr\[1\]$_DFF_P_/D
       92 |       3 |      14 |       13 |      3 |    28 |   -0.115 |       -8.3 |    157 | sa11_sr\[1\]$_DFF_P_/D
iter:92, pass:1, current fixing endpoint: sa00_sr\[7\]$_DFF_P_/D, endpoint slack:-1.04732e-10
       93 |       3 |      14 |       13 |      3 |    29 |   -0.115 |       -8.3 |    157 | sa11_sr\[1\]$_DFF_P_/D
iter:93, pass:2, current fixing endpoint: sa00_sr\[7\]$_DFF_P_/D, endpoint slack:-1.10680465e-10
       94 |       3 |      14 |       15 |      3 |    29 |   -0.115 |       -8.4 |    157 | sa11_sr\[1\]$_DFF_P_/D
iter:94, pass:3, current fixing endpoint: sa00_sr\[7\]$_DFF_P_/D, endpoint slack:-1.02805986e-10
       95 |       3 |      14 |       17 |      3 |    29 |   -0.115 |       -8.3 |    157 | sa11_sr\[1\]$_DFF_P_/D
iter:95, pass:4, current fixing endpoint: sa00_sr\[7\]$_DFF_P_/D, endpoint slack:-9.610723e-11
       96 |       3 |      14 |       17 |      3 |    30 |   -0.115 |       -8.3 |    157 | sa11_sr\[1\]$_DFF_P_/D
iter:96, pass:5, current fixing endpoint: sa00_sr\[7\]$_DFF_P_/D, endpoint slack:-9.4765085e-11
       97 |       3 |      14 |       17 |      3 |    31 |   -0.115 |       -8.3 |    157 | sa11_sr\[1\]$_DFF_P_/D
iter:97, pass:6, current fixing endpoint: sa00_sr\[7\]$_DFF_P_/D, endpoint slack:-9.68875e-11
       98 |       3 |      14 |       17 |      3 |    32 |   -0.115 |       -8.3 |    157 | sa11_sr\[1\]$_DFF_P_/D
iter:98, pass:7, current fixing endpoint: sa00_sr\[7\]$_DFF_P_/D, endpoint slack:-9.8545616e-11
       99 |       3 |      14 |       17 |      3 |    33 |   -0.115 |       -8.3 |    157 | sa11_sr\[1\]$_DFF_P_/D
iter:99, pass:8, current fixing endpoint: sa00_sr\[7\]$_DFF_P_/D, endpoint slack:-9.736345e-11
      100 |       3 |      14 |       17 |      3 |    34 |   -0.115 |       -8.3 |    157 | sa11_sr\[1\]$_DFF_P_/D
iter:100, pass:9, current fixing endpoint: sa00_sr\[7\]$_DFF_P_/D, endpoint slack:-1.0396384e-10
      101 |       3 |      14 |       19 |      3 |    34 |   -0.115 |       -8.5 |    157 | sa11_sr\[1\]$_DFF_P_/D
iter:101, pass:10, current fixing endpoint: sa00_sr\[7\]$_DFF_P_/D, endpoint slack:-1.0325374e-10
      102 |       3 |      15 |       19 |      3 |    34 |   -0.115 |       -8.5 |    157 | sa11_sr\[1\]$_DFF_P_/D
iter:102, pass:11, current fixing endpoint: sa00_sr\[7\]$_DFF_P_/D, endpoint slack:-1.04774855e-10
      103 |       3 |      16 |       19 |      3 |    34 |   -0.115 |       -8.5 |    157 | sa11_sr\[1\]$_DFF_P_/D
iter:103, pass:12, current fixing endpoint: sa00_sr\[7\]$_DFF_P_/D, endpoint slack:-1.0646195e-10
      104 |       3 |      17 |       19 |      3 |    34 |   -0.115 |       -8.5 |    157 | sa11_sr\[1\]$_DFF_P_/D
iter:104, pass:13, current fixing endpoint: sa00_sr\[7\]$_DFF_P_/D, endpoint slack:-1.0654144e-10
      105 |       3 |      17 |       19 |      4 |    34 |   -0.115 |       -8.5 |    157 | sa11_sr\[1\]$_DFF_P_/D
iter:105, pass:14, current fixing endpoint: sa00_sr\[7\]$_DFF_P_/D, endpoint slack:-1.0657586e-10
      106 |       3 |      17 |       19 |      4 |    35 |   -0.115 |       -8.5 |    157 | sa11_sr\[1\]$_DFF_P_/D
iter:106, pass:15, current fixing endpoint: sa00_sr\[7\]$_DFF_P_/D, endpoint slack:-1.0985768e-10
      106 |       3 |      14 |       18 |      3 |    30 |   -0.115 |       -8.3 |    157 | sa11_sr\[1\]$_DFF_P_/D
      107 |       3 |      14 |       18 |      3 |    30 |   -0.115 |       -8.3 |    157 | sa11_sr\[1\]$_DFF_P_/D
iter:107, pass:1, current fixing endpoint: sa02_sr\[2\]$_DFF_P_/D, endpoint slack:-9.4557806e-11
      108 |       3 |      15 |       18 |      3 |    30 |   -0.115 |       -8.3 |    157 | sa11_sr\[1\]$_DFF_P_/D
iter:108, pass:2, current fixing endpoint: sa02_sr\[2\]$_DFF_P_/D, endpoint slack:-9.342527e-11
      109 |       3 |      16 |       18 |      3 |    30 |   -0.115 |       -8.3 |    157 | sa11_sr\[1\]$_DFF_P_/D
iter:109, pass:3, current fixing endpoint: sa02_sr\[2\]$_DFF_P_/D, endpoint slack:-8.776124e-11
      110 |       3 |      17 |       18 |      3 |    30 |   -0.115 |       -8.3 |    157 | sa11_sr\[1\]$_DFF_P_/D
iter:110, pass:4, current fixing endpoint: sa02_sr\[2\]$_DFF_P_/D, endpoint slack:-8.555001e-11
      111 |       3 |      18 |       18 |      3 |    30 |   -0.117 |       -8.3 |    157 | sa11_sr\[1\]$_DFF_P_/D
iter:111, pass:5, current fixing endpoint: sa02_sr\[2\]$_DFF_P_/D, endpoint slack:-8.45326e-11
      112 |       3 |      19 |       18 |      3 |    30 |   -0.117 |       -8.3 |    157 | sa11_sr\[1\]$_DFF_P_/D
iter:112, pass:6, current fixing endpoint: sa02_sr\[2\]$_DFF_P_/D, endpoint slack:-8.30378e-11
      113 |       3 |      20 |       18 |      3 |    30 |   -0.117 |       -8.3 |    157 | sa11_sr\[1\]$_DFF_P_/D
iter:113, pass:7, current fixing endpoint: sa02_sr\[2\]$_DFF_P_/D, endpoint slack:-8.139622e-11
      114 |       3 |      21 |       18 |      3 |    30 |   -0.117 |       -8.3 |    157 | sa11_sr\[1\]$_DFF_P_/D
iter:114, pass:8, current fixing endpoint: sa02_sr\[2\]$_DFF_P_/D, endpoint slack:-8.035306e-11
      115 |       3 |      22 |       18 |      3 |    30 |   -0.117 |       -8.3 |    157 | sa11_sr\[1\]$_DFF_P_/D
iter:115, pass:9, current fixing endpoint: sa02_sr\[2\]$_DFF_P_/D, endpoint slack:-7.85394e-11
      116 |       3 |      23 |       18 |      3 |    30 |   -0.117 |       -8.3 |    157 | sa11_sr\[1\]$_DFF_P_/D
iter:116, pass:10, current fixing endpoint: sa02_sr\[2\]$_DFF_P_/D, endpoint slack:-7.668455e-11
      117 |       3 |      23 |       18 |      4 |    30 |   -0.117 |       -8.3 |    157 | sa11_sr\[1\]$_DFF_P_/D
iter:117, pass:11, current fixing endpoint: sa02_sr\[2\]$_DFF_P_/D, endpoint slack:-7.470047e-11
      118 |       3 |      24 |       18 |      4 |    30 |   -0.117 |       -8.3 |    157 | sa11_sr\[1\]$_DFF_P_/D
iter:118, pass:12, current fixing endpoint: sa02_sr\[2\]$_DFF_P_/D, endpoint slack:-7.461265e-11
      119 |       3 |      25 |       18 |      4 |    30 |   -0.117 |       -8.3 |    157 | sa11_sr\[1\]$_DFF_P_/D
iter:119, pass:13, current fixing endpoint: sa02_sr\[2\]$_DFF_P_/D, endpoint slack:-7.41357e-11
      120 |       3 |      26 |       18 |      4 |    30 |   -0.117 |       -8.3 |    157 | sa11_sr\[1\]$_DFF_P_/D
iter:120, pass:14, current fixing endpoint: sa02_sr\[2\]$_DFF_P_/D, endpoint slack:-7.769896e-11
      121 |       3 |      27 |       18 |      4 |    30 |   -0.117 |       -8.3 |    157 | sa11_sr\[1\]$_DFF_P_/D
iter:121, pass:15, current fixing endpoint: sa02_sr\[2\]$_DFF_P_/D, endpoint slack:-7.379852e-11
      122 |       3 |      27 |       18 |      4 |    31 |   -0.117 |       -8.3 |    157 | sa11_sr\[1\]$_DFF_P_/D
iter:122, pass:16, current fixing endpoint: sa02_sr\[2\]$_DFF_P_/D, endpoint slack:-7.1562534e-11
      123 |       3 |      28 |       18 |      4 |    31 |   -0.117 |       -8.3 |    157 | sa11_sr\[1\]$_DFF_P_/D
iter:123, pass:17, current fixing endpoint: sa02_sr\[2\]$_DFF_P_/D, endpoint slack:-6.8730466e-11
      124 |       3 |      28 |       18 |      4 |    32 |   -0.117 |       -8.3 |    157 | sa11_sr\[1\]$_DFF_P_/D
iter:124, pass:18, current fixing endpoint: sa02_sr\[2\]$_DFF_P_/D, endpoint slack:-7.1775696e-11
      125 |       3 |      29 |       18 |      4 |    32 |   -0.117 |       -8.3 |    157 | sa11_sr\[1\]$_DFF_P_/D
iter:125, pass:19, current fixing endpoint: sa02_sr\[2\]$_DFF_P_/D, endpoint slack:-6.815193e-11
      126 |       3 |      30 |       18 |      4 |    32 |   -0.117 |       -8.3 |    157 | sa11_sr\[1\]$_DFF_P_/D
iter:126, pass:20, current fixing endpoint: sa02_sr\[2\]$_DFF_P_/D, endpoint slack:-6.791134e-11
      127 |       3 |      30 |       18 |      5 |    32 |   -0.117 |       -8.3 |    157 | sa11_sr\[1\]$_DFF_P_/D
iter:127, pass:21, current fixing endpoint: sa02_sr\[2\]$_DFF_P_/D, endpoint slack:-6.8023365e-11
      128 |       3 |      31 |       18 |      5 |    32 |   -0.117 |       -8.3 |    157 | sa11_sr\[1\]$_DFF_P_/D
iter:128, pass:22, current fixing endpoint: sa02_sr\[2\]$_DFF_P_/D, endpoint slack:-6.722434e-11
      129 |       3 |      31 |       18 |      6 |    32 |   -0.117 |       -8.3 |    157 | sa11_sr\[1\]$_DFF_P_/D
iter:129, pass:23, current fixing endpoint: sa02_sr\[2\]$_DFF_P_/D, endpoint slack:-6.5368266e-11
      130 |       3 |      32 |       18 |      6 |    32 |   -0.117 |       -8.3 |    157 | sa11_sr\[1\]$_DFF_P_/D
iter:130, pass:24, current fixing endpoint: sa02_sr\[2\]$_DFF_P_/D, endpoint slack:-6.6850414e-11
      131 |       3 |      33 |       18 |      6 |    32 |   -0.117 |       -8.3 |    157 | sa11_sr\[1\]$_DFF_P_/D
iter:131, pass:25, current fixing endpoint: sa02_sr\[2\]$_DFF_P_/D, endpoint slack:-7.224177e-11
      132 |       3 |      34 |       18 |      6 |    32 |   -0.117 |       -8.3 |    157 | sa11_sr\[1\]$_DFF_P_/D
iter:132, pass:26, current fixing endpoint: sa02_sr\[2\]$_DFF_P_/D, endpoint slack:-6.588674e-11
      133 |       3 |      35 |       18 |      6 |    32 |   -0.117 |       -8.3 |    157 | sa11_sr\[1\]$_DFF_P_/D
iter:133, pass:27, current fixing endpoint: sa02_sr\[2\]$_DFF_P_/D, endpoint slack:-6.695011e-11
      134 |       3 |      35 |       18 |      6 |    33 |   -0.117 |       -8.3 |    157 | sa11_sr\[1\]$_DFF_P_/D
iter:134, pass:28, current fixing endpoint: sa02_sr\[2\]$_DFF_P_/D, endpoint slack:-6.388723e-11
      135 |       3 |      36 |       18 |      6 |    33 |   -0.117 |       -8.3 |    157 | sa11_sr\[1\]$_DFF_P_/D
iter:135, pass:29, current fixing endpoint: sa02_sr\[2\]$_DFF_P_/D, endpoint slack:-6.323286e-11
      136 |       3 |      36 |       18 |      6 |    34 |   -0.117 |       -8.3 |    157 | sa11_sr\[1\]$_DFF_P_/D
iter:136, pass:30, current fixing endpoint: sa02_sr\[2\]$_DFF_P_/D, endpoint slack:-6.118195e-11
      137 |       3 |      36 |       20 |      6 |    34 |   -0.117 |       -8.2 |    157 | sa11_sr\[1\]$_DFF_P_/D
iter:137, pass:31, current fixing endpoint: sa02_sr\[2\]$_DFF_P_/D, endpoint slack:-5.2400972e-11
      138 |       3 |      37 |       20 |      6 |    34 |   -0.117 |       -8.2 |    157 | sa11_sr\[1\]$_DFF_P_/D
iter:138, pass:32, current fixing endpoint: sa02_sr\[2\]$_DFF_P_/D, endpoint slack:-5.6167182e-11
      139 |       3 |      38 |       20 |      6 |    34 |   -0.117 |       -8.2 |    157 | sa11_sr\[1\]$_DFF_P_/D
iter:139, pass:33, current fixing endpoint: sa02_sr\[2\]$_DFF_P_/D, endpoint slack:-5.587808e-11
      140 |       3 |      39 |       20 |      6 |    34 |   -0.117 |       -8.2 |    157 | sa11_sr\[1\]$_DFF_P_/D
iter:140, pass:34, current fixing endpoint: sa02_sr\[2\]$_DFF_P_/D, endpoint slack:-5.4832583e-11
      141 |       3 |      40 |       20 |      6 |    34 |   -0.117 |       -8.2 |    157 | sa11_sr\[1\]$_DFF_P_/D
iter:141, pass:35, current fixing endpoint: sa02_sr\[2\]$_DFF_P_/D, endpoint slack:-5.314471e-11
      142 |       3 |      41 |       20 |      6 |    34 |   -0.117 |       -8.2 |    157 | sa11_sr\[1\]$_DFF_P_/D
iter:142, pass:36, current fixing endpoint: sa02_sr\[2\]$_DFF_P_/D, endpoint slack:-5.353773e-11
      143 |       3 |      41 |       20 |      7 |    34 |   -0.117 |       -8.2 |    157 | sa11_sr\[1\]$_DFF_P_/D
iter:143, pass:37, current fixing endpoint: sa02_sr\[2\]$_DFF_P_/D, endpoint slack:-5.55761e-11
      144 |       3 |      41 |       20 |      7 |    35 |   -0.117 |       -8.2 |    157 | sa11_sr\[1\]$_DFF_P_/D
iter:144, pass:38, current fixing endpoint: sa02_sr\[2\]$_DFF_P_/D, endpoint slack:-5.4523164e-11
      145 |       3 |      41 |       20 |      7 |    36 |   -0.117 |       -8.2 |    157 | sa11_sr\[1\]$_DFF_P_/D
iter:145, pass:39, current fixing endpoint: sa02_sr\[2\]$_DFF_P_/D, endpoint slack:-5.3992144e-11
      145 |       3 |      20 |       19 |      3 |    30 |   -0.115 |       -8.3 |    157 | sa11_sr\[1\]$_DFF_P_/D
      146 |       3 |      20 |       19 |      3 |    30 |   -0.115 |       -8.3 |    157 | sa11_sr\[1\]$_DFF_P_/D
iter:146, pass:1, current fixing endpoint: u0.u2.d\[1\]$_DFF_P_/D, endpoint slack:-8.105727e-11
      147 |       3 |      21 |       19 |      3 |    30 |   -0.115 |       -8.3 |    157 | sa11_sr\[1\]$_DFF_P_/D
iter:147, pass:2, current fixing endpoint: u0.u2.d\[1\]$_DFF_P_/D, endpoint slack:-8.114753e-11
      148 |       3 |      21 |       19 |      3 |    31 |   -0.115 |       -8.3 |    157 | sa11_sr\[1\]$_DFF_P_/D
iter:148, pass:3, current fixing endpoint: u0.u2.d\[1\]$_DFF_P_/D, endpoint slack:-8.421308e-11
      149 |       3 |      22 |       19 |      3 |    31 |   -0.115 |       -8.3 |    157 | sa11_sr\[1\]$_DFF_P_/D
iter:149, pass:4, current fixing endpoint: u0.u2.d\[1\]$_DFF_P_/D, endpoint slack:-8.523071e-11
      150 |       3 |      23 |       19 |      3 |    31 |   -0.115 |       -8.3 |    157 | sa11_sr\[1\]$_DFF_P_/D
iter:150, pass:5, current fixing endpoint: u0.u2.d\[1\]$_DFF_P_/D, endpoint slack:-8.496004e-11
      151 |       3 |      24 |       19 |      3 |    31 |   -0.115 |       -8.3 |    157 | sa11_sr\[1\]$_DFF_P_/D
iter:151, pass:6, current fixing endpoint: u0.u2.d\[1\]$_DFF_P_/D, endpoint slack:-8.922829e-11
      152 |       3 |      25 |       19 |      3 |    31 |   -0.115 |       -8.3 |    157 | sa11_sr\[1\]$_DFF_P_/D
iter:152, pass:7, current fixing endpoint: u0.u2.d\[1\]$_DFF_P_/D, endpoint slack:-8.639178e-11
      152 |       3 |      21 |       19 |      3 |    30 |   -0.115 |       -8.3 |    157 | sa11_sr\[1\]$_DFF_P_/D
      153 |       3 |      21 |       19 |      3 |    30 |   -0.115 |       -8.3 |    157 | sa11_sr\[1\]$_DFF_P_/D
iter:153, pass:1, current fixing endpoint: sa02_sr\[3\]$_DFF_P_/D, endpoint slack:-8.9821706e-11
      154 |       3 |      22 |       19 |      3 |    30 |   -0.115 |       -8.3 |    157 | sa11_sr\[1\]$_DFF_P_/D
iter:154, pass:2, current fixing endpoint: sa02_sr\[3\]$_DFF_P_/D, endpoint slack:-8.879375e-11
      155 |       3 |      22 |       19 |      3 |    31 |   -0.115 |       -8.3 |    157 | sa11_sr\[1\]$_DFF_P_/D
iter:155, pass:3, current fixing endpoint: sa02_sr\[3\]$_DFF_P_/D, endpoint slack:-8.47864e-11
      156 |       3 |      23 |       19 |      3 |    31 |   -0.115 |       -8.3 |    157 | sa11_sr\[1\]$_DFF_P_/D
iter:156, pass:4, current fixing endpoint: sa02_sr\[3\]$_DFF_P_/D, endpoint slack:-8.442447e-11
      157 |       3 |      24 |       19 |      3 |    31 |   -0.115 |       -8.3 |    157 | sa11_sr\[1\]$_DFF_P_/D
iter:157, pass:5, current fixing endpoint: sa02_sr\[3\]$_DFF_P_/D, endpoint slack:-8.35475e-11
      158 |       3 |      24 |       19 |      3 |    32 |   -0.115 |       -8.3 |    157 | sa11_sr\[1\]$_DFF_P_/D
iter:158, pass:6, current fixing endpoint: sa02_sr\[3\]$_DFF_P_/D, endpoint slack:-8.143919e-11
      159 |       3 |      25 |       19 |      3 |    32 |   -0.115 |       -8.3 |    157 | sa11_sr\[1\]$_DFF_P_/D
iter:159, pass:7, current fixing endpoint: sa02_sr\[3\]$_DFF_P_/D, endpoint slack:-7.868517e-11
      160 |       3 |      26 |       19 |      3 |    32 |   -0.115 |       -8.3 |    157 | sa11_sr\[1\]$_DFF_P_/D
iter:160, pass:8, current fixing endpoint: sa02_sr\[3\]$_DFF_P_/D, endpoint slack:-7.551337e-11
      161 |       3 |      26 |       19 |      4 |    32 |   -0.115 |       -8.3 |    157 | sa11_sr\[1\]$_DFF_P_/D
iter:161, pass:9, current fixing endpoint: sa02_sr\[3\]$_DFF_P_/D, endpoint slack:-8.212997e-11
      162 |       3 |      26 |       21 |      4 |    32 |   -0.115 |       -8.3 |    157 | sa11_sr\[1\]$_DFF_P_/D
iter:162, pass:10, current fixing endpoint: sa02_sr\[3\]$_DFF_P_/D, endpoint slack:-7.4740214e-11
      163 |       3 |      26 |       21 |      4 |    33 |   -0.115 |       -8.3 |    157 | sa11_sr\[1\]$_DFF_P_/D
iter:163, pass:11, current fixing endpoint: sa02_sr\[3\]$_DFF_P_/D, endpoint slack:-6.991818e-11
      164 |       3 |      27 |       21 |      4 |    33 |   -0.117 |       -8.3 |    157 | sa11_sr\[1\]$_DFF_P_/D
iter:164, pass:12, current fixing endpoint: sa02_sr\[3\]$_DFF_P_/D, endpoint slack:-6.890066e-11
      165 |       3 |      28 |       21 |      4 |    33 |   -0.117 |       -8.3 |    157 | sa11_sr\[1\]$_DFF_P_/D
iter:165, pass:13, current fixing endpoint: sa02_sr\[3\]$_DFF_P_/D, endpoint slack:-6.6657346e-11
      166 |       3 |      29 |       21 |      4 |    33 |   -0.117 |       -8.3 |    157 | sa11_sr\[1\]$_DFF_P_/D
iter:166, pass:14, current fixing endpoint: sa02_sr\[3\]$_DFF_P_/D, endpoint slack:-6.509493e-11
      167 |       3 |      29 |       23 |      4 |    33 |   -0.117 |       -8.2 |    157 | sa11_sr\[1\]$_DFF_P_/D
iter:167, pass:15, current fixing endpoint: sa02_sr\[3\]$_DFF_P_/D, endpoint slack:-6.0724425e-11
      168 |       3 |      30 |       23 |      4 |    33 |   -0.117 |       -8.2 |    157 | sa11_sr\[1\]$_DFF_P_/D
iter:168, pass:16, current fixing endpoint: sa02_sr\[3\]$_DFF_P_/D, endpoint slack:-5.6291083e-11
      169 |       3 |      30 |       23 |      4 |    34 |   -0.117 |       -8.2 |    157 | sa11_sr\[1\]$_DFF_P_/D
iter:169, pass:17, current fixing endpoint: sa02_sr\[3\]$_DFF_P_/D, endpoint slack:-6.001499e-11
      170 |       3 |      31 |       23 |      4 |    34 |   -0.117 |       -8.2 |    157 | sa11_sr\[1\]$_DFF_P_/D
iter:170, pass:18, current fixing endpoint: sa02_sr\[3\]$_DFF_P_/D, endpoint slack:-5.852008e-11
      171 |       3 |      32 |       23 |      4 |    34 |   -0.117 |       -8.2 |    157 | sa11_sr\[1\]$_DFF_P_/D
iter:171, pass:19, current fixing endpoint: sa02_sr\[3\]$_DFF_P_/D, endpoint slack:-5.6878502e-11
      172 |       3 |      33 |       23 |      4 |    34 |   -0.117 |       -8.2 |    157 | sa11_sr\[1\]$_DFF_P_/D
iter:172, pass:20, current fixing endpoint: sa02_sr\[3\]$_DFF_P_/D, endpoint slack:-5.5835336e-11
      173 |       3 |      34 |       23 |      4 |    34 |   -0.117 |       -8.2 |    157 | sa11_sr\[1\]$_DFF_P_/D
iter:173, pass:21, current fixing endpoint: sa02_sr\[3\]$_DFF_P_/D, endpoint slack:-5.5128346e-11
      174 |       3 |      34 |       23 |      5 |    34 |   -0.117 |       -8.2 |    157 | sa11_sr\[1\]$_DFF_P_/D
iter:174, pass:22, current fixing endpoint: sa02_sr\[3\]$_DFF_P_/D, endpoint slack:-5.292833e-11
      175 |       3 |      34 |       23 |      5 |    35 |   -0.117 |       -8.2 |    157 | sa11_sr\[1\]$_DFF_P_/D
iter:175, pass:23, current fixing endpoint: sa02_sr\[3\]$_DFF_P_/D, endpoint slack:-5.154166e-11
      176 |       3 |      34 |       23 |      6 |    35 |   -0.117 |       -8.2 |    157 | sa11_sr\[1\]$_DFF_P_/D
iter:176, pass:24, current fixing endpoint: sa02_sr\[3\]$_DFF_P_/D, endpoint slack:-5.433687e-11
      176 |       3 |      26 |       22 |      4 |    33 |   -0.115 |       -8.3 |    157 | sa11_sr\[1\]$_DFF_P_/D
      177 |       3 |      26 |       22 |      4 |    33 |   -0.115 |       -8.3 |    157 | sa11_sr\[1\]$_DFF_P_/D
iter:177, pass:1, current fixing endpoint: u0.u1.d\[6\]$_DFF_P_/D, endpoint slack:-1.0326884e-10
      178 |       3 |      26 |       22 |      4 |    34 |   -0.115 |       -8.3 |    157 | sa11_sr\[1\]$_DFF_P_/D
iter:178, pass:2, current fixing endpoint: u0.u1.d\[6\]$_DFF_P_/D, endpoint slack:-1.0275081e-10
      179 |       3 |      26 |       22 |      4 |    35 |   -0.115 |       -8.3 |    157 | sa11_sr\[1\]$_DFF_P_/D
iter:179, pass:3, current fixing endpoint: u0.u1.d\[6\]$_DFF_P_/D, endpoint slack:-9.75412e-11
      180 |       3 |      26 |       24 |      4 |    35 |   -0.115 |       -8.2 |    157 | sa11_sr\[1\]$_DFF_P_/D
iter:180, pass:4, current fixing endpoint: u0.u1.d\[6\]$_DFF_P_/D, endpoint slack:-9.701584e-11
      181 |       3 |      26 |       24 |      4 |    36 |   -0.115 |       -8.3 |    157 | sa11_sr\[1\]$_DFF_P_/D
iter:181, pass:5, current fixing endpoint: u0.u1.d\[6\]$_DFF_P_/D, endpoint slack:-9.959e-11
      182 |       3 |      26 |       24 |      4 |    37 |   -0.115 |       -8.3 |    157 | sa11_sr\[1\]$_DFF_P_/D
iter:182, pass:6, current fixing endpoint: u0.u1.d\[6\]$_DFF_P_/D, endpoint slack:-9.795831e-11
      183 |       3 |      26 |       24 |      4 |    38 |   -0.115 |       -8.2 |    157 | sa11_sr\[1\]$_DFF_P_/D
iter:183, pass:7, current fixing endpoint: u0.u1.d\[6\]$_DFF_P_/D, endpoint slack:-9.6663344e-11
      184 |       3 |      26 |       24 |      5 |    38 |   -0.115 |       -8.2 |    157 | sa11_sr\[1\]$_DFF_P_/D
iter:184, pass:8, current fixing endpoint: u0.u1.d\[6\]$_DFF_P_/D, endpoint slack:-9.411949e-11
      185 |       3 |      26 |       24 |      6 |    38 |   -0.115 |       -8.2 |    157 | sa11_sr\[1\]$_DFF_P_/D
iter:185, pass:9, current fixing endpoint: u0.u1.d\[6\]$_DFF_P_/D, endpoint slack:-9.316958e-11
      185 |       3 |      26 |       24 |      6 |    38 |   -0.115 |       -8.2 |    157 | sa11_sr\[1\]$_DFF_P_/D
      186 |       3 |      26 |       24 |      6 |    38 |   -0.115 |       -8.2 |    157 | sa11_sr\[1\]$_DFF_P_/D
iter:186, pass:1, current fixing endpoint: sa20_sr\[3\]$_DFF_P_/D, endpoint slack:-9.9400266e-11
      187 |       3 |      26 |       24 |      6 |    39 |   -0.116 |       -8.3 |    157 | sa11_sr\[1\]$_DFF_P_/D
iter:187, pass:2, current fixing endpoint: sa20_sr\[3\]$_DFF_P_/D, endpoint slack:-1.006456e-10
      188 |       3 |      26 |       24 |      6 |    40 |   -0.116 |       -8.3 |    157 | sa11_sr\[1\]$_DFF_P_/D
iter:188, pass:3, current fixing endpoint: sa20_sr\[3\]$_DFF_P_/D, endpoint slack:-9.490253e-11
      189 |       3 |      26 |       26 |      6 |    40 |   -0.116 |       -8.3 |    157 | sa11_sr\[1\]$_DFF_P_/D
iter:189, pass:4, current fixing endpoint: sa20_sr\[3\]$_DFF_P_/D, endpoint slack:-1.150644e-10
      190 |       3 |      26 |       26 |      6 |    41 |   -0.123 |       -8.3 |    157 | sa20_sr\[3\]$_DFF_P_/D
iter:190, pass:5, current fixing endpoint: sa20_sr\[3\]$_DFF_P_/D, endpoint slack:-1.2296308e-10
      191 |       3 |      27 |       26 |      6 |    41 |   -0.120 |       -8.3 |    157 | sa20_sr\[3\]$_DFF_P_/D
iter:191, pass:6, current fixing endpoint: sa20_sr\[3\]$_DFF_P_/D, endpoint slack:-1.1995194e-10
      192 |       3 |      27 |       26 |      6 |    42 |   -0.119 |       -8.3 |    157 | sa20_sr\[3\]$_DFF_P_/D
iter:192, pass:7, current fixing endpoint: sa20_sr\[3\]$_DFF_P_/D, endpoint slack:-1.1891521e-10
      193 |       4 |      27 |       26 |      6 |    42 |   -0.116 |       -8.2 |    157 | sa11_sr\[1\]$_DFF_P_/D
iter:193, pass:8, current fixing endpoint: sa20_sr\[3\]$_DFF_P_/D, endpoint slack:-1.05099374e-10
      194 |       4 |      27 |       26 |      7 |    42 |   -0.116 |       -8.3 |    157 | sa11_sr\[1\]$_DFF_P_/D
iter:194, pass:9, current fixing endpoint: sa20_sr\[3\]$_DFF_P_/D, endpoint slack:-1.1119072e-10
      195 |       4 |      27 |       28 |      7 |    42 |   -0.116 |       -8.2 |    157 | sa11_sr\[1\]$_DFF_P_/D
iter:195, pass:10, current fixing endpoint: sa20_sr\[3\]$_DFF_P_/D, endpoint slack:-9.88557e-11
      196 |       4 |      27 |       28 |      7 |    43 |   -0.116 |       -8.2 |    157 | sa11_sr\[1\]$_DFF_P_/D
iter:196, pass:11, current fixing endpoint: sa20_sr\[3\]$_DFF_P_/D, endpoint slack:-1.0108214e-10
      197 |       4 |      28 |       28 |      7 |    43 |   -0.116 |       -8.2 |    157 | sa11_sr\[1\]$_DFF_P_/D
iter:197, pass:12, current fixing endpoint: sa20_sr\[3\]$_DFF_P_/D, endpoint slack:-1.01103015e-10
      198 |       4 |      29 |       28 |      7 |    43 |   -0.116 |       -8.2 |    157 | sa11_sr\[1\]$_DFF_P_/D
iter:198, pass:13, current fixing endpoint: sa20_sr\[3\]$_DFF_P_/D, endpoint slack:-1.0273982e-10
      199 |       4 |      30 |       28 |      7 |    43 |   -0.116 |       -8.2 |    157 | sa11_sr\[1\]$_DFF_P_/D
iter:199, pass:14, current fixing endpoint: sa20_sr\[3\]$_DFF_P_/D, endpoint slack:-9.88456e-11
      200 |       4 |      30 |       28 |      7 |    44 |   -0.116 |       -8.2 |    157 | sa11_sr\[1\]$_DFF_P_/D
iter:200, pass:15, current fixing endpoint: sa20_sr\[3\]$_DFF_P_/D, endpoint slack:-9.699219e-11
      200 |       3 |      27 |       26 |      6 |    38 |   -0.115 |       -8.2 |    157 | sa11_sr\[1\]$_DFF_P_/D
      201 |       3 |      27 |       26 |      6 |    38 |   -0.115 |       -8.2 |    157 | sa11_sr\[1\]$_DFF_P_/D
iter:201, pass:1, current fixing endpoint: sa02_sr\[6\]$_DFF_P_/D, endpoint slack:-7.610934e-11
      202 |       3 |      27 |       26 |      6 |    39 |   -0.115 |       -8.2 |    157 | sa11_sr\[1\]$_DFF_P_/D
iter:202, pass:2, current fixing endpoint: sa02_sr\[6\]$_DFF_P_/D, endpoint slack:-7.191436e-11
      203 |       3 |      28 |       26 |      6 |    39 |   -0.115 |       -8.2 |    157 | sa11_sr\[1\]$_DFF_P_/D
iter:203, pass:3, current fixing endpoint: sa02_sr\[6\]$_DFF_P_/D, endpoint slack:-6.423362e-11
      204 |       3 |      29 |       26 |      6 |    39 |   -0.117 |       -8.2 |    157 | sa11_sr\[1\]$_DFF_P_/D
iter:204, pass:4, current fixing endpoint: sa02_sr\[6\]$_DFF_P_/D, endpoint slack:-6.321621e-11
      205 |       3 |      30 |       26 |      6 |    39 |   -0.117 |       -8.2 |    157 | sa11_sr\[1\]$_DFF_P_/D
iter:205, pass:5, current fixing endpoint: sa02_sr\[6\]$_DFF_P_/D, endpoint slack:-6.114742e-11
      206 |       3 |      30 |       26 |      6 |    40 |   -0.117 |       -8.2 |    157 | sa11_sr\[1\]$_DFF_P_/D
iter:206, pass:6, current fixing endpoint: sa02_sr\[6\]$_DFF_P_/D, endpoint slack:-5.6594618e-11
      207 |       3 |      31 |       26 |      6 |    40 |   -0.117 |       -8.2 |    157 | sa11_sr\[1\]$_DFF_P_/D
iter:207, pass:7, current fixing endpoint: sa02_sr\[6\]$_DFF_P_/D, endpoint slack:-5.6259775e-11
      208 |       3 |      32 |       26 |      6 |    40 |   -0.117 |       -8.2 |    157 | sa11_sr\[1\]$_DFF_P_/D
iter:208, pass:8, current fixing endpoint: sa02_sr\[6\]$_DFF_P_/D, endpoint slack:-5.2461813e-11
      209 |       3 |      33 |       26 |      6 |    40 |   -0.117 |       -8.2 |    157 | sa11_sr\[1\]$_DFF_P_/D
iter:209, pass:9, current fixing endpoint: sa02_sr\[6\]$_DFF_P_/D, endpoint slack:-5.1983307e-11
      210 |       3 |      33 |       26 |      7 |    40 |   -0.117 |       -8.2 |    157 | sa11_sr\[1\]$_DFF_P_/D
iter:210, pass:10, current fixing endpoint: sa02_sr\[6\]$_DFF_P_/D, endpoint slack:-5.867773e-11
      211 |       3 |      33 |       28 |      7 |    40 |   -0.117 |       -8.2 |    157 | sa11_sr\[1\]$_DFF_P_/D
iter:211, pass:11, current fixing endpoint: sa02_sr\[6\]$_DFF_P_/D, endpoint slack:-5.1948446e-11
      212 |       3 |      34 |       28 |      7 |    40 |   -0.117 |       -8.2 |    157 | sa11_sr\[1\]$_DFF_P_/D
iter:212, pass:12, current fixing endpoint: sa02_sr\[6\]$_DFF_P_/D, endpoint slack:-5.1592508e-11
      213 |       3 |      35 |       28 |      7 |    40 |   -0.117 |       -8.2 |    157 | sa11_sr\[1\]$_DFF_P_/D
iter:213, pass:13, current fixing endpoint: sa02_sr\[6\]$_DFF_P_/D, endpoint slack:-5.865586e-11
      214 |       3 |      36 |       28 |      7 |    40 |   -0.117 |       -8.2 |    157 | sa11_sr\[1\]$_DFF_P_/D
iter:214, pass:14, current fixing endpoint: sa02_sr\[6\]$_DFF_P_/D, endpoint slack:-5.1030402e-11
      215 |       3 |      37 |       28 |      7 |    40 |   -0.117 |       -8.2 |    157 | sa11_sr\[1\]$_DFF_P_/D
iter:215, pass:15, current fixing endpoint: sa02_sr\[6\]$_DFF_P_/D, endpoint slack:-4.897216e-11
      216 |       3 |      38 |       28 |      7 |    40 |   -0.117 |       -8.2 |    157 | sa11_sr\[1\]$_DFF_P_/D
iter:216, pass:16, current fixing endpoint: sa02_sr\[6\]$_DFF_P_/D, endpoint slack:-4.672418e-11
      217 |       3 |      39 |       28 |      7 |    40 |   -0.117 |       -8.2 |    157 | sa11_sr\[1\]$_DFF_P_/D
iter:217, pass:17, current fixing endpoint: sa02_sr\[6\]$_DFF_P_/D, endpoint slack:-4.5769832e-11
      218 |       3 |      39 |       28 |      7 |    41 |   -0.117 |       -8.2 |    157 | sa11_sr\[1\]$_DFF_P_/D
iter:218, pass:18, current fixing endpoint: sa02_sr\[6\]$_DFF_P_/D, endpoint slack:-5.880907e-11
      219 |       3 |      40 |       28 |      7 |    41 |   -0.117 |       -8.2 |    157 | sa11_sr\[1\]$_DFF_P_/D
iter:219, pass:19, current fixing endpoint: sa02_sr\[6\]$_DFF_P_/D, endpoint slack:-5.761558e-11
      220 |       3 |      41 |       28 |      7 |    41 |   -0.117 |       -8.2 |    157 | sa11_sr\[1\]$_DFF_P_/D
iter:220, pass:20, current fixing endpoint: sa02_sr\[6\]$_DFF_P_/D, endpoint slack:-5.9472094e-11
      221 |       3 |      41 |       28 |      7 |    42 |   -0.117 |       -8.2 |    157 | sa11_sr\[1\]$_DFF_P_/D
iter:221, pass:21, current fixing endpoint: sa02_sr\[6\]$_DFF_P_/D, endpoint slack:-6.7436945e-11
      222 |       3 |      42 |       28 |      7 |    42 |   -0.117 |       -8.2 |    157 | sa11_sr\[1\]$_DFF_P_/D
iter:222, pass:22, current fixing endpoint: sa02_sr\[6\]$_DFF_P_/D, endpoint slack:-6.619716e-11
      223 |       3 |      43 |       28 |      7 |    42 |   -0.117 |       -8.3 |    157 | sa11_sr\[1\]$_DFF_P_/D
iter:223, pass:23, current fixing endpoint: sa02_sr\[6\]$_DFF_P_/D, endpoint slack:-7.1400996e-11
      224 |       3 |      43 |       28 |      7 |    43 |   -0.117 |       -8.3 |    157 | sa11_sr\[1\]$_DFF_P_/D
iter:224, pass:24, current fixing endpoint: sa02_sr\[6\]$_DFF_P_/D, endpoint slack:-6.873979e-11
      225 |       3 |      44 |       28 |      7 |    43 |   -0.117 |       -8.2 |    157 | sa11_sr\[1\]$_DFF_P_/D
iter:225, pass:25, current fixing endpoint: sa02_sr\[6\]$_DFF_P_/D, endpoint slack:-6.7244876e-11
      226 |       3 |      45 |       28 |      7 |    43 |   -0.117 |       -8.2 |    157 | sa11_sr\[1\]$_DFF_P_/D
iter:226, pass:26, current fixing endpoint: sa02_sr\[6\]$_DFF_P_/D, endpoint slack:-6.56033e-11
      227 |       3 |      46 |       28 |      7 |    43 |   -0.117 |       -8.2 |    157 | sa11_sr\[1\]$_DFF_P_/D
iter:227, pass:27, current fixing endpoint: sa02_sr\[6\]$_DFF_P_/D, endpoint slack:-6.4560246e-11
      228 |       3 |      47 |       28 |      7 |    43 |   -0.117 |       -8.2 |    157 | sa11_sr\[1\]$_DFF_P_/D
iter:228, pass:28, current fixing endpoint: sa02_sr\[6\]$_DFF_P_/D, endpoint slack:-6.38154e-11
      229 |       3 |      47 |       28 |      8 |    43 |   -0.117 |       -8.2 |    157 | sa11_sr\[1\]$_DFF_P_/D
iter:229, pass:29, current fixing endpoint: sa02_sr\[6\]$_DFF_P_/D, endpoint slack:-6.040246e-11
      230 |       3 |      47 |       28 |      9 |    43 |   -0.117 |       -8.2 |    157 | sa11_sr\[1\]$_DFF_P_/D
iter:230, pass:30, current fixing endpoint: sa02_sr\[6\]$_DFF_P_/D, endpoint slack:-6.169787e-11
      231 |       3 |      47 |       28 |     10 |    43 |   -0.117 |       -8.2 |    157 | sa11_sr\[1\]$_DFF_P_/D
iter:231, pass:31, current fixing endpoint: sa02_sr\[6\]$_DFF_P_/D, endpoint slack:-6.4009464e-11
      231 |       3 |      29 |       27 |      6 |    39 |   -0.115 |       -8.2 |    157 | sa11_sr\[1\]$_DFF_P_/D
      232 |       3 |      29 |       27 |      6 |    39 |   -0.115 |       -8.2 |    157 | sa11_sr\[1\]$_DFF_P_/D
iter:232, pass:1, current fixing endpoint: sa02_sr\[7\]$_DFF_P_/D, endpoint slack:-7.5207174e-11
      233 |       3 |      30 |       27 |      6 |    39 |   -0.117 |       -8.2 |    157 | sa11_sr\[1\]$_DFF_P_/D
iter:233, pass:2, current fixing endpoint: sa02_sr\[7\]$_DFF_P_/D, endpoint slack:-7.4189765e-11
      234 |       3 |      31 |       27 |      6 |    39 |   -0.117 |       -8.2 |    157 | sa11_sr\[1\]$_DFF_P_/D
iter:234, pass:3, current fixing endpoint: sa02_sr\[7\]$_DFF_P_/D, endpoint slack:-7.21706e-11
      235 |       3 |      32 |       27 |      6 |    39 |   -0.117 |       -8.2 |    157 | sa11_sr\[1\]$_DFF_P_/D
iter:235, pass:4, current fixing endpoint: sa02_sr\[7\]$_DFF_P_/D, endpoint slack:-6.8366646e-11
      236 |       3 |      33 |       27 |      6 |    39 |   -0.117 |       -8.2 |    157 | sa11_sr\[1\]$_DFF_P_/D
iter:236, pass:5, current fixing endpoint: sa02_sr\[7\]$_DFF_P_/D, endpoint slack:-6.633161e-11
      237 |       3 |      34 |       27 |      6 |    39 |   -0.117 |       -8.2 |    157 | sa11_sr\[1\]$_DFF_P_/D
iter:237, pass:6, current fixing endpoint: sa02_sr\[7\]$_DFF_P_/D, endpoint slack:-6.483669e-11
      238 |       3 |      35 |       27 |      6 |    39 |   -0.117 |       -8.2 |    157 | sa11_sr\[1\]$_DFF_P_/D
iter:238, pass:7, current fixing endpoint: sa02_sr\[7\]$_DFF_P_/D, endpoint slack:-6.3195116e-11
      239 |       3 |      36 |       27 |      6 |    39 |   -0.117 |       -8.2 |    157 | sa11_sr\[1\]$_DFF_P_/D
iter:239, pass:8, current fixing endpoint: sa02_sr\[7\]$_DFF_P_/D, endpoint slack:-6.215206e-11
      240 |       3 |      37 |       27 |      6 |    39 |   -0.117 |       -8.2 |    157 | sa11_sr\[1\]$_DFF_P_/D
iter:240, pass:9, current fixing endpoint: sa02_sr\[7\]$_DFF_P_/D, endpoint slack:-6.637968e-11
      241 |       3 |      38 |       27 |      6 |    39 |   -0.117 |       -8.2 |    157 | sa11_sr\[1\]$_DFF_P_/D
iter:241, pass:10, current fixing endpoint: sa02_sr\[7\]$_DFF_P_/D, endpoint slack:-5.47149e-11
      242 |       3 |      39 |       27 |      6 |    39 |   -0.117 |       -8.2 |    157 | sa11_sr\[1\]$_DFF_P_/D
iter:242, pass:11, current fixing endpoint: sa02_sr\[7\]$_DFF_P_/D, endpoint slack:-5.351286e-11
      243 |       3 |      40 |       27 |      6 |    39 |   -0.117 |       -8.2 |    157 | sa11_sr\[1\]$_DFF_P_/D
iter:243, pass:12, current fixing endpoint: sa02_sr\[7\]$_DFF_P_/D, endpoint slack:-5.109868e-11
      244 |       3 |      40 |       27 |      7 |    39 |   -0.117 |       -8.2 |    157 | sa11_sr\[1\]$_DFF_P_/D
iter:244, pass:13, current fixing endpoint: sa02_sr\[7\]$_DFF_P_/D, endpoint slack:-5.2685523e-11
      245 |       3 |      41 |       27 |      7 |    39 |   -0.117 |       -8.2 |    157 | sa11_sr\[1\]$_DFF_P_/D
iter:245, pass:14, current fixing endpoint: sa02_sr\[7\]$_DFF_P_/D, endpoint slack:-5.2132965e-11
      246 |       3 |      41 |       27 |      8 |    39 |   -0.117 |       -8.2 |    157 | sa11_sr\[1\]$_DFF_P_/D
iter:246, pass:15, current fixing endpoint: sa02_sr\[7\]$_DFF_P_/D, endpoint slack:-4.9551474e-11
      247 |       3 |      42 |       27 |      8 |    39 |   -0.117 |       -8.2 |    157 | sa11_sr\[1\]$_DFF_P_/D
iter:247, pass:16, current fixing endpoint: sa02_sr\[7\]$_DFF_P_/D, endpoint slack:-4.927858e-11
      248 |       3 |      43 |       27 |      8 |    39 |   -0.117 |       -8.2 |    157 | sa11_sr\[1\]$_DFF_P_/D
iter:248, pass:17, current fixing endpoint: sa02_sr\[7\]$_DFF_P_/D, endpoint slack:-4.8343662e-11
      249 |       3 |      43 |       27 |      8 |    40 |   -0.117 |       -8.2 |    157 | sa11_sr\[1\]$_DFF_P_/D
iter:249, pass:18, current fixing endpoint: sa02_sr\[7\]$_DFF_P_/D, endpoint slack:-4.813061e-11
      250 |       3 |      43 |       27 |      8 |    41 |   -0.117 |       -8.2 |    157 | sa11_sr\[1\]$_DFF_P_/D
iter:250, pass:19, current fixing endpoint: sa02_sr\[7\]$_DFF_P_/D, endpoint slack:-4.5642046e-11
      251 |       3 |      44 |       27 |      8 |    41 |   -0.117 |       -8.1 |    157 | sa11_sr\[1\]$_DFF_P_/D
iter:251, pass:20, current fixing endpoint: sa02_sr\[7\]$_DFF_P_/D, endpoint slack:-4.2889137e-11
      252 |       3 |      45 |       27 |      8 |    41 |   -0.117 |       -8.1 |    157 | sa11_sr\[1\]$_DFF_P_/D
iter:252, pass:21, current fixing endpoint: sa02_sr\[7\]$_DFF_P_/D, endpoint slack:-4.141809e-11
      253 |       3 |      46 |       27 |      8 |    41 |   -0.117 |       -8.1 |    157 | sa11_sr\[1\]$_DFF_P_/D
iter:253, pass:22, current fixing endpoint: sa02_sr\[7\]$_DFF_P_/D, endpoint slack:-4.087375e-11
      254 |       3 |      46 |       27 |      9 |    41 |   -0.117 |       -8.2 |    157 | sa11_sr\[1\]$_DFF_P_/D
iter:254, pass:23, current fixing endpoint: sa02_sr\[7\]$_DFF_P_/D, endpoint slack:-4.337708e-11
      255 |       3 |      46 |       27 |      9 |    42 |   -0.117 |       -8.2 |    157 | sa11_sr\[1\]$_DFF_P_/D
iter:255, pass:24, current fixing endpoint: sa02_sr\[7\]$_DFF_P_/D, endpoint slack:-3.9643955e-11
      256 |       3 |      47 |       27 |      9 |    42 |   -0.117 |       -8.2 |    157 | sa11_sr\[1\]$_DFF_P_/D
iter:256, pass:25, current fixing endpoint: sa02_sr\[7\]$_DFF_P_/D, endpoint slack:-3.990419e-11
      257 |       3 |      47 |       27 |      9 |    43 |   -0.117 |       -8.2 |    157 | sa11_sr\[1\]$_DFF_P_/D
iter:257, pass:26, current fixing endpoint: sa02_sr\[7\]$_DFF_P_/D, endpoint slack:-3.878442e-11
      258 |       3 |      48 |       27 |      9 |    43 |   -0.117 |       -8.2 |    157 | sa11_sr\[1\]$_DFF_P_/D
iter:258, pass:27, current fixing endpoint: sa02_sr\[7\]$_DFF_P_/D, endpoint slack:-4.145384e-11
      259 |       3 |      49 |       27 |      9 |    43 |   -0.117 |       -8.2 |    157 | sa11_sr\[1\]$_DFF_P_/D
iter:259, pass:28, current fixing endpoint: sa02_sr\[7\]$_DFF_P_/D, endpoint slack:-3.6695313e-11
      260 |       3 |      49 |       27 |      9 |    44 |   -0.117 |       -8.2 |    157 | sa11_sr\[1\]$_DFF_P_/D
iter:260, pass:29, current fixing endpoint: sa02_sr\[7\]$_DFF_P_/D, endpoint slack:-3.4468206e-11
      261 |       3 |      49 |       27 |      9 |    45 |   -0.117 |       -8.2 |    157 | sa11_sr\[1\]$_DFF_P_/D
iter:261, pass:30, current fixing endpoint: sa02_sr\[7\]$_DFF_P_/D, endpoint slack:-3.1289304e-11
      262 |       3 |      50 |       27 |      9 |    45 |   -0.117 |       -8.2 |    157 | sa11_sr\[1\]$_DFF_P_/D
iter:262, pass:31, current fixing endpoint: sa02_sr\[7\]$_DFF_P_/D, endpoint slack:-3.5113246e-11
      263 |       3 |      51 |       27 |      9 |    45 |   -0.117 |       -8.2 |    157 | sa11_sr\[1\]$_DFF_P_/D
iter:263, pass:32, current fixing endpoint: sa02_sr\[7\]$_DFF_P_/D, endpoint slack:-3.237277e-11
      264 |       3 |      52 |       27 |      9 |    45 |   -0.117 |       -8.2 |    157 | sa11_sr\[1\]$_DFF_P_/D
iter:264, pass:33, current fixing endpoint: sa02_sr\[7\]$_DFF_P_/D, endpoint slack:-3.1331937e-11
      265 |       3 |      53 |       27 |      9 |    45 |   -0.117 |       -8.2 |    157 | sa11_sr\[1\]$_DFF_P_/D
iter:265, pass:34, current fixing endpoint: sa02_sr\[7\]$_DFF_P_/D, endpoint slack:-3.0315528e-11
      266 |       3 |      54 |       27 |      9 |    45 |   -0.117 |       -8.2 |    157 | sa11_sr\[1\]$_DFF_P_/D
iter:266, pass:35, current fixing endpoint: sa02_sr\[7\]$_DFF_P_/D, endpoint slack:-3.030587e-11
      267 |       3 |      54 |       27 |      9 |    46 |   -0.117 |       -8.2 |    157 | sa11_sr\[1\]$_DFF_P_/D
iter:267, pass:36, current fixing endpoint: sa02_sr\[7\]$_DFF_P_/D, endpoint slack:-3.638545e-11
      268 |       3 |      54 |       27 |     10 |    46 |   -0.117 |       -8.2 |    157 | sa11_sr\[1\]$_DFF_P_/D
iter:268, pass:37, current fixing endpoint: sa02_sr\[7\]$_DFF_P_/D, endpoint slack:-3.9887982e-11
      269 |       3 |      55 |       27 |     10 |    46 |   -0.117 |       -8.2 |    157 | sa11_sr\[1\]$_DFF_P_/D
iter:269, pass:38, current fixing endpoint: sa02_sr\[7\]$_DFF_P_/D, endpoint slack:-3.98096e-11
      269 |       3 |      33 |       27 |      6 |    39 |   -0.115 |       -8.2 |    157 | sa11_sr\[1\]$_DFF_P_/D
      270 |       3 |      33 |       27 |      6 |    39 |   -0.115 |       -8.2 |    157 | sa11_sr\[1\]$_DFF_P_/D
iter:270, pass:1, current fixing endpoint: sa02_sr\[0\]$_DFF_P_/D, endpoint slack:-7.733936e-11
      271 |       3 |      34 |       27 |      6 |    39 |   -0.115 |       -8.2 |    157 | sa11_sr\[1\]$_DFF_P_/D
iter:271, pass:2, current fixing endpoint: sa02_sr\[0\]$_DFF_P_/D, endpoint slack:-7.0714656e-11
      272 |       3 |      34 |       27 |      6 |    40 |   -0.115 |       -8.2 |    157 | sa11_sr\[1\]$_DFF_P_/D
iter:272, pass:3, current fixing endpoint: sa02_sr\[0\]$_DFF_P_/D, endpoint slack:-7.681622e-11
      273 |       3 |      35 |       27 |      6 |    40 |   -0.115 |       -8.2 |    157 | sa11_sr\[1\]$_DFF_P_/D
iter:273, pass:4, current fixing endpoint: sa02_sr\[0\]$_DFF_P_/D, endpoint slack:-7.012013e-11
      274 |       3 |      36 |       27 |      6 |    40 |   -0.115 |       -8.2 |    157 | sa11_sr\[1\]$_DFF_P_/D
iter:274, pass:5, current fixing endpoint: sa02_sr\[0\]$_DFF_P_/D, endpoint slack:-6.92052e-11
      275 |       3 |      36 |       27 |      6 |    41 |   -0.115 |       -8.2 |    157 | sa11_sr\[1\]$_DFF_P_/D
iter:275, pass:6, current fixing endpoint: sa02_sr\[0\]$_DFF_P_/D, endpoint slack:-8.2158835e-11
      276 |       3 |      37 |       27 |      6 |    41 |   -0.115 |       -8.2 |    157 | sa11_sr\[1\]$_DFF_P_/D
iter:276, pass:7, current fixing endpoint: sa02_sr\[0\]$_DFF_P_/D, endpoint slack:-7.2898354e-11
      277 |       3 |      38 |       27 |      6 |    41 |   -0.115 |       -8.2 |    157 | sa11_sr\[1\]$_DFF_P_/D
iter:277, pass:8, current fixing endpoint: sa02_sr\[0\]$_DFF_P_/D, endpoint slack:-6.3455685e-11
      278 |       3 |      39 |       27 |      6 |    41 |   -0.115 |       -8.2 |    157 | sa11_sr\[1\]$_DFF_P_/D
iter:278, pass:9, current fixing endpoint: sa02_sr\[0\]$_DFF_P_/D, endpoint slack:-6.1684546e-11
      279 |       3 |      40 |       27 |      6 |    41 |   -0.117 |       -8.2 |    157 | sa11_sr\[1\]$_DFF_P_/D
iter:279, pass:10, current fixing endpoint: sa02_sr\[0\]$_DFF_P_/D, endpoint slack:-6.066714e-11
      280 |       3 |      40 |       27 |      6 |    42 |   -0.117 |       -8.2 |    157 | sa11_sr\[1\]$_DFF_P_/D
iter:280, pass:11, current fixing endpoint: sa02_sr\[0\]$_DFF_P_/D, endpoint slack:-6.1569416e-11
      281 |       3 |      41 |       27 |      6 |    42 |   -0.117 |       -8.2 |    157 | sa11_sr\[1\]$_DFF_P_/D
iter:281, pass:12, current fixing endpoint: sa02_sr\[0\]$_DFF_P_/D, endpoint slack:-5.7787664e-11
      282 |       3 |      42 |       27 |      6 |    42 |   -0.117 |       -8.2 |    157 | sa11_sr\[1\]$_DFF_P_/D
iter:282, pass:13, current fixing endpoint: sa02_sr\[0\]$_DFF_P_/D, endpoint slack:-5.6293303e-11
      283 |       3 |      43 |       27 |      6 |    42 |   -0.117 |       -8.2 |    157 | sa11_sr\[1\]$_DFF_P_/D
iter:283, pass:14, current fixing endpoint: sa02_sr\[0\]$_DFF_P_/D, endpoint slack:-5.4651728e-11
      284 |       3 |      44 |       27 |      6 |    42 |   -0.117 |       -8.2 |    157 | sa11_sr\[1\]$_DFF_P_/D
iter:284, pass:15, current fixing endpoint: sa02_sr\[0\]$_DFF_P_/D, endpoint slack:-5.3608673e-11
      285 |       3 |      44 |       27 |      6 |    43 |   -0.117 |       -8.2 |    157 | sa11_sr\[1\]$_DFF_P_/D
iter:285, pass:16, current fixing endpoint: sa02_sr\[0\]$_DFF_P_/D, endpoint slack:-5.4999116e-11
      286 |       3 |      45 |       27 |      6 |    43 |   -0.117 |       -8.2 |    157 | sa11_sr\[1\]$_DFF_P_/D
iter:286, pass:17, current fixing endpoint: sa02_sr\[0\]$_DFF_P_/D, endpoint slack:-5.468148e-11
      287 |       3 |      45 |       27 |      7 |    43 |   -0.117 |       -8.1 |    157 | sa11_sr\[1\]$_DFF_P_/D
iter:287, pass:18, current fixing endpoint: sa02_sr\[0\]$_DFF_P_/D, endpoint slack:-5.2119087e-11
      288 |       3 |      45 |       27 |      7 |    44 |   -0.117 |       -8.1 |    157 | sa11_sr\[1\]$_DFF_P_/D
iter:288, pass:19, current fixing endpoint: sa02_sr\[0\]$_DFF_P_/D, endpoint slack:-5.3311466e-11
      289 |       3 |      45 |       27 |      8 |    44 |   -0.117 |       -8.2 |    157 | sa11_sr\[1\]$_DFF_P_/D
iter:289, pass:20, current fixing endpoint: sa02_sr\[0\]$_DFF_P_/D, endpoint slack:-5.587808e-11
      289 |       3 |      39 |       27 |      6 |    41 |   -0.115 |       -8.2 |    157 | sa11_sr\[1\]$_DFF_P_/D
      290 |       3 |      39 |       27 |      6 |    41 |   -0.115 |       -8.2 |    157 | sa11_sr\[1\]$_DFF_P_/D
iter:290, pass:1, current fixing endpoint: sa02_sr\[1\]$_DFF_P_/D, endpoint slack:-8.047385e-11
      291 |       3 |      39 |       27 |      6 |    42 |   -0.115 |       -8.2 |    157 | sa11_sr\[1\]$_DFF_P_/D
iter:291, pass:2, current fixing endpoint: sa02_sr\[1\]$_DFF_P_/D, endpoint slack:-9.2230446e-11
      292 |       3 |      40 |       27 |      6 |    42 |   -0.115 |       -8.2 |    157 | sa11_sr\[1\]$_DFF_P_/D
iter:292, pass:3, current fixing endpoint: sa02_sr\[1\]$_DFF_P_/D, endpoint slack:-8.2162166e-11
      293 |       3 |      40 |       27 |      6 |    43 |   -0.115 |       -8.2 |    157 | sa11_sr\[1\]$_DFF_P_/D
iter:293, pass:4, current fixing endpoint: sa02_sr\[1\]$_DFF_P_/D, endpoint slack:-7.7080786e-11
      294 |       3 |      41 |       27 |      6 |    43 |   -0.115 |       -8.2 |    157 | sa11_sr\[1\]$_DFF_P_/D
iter:294, pass:5, current fixing endpoint: sa02_sr\[1\]$_DFF_P_/D, endpoint slack:-7.568324e-11
      295 |       3 |      42 |       27 |      6 |    43 |   -0.117 |       -8.2 |    157 | sa11_sr\[1\]$_DFF_P_/D
iter:295, pass:6, current fixing endpoint: sa02_sr\[1\]$_DFF_P_/D, endpoint slack:-7.466583e-11
      296 |       3 |      43 |       27 |      6 |    43 |   -0.117 |       -8.2 |    157 | sa11_sr\[1\]$_DFF_P_/D
iter:296, pass:7, current fixing endpoint: sa02_sr\[1\]$_DFF_P_/D, endpoint slack:-7.220646e-11
      297 |       3 |      44 |       27 |      6 |    43 |   -0.117 |       -8.2 |    157 | sa11_sr\[1\]$_DFF_P_/D
iter:297, pass:8, current fixing endpoint: sa02_sr\[1\]$_DFF_P_/D, endpoint slack:-6.846046e-11
      298 |       3 |      45 |       27 |      6 |    43 |   -0.117 |       -8.2 |    157 | sa11_sr\[1\]$_DFF_P_/D
iter:298, pass:9, current fixing endpoint: sa02_sr\[1\]$_DFF_P_/D, endpoint slack:-6.6965544e-11
      299 |       3 |      46 |       27 |      6 |    43 |   -0.117 |       -8.2 |    157 | sa11_sr\[1\]$_DFF_P_/D
iter:299, pass:10, current fixing endpoint: sa02_sr\[1\]$_DFF_P_/D, endpoint slack:-6.532397e-11
      300 |       3 |      47 |       27 |      6 |    43 |   -0.117 |       -8.2 |    157 | sa11_sr\[1\]$_DFF_P_/D
iter:300, pass:11, current fixing endpoint: sa02_sr\[1\]$_DFF_P_/D, endpoint slack:-6.42808e-11
      301 |       3 |      47 |       27 |      7 |    43 |   -0.117 |       -8.2 |    157 | sa11_sr\[1\]$_DFF_P_/D
iter:301, pass:12, current fixing endpoint: sa02_sr\[1\]$_DFF_P_/D, endpoint slack:-6.595635e-11
      302 |       3 |      48 |       27 |      7 |    43 |   -0.117 |       -8.2 |    157 | sa11_sr\[1\]$_DFF_P_/D
iter:302, pass:13, current fixing endpoint: sa02_sr\[1\]$_DFF_P_/D, endpoint slack:-6.540646e-11
      303 |       3 |      48 |       27 |      8 |    43 |   -0.117 |       -8.1 |    157 | sa11_sr\[1\]$_DFF_P_/D
iter:303, pass:14, current fixing endpoint: sa02_sr\[1\]$_DFF_P_/D, endpoint slack:-6.268219e-11
      304 |       3 |      48 |       27 |      8 |    44 |   -0.117 |       -8.1 |    157 | sa11_sr\[1\]$_DFF_P_/D
iter:304, pass:15, current fixing endpoint: sa02_sr\[1\]$_DFF_P_/D, endpoint slack:-6.3378414e-11
      305 |       3 |      48 |       27 |      9 |    44 |   -0.117 |       -8.2 |    157 | sa11_sr\[1\]$_DFF_P_/D
iter:305, pass:16, current fixing endpoint: sa02_sr\[1\]$_DFF_P_/D, endpoint slack:-6.5881856e-11
      305 |       3 |      41 |       27 |      6 |    43 |   -0.115 |       -8.2 |    157 | sa11_sr\[1\]$_DFF_P_/D
      306 |       3 |      41 |       27 |      6 |    43 |   -0.115 |       -8.2 |    157 | sa11_sr\[1\]$_DFF_P_/D
iter:306, pass:1, current fixing endpoint: sa11_sr\[4\]$_DFF_P_/D, endpoint slack:-1.1262802e-10
      307 |       3 |      41 |       27 |      6 |    44 |   -0.115 |       -8.2 |    157 | sa11_sr\[1\]$_DFF_P_/D
iter:307, pass:2, current fixing endpoint: sa11_sr\[4\]$_DFF_P_/D, endpoint slack:-1.0551826e-10
      308 |       3 |      41 |       27 |      6 |    45 |   -0.115 |       -8.2 |    157 | sa11_sr\[1\]$_DFF_P_/D
iter:308, pass:3, current fixing endpoint: sa11_sr\[4\]$_DFF_P_/D, endpoint slack:-1.1305756e-10
      309 |       3 |      41 |       27 |      6 |    46 |   -0.115 |       -8.2 |    157 | sa11_sr\[1\]$_DFF_P_/D
iter:309, pass:4, current fixing endpoint: sa11_sr\[4\]$_DFF_P_/D, endpoint slack:-1.09263265e-10
      310 |       3 |      41 |       27 |      6 |    47 |   -0.115 |       -8.2 |    157 | sa11_sr\[1\]$_DFF_P_/D
iter:310, pass:5, current fixing endpoint: sa11_sr\[4\]$_DFF_P_/D, endpoint slack:-1.11363585e-10
      311 |       3 |      41 |       27 |      6 |    48 |   -0.117 |       -8.2 |    157 | sa11_sr\[4\]$_DFF_P_/D
iter:311, pass:6, current fixing endpoint: sa11_sr\[4\]$_DFF_P_/D, endpoint slack:-1.1707124e-10
      312 |       3 |      42 |       27 |      6 |    48 |   -0.116 |       -8.2 |    157 | sa11_sr\[4\]$_DFF_P_/D
iter:312, pass:7, current fixing endpoint: sa11_sr\[4\]$_DFF_P_/D, endpoint slack:-1.16162635e-10
      313 |       3 |      43 |       27 |      6 |    48 |   -0.115 |       -8.2 |    157 | sa11_sr\[1\]$_DFF_P_/D
iter:313, pass:8, current fixing endpoint: sa11_sr\[4\]$_DFF_P_/D, endpoint slack:-1.12181375e-10
      314 |       3 |      44 |       27 |      6 |    48 |   -0.115 |       -8.2 |    157 | sa11_sr\[4\]$_DFF_P_/D
iter:314, pass:9, current fixing endpoint: sa11_sr\[4\]$_DFF_P_/D, endpoint slack:-1.1473322e-10
      315 |       3 |      44 |       27 |      6 |    49 |   -0.115 |       -8.2 |    157 | sa11_sr\[1\]$_DFF_P_/D
iter:315, pass:10, current fixing endpoint: sa11_sr\[4\]$_DFF_P_/D, endpoint slack:-1.12799436e-10
      315 |       3 |      42 |       27 |      6 |    44 |   -0.115 |       -8.2 |    157 | sa11_sr\[1\]$_DFF_P_/D
      316 |       3 |      42 |       27 |      6 |    44 |   -0.115 |       -8.2 |    157 | sa11_sr\[1\]$_DFF_P_/D
iter:316, pass:1, current fixing endpoint: sa11_sr\[3\]$_DFF_P_/D, endpoint slack:-9.5898955e-11
      317 |       3 |      42 |       27 |      6 |    45 |   -0.115 |       -8.2 |    157 | sa11_sr\[7\]$_DFF_P_/D
iter:317, pass:2, current fixing endpoint: sa11_sr\[3\]$_DFF_P_/D, endpoint slack:-9.619605e-11
      318 |       3 |      42 |       27 |      6 |    46 |   -0.115 |       -8.2 |    157 | sa11_sr\[7\]$_DFF_P_/D
iter:318, pass:3, current fixing endpoint: sa11_sr\[3\]$_DFF_P_/D, endpoint slack:-1.13211995e-10
      319 |       3 |      42 |       27 |      6 |    47 |   -0.120 |       -8.2 |    157 | sa11_sr\[3\]$_DFF_P_/D
iter:319, pass:4, current fixing endpoint: sa11_sr\[3\]$_DFF_P_/D, endpoint slack:-1.2032997e-10
      320 |       3 |      42 |       27 |      6 |    48 |   -0.122 |       -8.2 |    157 | sa11_sr\[3\]$_DFF_P_/D
iter:320, pass:5, current fixing endpoint: sa11_sr\[3\]$_DFF_P_/D, endpoint slack:-1.2232892e-10
      321 |       3 |      43 |       27 |      6 |    48 |   -0.123 |       -8.2 |    157 | sa11_sr\[3\]$_DFF_P_/D
iter:321, pass:6, current fixing endpoint: sa11_sr\[3\]$_DFF_P_/D, endpoint slack:-1.2303158e-10
      321 |       3 |      42 |       27 |      6 |    44 |   -0.115 |       -8.2 |    157 | sa11_sr\[1\]$_DFF_P_/D
      322 |       3 |      42 |       27 |      6 |    44 |   -0.115 |       -8.2 |    157 | sa11_sr\[1\]$_DFF_P_/D
iter:322, pass:1, current fixing endpoint: sa20_sr\[5\]$_DFF_P_/D, endpoint slack:-9.29008e-11
      323 |       3 |      42 |       27 |      6 |    45 |   -0.115 |       -8.2 |    157 | sa11_sr\[1\]$_DFF_P_/D
iter:323, pass:2, current fixing endpoint: sa20_sr\[5\]$_DFF_P_/D, endpoint slack:-8.524503e-11
      324 |       3 |      43 |       27 |      6 |    45 |   -0.115 |       -8.2 |    157 | sa11_sr\[1\]$_DFF_P_/D
iter:324, pass:3, current fixing endpoint: sa20_sr\[5\]$_DFF_P_/D, endpoint slack:-8.377421e-11
      325 |       3 |      43 |       27 |      6 |    46 |   -0.115 |       -8.2 |    157 | sa11_sr\[1\]$_DFF_P_/D
iter:325, pass:4, current fixing endpoint: sa20_sr\[5\]$_DFF_P_/D, endpoint slack:-8.329393e-11
      326 |       3 |      44 |       27 |      6 |    46 |   -0.115 |       -8.2 |    157 | sa11_sr\[1\]$_DFF_P_/D
iter:326, pass:5, current fixing endpoint: sa20_sr\[5\]$_DFF_P_/D, endpoint slack:-8.3016705e-11
      327 |       3 |      44 |       27 |      6 |    47 |   -0.115 |       -8.2 |    157 | sa11_sr\[1\]$_DFF_P_/D
iter:327, pass:6, current fixing endpoint: sa20_sr\[5\]$_DFF_P_/D, endpoint slack:-8.785783e-11
      328 |       3 |      45 |       27 |      6 |    47 |   -0.115 |       -8.2 |    157 | sa11_sr\[1\]$_DFF_P_/D
iter:328, pass:7, current fixing endpoint: sa20_sr\[5\]$_DFF_P_/D, endpoint slack:-7.782319e-11
      329 |       3 |      46 |       27 |      6 |    47 |   -0.115 |       -8.2 |    157 | sa11_sr\[1\]$_DFF_P_/D
iter:329, pass:8, current fixing endpoint: sa20_sr\[5\]$_DFF_P_/D, endpoint slack:-7.7000295e-11
      330 |       3 |      47 |       27 |      6 |    47 |   -0.115 |       -8.2 |    157 | sa11_sr\[1\]$_DFF_P_/D
iter:330, pass:9, current fixing endpoint: sa20_sr\[5\]$_DFF_P_/D, endpoint slack:-8.0121354e-11
      331 |       3 |      47 |       27 |      6 |    48 |   -0.115 |       -8.2 |    157 | sa11_sr\[1\]$_DFF_P_/D
iter:331, pass:10, current fixing endpoint: sa20_sr\[5\]$_DFF_P_/D, endpoint slack:-9.839163e-11
      332 |       3 |      47 |       27 |      6 |    49 |   -0.115 |       -8.2 |    157 | sa11_sr\[1\]$_DFF_P_/D
iter:332, pass:11, current fixing endpoint: sa20_sr\[5\]$_DFF_P_/D, endpoint slack:-9.98468e-11
      332 |       3 |      46 |       27 |      6 |    47 |   -0.115 |       -8.2 |    157 | sa11_sr\[1\]$_DFF_P_/D
      333 |       3 |      46 |       27 |      6 |    47 |   -0.115 |       -8.2 |    157 | sa11_sr\[1\]$_DFF_P_/D
iter:333, pass:1, current fixing endpoint: sa11_sr\[0\]$_DFF_P_/D, endpoint slack:-8.439638e-11
      334 |       3 |      46 |       27 |      6 |    48 |   -0.115 |       -8.2 |    157 | sa11_sr\[1\]$_DFF_P_/D
iter:334, pass:2, current fixing endpoint: sa11_sr\[0\]$_DFF_P_/D, endpoint slack:-9.301249e-11
      335 |       3 |      46 |       27 |      6 |    49 |   -0.115 |       -8.2 |    157 | sa11_sr\[1\]$_DFF_P_/D
iter:335, pass:3, current fixing endpoint: sa11_sr\[0\]$_DFF_P_/D, endpoint slack:-8.721457e-11
      336 |       3 |      46 |       27 |      6 |    50 |   -0.115 |       -8.2 |    157 | sa11_sr\[1\]$_DFF_P_/D
iter:336, pass:4, current fixing endpoint: sa11_sr\[0\]$_DFF_P_/D, endpoint slack:-9.2329144e-11
      337 |       3 |      46 |       27 |      7 |    50 |   -0.118 |       -8.2 |    157 | sa11_sr\[7\]$_DFF_P_/D
iter:337, pass:5, current fixing endpoint: sa11_sr\[0\]$_DFF_P_/D, endpoint slack:-8.9388164e-11
      338 |       3 |      46 |       27 |      7 |    51 |   -0.118 |       -8.2 |    157 | sa11_sr\[7\]$_DFF_P_/D
iter:338, pass:6, current fixing endpoint: sa11_sr\[0\]$_DFF_P_/D, endpoint slack:-8.773082e-11
      338 |       3 |      46 |       27 |      6 |    47 |   -0.118 |       -8.2 |    157 | sa11_sr\[1\]$_DFF_P_/D
      339 |       3 |      46 |       27 |      6 |    47 |   -0.118 |       -8.2 |    157 | sa11_sr\[1\]$_DFF_P_/D
iter:339, pass:1, current fixing endpoint: u0.u1.d\[2\]$_DFF_P_/D, endpoint slack:-8.664769e-11
      340 |       3 |      46 |       27 |      6 |    48 |   -0.118 |       -8.2 |    157 | sa11_sr\[1\]$_DFF_P_/D
iter:340, pass:2, current fixing endpoint: u0.u1.d\[2\]$_DFF_P_/D, endpoint slack:-9.309731e-11
      341 |       3 |      47 |       27 |      6 |    48 |   -0.118 |       -8.2 |    157 | sa11_sr\[1\]$_DFF_P_/D
iter:341, pass:3, current fixing endpoint: u0.u1.d\[2\]$_DFF_P_/D, endpoint slack:-8.4870555e-11
      342 |       3 |      48 |       27 |      6 |    48 |   -0.118 |       -8.2 |    157 | sa11_sr\[1\]$_DFF_P_/D
iter:342, pass:4, current fixing endpoint: u0.u1.d\[2\]$_DFF_P_/D, endpoint slack:-8.294465e-11
      342 |       3 |      48 |       27 |      6 |    48 |   -0.118 |       -8.2 |    157 | sa11_sr\[1\]$_DFF_P_/D
      343 |       3 |      48 |       27 |      6 |    48 |   -0.118 |       -8.2 |    157 | sa11_sr\[1\]$_DFF_P_/D
iter:343, pass:1, current fixing endpoint: sa20_sr\[2\]$_DFF_P_/D, endpoint slack:-8.883749e-11
      344 |       3 |      48 |       27 |      6 |    49 |   -0.118 |       -8.2 |    157 | sa11_sr\[1\]$_DFF_P_/D
iter:344, pass:2, current fixing endpoint: sa20_sr\[2\]$_DFF_P_/D, endpoint slack:-8.3691276e-11
      345 |       3 |      48 |       27 |      6 |    50 |   -0.118 |       -8.2 |    157 | sa11_sr\[1\]$_DFF_P_/D
iter:345, pass:3, current fixing endpoint: sa20_sr\[2\]$_DFF_P_/D, endpoint slack:-8.1655904e-11
      346 |       3 |      48 |       27 |      6 |    51 |   -0.118 |       -8.2 |    157 | sa11_sr\[1\]$_DFF_P_/D
iter:346, pass:4, current fixing endpoint: sa20_sr\[2\]$_DFF_P_/D, endpoint slack:-8.098433e-11
      347 |       3 |      49 |       27 |      6 |    51 |   -0.118 |       -8.2 |    157 | sa11_sr\[1\]$_DFF_P_/D
iter:347, pass:5, current fixing endpoint: sa20_sr\[2\]$_DFF_P_/D, endpoint slack:-8.083478e-11
      348 |       3 |      50 |       27 |      6 |    51 |   -0.118 |       -8.2 |    157 | sa11_sr\[1\]$_DFF_P_/D
iter:348, pass:6, current fixing endpoint: sa20_sr\[2\]$_DFF_P_/D, endpoint slack:-7.753587e-11
      349 |       3 |      50 |       27 |      6 |    52 |   -0.118 |       -8.2 |    157 | sa11_sr\[1\]$_DFF_P_/D
iter:349, pass:7, current fixing endpoint: sa20_sr\[2\]$_DFF_P_/D, endpoint slack:-7.242873e-11
      350 |       3 |      51 |       27 |      6 |    52 |   -0.118 |       -8.2 |    157 | sa11_sr\[1\]$_DFF_P_/D
iter:350, pass:8, current fixing endpoint: sa20_sr\[2\]$_DFF_P_/D, endpoint slack:-8.06788e-11
      351 |       3 |      52 |       27 |      6 |    52 |   -0.118 |       -8.2 |    157 | sa11_sr\[1\]$_DFF_P_/D
iter:351, pass:9, current fixing endpoint: sa20_sr\[2\]$_DFF_P_/D, endpoint slack:-8.130552e-11
      352 |       3 |      52 |       27 |      6 |    53 |   -0.118 |       -8.2 |    157 | sa11_sr\[1\]$_DFF_P_/D
iter:352, pass:10, current fixing endpoint: sa20_sr\[2\]$_DFF_P_/D, endpoint slack:-7.8964946e-11
      352 |       3 |      50 |       27 |      6 |    52 |   -0.118 |       -8.2 |    157 | sa11_sr\[1\]$_DFF_P_/D
      353 |       3 |      50 |       27 |      6 |    52 |   -0.118 |       -8.2 |    157 | sa11_sr\[1\]$_DFF_P_/D
iter:353, pass:1, current fixing endpoint: sa32_sr\[7\]$_DFF_P_/D, endpoint slack:-8.597334e-11
      354 |       3 |      50 |       27 |      6 |    53 |   -0.118 |       -8.2 |    157 | sa11_sr\[1\]$_DFF_P_/D
iter:354, pass:2, current fixing endpoint: sa32_sr\[7\]$_DFF_P_/D, endpoint slack:-9.9343755e-11
      355 |       3 |      50 |       27 |      6 |    54 |   -0.118 |       -8.2 |    157 | sa11_sr\[1\]$_DFF_P_/D
iter:355, pass:3, current fixing endpoint: sa32_sr\[7\]$_DFF_P_/D, endpoint slack:-1.1055523e-10
      356 |       3 |      50 |       29 |      6 |    54 |   -0.118 |       -8.2 |    157 | sa11_sr\[1\]$_DFF_P_/D
iter:356, pass:4, current fixing endpoint: sa32_sr\[7\]$_DFF_P_/D, endpoint slack:-1.07292175e-10
      357 |       3 |      51 |       29 |      6 |    54 |   -0.118 |       -8.2 |    157 | sa11_sr\[1\]$_DFF_P_/D
iter:357, pass:5, current fixing endpoint: sa32_sr\[7\]$_DFF_P_/D, endpoint slack:-1.1028356e-10
      358 |       3 |      52 |       29 |      6 |    54 |   -0.118 |       -8.2 |    157 | sa11_sr\[1\]$_DFF_P_/D
iter:358, pass:6, current fixing endpoint: sa32_sr\[7\]$_DFF_P_/D, endpoint slack:-1.1104828e-10
      359 |       3 |      53 |       29 |      6 |    54 |   -0.118 |       -8.2 |    157 | sa11_sr\[1\]$_DFF_P_/D
iter:359, pass:7, current fixing endpoint: sa32_sr\[7\]$_DFF_P_/D, endpoint slack:-1.05680575e-10
      360 |       3 |      53 |       29 |      6 |    55 |   -0.118 |       -8.2 |    157 | sa11_sr\[1\]$_DFF_P_/D
iter:360, pass:8, current fixing endpoint: sa32_sr\[7\]$_DFF_P_/D, endpoint slack:-1.089302e-10
      361 |       3 |      53 |       29 |      6 |    56 |   -0.118 |       -8.2 |    157 | sa11_sr\[1\]$_DFF_P_/D
iter:361, pass:9, current fixing endpoint: sa32_sr\[7\]$_DFF_P_/D, endpoint slack:-1.0498247e-10
      362 |       3 |      53 |       29 |      6 |    57 |   -0.118 |       -8.2 |    157 | sa11_sr\[1\]$_DFF_P_/D
iter:362, pass:10, current fixing endpoint: sa32_sr\[7\]$_DFF_P_/D, endpoint slack:-1.1654877e-10
      362 |       3 |      50 |       28 |      6 |    52 |   -0.118 |       -8.2 |    157 | sa11_sr\[1\]$_DFF_P_/D
      363 |       3 |      50 |       28 |      6 |    52 |   -0.118 |       -8.2 |    157 | sa11_sr\[1\]$_DFF_P_/D
iter:363, pass:1, current fixing endpoint: sa20_sr\[7\]$_DFF_P_/D, endpoint slack:-8.607137e-11
      364 |       3 |      50 |       28 |      6 |    53 |   -0.118 |       -8.2 |    157 | sa11_sr\[1\]$_DFF_P_/D
iter:364, pass:2, current fixing endpoint: sa20_sr\[7\]$_DFF_P_/D, endpoint slack:-7.8371754e-11
      365 |       3 |      50 |       28 |      6 |    54 |   -0.118 |       -8.2 |    157 | sa11_sr\[1\]$_DFF_P_/D
iter:365, pass:3, current fixing endpoint: sa20_sr\[7\]$_DFF_P_/D, endpoint slack:-9.015011e-11
      366 |       3 |      51 |       28 |      6 |    54 |   -0.118 |       -8.2 |    157 | sa11_sr\[1\]$_DFF_P_/D
iter:366, pass:4, current fixing endpoint: sa20_sr\[7\]$_DFF_P_/D, endpoint slack:-9.0133345e-11
      367 |       3 |      52 |       28 |      6 |    54 |   -0.118 |       -8.2 |    157 | sa11_sr\[1\]$_DFF_P_/D
iter:367, pass:5, current fixing endpoint: sa20_sr\[7\]$_DFF_P_/D, endpoint slack:-9.4153685e-11
      368 |       3 |      52 |       28 |      6 |    55 |   -0.118 |       -8.2 |    157 | sa11_sr\[1\]$_DFF_P_/D
iter:368, pass:6, current fixing endpoint: sa20_sr\[7\]$_DFF_P_/D, endpoint slack:-9.653123e-11
      369 |       3 |      52 |       28 |      6 |    56 |   -0.118 |       -8.2 |    157 | sa11_sr\[1\]$_DFF_P_/D
iter:369, pass:7, current fixing endpoint: sa20_sr\[7\]$_DFF_P_/D, endpoint slack:-1.0021062e-10
      369 |       3 |      50 |       28 |      6 |    53 |   -0.118 |       -8.2 |    157 | sa11_sr\[1\]$_DFF_P_/D
      370 |       3 |      50 |       28 |      6 |    53 |   -0.118 |       -8.2 |    157 | sa11_sr\[1\]$_DFF_P_/D
iter:370, pass:1, current fixing endpoint: sa11_sr\[5\]$_DFF_P_/D, endpoint slack:-7.965539e-11
      371 |       3 |      50 |       28 |      6 |    54 |   -0.118 |       -8.2 |    157 | sa11_sr\[1\]$_DFF_P_/D
iter:371, pass:2, current fixing endpoint: sa11_sr\[5\]$_DFF_P_/D, endpoint slack:-7.526757e-11
      372 |       3 |      50 |       28 |      6 |    55 |   -0.118 |       -8.2 |    157 | sa11_sr\[1\]$_DFF_P_/D
iter:372, pass:3, current fixing endpoint: sa11_sr\[5\]$_DFF_P_/D, endpoint slack:-8.060641e-11
      373 |       3 |      51 |       28 |      6 |    55 |   -0.118 |       -8.2 |    157 | sa11_sr\[1\]$_DFF_P_/D
iter:373, pass:4, current fixing endpoint: sa11_sr\[5\]$_DFF_P_/D, endpoint slack:-8.4373175e-11
      374 |       3 |      52 |       28 |      6 |    55 |   -0.118 |       -8.2 |    157 | sa11_sr\[1\]$_DFF_P_/D
iter:374, pass:5, current fixing endpoint: sa11_sr\[5\]$_DFF_P_/D, endpoint slack:-7.908385e-11
      375 |       3 |      52 |       30 |      6 |    55 |   -0.118 |       -8.2 |    157 | sa11_sr\[1\]$_DFF_P_/D
iter:375, pass:6, current fixing endpoint: sa11_sr\[5\]$_DFF_P_/D, endpoint slack:-7.8438034e-11
      376 |       3 |      53 |       30 |      6 |    55 |   -0.118 |       -8.2 |    157 | sa11_sr\[1\]$_DFF_P_/D
iter:376, pass:7, current fixing endpoint: sa11_sr\[5\]$_DFF_P_/D, endpoint slack:-7.624801e-11
      377 |       3 |      53 |       30 |      6 |    56 |   -0.118 |       -8.2 |    157 | sa11_sr\[1\]$_DFF_P_/D
iter:377, pass:8, current fixing endpoint: sa11_sr\[5\]$_DFF_P_/D, endpoint slack:-7.5487505e-11
      378 |       3 |      53 |       30 |      6 |    57 |   -0.118 |       -8.2 |    157 | sa11_sr\[1\]$_DFF_P_/D
iter:378, pass:9, current fixing endpoint: sa11_sr\[5\]$_DFF_P_/D, endpoint slack:-7.6181395e-11
      379 |       4 |      53 |       30 |      6 |    57 |   -0.118 |       -8.2 |    157 | sa11_sr\[1\]$_DFF_P_/D
iter:379, pass:10, current fixing endpoint: sa11_sr\[5\]$_DFF_P_/D, endpoint slack:-7.227574e-11
      380 |       4 |      53 |       30 |      6 |    58 |   -0.118 |       -8.2 |    157 | sa11_sr\[1\]$_DFF_P_/D
iter:380, pass:11, current fixing endpoint: sa11_sr\[5\]$_DFF_P_/D, endpoint slack:-7.217871e-11
      381 |       4 |      54 |       30 |      6 |    58 |   -0.118 |       -8.2 |    157 | sa11_sr\[1\]$_DFF_P_/D
iter:381, pass:12, current fixing endpoint: sa11_sr\[5\]$_DFF_P_/D, endpoint slack:-7.742462e-11
      382 |       4 |      55 |       30 |      6 |    58 |   -0.118 |       -8.2 |    157 | sa11_sr\[1\]$_DFF_P_/D
iter:382, pass:13, current fixing endpoint: sa11_sr\[5\]$_DFF_P_/D, endpoint slack:-7.536649e-11
      383 |       4 |      55 |       30 |      6 |    59 |   -0.118 |       -8.2 |    157 | sa11_sr\[1\]$_DFF_P_/D
iter:383, pass:14, current fixing endpoint: sa11_sr\[5\]$_DFF_P_/D, endpoint slack:-7.157486e-11
      384 |       4 |      56 |       30 |      6 |    59 |   -0.118 |       -8.2 |    157 | sa11_sr\[1\]$_DFF_P_/D
iter:384, pass:15, current fixing endpoint: sa11_sr\[5\]$_DFF_P_/D, endpoint slack:-7.332046e-11
      385 |       4 |      56 |       30 |      6 |    60 |   -0.118 |       -8.2 |    157 | sa11_sr\[1\]$_DFF_P_/D
iter:385, pass:16, current fixing endpoint: sa11_sr\[5\]$_DFF_P_/D, endpoint slack:-9.169698e-11
      385 |       4 |      55 |       30 |      6 |    59 |   -0.118 |       -8.2 |    157 | sa11_sr\[1\]$_DFF_P_/D
      386 |       4 |      55 |       30 |      6 |    59 |   -0.118 |       -8.2 |    157 | sa11_sr\[1\]$_DFF_P_/D
iter:386, pass:1, current fixing endpoint: sa20_sr\[0\]$_DFF_P_/D, endpoint slack:-8.2674756e-11
      387 |       4 |      55 |       30 |      6 |    60 |   -0.118 |       -8.2 |    157 | sa11_sr\[1\]$_DFF_P_/D
iter:387, pass:2, current fixing endpoint: sa20_sr\[0\]$_DFF_P_/D, endpoint slack:-8.090906e-11
      388 |       4 |      55 |       30 |      6 |    61 |   -0.118 |       -8.2 |    157 | sa11_sr\[1\]$_DFF_P_/D
iter:388, pass:3, current fixing endpoint: sa20_sr\[0\]$_DFF_P_/D, endpoint slack:-8.1217366e-11
      388 |       4 |      55 |       30 |      6 |    60 |   -0.118 |       -8.2 |    157 | sa11_sr\[1\]$_DFF_P_/D
      389 |       4 |      55 |       30 |      6 |    60 |   -0.118 |       -8.2 |    157 | sa11_sr\[1\]$_DFF_P_/D
iter:389, pass:1, current fixing endpoint: sa03_sr\[3\]$_DFF_P_/D, endpoint slack:-8.134193e-11
      390 |       4 |      55 |       30 |      6 |    61 |   -0.118 |       -8.2 |    157 | sa11_sr\[1\]$_DFF_P_/D
iter:390, pass:2, current fixing endpoint: sa03_sr\[3\]$_DFF_P_/D, endpoint slack:-8.713974e-11
      391 |       4 |      55 |       30 |      6 |    62 |   -0.118 |       -8.2 |    157 | sa11_sr\[1\]$_DFF_P_/D
iter:391, pass:3, current fixing endpoint: sa03_sr\[3\]$_DFF_P_/D, endpoint slack:-8.591439e-11
      392 |       4 |      55 |       30 |      6 |    63 |   -0.118 |       -8.2 |    157 | sa11_sr\[1\]$_DFF_P_/D
iter:392, pass:4, current fixing endpoint: sa03_sr\[3\]$_DFF_P_/D, endpoint slack:-8.126677e-11
      393 |       4 |      55 |       30 |      6 |    64 |   -0.118 |       -8.2 |    157 | sa11_sr\[1\]$_DFF_P_/D
iter:393, pass:5, current fixing endpoint: sa03_sr\[3\]$_DFF_P_/D, endpoint slack:-7.883705e-11
      394 |       4 |      55 |       30 |      6 |    65 |   -0.118 |       -8.2 |    157 | sa11_sr\[1\]$_DFF_P_/D
iter:394, pass:6, current fixing endpoint: sa03_sr\[3\]$_DFF_P_/D, endpoint slack:-8.0515816e-11
      395 |       4 |      55 |       30 |      6 |    66 |   -0.118 |       -8.2 |    157 | sa11_sr\[1\]$_DFF_P_/D
iter:395, pass:7, current fixing endpoint: sa03_sr\[3\]$_DFF_P_/D, endpoint slack:-7.971035e-11
      396 |       4 |      55 |       30 |      6 |    67 |   -0.118 |       -8.2 |    157 | sa11_sr\[1\]$_DFF_P_/D
iter:396, pass:8, current fixing endpoint: sa03_sr\[3\]$_DFF_P_/D, endpoint slack:-8.295786e-11
      397 |       4 |      56 |       30 |      6 |    67 |   -0.118 |       -8.2 |    157 | sa11_sr\[1\]$_DFF_P_/D
iter:397, pass:9, current fixing endpoint: sa03_sr\[3\]$_DFF_P_/D, endpoint slack:-8.066536e-11
      398 |       4 |      56 |       30 |      6 |    68 |   -0.118 |       -8.2 |    157 | sa11_sr\[1\]$_DFF_P_/D
iter:398, pass:10, current fixing endpoint: sa03_sr\[3\]$_DFF_P_/D, endpoint slack:-9.6544994e-11
      399 |       4 |      56 |       30 |      6 |    69 |   -0.118 |       -8.2 |    157 | sa11_sr\[1\]$_DFF_P_/D
iter:399, pass:11, current fixing endpoint: sa03_sr\[3\]$_DFF_P_/D, endpoint slack:-9.926937e-11
      400 |       4 |      56 |       33 |      6 |    69 |   -0.118 |       -8.2 |    157 | sa11_sr\[1\]$_DFF_P_/D
iter:400, pass:12, current fixing endpoint: sa03_sr\[3\]$_DFF_P_/D, endpoint slack:-9.524659e-11
      401 |       4 |      56 |       33 |      6 |    70 |   -0.118 |       -8.2 |    157 | sa11_sr\[1\]$_DFF_P_/D
iter:401, pass:13, current fixing endpoint: sa03_sr\[3\]$_DFF_P_/D, endpoint slack:-9.3127284e-11
      402 |       4 |      57 |       33 |      6 |    70 |   -0.118 |       -8.2 |    157 | sa11_sr\[1\]$_DFF_P_/D
iter:402, pass:14, current fixing endpoint: sa03_sr\[3\]$_DFF_P_/D, endpoint slack:-9.553147e-11
      403 |       4 |      58 |       33 |      6 |    70 |   -0.118 |       -8.2 |    157 | sa11_sr\[1\]$_DFF_P_/D
iter:403, pass:15, current fixing endpoint: sa03_sr\[3\]$_DFF_P_/D, endpoint slack:-9.010448e-11
      404 |       4 |      59 |       33 |      6 |    70 |   -0.118 |       -8.2 |    157 | sa11_sr\[1\]$_DFF_P_/D
iter:404, pass:16, current fixing endpoint: sa03_sr\[3\]$_DFF_P_/D, endpoint slack:-9.4349084e-11
      405 |       4 |      60 |       33 |      6 |    70 |   -0.118 |       -8.2 |    157 | sa11_sr\[1\]$_DFF_P_/D
iter:405, pass:17, current fixing endpoint: sa03_sr\[3\]$_DFF_P_/D, endpoint slack:-9.3842045e-11
      406 |       5 |      60 |       33 |      6 |    70 |   -0.118 |       -8.1 |    157 | sa11_sr\[1\]$_DFF_P_/D
iter:406, pass:18, current fixing endpoint: sa03_sr\[3\]$_DFF_P_/D, endpoint slack:-7.789158e-11
      407 |       5 |      61 |       33 |      6 |    70 |   -0.118 |       -8.1 |    157 | sa11_sr\[1\]$_DFF_P_/D
iter:407, pass:19, current fixing endpoint: sa03_sr\[3\]$_DFF_P_/D, endpoint slack:-7.5807916e-11
      408 |       5 |      62 |       33 |      6 |    70 |   -0.118 |       -8.1 |    157 | sa11_sr\[1\]$_DFF_P_/D
iter:408, pass:20, current fixing endpoint: sa03_sr\[3\]$_DFF_P_/D, endpoint slack:-7.531453e-11
      409 |       5 |      63 |       33 |      6 |    70 |   -0.118 |       -8.1 |    157 | sa11_sr\[1\]$_DFF_P_/D
iter:409, pass:21, current fixing endpoint: sa03_sr\[3\]$_DFF_P_/D, endpoint slack:-7.9575124e-11
      410 |       5 |      64 |       33 |      6 |    70 |   -0.118 |       -8.1 |    157 | sa11_sr\[1\]$_DFF_P_/D
iter:410, pass:22, current fixing endpoint: sa03_sr\[3\]$_DFF_P_/D, endpoint slack:-7.5752515e-11
      411 |       5 |      65 |       33 |      6 |    70 |   -0.118 |       -8.1 |    157 | sa11_sr\[1\]$_DFF_P_/D
iter:411, pass:23, current fixing endpoint: sa03_sr\[3\]$_DFF_P_/D, endpoint slack:-7.452927e-11
      412 |       5 |      66 |       33 |      6 |    70 |   -0.118 |       -8.1 |    157 | sa11_sr\[1\]$_DFF_P_/D
iter:412, pass:24, current fixing endpoint: sa03_sr\[3\]$_DFF_P_/D, endpoint slack:-7.4310225e-11
      413 |       5 |      67 |       33 |      6 |    70 |   -0.118 |       -8.1 |    157 | sa11_sr\[1\]$_DFF_P_/D
iter:413, pass:25, current fixing endpoint: sa03_sr\[3\]$_DFF_P_/D, endpoint slack:-7.813139e-11
      414 |       5 |      68 |       33 |      6 |    70 |   -0.118 |       -8.1 |    157 | sa11_sr\[1\]$_DFF_P_/D
iter:414, pass:26, current fixing endpoint: sa03_sr\[3\]$_DFF_P_/D, endpoint slack:-7.336054e-11
      415 |       5 |      68 |       33 |      6 |    71 |   -0.118 |       -8.1 |    157 | sa11_sr\[1\]$_DFF_P_/D
iter:415, pass:27, current fixing endpoint: sa03_sr\[3\]$_DFF_P_/D, endpoint slack:-7.448708e-11
      416 |       5 |      68 |       33 |      7 |    71 |   -0.118 |       -8.1 |    157 | sa11_sr\[1\]$_DFF_P_/D
iter:416, pass:28, current fixing endpoint: sa03_sr\[3\]$_DFF_P_/D, endpoint slack:-7.2388096e-11
      417 |       6 |      68 |       33 |      7 |    71 |   -0.118 |       -8.1 |    157 | sa11_sr\[1\]$_DFF_P_/D
iter:417, pass:29, current fixing endpoint: sa03_sr\[3\]$_DFF_P_/D, endpoint slack:-7.056833e-11
      418 |       6 |      69 |       33 |      7 |    71 |   -0.118 |       -8.1 |    157 | sa11_sr\[1\]$_DFF_P_/D
iter:418, pass:30, current fixing endpoint: sa03_sr\[3\]$_DFF_P_/D, endpoint slack:-6.730139e-11
      419 |       6 |      69 |       33 |      7 |    72 |   -0.118 |       -8.1 |    157 | sa11_sr\[1\]$_DFF_P_/D
iter:419, pass:31, current fixing endpoint: sa03_sr\[3\]$_DFF_P_/D, endpoint slack:-7.318113e-11
      420 |       7 |      69 |       33 |      7 |    72 |   -0.118 |       -8.1 |    157 | sa11_sr\[1\]$_DFF_P_/D
iter:420, pass:32, current fixing endpoint: sa03_sr\[3\]$_DFF_P_/D, endpoint slack:-5.81738e-11
      421 |       7 |      69 |       33 |      8 |    72 |   -0.118 |       -8.1 |    157 | sa11_sr\[1\]$_DFF_P_/D
iter:421, pass:33, current fixing endpoint: sa03_sr\[3\]$_DFF_P_/D, endpoint slack:-5.200973e-11
      422 |       7 |      70 |       33 |      8 |    72 |   -0.118 |       -8.2 |    157 | sa11_sr\[1\]$_DFF_P_/D
iter:422, pass:34, current fixing endpoint: sa03_sr\[3\]$_DFF_P_/D, endpoint slack:-5.4584115e-11
      423 |       7 |      70 |       35 |      8 |    72 |   -0.118 |       -8.1 |    157 | sa11_sr\[1\]$_DFF_P_/D
iter:423, pass:35, current fixing endpoint: sa03_sr\[3\]$_DFF_P_/D, endpoint slack:-6.21968e-11
      424 |       8 |      70 |       35 |      8 |    72 |   -0.118 |       -8.0 |    157 | sa11_sr\[1\]$_DFF_P_/D
iter:424, pass:36, current fixing endpoint: sa03_sr\[3\]$_DFF_P_/D, endpoint slack:-4.5650483e-11
      425 |       8 |      71 |       35 |      8 |    72 |   -0.118 |       -8.0 |    157 | sa11_sr\[1\]$_DFF_P_/D
iter:425, pass:37, current fixing endpoint: sa03_sr\[3\]$_DFF_P_/D, endpoint slack:-4.73932e-11
      426 |       8 |      71 |       35 |      9 |    72 |   -0.118 |       -8.0 |    157 | sa11_sr\[1\]$_DFF_P_/D
iter:426, pass:38, current fixing endpoint: sa03_sr\[3\]$_DFF_P_/D, endpoint slack:-4.523859e-11
      427 |       8 |      71 |       37 |      9 |    72 |   -0.118 |       -8.0 |    157 | sa11_sr\[1\]$_DFF_P_/D
iter:427, pass:39, current fixing endpoint: sa03_sr\[3\]$_DFF_P_/D, endpoint slack:-4.1242565e-11
      428 |       8 |      71 |       37 |      9 |    73 |   -0.118 |       -8.0 |    157 | sa11_sr\[1\]$_DFF_P_/D
iter:428, pass:40, current fixing endpoint: sa03_sr\[3\]$_DFF_P_/D, endpoint slack:-4.6914472e-11
      429 |       8 |      71 |       37 |      9 |    74 |   -0.118 |       -8.1 |    157 | sa11_sr\[1\]$_DFF_P_/D
iter:429, pass:41, current fixing endpoint: sa03_sr\[3\]$_DFF_P_/D, endpoint slack:-4.779732e-11
      430 |       8 |      71 |       39 |      9 |    74 |   -0.118 |       -8.1 |    157 | sa11_sr\[1\]$_DFF_P_/D
iter:430, pass:42, current fixing endpoint: sa03_sr\[3\]$_DFF_P_/D, endpoint slack:-4.616796e-11
      430 |       8 |      71 |       38 |      9 |    72 |   -0.118 |       -8.0 |    157 | sa11_sr\[1\]$_DFF_P_/D
      431 |       8 |      71 |       38 |      9 |    72 |   -0.118 |       -8.0 |    157 | sa11_sr\[1\]$_DFF_P_/D
iter:431, pass:1, current fixing endpoint: sa33_sr\[6\]$_DFF_P_/D, endpoint slack:-7.986789e-11
      432 |       8 |      71 |       38 |      9 |    73 |   -0.118 |       -8.1 |    157 | sa11_sr\[1\]$_DFF_P_/D
iter:432, pass:2, current fixing endpoint: sa33_sr\[6\]$_DFF_P_/D, endpoint slack:-8.571743e-11
      433 |       8 |      71 |       38 |      9 |    74 |   -0.118 |       -8.1 |    157 | sa11_sr\[1\]$_DFF_P_/D
iter:433, pass:3, current fixing endpoint: sa33_sr\[6\]$_DFF_P_/D, endpoint slack:-7.7493345e-11
      434 |       8 |      71 |       38 |      9 |    75 |   -0.118 |       -8.1 |    157 | sa11_sr\[1\]$_DFF_P_/D
iter:434, pass:4, current fixing endpoint: sa33_sr\[6\]$_DFF_P_/D, endpoint slack:-6.740519e-11
      435 |       8 |      71 |       38 |      9 |    76 |   -0.118 |       -8.1 |    157 | sa11_sr\[1\]$_DFF_P_/D
iter:435, pass:5, current fixing endpoint: sa33_sr\[6\]$_DFF_P_/D, endpoint slack:-7.268308e-11
      436 |       8 |      71 |       38 |      9 |    77 |   -0.115 |       -8.1 |    157 | sa11_sr\[1\]$_DFF_P_/D
iter:436, pass:6, current fixing endpoint: sa33_sr\[6\]$_DFF_P_/D, endpoint slack:-7.13144e-11
      437 |       8 |      71 |       40 |      9 |    77 |   -0.115 |       -8.0 |    157 | sa11_sr\[1\]$_DFF_P_/D
iter:437, pass:7, current fixing endpoint: sa33_sr\[6\]$_DFF_P_/D, endpoint slack:-6.633083e-11
      438 |       8 |      72 |       40 |      9 |    77 |   -0.115 |       -8.0 |    157 | sa11_sr\[1\]$_DFF_P_/D
iter:438, pass:8, current fixing endpoint: sa33_sr\[6\]$_DFF_P_/D, endpoint slack:-5.937606e-11
      439 |       8 |      73 |       40 |      9 |    77 |   -0.115 |       -8.0 |    157 | sa11_sr\[1\]$_DFF_P_/D
iter:439, pass:9, current fixing endpoint: sa33_sr\[6\]$_DFF_P_/D, endpoint slack:-5.6029625e-11
      440 |       8 |      74 |       40 |      9 |    77 |   -0.115 |       -8.0 |    157 | sa11_sr\[1\]$_DFF_P_/D
iter:440, pass:10, current fixing endpoint: sa33_sr\[6\]$_DFF_P_/D, endpoint slack:-5.5050076e-11
      441 |       8 |      74 |       40 |      9 |    78 |   -0.115 |       -8.0 |    157 | sa11_sr\[1\]$_DFF_P_/D
iter:441, pass:11, current fixing endpoint: sa33_sr\[6\]$_DFF_P_/D, endpoint slack:-5.5908833e-11
      442 |       8 |      74 |       42 |      9 |    78 |   -0.115 |       -8.0 |    157 | sa11_sr\[1\]$_DFF_P_/D
iter:442, pass:12, current fixing endpoint: sa33_sr\[6\]$_DFF_P_/D, endpoint slack:-5.5708438e-11
      443 |       8 |      74 |       42 |      9 |    79 |   -0.115 |       -8.0 |    157 | sa11_sr\[1\]$_DFF_P_/D
iter:443, pass:13, current fixing endpoint: sa33_sr\[6\]$_DFF_P_/D, endpoint slack:-5.402756e-11
      444 |       8 |      74 |       42 |      9 |    80 |   -0.115 |       -8.0 |    157 | sa11_sr\[1\]$_DFF_P_/D
iter:444, pass:14, current fixing endpoint: sa33_sr\[6\]$_DFF_P_/D, endpoint slack:-5.7781113e-11
      445 |       8 |      75 |       42 |      9 |    80 |   -0.115 |       -8.0 |    157 | sa11_sr\[1\]$_DFF_P_/D
iter:445, pass:15, current fixing endpoint: sa33_sr\[6\]$_DFF_P_/D, endpoint slack:-5.8005933e-11
      446 |       8 |      75 |       42 |      9 |    81 |   -0.115 |       -8.0 |    157 | sa11_sr\[1\]$_DFF_P_/D
iter:446, pass:16, current fixing endpoint: sa33_sr\[6\]$_DFF_P_/D, endpoint slack:-6.035583e-11
      446 |       8 |      74 |       42 |      9 |    79 |   -0.115 |       -8.0 |    157 | sa11_sr\[1\]$_DFF_P_/D
      447 |       8 |      74 |       42 |      9 |    79 |   -0.115 |       -8.0 |    157 | sa11_sr\[1\]$_DFF_P_/D
iter:447, pass:1, current fixing endpoint: sa23_sr\[2\]$_DFF_P_/D, endpoint slack:-7.572143e-11
      448 |       8 |      74 |       42 |      9 |    80 |   -0.115 |       -8.0 |    157 | sa11_sr\[1\]$_DFF_P_/D
iter:448, pass:2, current fixing endpoint: sa23_sr\[2\]$_DFF_P_/D, endpoint slack:-6.4218963e-11
      449 |       8 |      74 |       44 |      9 |    80 |   -0.115 |       -8.0 |    157 | sa11_sr\[1\]$_DFF_P_/D
iter:449, pass:3, current fixing endpoint: sa23_sr\[2\]$_DFF_P_/D, endpoint slack:-5.938183e-11
      450 |       8 |      74 |       44 |      9 |    81 |   -0.115 |       -8.0 |    157 | sa11_sr\[1\]$_DFF_P_/D
iter:450, pass:4, current fixing endpoint: sa23_sr\[2\]$_DFF_P_/D, endpoint slack:-6.584977e-11
      451 |       8 |      75 |       44 |      9 |    81 |   -0.115 |       -8.0 |    157 | sa11_sr\[1\]$_DFF_P_/D
iter:451, pass:5, current fixing endpoint: sa23_sr\[2\]$_DFF_P_/D, endpoint slack:-6.7619466e-11
      452 |       8 |      75 |       44 |     10 |    81 |   -0.115 |       -8.0 |    157 | sa11_sr\[1\]$_DFF_P_/D
iter:452, pass:6, current fixing endpoint: sa23_sr\[2\]$_DFF_P_/D, endpoint slack:-6.7173156e-11
      453 |       8 |      75 |       44 |     10 |    82 |   -0.115 |       -8.0 |    157 | sa11_sr\[1\]$_DFF_P_/D
iter:453, pass:7, current fixing endpoint: sa23_sr\[2\]$_DFF_P_/D, endpoint slack:-6.5999095e-11
      453 |       8 |      74 |       44 |      9 |    80 |   -0.115 |       -8.0 |    157 | sa11_sr\[1\]$_DFF_P_/D
      454 |       8 |      74 |       44 |      9 |    80 |   -0.115 |       -8.0 |    157 | sa11_sr\[1\]$_DFF_P_/D
iter:454, pass:1, current fixing endpoint: u0.u0.d\[6\]$_DFF_P_/D, endpoint slack:-7.5635054e-11
      455 |       8 |      74 |       44 |      9 |    81 |   -0.115 |       -8.0 |    157 | sa11_sr\[1\]$_DFF_P_/D
iter:455, pass:2, current fixing endpoint: u0.u0.d\[6\]$_DFF_P_/D, endpoint slack:-7.19832e-11
      456 |       8 |      74 |       44 |      9 |    82 |   -0.115 |       -7.9 |    157 | sa11_sr\[1\]$_DFF_P_/D
iter:456, pass:3, current fixing endpoint: u0.u0.d\[6\]$_DFF_P_/D, endpoint slack:-6.9741324e-11
      457 |       9 |      74 |       44 |      9 |    82 |   -0.115 |       -7.9 |    157 | sa11_sr\[1\]$_DFF_P_/D
iter:457, pass:4, current fixing endpoint: u0.u0.d\[6\]$_DFF_P_/D, endpoint slack:-6.64776e-11
      458 |       9 |      74 |       47 |      9 |    82 |   -0.115 |       -8.0 |    157 | sa11_sr\[1\]$_DFF_P_/D
iter:458, pass:5, current fixing endpoint: u0.u0.d\[6\]$_DFF_P_/D, endpoint slack:-6.522394e-11
      459 |       9 |      74 |       47 |      9 |    83 |   -0.115 |       -8.0 |    157 | sa11_sr\[1\]$_DFF_P_/D
iter:459, pass:6, current fixing endpoint: u0.u0.d\[6\]$_DFF_P_/D, endpoint slack:-6.875134e-11
      460 |       9 |      74 |       47 |      9 |    84 |   -0.115 |       -8.0 |    157 | sa11_sr\[1\]$_DFF_P_/D
iter:460, pass:7, current fixing endpoint: u0.u0.d\[6\]$_DFF_P_/D, endpoint slack:-7.0438766e-11
      460 |       9 |      74 |       47 |      9 |    82 |   -0.115 |       -8.0 |    157 | sa11_sr\[1\]$_DFF_P_/D
      461 |       9 |      74 |       47 |      9 |    82 |   -0.115 |       -8.0 |    157 | sa11_sr\[1\]$_DFF_P_/D
iter:461, pass:1, current fixing endpoint: sa03_sr\[2\]$_DFF_P_/D, endpoint slack:-6.391965e-11
      462 |       9 |      74 |       47 |      9 |    83 |   -0.115 |       -8.0 |    157 | sa11_sr\[1\]$_DFF_P_/D
iter:462, pass:2, current fixing endpoint: sa03_sr\[2\]$_DFF_P_/D, endpoint slack:-5.625589e-11
      463 |       9 |      74 |       47 |      9 |    84 |   -0.115 |       -8.0 |    157 | sa11_sr\[1\]$_DFF_P_/D
iter:463, pass:3, current fixing endpoint: sa03_sr\[2\]$_DFF_P_/D, endpoint slack:-5.135181e-11
      464 |       9 |      74 |       47 |      9 |    85 |   -0.115 |       -8.0 |    157 | sa11_sr\[1\]$_DFF_P_/D
iter:464, pass:4, current fixing endpoint: sa03_sr\[2\]$_DFF_P_/D, endpoint slack:-5.0751847e-11
      465 |       9 |      75 |       47 |      9 |    85 |   -0.115 |       -8.0 |    157 | sa11_sr\[1\]$_DFF_P_/D
iter:465, pass:5, current fixing endpoint: sa03_sr\[2\]$_DFF_P_/D, endpoint slack:-4.8898996e-11
      466 |       9 |      75 |       47 |      9 |    86 |   -0.115 |       -8.0 |    157 | sa11_sr\[1\]$_DFF_P_/D
iter:466, pass:6, current fixing endpoint: sa03_sr\[2\]$_DFF_P_/D, endpoint slack:-4.733358e-11
      467 |       9 |      76 |       47 |      9 |    86 |   -0.115 |       -8.0 |    157 | sa11_sr\[1\]$_DFF_P_/D
iter:467, pass:7, current fixing endpoint: sa03_sr\[2\]$_DFF_P_/D, endpoint slack:-4.8327453e-11
      468 |       9 |      76 |       47 |     10 |    86 |   -0.115 |       -8.0 |    157 | sa11_sr\[1\]$_DFF_P_/D
iter:468, pass:8, current fixing endpoint: sa03_sr\[2\]$_DFF_P_/D, endpoint slack:-4.8338222e-11
      469 |       9 |      76 |       47 |     10 |    87 |   -0.115 |       -8.0 |    157 | sa11_sr\[1\]$_DFF_P_/D
iter:469, pass:9, current fixing endpoint: sa03_sr\[2\]$_DFF_P_/D, endpoint slack:-4.8984705e-11
      469 |       9 |      75 |       47 |      9 |    86 |   -0.115 |       -8.0 |    157 | sa11_sr\[1\]$_DFF_P_/D
      470 |       9 |      75 |       47 |      9 |    86 |   -0.115 |       -8.0 |    157 | sa11_sr\[1\]$_DFF_P_/D
iter:470, pass:1, current fixing endpoint: sa00_sr\[0\]$_DFF_P_/D, endpoint slack:-8.67737e-11
      471 |       9 |      75 |       47 |      9 |    87 |   -0.115 |       -8.0 |    157 | sa11_sr\[1\]$_DFF_P_/D
iter:471, pass:2, current fixing endpoint: sa00_sr\[0\]$_DFF_P_/D, endpoint slack:-8.066425e-11
      472 |       9 |      75 |       47 |      9 |    88 |   -0.115 |       -8.0 |    157 | sa11_sr\[1\]$_DFF_P_/D
iter:472, pass:3, current fixing endpoint: sa00_sr\[0\]$_DFF_P_/D, endpoint slack:-8.8905217e-11
      473 |      10 |      75 |       47 |      9 |    88 |   -0.115 |       -7.9 |    157 | sa11_sr\[1\]$_DFF_P_/D
iter:473, pass:4, current fixing endpoint: sa00_sr\[0\]$_DFF_P_/D, endpoint slack:-7.193379e-11
      474 |      10 |      76 |       47 |      9 |    88 |   -0.115 |       -7.9 |    157 | sa11_sr\[1\]$_DFF_P_/D
iter:474, pass:5, current fixing endpoint: sa00_sr\[0\]$_DFF_P_/D, endpoint slack:-7.8108076e-11
      475 |      10 |      77 |       47 |      9 |    88 |   -0.115 |       -7.9 |    157 | sa11_sr\[1\]$_DFF_P_/D
iter:475, pass:6, current fixing endpoint: sa00_sr\[0\]$_DFF_P_/D, endpoint slack:-7.140111e-11
      476 |      10 |      78 |       47 |      9 |    88 |   -0.115 |       -7.9 |    157 | sa11_sr\[1\]$_DFF_P_/D
iter:476, pass:7, current fixing endpoint: sa00_sr\[0\]$_DFF_P_/D, endpoint slack:-7.333012e-11
      477 |      10 |      78 |       47 |     10 |    88 |   -0.115 |       -7.9 |    157 | sa11_sr\[1\]$_DFF_P_/D
iter:477, pass:8, current fixing endpoint: sa00_sr\[0\]$_DFF_P_/D, endpoint slack:-7.064094e-11
      478 |      10 |      78 |       47 |     11 |    88 |   -0.115 |       -7.9 |    157 | sa11_sr\[1\]$_DFF_P_/D
iter:478, pass:9, current fixing endpoint: sa00_sr\[0\]$_DFF_P_/D, endpoint slack:-6.441325e-11
      478 |      10 |      78 |       47 |     11 |    88 |   -0.115 |       -7.9 |    157 | sa11_sr\[1\]$_DFF_P_/D
      479 |      10 |      78 |       47 |     11 |    88 |   -0.115 |       -7.9 |    157 | sa11_sr\[1\]$_DFF_P_/D
iter:479, pass:1, current fixing endpoint: sa11_sr\[2\]$_DFF_P_/D, endpoint slack:-7.811318e-11
      480 |      10 |      78 |       47 |     11 |    89 |   -0.115 |       -7.9 |    157 | sa11_sr\[1\]$_DFF_P_/D
iter:480, pass:2, current fixing endpoint: sa11_sr\[2\]$_DFF_P_/D, endpoint slack:-8.516321e-11
      481 |      10 |      78 |       50 |     11 |    89 |   -0.115 |       -7.9 |    157 | sa11_sr\[1\]$_DFF_P_/D
iter:481, pass:3, current fixing endpoint: sa11_sr\[2\]$_DFF_P_/D, endpoint slack:-7.691647e-11
      482 |      10 |      79 |       50 |     11 |    89 |   -0.119 |       -7.9 |    157 | sa11_sr\[1\]$_DFF_P_/D
iter:482, pass:4, current fixing endpoint: sa11_sr\[2\]$_DFF_P_/D, endpoint slack:-7.809242e-11
      483 |      10 |      79 |       50 |     11 |    90 |   -0.119 |       -7.9 |    157 | sa11_sr\[1\]$_DFF_P_/D
iter:483, pass:5, current fixing endpoint: sa11_sr\[2\]$_DFF_P_/D, endpoint slack:-6.964829e-11
      484 |      10 |      80 |       50 |     11 |    90 |   -0.119 |       -7.9 |    157 | sa11_sr\[1\]$_DFF_P_/D
iter:484, pass:6, current fixing endpoint: sa11_sr\[2\]$_DFF_P_/D, endpoint slack:-6.184797e-11
      485 |      10 |      80 |       52 |     11 |    90 |   -0.119 |       -7.9 |    157 | sa11_sr\[1\]$_DFF_P_/D
iter:485, pass:7, current fixing endpoint: sa11_sr\[2\]$_DFF_P_/D, endpoint slack:-8.4166785e-11
      486 |      10 |      81 |       52 |     11 |    90 |   -0.119 |       -7.9 |    157 | sa11_sr\[1\]$_DFF_P_/D
iter:486, pass:8, current fixing endpoint: sa11_sr\[2\]$_DFF_P_/D, endpoint slack:-7.989798e-11
      487 |      10 |      82 |       52 |     11 |    90 |   -0.119 |       -7.9 |    157 | sa11_sr\[1\]$_DFF_P_/D
iter:487, pass:9, current fixing endpoint: sa11_sr\[2\]$_DFF_P_/D, endpoint slack:-8.06476e-11
      488 |      10 |      82 |       52 |     11 |    91 |   -0.119 |       -7.9 |    157 | sa11_sr\[1\]$_DFF_P_/D
iter:488, pass:10, current fixing endpoint: sa11_sr\[2\]$_DFF_P_/D, endpoint slack:-8.458645e-11
      489 |      10 |      82 |       52 |     11 |    92 |   -0.119 |       -7.9 |    157 | sa11_sr\[1\]$_DFF_P_/D
iter:489, pass:11, current fixing endpoint: sa11_sr\[2\]$_DFF_P_/D, endpoint slack:-9.852774e-11
      490 |      10 |      82 |       52 |     11 |    93 |   -0.119 |       -7.9 |    157 | sa11_sr\[1\]$_DFF_P_/D
iter:490, pass:12, current fixing endpoint: sa11_sr\[2\]$_DFF_P_/D, endpoint slack:-9.368584e-11
      490 |      10 |      79 |       51 |     11 |    89 |   -0.115 |       -7.9 |    157 | sa11_sr\[1\]$_DFF_P_/D
      491 |      10 |      79 |       51 |     11 |    89 |   -0.115 |       -7.9 |    157 | sa11_sr\[1\]$_DFF_P_/D
iter:491, pass:1, current fixing endpoint: sa10_sr\[2\]$_DFF_P_/D, endpoint slack:-7.301115e-11
      492 |      10 |      79 |       51 |     11 |    90 |   -0.115 |       -7.8 |    157 | sa11_sr\[1\]$_DFF_P_/D
iter:492, pass:2, current fixing endpoint: sa10_sr\[2\]$_DFF_P_/D, endpoint slack:-6.280765e-11
      493 |      10 |      79 |       51 |     11 |    91 |   -0.115 |       -7.8 |    157 | sa11_sr\[1\]$_DFF_P_/D
iter:493, pass:3, current fixing endpoint: sa10_sr\[2\]$_DFF_P_/D, endpoint slack:-5.5751737e-11
      494 |      10 |      80 |       51 |     11 |    91 |   -0.115 |       -7.8 |    157 | sa11_sr\[1\]$_DFF_P_/D
iter:494, pass:4, current fixing endpoint: sa10_sr\[2\]$_DFF_P_/D, endpoint slack:-5.4259708e-11
      495 |      10 |      81 |       51 |     11 |    91 |   -0.115 |       -7.8 |    157 | sa11_sr\[1\]$_DFF_P_/D
iter:495, pass:5, current fixing endpoint: sa10_sr\[2\]$_DFF_P_/D, endpoint slack:-6.004497e-11
      496 |      10 |      81 |       51 |     11 |    92 |   -0.115 |       -7.8 |    157 | sa11_sr\[1\]$_DFF_P_/D
iter:496, pass:6, current fixing endpoint: sa10_sr\[2\]$_DFF_P_/D, endpoint slack:-6.177647e-11
      497 |      10 |      82 |       51 |     11 |    92 |   -0.115 |       -7.8 |    157 | sa11_sr\[1\]$_DFF_P_/D
iter:497, pass:7, current fixing endpoint: sa10_sr\[2\]$_DFF_P_/D, endpoint slack:-6.0507044e-11
      498 |      11 |      82 |       51 |     11 |    92 |   -0.115 |       -7.8 |    157 | sa11_sr\[1\]$_DFF_P_/D
iter:498, pass:8, current fixing endpoint: sa10_sr\[2\]$_DFF_P_/D, endpoint slack:-5.7478466e-11
      499 |      11 |      82 |       51 |     11 |    93 |   -0.115 |       -7.8 |    157 | sa11_sr\[1\]$_DFF_P_/D
iter:499, pass:9, current fixing endpoint: sa10_sr\[2\]$_DFF_P_/D, endpoint slack:-5.85455e-11
      500 |      11 |      82 |       51 |     11 |    94 |   -0.115 |       -7.8 |    157 | sa11_sr\[1\]$_DFF_P_/D
iter:500, pass:10, current fixing endpoint: sa10_sr\[2\]$_DFF_P_/D, endpoint slack:-6.053791e-11
      501 |      11 |      82 |       51 |     11 |    95 |   -0.115 |       -7.8 |    157 | sa11_sr\[1\]$_DFF_P_/D
iter:501, pass:11, current fixing endpoint: sa10_sr\[2\]$_DFF_P_/D, endpoint slack:-6.2035266e-11
      502 |      11 |      83 |       51 |     11 |    95 |   -0.115 |       -7.8 |    157 | sa11_sr\[1\]$_DFF_P_/D
iter:502, pass:12, current fixing endpoint: sa10_sr\[2\]$_DFF_P_/D, endpoint slack:-6.363332e-11
      503 |      11 |      83 |       51 |     11 |    96 |   -0.115 |       -7.8 |    157 | sa11_sr\[1\]$_DFF_P_/D
iter:503, pass:13, current fixing endpoint: sa10_sr\[2\]$_DFF_P_/D, endpoint slack:-5.845047e-11
      504 |      11 |      83 |       51 |     12 |    96 |   -0.115 |       -7.8 |    157 | sa11_sr\[1\]$_DFF_P_/D
iter:504, pass:14, current fixing endpoint: sa10_sr\[2\]$_DFF_P_/D, endpoint slack:-5.7245986e-11
      505 |      11 |      83 |       51 |     12 |    97 |   -0.115 |       -7.8 |    157 | sa11_sr\[1\]$_DFF_P_/D
iter:505, pass:15, current fixing endpoint: sa10_sr\[2\]$_DFF_P_/D, endpoint slack:-5.923306e-11
      505 |      10 |      80 |       51 |     11 |    91 |   -0.115 |       -7.8 |    157 | sa11_sr\[1\]$_DFF_P_/D
      506 |      10 |      80 |       51 |     11 |    91 |   -0.115 |       -7.8 |    157 | sa11_sr\[1\]$_DFF_P_/D
iter:506, pass:1, current fixing endpoint: sa03_sr\[0\]$_DFF_P_/D, endpoint slack:-4.7761572e-11
      507 |      10 |      81 |       51 |     11 |    91 |   -0.115 |       -7.8 |    157 | sa11_sr\[1\]$_DFF_P_/D
iter:507, pass:2, current fixing endpoint: sa03_sr\[0\]$_DFF_P_/D, endpoint slack:-5.4188987e-11
      508 |      10 |      82 |       51 |     11 |    91 |   -0.115 |       -7.8 |    157 | sa11_sr\[1\]$_DFF_P_/D
iter:508, pass:3, current fixing endpoint: sa03_sr\[0\]$_DFF_P_/D, endpoint slack:-3.9394155e-11
      509 |      10 |      82 |       51 |     11 |    92 |   -0.115 |       -7.8 |    157 | sa11_sr\[1\]$_DFF_P_/D
iter:509, pass:4, current fixing endpoint: sa03_sr\[0\]$_DFF_P_/D, endpoint slack:-3.6725623e-11
      510 |      10 |      82 |       53 |     11 |    92 |   -0.115 |       -7.9 |    157 | sa11_sr\[1\]$_DFF_P_/D
iter:510, pass:5, current fixing endpoint: sa03_sr\[0\]$_DFF_P_/D, endpoint slack:-5.408496e-11
      511 |      10 |      83 |       53 |     11 |    92 |   -0.115 |       -7.9 |    157 | sa11_sr\[1\]$_DFF_P_/D
iter:511, pass:6, current fixing endpoint: sa03_sr\[0\]$_DFF_P_/D, endpoint slack:-4.9680038e-11
      512 |      10 |      83 |       53 |     11 |    93 |   -0.115 |       -7.9 |    157 | sa11_sr\[1\]$_DFF_P_/D
iter:512, pass:7, current fixing endpoint: sa03_sr\[0\]$_DFF_P_/D, endpoint slack:-7.217882e-11
      513 |      10 |      83 |       53 |     11 |    94 |   -0.115 |       -7.9 |    157 | sa11_sr\[1\]$_DFF_P_/D
iter:513, pass:8, current fixing endpoint: sa03_sr\[0\]$_DFF_P_/D, endpoint slack:-7.740275e-11
      514 |      10 |      83 |       53 |     11 |    95 |   -0.115 |       -7.9 |    157 | sa11_sr\[1\]$_DFF_P_/D
iter:514, pass:9, current fixing endpoint: sa03_sr\[0\]$_DFF_P_/D, endpoint slack:-7.615364e-11
      514 |      10 |      82 |       52 |     11 |    92 |   -0.115 |       -7.8 |    157 | sa11_sr\[1\]$_DFF_P_/D
      515 |      10 |      82 |       52 |     11 |    92 |   -0.115 |       -7.8 |    157 | sa11_sr\[1\]$_DFF_P_/D
iter:515, pass:1, current fixing endpoint: u0.u2.d\[6\]$_DFF_P_/D, endpoint slack:-6.3532624e-11
      516 |      10 |      82 |       52 |     11 |    93 |   -0.115 |       -7.8 |    157 | sa11_sr\[1\]$_DFF_P_/D
iter:516, pass:2, current fixing endpoint: u0.u2.d\[6\]$_DFF_P_/D, endpoint slack:-5.5770832e-11
      517 |      10 |      83 |       52 |     11 |    93 |   -0.115 |       -7.8 |    157 | sa11_sr\[1\]$_DFF_P_/D
iter:517, pass:3, current fixing endpoint: u0.u2.d\[6\]$_DFF_P_/D, endpoint slack:-5.4484306e-11
      518 |      10 |      83 |       52 |     11 |    94 |   -0.115 |       -7.8 |    157 | sa11_sr\[1\]$_DFF_P_/D
iter:518, pass:4, current fixing endpoint: u0.u2.d\[6\]$_DFF_P_/D, endpoint slack:-5.130163e-11
      519 |      10 |      84 |       52 |     11 |    94 |   -0.115 |       -7.8 |    157 | sa11_sr\[1\]$_DFF_P_/D
iter:519, pass:5, current fixing endpoint: u0.u2.d\[6\]$_DFF_P_/D, endpoint slack:-5.161127e-11
      520 |      10 |      85 |       52 |     11 |    94 |   -0.115 |       -7.8 |    157 | sa11_sr\[1\]$_DFF_P_/D
iter:520, pass:6, current fixing endpoint: u0.u2.d\[6\]$_DFF_P_/D, endpoint slack:-5.0676574e-11
      521 |      10 |      85 |       52 |     11 |    95 |   -0.115 |       -7.8 |    157 | sa11_sr\[1\]$_DFF_P_/D
iter:521, pass:7, current fixing endpoint: u0.u2.d\[6\]$_DFF_P_/D, endpoint slack:-5.7294725e-11
      522 |      10 |      86 |       52 |     11 |    95 |   -0.115 |       -7.8 |    157 | sa11_sr\[1\]$_DFF_P_/D
iter:522, pass:8, current fixing endpoint: u0.u2.d\[6\]$_DFF_P_/D, endpoint slack:-5.6769367e-11
      523 |      10 |      86 |       52 |     12 |    95 |   -0.115 |       -7.8 |    157 | sa11_sr\[1\]$_DFF_P_/D
iter:523, pass:9, current fixing endpoint: u0.u2.d\[6\]$_DFF_P_/D, endpoint slack:-5.460221e-11
      524 |      10 |      86 |       52 |     13 |    95 |   -0.115 |       -7.8 |    157 | sa11_sr\[1\]$_DFF_P_/D
iter:524, pass:10, current fixing endpoint: u0.u2.d\[6\]$_DFF_P_/D, endpoint slack:-5.4460325e-11
      524 |      10 |      85 |       52 |     11 |    94 |   -0.115 |       -7.8 |    157 | sa11_sr\[1\]$_DFF_P_/D
      525 |      10 |      85 |       52 |     11 |    94 |   -0.115 |       -7.8 |    157 | sa11_sr\[1\]$_DFF_P_/D
iter:525, pass:1, current fixing endpoint: sa23_sr\[7\]$_DFF_P_/D, endpoint slack:-6.9730666e-11
      526 |      10 |      85 |       52 |     11 |    95 |   -0.115 |       -7.8 |    157 | sa11_sr\[1\]$_DFF_P_/D
iter:526, pass:2, current fixing endpoint: sa23_sr\[7\]$_DFF_P_/D, endpoint slack:-7.561585e-11
      527 |      10 |      85 |       52 |     11 |    96 |   -0.115 |       -7.8 |    157 | sa11_sr\[1\]$_DFF_P_/D
iter:527, pass:3, current fixing endpoint: sa23_sr\[7\]$_DFF_P_/D, endpoint slack:-7.445922e-11
      528 |      10 |      85 |       54 |     11 |    96 |   -0.115 |       -7.8 |    157 | sa11_sr\[1\]$_DFF_P_/D
iter:528, pass:4, current fixing endpoint: sa23_sr\[7\]$_DFF_P_/D, endpoint slack:-7.308887e-11
      529 |      10 |      85 |       54 |     11 |    97 |   -0.115 |       -7.8 |    157 | sa11_sr\[1\]$_DFF_P_/D
iter:529, pass:5, current fixing endpoint: sa23_sr\[7\]$_DFF_P_/D, endpoint slack:-7.38577e-11
      530 |      10 |      86 |       54 |     11 |    97 |   -0.115 |       -7.8 |    157 | sa11_sr\[1\]$_DFF_P_/D
iter:530, pass:6, current fixing endpoint: sa23_sr\[7\]$_DFF_P_/D, endpoint slack:-7.139167e-11
      531 |      10 |      86 |       54 |     11 |    98 |   -0.115 |       -7.8 |    157 | sa11_sr\[1\]$_DFF_P_/D
iter:531, pass:7, current fixing endpoint: sa23_sr\[7\]$_DFF_P_/D, endpoint slack:-7.94822e-11
      532 |      10 |      86 |       54 |     11 |    99 |   -0.115 |       -7.8 |    157 | sa11_sr\[1\]$_DFF_P_/D
iter:532, pass:8, current fixing endpoint: sa23_sr\[7\]$_DFF_P_/D, endpoint slack:-8.162604e-11
      533 |      10 |      86 |       54 |     11 |   100 |   -0.115 |       -7.8 |    157 | sa11_sr\[1\]$_DFF_P_/D
iter:533, pass:9, current fixing endpoint: sa23_sr\[7\]$_DFF_P_/D, endpoint slack:-7.911749e-11
      534 |      10 |      87 |       54 |     11 |   100 |   -0.115 |       -7.8 |    157 | sa11_sr\[1\]$_DFF_P_/D
iter:534, pass:10, current fixing endpoint: sa23_sr\[7\]$_DFF_P_/D, endpoint slack:-7.693246e-11
      535 |      10 |      87 |       54 |     12 |   100 |   -0.115 |       -7.8 |    157 | sa11_sr\[1\]$_DFF_P_/D
iter:535, pass:11, current fixing endpoint: sa23_sr\[7\]$_DFF_P_/D, endpoint slack:-7.467982e-11
      536 |      10 |      88 |       54 |     12 |   100 |   -0.115 |       -7.8 |    157 | sa11_sr\[1\]$_DFF_P_/D
iter:536, pass:12, current fixing endpoint: sa23_sr\[7\]$_DFF_P_/D, endpoint slack:-7.2712614e-11
      537 |      10 |      88 |       54 |     12 |   101 |   -0.115 |       -7.8 |    157 | sa11_sr\[1\]$_DFF_P_/D
iter:537, pass:13, current fixing endpoint: sa23_sr\[7\]$_DFF_P_/D, endpoint slack:-7.4464324e-11
      537 |      10 |      85 |       53 |     11 |    94 |   -0.115 |       -7.8 |    157 | sa11_sr\[1\]$_DFF_P_/D
      538 |      10 |      85 |       53 |     11 |    94 |   -0.115 |       -7.8 |    157 | sa11_sr\[1\]$_DFF_P_/D
iter:538, pass:1, current fixing endpoint: sa31_sr\[1\]$_DFF_P_/D, endpoint slack:-6.869316e-11
      539 |      10 |      85 |       53 |     11 |    95 |   -0.115 |       -7.8 |    157 | sa11_sr\[1\]$_DFF_P_/D
iter:539, pass:2, current fixing endpoint: sa31_sr\[1\]$_DFF_P_/D, endpoint slack:-5.732992e-11
      540 |      10 |      85 |       53 |     11 |    96 |   -0.115 |       -7.8 |    157 | sa11_sr\[1\]$_DFF_P_/D
iter:540, pass:3, current fixing endpoint: sa31_sr\[1\]$_DFF_P_/D, endpoint slack:-5.7883143e-11
      541 |      10 |      85 |       55 |     11 |    96 |   -0.115 |       -7.8 |    157 | sa11_sr\[1\]$_DFF_P_/D
iter:541, pass:4, current fixing endpoint: sa31_sr\[1\]$_DFF_P_/D, endpoint slack:-5.663736e-11
      542 |      10 |      85 |       55 |     11 |    97 |   -0.115 |       -7.8 |    157 | sa11_sr\[1\]$_DFF_P_/D
iter:542, pass:5, current fixing endpoint: sa31_sr\[1\]$_DFF_P_/D, endpoint slack:-6.241707e-11
      543 |      10 |      85 |       55 |     11 |    98 |   -0.115 |       -7.8 |    157 | sa11_sr\[1\]$_DFF_P_/D
iter:543, pass:6, current fixing endpoint: sa31_sr\[1\]$_DFF_P_/D, endpoint slack:-6.4102834e-11
      544 |      10 |      85 |       55 |     11 |    99 |   -0.115 |       -7.8 |    157 | sa11_sr\[1\]$_DFF_P_/D
iter:544, pass:7, current fixing endpoint: sa31_sr\[1\]$_DFF_P_/D, endpoint slack:-6.5210504e-11
      545 |      10 |      85 |       55 |     11 |   100 |   -0.115 |       -7.9 |    157 | sa11_sr\[1\]$_DFF_P_/D
iter:545, pass:8, current fixing endpoint: sa31_sr\[1\]$_DFF_P_/D, endpoint slack:-6.622913e-11
      546 |      10 |      86 |       55 |     11 |   100 |   -0.115 |       -7.9 |    157 | sa11_sr\[1\]$_DFF_P_/D
iter:546, pass:9, current fixing endpoint: sa31_sr\[1\]$_DFF_P_/D, endpoint slack:-6.777312e-11
      547 |      10 |      86 |       55 |     11 |   101 |   -0.115 |       -7.9 |    157 | sa11_sr\[1\]$_DFF_P_/D
iter:547, pass:10, current fixing endpoint: sa31_sr\[1\]$_DFF_P_/D, endpoint slack:-7.4286355e-11
      548 |      10 |      87 |       55 |     11 |   101 |   -0.115 |       -7.9 |    157 | sa11_sr\[1\]$_DFF_P_/D
iter:548, pass:11, current fixing endpoint: sa31_sr\[1\]$_DFF_P_/D, endpoint slack:-7.0810025e-11
      549 |      10 |      87 |       55 |     11 |   102 |   -0.115 |       -7.9 |    157 | sa11_sr\[1\]$_DFF_P_/D
iter:549, pass:12, current fixing endpoint: sa31_sr\[1\]$_DFF_P_/D, endpoint slack:-7.346124e-11
      550 |      10 |      88 |       55 |     11 |   102 |   -0.115 |       -7.9 |    157 | sa11_sr\[1\]$_DFF_P_/D
iter:550, pass:13, current fixing endpoint: sa31_sr\[1\]$_DFF_P_/D, endpoint slack:-7.190293e-11
      551 |      10 |      89 |       55 |     11 |   102 |   -0.115 |       -7.9 |    157 | sa11_sr\[1\]$_DFF_P_/D
iter:551, pass:14, current fixing endpoint: sa31_sr\[1\]$_DFF_P_/D, endpoint slack:-7.3011264e-11
      552 |      10 |      90 |       55 |     11 |   102 |   -0.115 |       -7.9 |    157 | sa11_sr\[1\]$_DFF_P_/D
iter:552, pass:15, current fixing endpoint: sa31_sr\[1\]$_DFF_P_/D, endpoint slack:-6.969103e-11
      553 |      10 |      90 |       55 |     11 |   103 |   -0.115 |       -7.9 |    157 | sa11_sr\[1\]$_DFF_P_/D
iter:553, pass:16, current fixing endpoint: sa31_sr\[1\]$_DFF_P_/D, endpoint slack:-7.480638e-11
      554 |      10 |      91 |       55 |     11 |   103 |   -0.115 |       -7.9 |    157 | sa11_sr\[1\]$_DFF_P_/D
iter:554, pass:17, current fixing endpoint: sa31_sr\[1\]$_DFF_P_/D, endpoint slack:-7.568279e-11
      554 |      10 |      86 |       55 |     11 |    96 |   -0.115 |       -7.8 |    157 | sa11_sr\[1\]$_DFF_P_/D
      555 |      10 |      86 |       55 |     11 |    96 |   -0.115 |       -7.8 |    157 | sa11_sr\[1\]$_DFF_P_/D
iter:555, pass:1, current fixing endpoint: sa30_sr\[1\]$_DFF_P_/D, endpoint slack:-6.833378e-11
      556 |      10 |      86 |       55 |     11 |    97 |   -0.115 |       -7.8 |    157 | sa11_sr\[1\]$_DFF_P_/D
iter:556, pass:2, current fixing endpoint: sa30_sr\[1\]$_DFF_P_/D, endpoint slack:-6.1554095e-11
      557 |      10 |      86 |       55 |     11 |    98 |   -0.115 |       -7.8 |    157 | sa11_sr\[1\]$_DFF_P_/D
iter:557, pass:3, current fixing endpoint: sa30_sr\[1\]$_DFF_P_/D, endpoint slack:-6.6749384e-11
      558 |      10 |      86 |       55 |     11 |    99 |   -0.115 |       -7.8 |    157 | sa11_sr\[1\]$_DFF_P_/D
iter:558, pass:4, current fixing endpoint: sa30_sr\[1\]$_DFF_P_/D, endpoint slack:-6.721124e-11
      559 |      10 |      86 |       55 |     11 |   100 |   -0.115 |       -7.8 |    157 | sa11_sr\[1\]$_DFF_P_/D
iter:559, pass:5, current fixing endpoint: sa30_sr\[1\]$_DFF_P_/D, endpoint slack:-6.873102e-11
      560 |      10 |      86 |       55 |     11 |   101 |   -0.115 |       -7.8 |    157 | sa11_sr\[1\]$_DFF_P_/D
iter:560, pass:6, current fixing endpoint: sa30_sr\[1\]$_DFF_P_/D, endpoint slack:-6.7765016e-11
      561 |      10 |      86 |       55 |     11 |   102 |   -0.115 |       -7.8 |    157 | sa11_sr\[1\]$_DFF_P_/D
iter:561, pass:7, current fixing endpoint: sa30_sr\[1\]$_DFF_P_/D, endpoint slack:-6.613887e-11
      562 |      11 |      86 |       55 |     11 |   102 |   -0.115 |       -7.7 |    157 | sa11_sr\[1\]$_DFF_P_/D
iter:562, pass:8, current fixing endpoint: sa30_sr\[1\]$_DFF_P_/D, endpoint slack:-5.565859e-11
      563 |      11 |      87 |       55 |     11 |   102 |   -0.115 |       -7.7 |    157 | sa11_sr\[1\]$_DFF_P_/D
iter:563, pass:9, current fixing endpoint: sa30_sr\[1\]$_DFF_P_/D, endpoint slack:-4.9926174e-11
      564 |      11 |      88 |       55 |     11 |   102 |   -0.115 |       -7.7 |    157 | sa11_sr\[1\]$_DFF_P_/D
iter:564, pass:10, current fixing endpoint: sa30_sr\[1\]$_DFF_P_/D, endpoint slack:-5.910472e-11
      565 |      11 |      88 |       55 |     12 |   102 |   -0.115 |       -7.8 |    157 | sa11_sr\[1\]$_DFF_P_/D
iter:565, pass:11, current fixing endpoint: sa30_sr\[1\]$_DFF_P_/D, endpoint slack:-5.6715965e-11
      566 |      11 |      89 |       55 |     12 |   102 |   -0.115 |       -7.8 |    157 | sa11_sr\[1\]$_DFF_P_/D
iter:566, pass:12, current fixing endpoint: sa30_sr\[1\]$_DFF_P_/D, endpoint slack:-5.5382143e-11
      567 |      11 |      90 |       55 |     12 |   102 |   -0.115 |       -7.8 |    157 | sa11_sr\[1\]$_DFF_P_/D
iter:567, pass:13, current fixing endpoint: sa30_sr\[1\]$_DFF_P_/D, endpoint slack:-5.3155702e-11
      568 |      11 |      91 |       55 |     12 |   102 |   -0.115 |       -7.8 |    157 | sa11_sr\[1\]$_DFF_P_/D
iter:568, pass:14, current fixing endpoint: sa30_sr\[1\]$_DFF_P_/D, endpoint slack:-5.560208e-11
      569 |      11 |      91 |       55 |     12 |   103 |   -0.115 |       -7.8 |    157 | sa11_sr\[1\]$_DFF_P_/D
iter:569, pass:15, current fixing endpoint: sa30_sr\[1\]$_DFF_P_/D, endpoint slack:-6.649892e-11
      570 |      11 |      91 |       57 |     12 |   103 |   -0.115 |       -7.8 |    157 | sa11_sr\[1\]$_DFF_P_/D
iter:570, pass:16, current fixing endpoint: sa30_sr\[1\]$_DFF_P_/D, endpoint slack:-5.2481797e-11
      571 |      11 |      91 |       57 |     12 |   104 |   -0.115 |       -7.8 |    157 | sa11_sr\[1\]$_DFF_P_/D
iter:571, pass:17, current fixing endpoint: sa30_sr\[1\]$_DFF_P_/D, endpoint slack:-5.5514815e-11
      572 |      11 |      92 |       57 |     12 |   104 |   -0.115 |       -7.8 |    157 | sa11_sr\[1\]$_DFF_P_/D
iter:572, pass:18, current fixing endpoint: sa30_sr\[1\]$_DFF_P_/D, endpoint slack:-5.4329652e-11
      573 |      11 |      93 |       57 |     12 |   104 |   -0.115 |       -7.8 |    157 | sa11_sr\[1\]$_DFF_P_/D
iter:573, pass:19, current fixing endpoint: sa30_sr\[1\]$_DFF_P_/D, endpoint slack:-5.388634e-11
      573 |      11 |      88 |       56 |     11 |   102 |   -0.115 |       -7.8 |    157 | sa11_sr\[1\]$_DFF_P_/D
      574 |      11 |      88 |       56 |     11 |   102 |   -0.115 |       -7.8 |    157 | sa11_sr\[1\]$_DFF_P_/D
iter:574, pass:1, current fixing endpoint: u0.u3.d\[1\]$_DFF_P_/D, endpoint slack:-6.8041905e-11
      575 |      11 |      88 |       56 |     11 |   103 |   -0.115 |       -7.8 |    157 | sa11_sr\[1\]$_DFF_P_/D
iter:575, pass:2, current fixing endpoint: u0.u3.d\[1\]$_DFF_P_/D, endpoint slack:-6.261747e-11
      576 |      11 |      88 |       56 |     11 |   104 |   -0.115 |       -7.8 |    157 | sa11_sr\[1\]$_DFF_P_/D
iter:576, pass:3, current fixing endpoint: u0.u3.d\[1\]$_DFF_P_/D, endpoint slack:-6.3536176e-11
      577 |      11 |      88 |       56 |     11 |   105 |   -0.115 |       -7.8 |    157 | sa11_sr\[1\]$_DFF_P_/D
iter:577, pass:4, current fixing endpoint: u0.u3.d\[1\]$_DFF_P_/D, endpoint slack:-6.4379724e-11
      578 |      12 |      88 |       56 |     11 |   105 |   -0.115 |       -7.8 |    157 | sa11_sr\[1\]$_DFF_P_/D
iter:578, pass:5, current fixing endpoint: u0.u3.d\[1\]$_DFF_P_/D, endpoint slack:-6.433809e-11
      579 |      12 |      88 |       58 |     11 |   105 |   -0.115 |       -7.7 |    157 | sa11_sr\[1\]$_DFF_P_/D
iter:579, pass:6, current fixing endpoint: u0.u3.d\[1\]$_DFF_P_/D, endpoint slack:-6.143075e-11
      580 |      13 |      88 |       58 |     11 |   105 |   -0.115 |       -7.7 |    157 | sa11_sr\[1\]$_DFF_P_/D
iter:580, pass:7, current fixing endpoint: u0.u3.d\[1\]$_DFF_P_/D, endpoint slack:-6.094014e-11
      581 |      13 |      88 |       58 |     11 |   106 |   -0.115 |       -7.7 |    157 | sa11_sr\[1\]$_DFF_P_/D
iter:581, pass:8, current fixing endpoint: u0.u3.d\[1\]$_DFF_P_/D, endpoint slack:-6.037648e-11
      582 |      13 |      89 |       58 |     11 |   106 |   -0.115 |       -7.7 |    157 | sa11_sr\[1\]$_DFF_P_/D
iter:582, pass:9, current fixing endpoint: u0.u3.d\[1\]$_DFF_P_/D, endpoint slack:-5.9144356e-11
      582 |      13 |      89 |       58 |     11 |   106 |   -0.115 |       -7.7 |    157 | sa11_sr\[1\]$_DFF_P_/D
      583 |      13 |      89 |       58 |     11 |   106 |   -0.115 |       -7.7 |    157 | sa11_sr\[1\]$_DFF_P_/D
iter:583, pass:1, current fixing endpoint: sa20_sr\[6\]$_DFF_P_/D, endpoint slack:-6.820733e-11
      584 |      13 |      89 |       58 |     11 |   107 |   -0.115 |       -7.8 |    157 | sa11_sr\[1\]$_DFF_P_/D
iter:584, pass:2, current fixing endpoint: sa20_sr\[6\]$_DFF_P_/D, endpoint slack:-7.737211e-11
      585 |      13 |      89 |       58 |     11 |   108 |   -0.115 |       -7.8 |    157 | sa11_sr\[1\]$_DFF_P_/D
iter:585, pass:3, current fixing endpoint: sa20_sr\[6\]$_DFF_P_/D, endpoint slack:-8.2437834e-11
      586 |      13 |      89 |       60 |     11 |   108 |   -0.115 |       -7.8 |    157 | sa11_sr\[1\]$_DFF_P_/D
iter:586, pass:4, current fixing endpoint: sa20_sr\[6\]$_DFF_P_/D, endpoint slack:-7.367451e-11
      587 |      13 |      90 |       60 |     11 |   108 |   -0.115 |       -7.8 |    157 | sa11_sr\[1\]$_DFF_P_/D
iter:587, pass:5, current fixing endpoint: sa20_sr\[6\]$_DFF_P_/D, endpoint slack:-7.394341e-11
      588 |      13 |      90 |       60 |     11 |   109 |   -0.115 |       -7.8 |    157 | sa11_sr\[1\]$_DFF_P_/D
iter:588, pass:6, current fixing endpoint: sa20_sr\[6\]$_DFF_P_/D, endpoint slack:-6.889456e-11
      588 |      13 |      89 |       59 |     11 |   106 |   -0.115 |       -7.7 |    157 | sa11_sr\[1\]$_DFF_P_/D
      589 |      13 |      89 |       59 |     11 |   106 |   -0.115 |       -7.7 |    157 | sa11_sr\[1\]$_DFF_P_/D
iter:589, pass:1, current fixing endpoint: sa32_sr\[5\]$_DFF_P_/D, endpoint slack:-6.5537686e-11
      590 |      13 |      89 |       61 |     11 |   106 |   -0.115 |       -7.7 |    157 | sa11_sr\[1\]$_DFF_P_/D
iter:590, pass:2, current fixing endpoint: sa32_sr\[5\]$_DFF_P_/D, endpoint slack:-6.5196404e-11
      591 |      13 |      89 |       63 |     11 |   106 |   -0.115 |       -7.7 |    157 | sa11_sr\[1\]$_DFF_P_/D
iter:591, pass:3, current fixing endpoint: sa32_sr\[5\]$_DFF_P_/D, endpoint slack:-6.37187e-11
      592 |      13 |      89 |       63 |     11 |   107 |   -0.115 |       -7.7 |    157 | sa11_sr\[1\]$_DFF_P_/D
iter:592, pass:4, current fixing endpoint: sa32_sr\[5\]$_DFF_P_/D, endpoint slack:-6.193346e-11
      593 |      13 |      90 |       63 |     11 |   107 |   -0.115 |       -7.7 |    157 | sa11_sr\[1\]$_DFF_P_/D
iter:593, pass:5, current fixing endpoint: sa32_sr\[5\]$_DFF_P_/D, endpoint slack:-7.415413e-11
      594 |      13 |      91 |       63 |     11 |   107 |   -0.115 |       -7.7 |    157 | sa11_sr\[1\]$_DFF_P_/D
iter:594, pass:6, current fixing endpoint: sa32_sr\[5\]$_DFF_P_/D, endpoint slack:-6.4123595e-11
      595 |      13 |      91 |       63 |     11 |   108 |   -0.115 |       -7.7 |    157 | sa11_sr\[1\]$_DFF_P_/D
iter:595, pass:7, current fixing endpoint: sa32_sr\[5\]$_DFF_P_/D, endpoint slack:-7.148471e-11
      596 |      13 |      91 |       63 |     11 |   109 |   -0.115 |       -7.7 |    157 | sa11_sr\[1\]$_DFF_P_/D
iter:596, pass:8, current fixing endpoint: sa32_sr\[5\]$_DFF_P_/D, endpoint slack:-7.496803e-11
      596 |      13 |      89 |       63 |     11 |   107 |   -0.115 |       -7.7 |    157 | sa11_sr\[1\]$_DFF_P_/D
      597 |      13 |      89 |       63 |     11 |   107 |   -0.115 |       -7.7 |    157 | sa11_sr\[1\]$_DFF_P_/D
iter:597, pass:1, current fixing endpoint: sa01_sr\[6\]$_DFF_P_/D, endpoint slack:-6.540024e-11
      598 |      13 |      89 |       63 |     11 |   108 |   -0.115 |       -7.8 |    157 | sa11_sr\[1\]$_DFF_P_/D
iter:598, pass:2, current fixing endpoint: sa01_sr\[6\]$_DFF_P_/D, endpoint slack:-7.106016e-11
      599 |      13 |      89 |       65 |     11 |   108 |   -0.115 |       -7.7 |    157 | sa11_sr\[1\]$_DFF_P_/D
iter:599, pass:3, current fixing endpoint: sa01_sr\[6\]$_DFF_P_/D, endpoint slack:-6.4403816e-11
      600 |      13 |      89 |       65 |     11 |   109 |   -0.115 |       -7.7 |    157 | sa11_sr\[1\]$_DFF_P_/D
iter:600, pass:4, current fixing endpoint: sa01_sr\[6\]$_DFF_P_/D, endpoint slack:-6.28384e-11
      601 |      13 |      90 |       65 |     11 |   109 |   -0.115 |       -7.7 |    157 | sa11_sr\[1\]$_DFF_P_/D
iter:601, pass:5, current fixing endpoint: sa01_sr\[6\]$_DFF_P_/D, endpoint slack:-6.884826e-11
      602 |      13 |      90 |       65 |     11 |   110 |   -0.115 |       -7.7 |    157 | sa11_sr\[1\]$_DFF_P_/D
iter:602, pass:6, current fixing endpoint: sa01_sr\[6\]$_DFF_P_/D, endpoint slack:-7.7041484e-11
      603 |      13 |      90 |       67 |     11 |   110 |   -0.115 |       -7.7 |    157 | sa11_sr\[1\]$_DFF_P_/D
iter:603, pass:7, current fixing endpoint: sa01_sr\[6\]$_DFF_P_/D, endpoint slack:-6.857248e-11
      604 |      13 |      90 |       67 |     11 |   111 |   -0.115 |       -7.8 |    157 | sa11_sr\[1\]$_DFF_P_/D
iter:604, pass:8, current fixing endpoint: sa01_sr\[6\]$_DFF_P_/D, endpoint slack:-7.086065e-11
      605 |      13 |      91 |       67 |     11 |   111 |   -0.115 |       -7.7 |    157 | sa11_sr\[1\]$_DFF_P_/D
iter:605, pass:9, current fixing endpoint: sa01_sr\[6\]$_DFF_P_/D, endpoint slack:-6.583123e-11
      606 |      13 |      91 |       67 |     11 |   112 |   -0.115 |       -7.7 |    157 | sa11_sr\[1\]$_DFF_P_/D
iter:606, pass:10, current fixing endpoint: sa01_sr\[6\]$_DFF_P_/D, endpoint slack:-6.138867e-11
      607 |      13 |      92 |       67 |     11 |   112 |   -0.115 |       -7.7 |    157 | sa11_sr\[1\]$_DFF_P_/D
iter:607, pass:11, current fixing endpoint: sa01_sr\[6\]$_DFF_P_/D, endpoint slack:-5.9197536e-11
      608 |      13 |      93 |       67 |     11 |   112 |   -0.115 |       -7.7 |    157 | sa11_sr\[1\]$_DFF_P_/D
iter:608, pass:12, current fixing endpoint: sa01_sr\[6\]$_DFF_P_/D, endpoint slack:-5.694567e-11
      609 |      13 |      94 |       67 |     11 |   112 |   -0.115 |       -7.7 |    157 | sa11_sr\[1\]$_DFF_P_/D
iter:609, pass:13, current fixing endpoint: sa01_sr\[6\]$_DFF_P_/D, endpoint slack:-5.522849e-11
      610 |      13 |      94 |       67 |     11 |   113 |   -0.115 |       -7.7 |    157 | sa11_sr\[1\]$_DFF_P_/D
iter:610, pass:14, current fixing endpoint: sa01_sr\[6\]$_DFF_P_/D, endpoint slack:-5.2354343e-11
      611 |      13 |      94 |       67 |     11 |   114 |   -0.115 |       -7.7 |    157 | sa11_sr\[1\]$_DFF_P_/D
iter:611, pass:15, current fixing endpoint: sa01_sr\[6\]$_DFF_P_/D, endpoint slack:-4.7403415e-11
      611 |      13 |      94 |       67 |     11 |   114 |   -0.115 |       -7.7 |    157 | sa11_sr\[1\]$_DFF_P_/D
      612 |      13 |      94 |       67 |     11 |   114 |   -0.115 |       -7.7 |    157 | sa11_sr\[1\]$_DFF_P_/D
iter:612, pass:1, current fixing endpoint: sa32_sr\[6\]$_DFF_P_/D, endpoint slack:-6.176781e-11
      613 |      13 |      94 |       67 |     11 |   115 |   -0.115 |       -7.7 |    157 | sa11_sr\[1\]$_DFF_P_/D
iter:613, pass:2, current fixing endpoint: sa32_sr\[6\]$_DFF_P_/D, endpoint slack:-8.01188e-11
      614 |      13 |      94 |       67 |     11 |   116 |   -0.115 |       -7.7 |    157 | sa11_sr\[1\]$_DFF_P_/D
iter:614, pass:3, current fixing endpoint: sa32_sr\[6\]$_DFF_P_/D, endpoint slack:-7.875445e-11
      615 |      13 |      95 |       67 |     11 |   116 |   -0.115 |       -7.7 |    157 | sa11_sr\[1\]$_DFF_P_/D
iter:615, pass:4, current fixing endpoint: sa32_sr\[6\]$_DFF_P_/D, endpoint slack:-7.631262e-11
      616 |      13 |      95 |       67 |     11 |   117 |   -0.115 |       -7.7 |    157 | sa11_sr\[1\]$_DFF_P_/D
iter:616, pass:5, current fixing endpoint: sa32_sr\[6\]$_DFF_P_/D, endpoint slack:-7.1144535e-11
      617 |      13 |      96 |       67 |     11 |   117 |   -0.115 |       -7.7 |    157 | sa11_sr\[1\]$_DFF_P_/D
iter:617, pass:6, current fixing endpoint: sa32_sr\[6\]$_DFF_P_/D, endpoint slack:-6.754386e-11
      618 |      13 |      96 |       69 |     11 |   117 |   -0.115 |       -7.8 |    157 | sa11_sr\[1\]$_DFF_P_/D
iter:618, pass:7, current fixing endpoint: sa32_sr\[6\]$_DFF_P_/D, endpoint slack:-9.561041e-11
      619 |      13 |      97 |       69 |     11 |   117 |   -0.115 |       -7.7 |    157 | sa11_sr\[1\]$_DFF_P_/D
iter:619, pass:8, current fixing endpoint: sa32_sr\[6\]$_DFF_P_/D, endpoint slack:-8.568157e-11
      620 |      13 |      98 |       69 |     11 |   117 |   -0.115 |       -7.7 |    157 | sa11_sr\[1\]$_DFF_P_/D
iter:620, pass:9, current fixing endpoint: sa32_sr\[6\]$_DFF_P_/D, endpoint slack:-8.337875e-11
      621 |      13 |      99 |       69 |     11 |   117 |   -0.115 |       -7.7 |    157 | sa11_sr\[1\]$_DFF_P_/D
iter:621, pass:10, current fixing endpoint: sa32_sr\[6\]$_DFF_P_/D, endpoint slack:-8.218759e-11
      622 |      13 |     100 |       69 |     11 |   117 |   -0.115 |       -7.7 |    157 | sa11_sr\[1\]$_DFF_P_/D
iter:622, pass:11, current fixing endpoint: sa32_sr\[6\]$_DFF_P_/D, endpoint slack:-8.2589935e-11
      623 |      13 |     101 |       69 |     11 |   117 |   -0.115 |       -7.7 |    157 | sa11_sr\[1\]$_DFF_P_/D
iter:623, pass:12, current fixing endpoint: sa32_sr\[6\]$_DFF_P_/D, endpoint slack:-8.7056806e-11
      624 |      13 |     101 |       69 |     11 |   118 |   -0.115 |       -7.7 |    157 | sa11_sr\[1\]$_DFF_P_/D
iter:624, pass:13, current fixing endpoint: sa32_sr\[6\]$_DFF_P_/D, endpoint slack:-8.5981444e-11
      625 |      13 |     102 |       69 |     11 |   118 |   -0.115 |       -7.7 |    157 | sa11_sr\[1\]$_DFF_P_/D
iter:625, pass:14, current fixing endpoint: sa32_sr\[6\]$_DFF_P_/D, endpoint slack:-8.391743e-11
      626 |      13 |     102 |       69 |     12 |   118 |   -0.115 |       -7.7 |    157 | sa11_sr\[1\]$_DFF_P_/D
iter:626, pass:15, current fixing endpoint: sa32_sr\[6\]$_DFF_P_/D, endpoint slack:-8.370438e-11
      627 |      13 |     103 |       69 |     12 |   118 |   -0.115 |       -7.7 |    157 | sa11_sr\[1\]$_DFF_P_/D
iter:627, pass:16, current fixing endpoint: sa32_sr\[6\]$_DFF_P_/D, endpoint slack:-8.5355056e-11
      628 |      13 |     104 |       69 |     12 |   118 |   -0.115 |       -7.7 |    157 | sa11_sr\[1\]$_DFF_P_/D
iter:628, pass:17, current fixing endpoint: sa32_sr\[6\]$_DFF_P_/D, endpoint slack:-8.0697116e-11
      629 |      13 |     105 |       69 |     12 |   118 |   -0.115 |       -7.7 |    157 | sa11_sr\[1\]$_DFF_P_/D
iter:629, pass:18, current fixing endpoint: sa32_sr\[6\]$_DFF_P_/D, endpoint slack:-7.901624e-11
      630 |      13 |     105 |       69 |     12 |   119 |   -0.115 |       -7.7 |    157 | sa11_sr\[1\]$_DFF_P_/D
iter:630, pass:19, current fixing endpoint: sa32_sr\[6\]$_DFF_P_/D, endpoint slack:-7.743184e-11
      630 |      13 |      98 |       68 |     11 |   114 |   -0.115 |       -7.7 |    157 | sa11_sr\[1\]$_DFF_P_/D
      631 |      13 |      98 |       68 |     11 |   114 |   -0.115 |       -7.7 |    157 | sa11_sr\[1\]$_DFF_P_/D
iter:631, pass:1, current fixing endpoint: sa12_sr\[0\]$_DFF_P_/D, endpoint slack:-6.63577e-11
      632 |      13 |      98 |       68 |     11 |   115 |   -0.115 |       -7.7 |    157 | sa11_sr\[1\]$_DFF_P_/D
iter:632, pass:2, current fixing endpoint: sa12_sr\[0\]$_DFF_P_/D, endpoint slack:-7.231593e-11
      633 |      13 |      98 |       68 |     11 |   116 |   -0.115 |       -7.7 |    157 | sa11_sr\[1\]$_DFF_P_/D
iter:633, pass:3, current fixing endpoint: sa12_sr\[0\]$_DFF_P_/D, endpoint slack:-6.321832e-11
      634 |      13 |      98 |       68 |     11 |   117 |   -0.115 |       -7.7 |    157 | sa11_sr\[1\]$_DFF_P_/D
iter:634, pass:4, current fixing endpoint: sa12_sr\[0\]$_DFF_P_/D, endpoint slack:-6.038203e-11
      635 |      13 |      98 |       68 |     11 |   118 |   -0.115 |       -7.7 |    157 | sa11_sr\[1\]$_DFF_P_/D
iter:635, pass:5, current fixing endpoint: sa12_sr\[0\]$_DFF_P_/D, endpoint slack:-5.906142e-11
      636 |      13 |      98 |       68 |     11 |   119 |   -0.115 |       -7.6 |    157 | sa11_sr\[1\]$_DFF_P_/D
iter:636, pass:6, current fixing endpoint: sa12_sr\[0\]$_DFF_P_/D, endpoint slack:-5.874534e-11
      637 |      13 |      98 |       68 |     11 |   120 |   -0.115 |       -7.6 |    157 | sa11_sr\[1\]$_DFF_P_/D
iter:637, pass:7, current fixing endpoint: sa12_sr\[0\]$_DFF_P_/D, endpoint slack:-6.2870265e-11
      638 |      13 |      99 |       68 |     11 |   120 |   -0.115 |       -7.6 |    157 | sa11_sr\[1\]$_DFF_P_/D
iter:638, pass:8, current fixing endpoint: sa12_sr\[0\]$_DFF_P_/D, endpoint slack:-6.796097e-11
      639 |      13 |      99 |       68 |     11 |   121 |   -0.115 |       -7.6 |    157 | sa11_sr\[1\]$_DFF_P_/D
iter:639, pass:9, current fixing endpoint: sa12_sr\[0\]$_DFF_P_/D, endpoint slack:-7.018297e-11
      640 |      13 |      99 |       68 |     11 |   122 |   -0.115 |       -7.6 |    157 | sa11_sr\[1\]$_DFF_P_/D
iter:640, pass:10, current fixing endpoint: sa12_sr\[0\]$_DFF_P_/D, endpoint slack:-6.451484e-11
      641 |      13 |      99 |       68 |     11 |   123 |   -0.115 |       -7.6 |    157 | sa11_sr\[1\]$_DFF_P_/D
iter:641, pass:11, current fixing endpoint: sa12_sr\[0\]$_DFF_P_/D, endpoint slack:-6.306189e-11
      642 |      13 |      99 |       68 |     11 |   124 |   -0.115 |       -7.6 |    157 | sa11_sr\[1\]$_DFF_P_/D
iter:642, pass:12, current fixing endpoint: sa12_sr\[0\]$_DFF_P_/D, endpoint slack:-6.466716e-11
      642 |      13 |      98 |       68 |     11 |   119 |   -0.115 |       -7.6 |    157 | sa11_sr\[1\]$_DFF_P_/D
      643 |      13 |      98 |       68 |     11 |   119 |   -0.115 |       -7.6 |    157 | sa11_sr\[1\]$_DFF_P_/D
iter:643, pass:1, current fixing endpoint: u0.u0.d\[5\]$_DFF_P_/D, endpoint slack:-5.4796834e-11
      644 |      13 |      98 |       70 |     11 |   119 |   -0.115 |       -7.6 |    157 | sa11_sr\[1\]$_DFF_P_/D
iter:644, pass:2, current fixing endpoint: u0.u0.d\[5\]$_DFF_P_/D, endpoint slack:-4.537626e-11
      645 |      13 |      98 |       70 |     11 |   120 |   -0.115 |       -7.6 |    157 | sa11_sr\[1\]$_DFF_P_/D
iter:645, pass:3, current fixing endpoint: u0.u0.d\[5\]$_DFF_P_/D, endpoint slack:-5.0726423e-11
      645 |      13 |      98 |       70 |     11 |   119 |   -0.115 |       -7.6 |    157 | sa11_sr\[1\]$_DFF_P_/D
      646 |      13 |      98 |       70 |     11 |   119 |   -0.115 |       -7.6 |    157 | sa11_sr\[1\]$_DFF_P_/D
iter:646, pass:1, current fixing endpoint: sa01_sr\[0\]$_DFF_P_/D, endpoint slack:-5.6683436e-11
      647 |      13 |      98 |       70 |     11 |   120 |   -0.115 |       -7.6 |    157 | sa11_sr\[1\]$_DFF_P_/D
iter:647, pass:2, current fixing endpoint: sa01_sr\[0\]$_DFF_P_/D, endpoint slack:-5.4807936e-11
      648 |      13 |      98 |       70 |     11 |   121 |   -0.115 |       -7.6 |    157 | sa11_sr\[1\]$_DFF_P_/D
iter:648, pass:3, current fixing endpoint: sa01_sr\[0\]$_DFF_P_/D, endpoint slack:-5.2581273e-11
      649 |      13 |      98 |       70 |     11 |   122 |   -0.115 |       -7.6 |    157 | sa11_sr\[1\]$_DFF_P_/D
iter:649, pass:4, current fixing endpoint: sa01_sr\[0\]$_DFF_P_/D, endpoint slack:-7.0574324e-11
      650 |      13 |      98 |       72 |     11 |   122 |   -0.115 |       -7.6 |    157 | sa11_sr\[1\]$_DFF_P_/D
iter:650, pass:5, current fixing endpoint: sa01_sr\[0\]$_DFF_P_/D, endpoint slack:-5.295142e-11
      651 |      13 |      98 |       72 |     11 |   123 |   -0.115 |       -7.6 |    157 | sa11_sr\[1\]$_DFF_P_/D
iter:651, pass:6, current fixing endpoint: sa01_sr\[0\]$_DFF_P_/D, endpoint slack:-5.248213e-11
      652 |      13 |      99 |       72 |     11 |   123 |   -0.115 |       -7.6 |    157 | sa11_sr\[1\]$_DFF_P_/D
iter:652, pass:7, current fixing endpoint: sa01_sr\[0\]$_DFF_P_/D, endpoint slack:-5.155598e-11
      653 |      13 |     100 |       72 |     11 |   123 |   -0.115 |       -7.6 |    157 | sa11_sr\[1\]$_DFF_P_/D
iter:653, pass:8, current fixing endpoint: sa01_sr\[0\]$_DFF_P_/D, endpoint slack:-5.583556e-11
      654 |      13 |     101 |       72 |     11 |   123 |   -0.115 |       -7.6 |    157 | sa11_sr\[1\]$_DFF_P_/D
iter:654, pass:9, current fixing endpoint: sa01_sr\[0\]$_DFF_P_/D, endpoint slack:-5.6405547e-11
      655 |      13 |     102 |       72 |     11 |   123 |   -0.115 |       -7.6 |    157 | sa11_sr\[1\]$_DFF_P_/D
iter:655, pass:10, current fixing endpoint: sa01_sr\[0\]$_DFF_P_/D, endpoint slack:-5.019185e-11
      656 |      13 |     102 |       72 |     11 |   124 |   -0.115 |       -7.6 |    157 | sa11_sr\[1\]$_DFF_P_/D
iter:656, pass:11, current fixing endpoint: sa01_sr\[0\]$_DFF_P_/D, endpoint slack:-7.33249e-11
      657 |      13 |     103 |       72 |     11 |   124 |   -0.115 |       -7.6 |    157 | sa11_sr\[1\]$_DFF_P_/D
iter:657, pass:12, current fixing endpoint: sa01_sr\[0\]$_DFF_P_/D, endpoint slack:-7.737355e-11
      658 |      13 |     104 |       72 |     11 |   124 |   -0.115 |       -7.6 |    157 | sa11_sr\[1\]$_DFF_P_/D
iter:658, pass:13, current fixing endpoint: sa01_sr\[0\]$_DFF_P_/D, endpoint slack:-7.799261e-11
      659 |      13 |     105 |       72 |     11 |   124 |   -0.115 |       -7.6 |    157 | sa11_sr\[1\]$_DFF_P_/D
iter:659, pass:14, current fixing endpoint: sa01_sr\[0\]$_DFF_P_/D, endpoint slack:-7.7647e-11
      660 |      13 |     105 |       72 |     11 |   125 |   -0.115 |       -7.6 |    157 | sa11_sr\[1\]$_DFF_P_/D
iter:660, pass:15, current fixing endpoint: sa01_sr\[0\]$_DFF_P_/D, endpoint slack:-8.145273e-11
      661 |      13 |     106 |       72 |     11 |   125 |   -0.115 |       -7.7 |    157 | sa11_sr\[1\]$_DFF_P_/D
iter:661, pass:16, current fixing endpoint: sa01_sr\[0\]$_DFF_P_/D, endpoint slack:-8.452172e-11
      662 |      13 |     107 |       72 |     11 |   125 |   -0.115 |       -7.6 |    157 | sa11_sr\[1\]$_DFF_P_/D
iter:662, pass:17, current fixing endpoint: sa01_sr\[0\]$_DFF_P_/D, endpoint slack:-7.5608964e-11
      662 |      13 |     103 |       72 |     11 |   123 |   -0.115 |       -7.6 |    157 | sa11_sr\[1\]$_DFF_P_/D
      663 |      13 |     103 |       72 |     11 |   123 |   -0.115 |       -7.6 |    157 | sa11_sr\[1\]$_DFF_P_/D
iter:663, pass:1, current fixing endpoint: sa02_sr\[4\]$_DFF_P_/D, endpoint slack:-5.2380544e-11
      664 |      13 |     103 |       72 |     11 |   124 |   -0.115 |       -7.6 |    157 | sa11_sr\[1\]$_DFF_P_/D
iter:664, pass:2, current fixing endpoint: sa02_sr\[4\]$_DFF_P_/D, endpoint slack:-5.7807314e-11
      665 |      13 |     104 |       72 |     11 |   124 |   -0.117 |       -7.7 |    157 | sa11_sr\[1\]$_DFF_P_/D
iter:665, pass:3, current fixing endpoint: sa02_sr\[4\]$_DFF_P_/D, endpoint slack:-5.6775584e-11
      666 |      13 |     105 |       72 |     11 |   124 |   -0.117 |       -7.7 |    157 | sa11_sr\[1\]$_DFF_P_/D
iter:666, pass:4, current fixing endpoint: sa02_sr\[4\]$_DFF_P_/D, endpoint slack:-5.54079e-11
      667 |      13 |     106 |       72 |     11 |   124 |   -0.117 |       -7.7 |    157 | sa11_sr\[1\]$_DFF_P_/D
iter:667, pass:5, current fixing endpoint: sa02_sr\[4\]$_DFF_P_/D, endpoint slack:-5.362577e-11
      668 |      13 |     107 |       72 |     11 |   124 |   -0.117 |       -7.6 |    157 | sa11_sr\[1\]$_DFF_P_/D
iter:668, pass:6, current fixing endpoint: sa02_sr\[4\]$_DFF_P_/D, endpoint slack:-4.9879767e-11
      669 |      13 |     108 |       72 |     11 |   124 |   -0.117 |       -7.6 |    157 | sa11_sr\[1\]$_DFF_P_/D
iter:669, pass:7, current fixing endpoint: sa02_sr\[4\]$_DFF_P_/D, endpoint slack:-4.8399174e-11
      670 |      13 |     109 |       72 |     11 |   124 |   -0.117 |       -7.6 |    157 | sa11_sr\[1\]$_DFF_P_/D
iter:670, pass:8, current fixing endpoint: sa02_sr\[4\]$_DFF_P_/D, endpoint slack:-4.6757598e-11
      671 |      13 |     110 |       72 |     11 |   124 |   -0.117 |       -7.6 |    157 | sa11_sr\[1\]$_DFF_P_/D
iter:671, pass:9, current fixing endpoint: sa02_sr\[4\]$_DFF_P_/D, endpoint slack:-4.570011e-11
      672 |      13 |     111 |       72 |     11 |   124 |   -0.117 |       -7.6 |    157 | sa11_sr\[1\]$_DFF_P_/D
iter:672, pass:10, current fixing endpoint: sa02_sr\[4\]$_DFF_P_/D, endpoint slack:-4.5150217e-11
      673 |      13 |     111 |       72 |     12 |   124 |   -0.117 |       -7.6 |    157 | sa11_sr\[1\]$_DFF_P_/D
iter:673, pass:11, current fixing endpoint: sa02_sr\[4\]$_DFF_P_/D, endpoint slack:-4.2426174e-11
      674 |      13 |     111 |       72 |     13 |   124 |   -0.117 |       -7.6 |    157 | sa11_sr\[1\]$_DFF_P_/D
iter:674, pass:12, current fixing endpoint: sa02_sr\[4\]$_DFF_P_/D, endpoint slack:-4.2776005e-11
      675 |      13 |     111 |       74 |     13 |   124 |   -0.117 |       -7.6 |    157 | sa11_sr\[1\]$_DFF_P_/D
iter:675, pass:13, current fixing endpoint: sa02_sr\[4\]$_DFF_P_/D, endpoint slack:-5.6805005e-11
      676 |      13 |     112 |       74 |     13 |   124 |   -0.117 |       -7.6 |    157 | sa11_sr\[1\]$_DFF_P_/D
iter:676, pass:14, current fixing endpoint: sa02_sr\[4\]$_DFF_P_/D, endpoint slack:-5.989842e-11
      677 |      13 |     113 |       74 |     13 |   124 |   -0.117 |       -7.6 |    157 | sa11_sr\[1\]$_DFF_P_/D
iter:677, pass:15, current fixing endpoint: sa02_sr\[4\]$_DFF_P_/D, endpoint slack:-4.7296833e-11
      678 |      13 |     113 |       74 |     13 |   125 |   -0.117 |       -7.6 |    157 | sa11_sr\[1\]$_DFF_P_/D
iter:678, pass:16, current fixing endpoint: sa02_sr\[4\]$_DFF_P_/D, endpoint slack:-4.177869e-11
      679 |      13 |     113 |       74 |     13 |   126 |   -0.117 |       -7.6 |    157 | sa11_sr\[1\]$_DFF_P_/D
iter:679, pass:17, current fixing endpoint: sa02_sr\[4\]$_DFF_P_/D, endpoint slack:-4.0462078e-11
      680 |      13 |     113 |       74 |     14 |   126 |   -0.117 |       -7.6 |    157 | sa11_sr\[1\]$_DFF_P_/D
iter:680, pass:18, current fixing endpoint: sa02_sr\[4\]$_DFF_P_/D, endpoint slack:-4.296541e-11
      681 |      13 |     114 |       74 |     14 |   126 |   -0.117 |       -7.6 |    157 | sa11_sr\[1\]$_DFF_P_/D
iter:681, pass:19, current fixing endpoint: sa02_sr\[4\]$_DFF_P_/D, endpoint slack:-4.683476e-11
      682 |      13 |     115 |       74 |     14 |   126 |   -0.117 |       -7.6 |    157 | sa11_sr\[1\]$_DFF_P_/D
iter:682, pass:20, current fixing endpoint: sa02_sr\[4\]$_DFF_P_/D, endpoint slack:-4.5252246e-11
      682 |      13 |     104 |       73 |     11 |   123 |   -0.115 |       -7.6 |    157 | sa11_sr\[1\]$_DFF_P_/D
      683 |      13 |     104 |       73 |     11 |   123 |   -0.115 |       -7.6 |    157 | sa11_sr\[1\]$_DFF_P_/D
iter:683, pass:1, current fixing endpoint: sa23_sr\[1\]$_DFF_P_/D, endpoint slack:-5.138112e-11
      684 |      13 |     104 |       75 |     11 |   123 |   -0.115 |       -7.6 |    157 | sa11_sr\[1\]$_DFF_P_/D
iter:684, pass:2, current fixing endpoint: sa23_sr\[1\]$_DFF_P_/D, endpoint slack:-4.8854032e-11
      685 |      13 |     104 |       75 |     11 |   124 |   -0.115 |       -7.6 |    157 | sa11_sr\[1\]$_DFF_P_/D
iter:685, pass:3, current fixing endpoint: sa23_sr\[1\]$_DFF_P_/D, endpoint slack:-5.6474936e-11
      686 |      13 |     104 |       75 |     11 |   125 |   -0.115 |       -7.6 |    157 | sa11_sr\[1\]$_DFF_P_/D
iter:686, pass:4, current fixing endpoint: sa23_sr\[1\]$_DFF_P_/D, endpoint slack:-5.1430304e-11
      687 |      13 |     104 |       75 |     11 |   126 |   -0.115 |       -7.6 |    157 | sa11_sr\[1\]$_DFF_P_/D
iter:687, pass:5, current fixing endpoint: sa23_sr\[1\]$_DFF_P_/D, endpoint slack:-5.5139893e-11
      688 |      13 |     104 |       75 |     11 |   127 |   -0.115 |       -7.6 |    157 | sa11_sr\[1\]$_DFF_P_/D
iter:688, pass:6, current fixing endpoint: sa23_sr\[1\]$_DFF_P_/D, endpoint slack:-6.2599925e-11
      689 |      13 |     104 |       77 |     11 |   127 |   -0.115 |       -7.6 |    157 | sa11_sr\[1\]$_DFF_P_/D
iter:689, pass:7, current fixing endpoint: sa23_sr\[1\]$_DFF_P_/D, endpoint slack:-5.4309113e-11
      690 |      13 |     105 |       77 |     11 |   127 |   -0.115 |       -7.6 |    157 | sa11_sr\[1\]$_DFF_P_/D
iter:690, pass:8, current fixing endpoint: sa23_sr\[1\]$_DFF_P_/D, endpoint slack:-5.761469e-11
      691 |      13 |     105 |       77 |     11 |   128 |   -0.115 |       -7.6 |    157 | sa11_sr\[1\]$_DFF_P_/D
iter:691, pass:9, current fixing endpoint: sa23_sr\[1\]$_DFF_P_/D, endpoint slack:-5.599532e-11
      691 |      13 |     104 |       76 |     11 |   123 |   -0.115 |       -7.6 |    157 | sa11_sr\[1\]$_DFF_P_/D
      692 |      13 |     104 |       76 |     11 |   123 |   -0.115 |       -7.6 |    157 | sa11_sr\[1\]$_DFF_P_/D
iter:692, pass:1, current fixing endpoint: sa13_sr\[4\]$_DFF_P_/D, endpoint slack:-4.7335913e-11
      693 |      13 |     104 |       78 |     11 |   123 |   -0.115 |       -7.6 |    157 | sa11_sr\[1\]$_DFF_P_/D
iter:693, pass:2, current fixing endpoint: sa13_sr\[4\]$_DFF_P_/D, endpoint slack:-3.443512e-11
      694 |      13 |     105 |       78 |     11 |   123 |   -0.115 |       -7.6 |    157 | sa11_sr\[1\]$_DFF_P_/D
iter:694, pass:3, current fixing endpoint: sa13_sr\[4\]$_DFF_P_/D, endpoint slack:-3.387668e-11
      695 |      13 |     106 |       78 |     11 |   123 |   -0.115 |       -7.6 |    157 | sa11_sr\[1\]$_DFF_P_/D
iter:695, pass:4, current fixing endpoint: sa13_sr\[4\]$_DFF_P_/D, endpoint slack:-3.562861e-11
      696 |      13 |     106 |       78 |     11 |   124 |   -0.115 |       -7.6 |    157 | sa11_sr\[1\]$_DFF_P_/D
iter:696, pass:5, current fixing endpoint: sa13_sr\[4\]$_DFF_P_/D, endpoint slack:-7.0697226e-11
      697 |      13 |     107 |       78 |     11 |   124 |   -0.115 |       -7.6 |    157 | sa11_sr\[1\]$_DFF_P_/D
iter:697, pass:6, current fixing endpoint: sa13_sr\[4\]$_DFF_P_/D, endpoint slack:-7.520229e-11
      698 |      13 |     108 |       78 |     11 |   124 |   -0.115 |       -7.6 |    157 | sa11_sr\[1\]$_DFF_P_/D
iter:698, pass:7, current fixing endpoint: sa13_sr\[4\]$_DFF_P_/D, endpoint slack:-7.173118e-11
      699 |      13 |     109 |       78 |     11 |   124 |   -0.115 |       -7.6 |    157 | sa11_sr\[1\]$_DFF_P_/D
iter:699, pass:8, current fixing endpoint: sa13_sr\[4\]$_DFF_P_/D, endpoint slack:-6.517842e-11
      700 |      13 |     110 |       78 |     11 |   124 |   -0.115 |       -7.6 |    157 | sa11_sr\[1\]$_DFF_P_/D
iter:700, pass:9, current fixing endpoint: sa13_sr\[4\]$_DFF_P_/D, endpoint slack:-8.4418805e-11
      701 |      13 |     111 |       78 |     11 |   124 |   -0.115 |       -7.6 |    157 | sa11_sr\[1\]$_DFF_P_/D
iter:701, pass:10, current fixing endpoint: sa13_sr\[4\]$_DFF_P_/D, endpoint slack:-6.97874e-11
      702 |      13 |     112 |       78 |     11 |   124 |   -0.115 |       -7.6 |    157 | sa11_sr\[1\]$_DFF_P_/D
iter:702, pass:11, current fixing endpoint: sa13_sr\[4\]$_DFF_P_/D, endpoint slack:-6.686918e-11
      703 |      13 |     112 |       78 |     11 |   125 |   -0.115 |       -7.6 |    157 | sa11_sr\[1\]$_DFF_P_/D
iter:703, pass:12, current fixing endpoint: sa13_sr\[4\]$_DFF_P_/D, endpoint slack:-7.2363004e-11
      704 |      14 |     112 |       78 |     11 |   125 |   -0.115 |       -7.6 |    157 | sa11_sr\[1\]$_DFF_P_/D
iter:704, pass:13, current fixing endpoint: sa13_sr\[4\]$_DFF_P_/D, endpoint slack:-6.145595e-11
      705 |      14 |     113 |       78 |     11 |   125 |   -0.115 |       -7.6 |    157 | sa11_sr\[1\]$_DFF_P_/D
iter:705, pass:14, current fixing endpoint: sa13_sr\[4\]$_DFF_P_/D, endpoint slack:-6.139689e-11
      706 |      14 |     113 |       78 |     12 |   125 |   -0.115 |       -7.6 |    157 | sa11_sr\[1\]$_DFF_P_/D
iter:706, pass:15, current fixing endpoint: sa13_sr\[4\]$_DFF_P_/D, endpoint slack:-6.382672e-11
      707 |      14 |     113 |       78 |     12 |   126 |   -0.115 |       -7.6 |    157 | sa11_sr\[1\]$_DFF_P_/D
iter:707, pass:16, current fixing endpoint: sa13_sr\[4\]$_DFF_P_/D, endpoint slack:-6.4666605e-11
      708 |      14 |     113 |       78 |     12 |   127 |   -0.115 |       -7.6 |    157 | sa11_sr\[1\]$_DFF_P_/D
iter:708, pass:17, current fixing endpoint: sa13_sr\[4\]$_DFF_P_/D, endpoint slack:-6.013723e-11
      709 |      14 |     113 |       78 |     13 |   127 |   -0.115 |       -7.6 |    157 | sa11_sr\[1\]$_DFF_P_/D
iter:709, pass:18, current fixing endpoint: sa13_sr\[4\]$_DFF_P_/D, endpoint slack:-6.299006e-11
      710 |      14 |     114 |       78 |     13 |   127 |   -0.115 |       -7.6 |    157 | sa11_sr\[1\]$_DFF_P_/D
iter:710, pass:19, current fixing endpoint: sa13_sr\[4\]$_DFF_P_/D, endpoint slack:-6.006218e-11
      711 |      14 |     115 |       78 |     13 |   127 |   -0.115 |       -7.6 |    157 | sa11_sr\[1\]$_DFF_P_/D
iter:711, pass:20, current fixing endpoint: sa13_sr\[4\]$_DFF_P_/D, endpoint slack:-6.281886e-11
      712 |      14 |     116 |       78 |     13 |   127 |   -0.115 |       -7.6 |    157 | sa11_sr\[1\]$_DFF_P_/D
iter:712, pass:21, current fixing endpoint: sa13_sr\[4\]$_DFF_P_/D, endpoint slack:-6.307699e-11
      713 |      14 |     116 |       78 |     14 |   127 |   -0.115 |       -7.6 |    157 | sa11_sr\[1\]$_DFF_P_/D
iter:713, pass:22, current fixing endpoint: sa13_sr\[4\]$_DFF_P_/D, endpoint slack:-6.1954664e-11
      714 |      14 |     116 |       78 |     15 |   127 |   -0.115 |       -7.6 |    157 | sa11_sr\[1\]$_DFF_P_/D
iter:714, pass:23, current fixing endpoint: sa13_sr\[4\]$_DFF_P_/D, endpoint slack:-5.7689742e-11
      714 |      13 |     107 |       78 |     11 |   123 |   -0.115 |       -7.6 |    157 | sa11_sr\[1\]$_DFF_P_/D
      715 |      13 |     107 |       78 |     11 |   123 |   -0.115 |       -7.6 |    157 | sa11_sr\[1\]$_DFF_P_/D
iter:715, pass:1, current fixing endpoint: sa00_sr\[6\]$_DFF_P_/D, endpoint slack:-5.4136584e-11
      716 |      13 |     107 |       78 |     11 |   124 |   -0.115 |       -7.6 |    157 | sa11_sr\[1\]$_DFF_P_/D
iter:716, pass:2, current fixing endpoint: sa00_sr\[6\]$_DFF_P_/D, endpoint slack:-5.1471827e-11
      717 |      13 |     107 |       78 |     11 |   125 |   -0.115 |       -7.6 |    157 | sa11_sr\[1\]$_DFF_P_/D
iter:717, pass:3, current fixing endpoint: sa00_sr\[6\]$_DFF_P_/D, endpoint slack:-5.901846e-11
      718 |      13 |     108 |       78 |     11 |   125 |   -0.115 |       -7.6 |    157 | sa11_sr\[1\]$_DFF_P_/D
iter:718, pass:4, current fixing endpoint: sa00_sr\[6\]$_DFF_P_/D, endpoint slack:-6.1279204e-11
      719 |      13 |     109 |       78 |     11 |   125 |   -0.115 |       -7.6 |    157 | sa11_sr\[1\]$_DFF_P_/D
iter:719, pass:5, current fixing endpoint: sa00_sr\[6\]$_DFF_P_/D, endpoint slack:-5.7415517e-11
      720 |      13 |     109 |       78 |     11 |   126 |   -0.115 |       -7.6 |    157 | sa11_sr\[1\]$_DFF_P_/D
iter:720, pass:6, current fixing endpoint: sa00_sr\[6\]$_DFF_P_/D, endpoint slack:-6.1125105e-11
      721 |      13 |     109 |       78 |     12 |   126 |   -0.115 |       -7.6 |    157 | sa11_sr\[1\]$_DFF_P_/D
iter:721, pass:7, current fixing endpoint: sa00_sr\[6\]$_DFF_P_/D, endpoint slack:-5.983669e-11
      722 |      13 |     110 |       78 |     12 |   126 |   -0.115 |       -7.6 |    157 | sa11_sr\[1\]$_DFF_P_/D
iter:722, pass:8, current fixing endpoint: sa00_sr\[6\]$_DFF_P_/D, endpoint slack:-5.890677e-11
      722 |      13 |     108 |       78 |     11 |   124 |   -0.115 |       -7.6 |    157 | sa11_sr\[1\]$_DFF_P_/D
      723 |      13 |     108 |       78 |     11 |   124 |   -0.115 |       -7.6 |    157 | sa11_sr\[1\]$_DFF_P_/D
iter:723, pass:1, current fixing endpoint: sa03_sr\[4\]$_DFF_P_/D, endpoint slack:-3.5289438e-11
      724 |      13 |     108 |       80 |     11 |   124 |   -0.115 |       -7.6 |    157 | sa11_sr\[1\]$_DFF_P_/D
iter:724, pass:2, current fixing endpoint: sa03_sr\[4\]$_DFF_P_/D, endpoint slack:-3.0549008e-11
      725 |      13 |     109 |       80 |     11 |   124 |   -0.115 |       -7.6 |    157 | sa11_sr\[1\]$_DFF_P_/D
iter:725, pass:3, current fixing endpoint: sa03_sr\[4\]$_DFF_P_/D, endpoint slack:-2.237377e-11
      726 |      13 |     109 |       80 |     11 |   125 |   -0.115 |       -7.6 |    157 | sa11_sr\[1\]$_DFF_P_/D
iter:726, pass:4, current fixing endpoint: sa03_sr\[4\]$_DFF_P_/D, endpoint slack:-2.2775448e-11
      727 |      13 |     110 |       80 |     11 |   125 |   -0.115 |       -7.6 |    157 | sa11_sr\[1\]$_DFF_P_/D
iter:727, pass:5, current fixing endpoint: sa03_sr\[4\]$_DFF_P_/D, endpoint slack:-2.1431856e-11
      728 |      13 |     110 |       80 |     12 |   125 |   -0.115 |       -7.6 |    157 | sa11_sr\[1\]$_DFF_P_/D
iter:728, pass:6, current fixing endpoint: sa03_sr\[4\]$_DFF_P_/D, endpoint slack:-2.8636427e-11
      729 |      13 |     110 |       82 |     12 |   125 |   -0.115 |       -7.6 |    157 | sa11_sr\[1\]$_DFF_P_/D
iter:729, pass:7, current fixing endpoint: sa03_sr\[4\]$_DFF_P_/D, endpoint slack:-2.0282553e-11
      730 |      13 |     110 |       82 |     12 |   126 |   -0.115 |       -7.6 |    157 | sa11_sr\[1\]$_DFF_P_/D
iter:730, pass:8, current fixing endpoint: sa03_sr\[4\]$_DFF_P_/D, endpoint slack:-2.0028312e-11
      731 |      13 |     110 |       82 |     13 |   126 |   -0.115 |       -7.6 |    157 | sa11_sr\[1\]$_DFF_P_/D
iter:731, pass:9, current fixing endpoint: sa03_sr\[4\]$_DFF_P_/D, endpoint slack:-2.4661717e-11
      732 |      13 |     111 |       82 |     13 |   126 |   -0.115 |       -7.6 |    157 | sa11_sr\[1\]$_DFF_P_/D
iter:732, pass:10, current fixing endpoint: sa03_sr\[4\]$_DFF_P_/D, endpoint slack:-1.5949908e-11
      733 |      13 |     111 |       82 |     13 |   127 |   -0.115 |       -7.6 |    157 | sa11_sr\[1\]$_DFF_P_/D
iter:733, pass:11, current fixing endpoint: sa03_sr\[4\]$_DFF_P_/D, endpoint slack:-1.644962e-11
      734 |      13 |     111 |       82 |     13 |   128 |   -0.115 |       -7.6 |    157 | sa11_sr\[1\]$_DFF_P_/D
iter:734, pass:12, current fixing endpoint: sa03_sr\[4\]$_DFF_P_/D, endpoint slack:-3.5127456e-11
      735 |      13 |     111 |       82 |     13 |   129 |   -0.115 |       -7.6 |    157 | sa11_sr\[1\]$_DFF_P_/D
iter:735, pass:13, current fixing endpoint: sa03_sr\[4\]$_DFF_P_/D, endpoint slack:-4.2385984e-11
      736 |      13 |     111 |       82 |     13 |   130 |   -0.115 |       -7.6 |    157 | sa11_sr\[1\]$_DFF_P_/D
iter:736, pass:14, current fixing endpoint: sa03_sr\[4\]$_DFF_P_/D, endpoint slack:-5.5427996e-11
      737 |      13 |     111 |       82 |     13 |   131 |   -0.115 |       -7.6 |    157 | sa11_sr\[1\]$_DFF_P_/D
iter:737, pass:15, current fixing endpoint: sa03_sr\[4\]$_DFF_P_/D, endpoint slack:-5.2741256e-11
      738 |      13 |     111 |       82 |     13 |   132 |   -0.115 |       -7.6 |    157 | sa11_sr\[1\]$_DFF_P_/D
iter:738, pass:16, current fixing endpoint: sa03_sr\[4\]$_DFF_P_/D, endpoint slack:-5.586498e-11
      739 |      14 |     111 |       82 |     13 |   132 |   -0.115 |       -7.6 |    157 | sa11_sr\[1\]$_DFF_P_/D
iter:739, pass:17, current fixing endpoint: sa03_sr\[4\]$_DFF_P_/D, endpoint slack:-3.6124992e-11
      740 |      14 |     112 |       82 |     13 |   132 |   -0.115 |       -7.6 |    157 | sa11_sr\[1\]$_DFF_P_/D
iter:740, pass:18, current fixing endpoint: sa03_sr\[4\]$_DFF_P_/D, endpoint slack:-3.4084624e-11
      740 |      13 |     111 |       82 |     13 |   126 |   -0.115 |       -7.6 |    157 | sa11_sr\[1\]$_DFF_P_/D
      741 |      13 |     111 |       82 |     13 |   126 |   -0.115 |       -7.6 |    157 | sa11_sr\[1\]$_DFF_P_/D
iter:741, pass:1, current fixing endpoint: sa32_sr\[1\]$_DFF_P_/D, endpoint slack:-5.981016e-11
      742 |      13 |     111 |       84 |     13 |   126 |   -0.115 |       -7.6 |    157 | sa11_sr\[1\]$_DFF_P_/D
iter:742, pass:2, current fixing endpoint: sa32_sr\[1\]$_DFF_P_/D, endpoint slack:-5.182721e-11
      743 |      13 |     111 |       84 |     13 |   127 |   -0.115 |       -7.6 |    157 | sa11_sr\[1\]$_DFF_P_/D
iter:743, pass:3, current fixing endpoint: sa32_sr\[1\]$_DFF_P_/D, endpoint slack:-7.6735396e-11
      744 |      13 |     111 |       84 |     13 |   128 |   -0.115 |       -7.6 |    157 | sa11_sr\[1\]$_DFF_P_/D
iter:744, pass:4, current fixing endpoint: sa32_sr\[1\]$_DFF_P_/D, endpoint slack:-8.830059e-11
      745 |      13 |     112 |       84 |     13 |   128 |   -0.115 |       -7.6 |    157 | sa11_sr\[1\]$_DFF_P_/D
iter:745, pass:5, current fixing endpoint: sa32_sr\[1\]$_DFF_P_/D, endpoint slack:-9.442014e-11
      746 |      13 |     112 |       84 |     13 |   129 |   -0.115 |       -7.6 |    157 | sa11_sr\[1\]$_DFF_P_/D
iter:746, pass:6, current fixing endpoint: sa32_sr\[1\]$_DFF_P_/D, endpoint slack:-9.8843045e-11
      747 |      13 |     113 |       84 |     13 |   129 |   -0.115 |       -7.6 |    157 | sa11_sr\[1\]$_DFF_P_/D
iter:747, pass:7, current fixing endpoint: sa32_sr\[1\]$_DFF_P_/D, endpoint slack:-1.0174939e-10
      747 |      13 |     111 |       84 |     13 |   126 |   -0.115 |       -7.6 |    157 | sa11_sr\[1\]$_DFF_P_/D
      748 |      13 |     111 |       84 |     13 |   126 |   -0.115 |       -7.6 |    157 | sa11_sr\[1\]$_DFF_P_/D
iter:748, pass:1, current fixing endpoint: sa33_sr\[3\]$_DFF_P_/D, endpoint slack:-6.420986e-11
      749 |      13 |     111 |       84 |     13 |   127 |   -0.115 |       -7.6 |    157 | sa11_sr\[1\]$_DFF_P_/D
iter:749, pass:2, current fixing endpoint: sa33_sr\[3\]$_DFF_P_/D, endpoint slack:-7.7202245e-11
      750 |      13 |     111 |       84 |     13 |   128 |   -0.115 |       -7.6 |    157 | sa11_sr\[1\]$_DFF_P_/D
iter:750, pass:3, current fixing endpoint: sa33_sr\[3\]$_DFF_P_/D, endpoint slack:-8.269485e-11
      751 |      13 |     111 |       86 |     13 |   128 |   -0.115 |       -7.6 |    157 | sa11_sr\[1\]$_DFF_P_/D
iter:751, pass:4, current fixing endpoint: sa33_sr\[3\]$_DFF_P_/D, endpoint slack:-6.672152e-11
      752 |      13 |     112 |       86 |     13 |   128 |   -0.115 |       -7.6 |    157 | sa11_sr\[1\]$_DFF_P_/D
iter:752, pass:5, current fixing endpoint: sa33_sr\[3\]$_DFF_P_/D, endpoint slack:-5.551226e-11
      753 |      13 |     112 |       86 |     13 |   129 |   -0.115 |       -7.6 |    157 | sa11_sr\[1\]$_DFF_P_/D
iter:753, pass:6, current fixing endpoint: sa33_sr\[3\]$_DFF_P_/D, endpoint slack:-5.7773564e-11
      754 |      13 |     112 |       86 |     14 |   129 |   -0.115 |       -7.6 |    157 | sa11_sr\[1\]$_DFF_P_/D
iter:754, pass:7, current fixing endpoint: sa33_sr\[3\]$_DFF_P_/D, endpoint slack:-5.9398264e-11
      755 |      13 |     113 |       86 |     14 |   129 |   -0.115 |       -7.6 |    157 | sa11_sr\[1\]$_DFF_P_/D
iter:755, pass:8, current fixing endpoint: sa33_sr\[3\]$_DFF_P_/D, endpoint slack:-5.935241e-11
      756 |      13 |     114 |       86 |     14 |   129 |   -0.115 |       -7.6 |    157 | sa11_sr\[1\]$_DFF_P_/D
iter:756, pass:9, current fixing endpoint: sa33_sr\[3\]$_DFF_P_/D, endpoint slack:-5.7633787e-11
      757 |      13 |     114 |       86 |     14 |   130 |   -0.115 |       -7.6 |    157 | sa11_sr\[1\]$_DFF_P_/D
iter:757, pass:10, current fixing endpoint: sa33_sr\[3\]$_DFF_P_/D, endpoint slack:-8.637424e-11
      758 |      13 |     114 |       88 |     14 |   130 |   -0.115 |       -7.6 |    157 | sa11_sr\[1\]$_DFF_P_/D
iter:758, pass:11, current fixing endpoint: sa33_sr\[3\]$_DFF_P_/D, endpoint slack:-8.363654e-11
      759 |      13 |     114 |       88 |     14 |   131 |   -0.115 |       -7.6 |    157 | sa11_sr\[1\]$_DFF_P_/D
iter:759, pass:12, current fixing endpoint: sa33_sr\[3\]$_DFF_P_/D, endpoint slack:-8.7024055e-11
      760 |      13 |     115 |       88 |     14 |   131 |   -0.115 |       -7.6 |    157 | sa11_sr\[1\]$_DFF_P_/D
iter:760, pass:13, current fixing endpoint: sa33_sr\[3\]$_DFF_P_/D, endpoint slack:-8.977763e-11
      761 |      13 |     115 |       90 |     14 |   131 |   -0.115 |       -7.6 |    157 | sa11_sr\[1\]$_DFF_P_/D
iter:761, pass:14, current fixing endpoint: sa33_sr\[3\]$_DFF_P_/D, endpoint slack:-8.9485974e-11
      762 |      13 |     115 |       90 |     14 |   132 |   -0.115 |       -7.6 |    157 | sa11_sr\[1\]$_DFF_P_/D
iter:762, pass:15, current fixing endpoint: sa33_sr\[3\]$_DFF_P_/D, endpoint slack:-8.902745e-11
      763 |      13 |     115 |       90 |     14 |   133 |   -0.115 |       -7.6 |    157 | sa11_sr\[1\]$_DFF_P_/D
iter:763, pass:16, current fixing endpoint: sa33_sr\[3\]$_DFF_P_/D, endpoint slack:-8.974377e-11
      764 |      13 |     115 |       90 |     14 |   134 |   -0.115 |       -7.6 |    157 | sa11_sr\[1\]$_DFF_P_/D
iter:764, pass:17, current fixing endpoint: sa33_sr\[3\]$_DFF_P_/D, endpoint slack:-8.929102e-11
      765 |      13 |     116 |       90 |     14 |   134 |   -0.115 |       -7.6 |    157 | sa11_sr\[1\]$_DFF_P_/D
iter:765, pass:18, current fixing endpoint: sa33_sr\[3\]$_DFF_P_/D, endpoint slack:-8.8923535e-11
      766 |      13 |     116 |       92 |     14 |   134 |   -0.115 |       -7.7 |    157 | sa11_sr\[1\]$_DFF_P_/D
iter:766, pass:19, current fixing endpoint: sa33_sr\[3\]$_DFF_P_/D, endpoint slack:-8.791767e-11
      767 |      13 |     116 |       94 |     14 |   134 |   -0.115 |       -7.7 |    157 | sa11_sr\[1\]$_DFF_P_/D
iter:767, pass:20, current fixing endpoint: sa33_sr\[3\]$_DFF_P_/D, endpoint slack:-8.6604945e-11
      768 |      13 |     116 |       94 |     14 |   135 |   -0.115 |       -7.7 |    157 | sa11_sr\[1\]$_DFF_P_/D
iter:768, pass:21, current fixing endpoint: sa33_sr\[3\]$_DFF_P_/D, endpoint slack:-8.813539e-11
      769 |      13 |     117 |       94 |     14 |   135 |   -0.115 |       -7.7 |    157 | sa11_sr\[1\]$_DFF_P_/D
iter:769, pass:22, current fixing endpoint: sa33_sr\[3\]$_DFF_P_/D, endpoint slack:-9.366863e-11
      770 |      13 |     118 |       94 |     14 |   135 |   -0.115 |       -7.7 |    157 | sa11_sr\[1\]$_DFF_P_/D
iter:770, pass:23, current fixing endpoint: sa33_sr\[3\]$_DFF_P_/D, endpoint slack:-9.187806e-11
      771 |      13 |     118 |       96 |     14 |   135 |   -0.115 |       -7.7 |    157 | sa11_sr\[1\]$_DFF_P_/D
iter:771, pass:24, current fixing endpoint: sa33_sr\[3\]$_DFF_P_/D, endpoint slack:-8.731016e-11
      771 |      13 |     113 |       91 |     13 |   128 |   -0.115 |       -7.6 |    157 | sa11_sr\[1\]$_DFF_P_/D
      772 |      13 |     113 |       91 |     13 |   128 |   -0.115 |       -7.6 |    157 | sa11_sr\[1\]$_DFF_P_/D
iter:772, pass:1, current fixing endpoint: u0.u1.d\[5\]$_DFF_P_/D, endpoint slack:-5.062517e-11
      773 |      13 |     114 |       91 |     13 |   128 |   -0.115 |       -7.6 |    157 | sa11_sr\[1\]$_DFF_P_/D
iter:773, pass:2, current fixing endpoint: u0.u1.d\[5\]$_DFF_P_/D, endpoint slack:-4.4973913e-11
      774 |      13 |     114 |       93 |     13 |   128 |   -0.115 |       -7.6 |    157 | sa11_sr\[1\]$_DFF_P_/D
iter:774, pass:3, current fixing endpoint: u0.u1.d\[5\]$_DFF_P_/D, endpoint slack:-7.6487705e-11
      775 |      13 |     115 |       93 |     13 |   128 |   -0.115 |       -7.6 |    157 | sa11_sr\[1\]$_DFF_P_/D
iter:775, pass:4, current fixing endpoint: u0.u1.d\[5\]$_DFF_P_/D, endpoint slack:-6.641654e-11
      776 |      13 |     116 |       93 |     13 |   128 |   -0.115 |       -7.6 |    157 | sa11_sr\[1\]$_DFF_P_/D
iter:776, pass:5, current fixing endpoint: u0.u1.d\[5\]$_DFF_P_/D, endpoint slack:-6.1943894e-11
      777 |      13 |     117 |       93 |     13 |   128 |   -0.115 |       -7.6 |    157 | sa11_sr\[1\]$_DFF_P_/D
iter:777, pass:6, current fixing endpoint: u0.u1.d\[5\]$_DFF_P_/D, endpoint slack:-5.9828476e-11
      778 |      13 |     117 |       93 |     13 |   129 |   -0.115 |       -7.6 |    157 | sa11_sr\[1\]$_DFF_P_/D
iter:778, pass:7, current fixing endpoint: u0.u1.d\[5\]$_DFF_P_/D, endpoint slack:-6.5322525e-11
      778 |      13 |     115 |       92 |     13 |   128 |   -0.115 |       -7.6 |    157 | sa11_sr\[1\]$_DFF_P_/D
      779 |      13 |     115 |       92 |     13 |   128 |   -0.115 |       -7.6 |    157 | sa11_sr\[1\]$_DFF_P_/D
iter:779, pass:1, current fixing endpoint: sa13_sr\[7\]$_DFF_P_/D, endpoint slack:-4.567957e-11
      780 |      13 |     115 |       92 |     13 |   129 |   -0.115 |       -7.6 |    157 | sa11_sr\[1\]$_DFF_P_/D
iter:780, pass:2, current fixing endpoint: sa13_sr\[7\]$_DFF_P_/D, endpoint slack:-5.115619e-11
      781 |      13 |     115 |       92 |     13 |   130 |   -0.115 |       -7.6 |    157 | sa11_sr\[1\]$_DFF_P_/D
iter:781, pass:3, current fixing endpoint: sa13_sr\[7\]$_DFF_P_/D, endpoint slack:-4.8489657e-11
      782 |      13 |     116 |       92 |     13 |   130 |   -0.115 |       -7.6 |    157 | sa11_sr\[1\]$_DFF_P_/D
iter:782, pass:4, current fixing endpoint: sa13_sr\[7\]$_DFF_P_/D, endpoint slack:-5.001477e-11
      783 |      13 |     116 |       92 |     13 |   131 |   -0.115 |       -7.6 |    157 | sa11_sr\[1\]$_DFF_P_/D
iter:783, pass:5, current fixing endpoint: sa13_sr\[7\]$_DFF_P_/D, endpoint slack:-4.7750137e-11
      784 |      13 |     116 |       92 |     14 |   131 |   -0.115 |       -7.6 |    157 | sa11_sr\[1\]$_DFF_P_/D
iter:784, pass:6, current fixing endpoint: sa13_sr\[7\]$_DFF_P_/D, endpoint slack:-4.7571502e-11
      785 |      13 |     116 |       92 |     14 |   132 |   -0.115 |       -7.6 |    157 | sa11_sr\[1\]$_DFF_P_/D
iter:785, pass:7, current fixing endpoint: sa13_sr\[7\]$_DFF_P_/D, endpoint slack:-6.997347e-11
      786 |      13 |     117 |       92 |     14 |   132 |   -0.115 |       -7.6 |    157 | sa11_sr\[1\]$_DFF_P_/D
iter:786, pass:8, current fixing endpoint: sa13_sr\[7\]$_DFF_P_/D, endpoint slack:-7.2924555e-11
      787 |      13 |     118 |       92 |     14 |   132 |   -0.115 |       -7.6 |    157 | sa11_sr\[1\]$_DFF_P_/D
iter:787, pass:9, current fixing endpoint: sa13_sr\[7\]$_DFF_P_/D, endpoint slack:-6.747336e-11
      788 |      13 |     118 |       92 |     14 |   133 |   -0.115 |       -7.6 |    157 | sa11_sr\[1\]$_DFF_P_/D
iter:788, pass:10, current fixing endpoint: sa13_sr\[7\]$_DFF_P_/D, endpoint slack:-6.655543e-11
      789 |      13 |     118 |       92 |     14 |   134 |   -0.115 |       -7.6 |    157 | sa11_sr\[1\]$_DFF_P_/D
iter:789, pass:11, current fixing endpoint: sa13_sr\[7\]$_DFF_P_/D, endpoint slack:-6.200551e-11
      790 |      13 |     118 |       92 |     15 |   134 |   -0.115 |       -7.6 |    157 | sa11_sr\[1\]$_DFF_P_/D
iter:790, pass:12, current fixing endpoint: sa13_sr\[7\]$_DFF_P_/D, endpoint slack:-6.494749e-11
      791 |      13 |     119 |       92 |     15 |   134 |   -0.115 |       -7.6 |    157 | sa11_sr\[1\]$_DFF_P_/D
iter:791, pass:13, current fixing endpoint: sa13_sr\[7\]$_DFF_P_/D, endpoint slack:-6.20195e-11
      792 |      13 |     120 |       92 |     15 |   134 |   -0.115 |       -7.6 |    157 | sa11_sr\[1\]$_DFF_P_/D
iter:792, pass:14, current fixing endpoint: sa13_sr\[7\]$_DFF_P_/D, endpoint slack:-6.477607e-11
      793 |      13 |     121 |       92 |     15 |   134 |   -0.115 |       -7.6 |    157 | sa11_sr\[1\]$_DFF_P_/D
iter:793, pass:15, current fixing endpoint: sa13_sr\[7\]$_DFF_P_/D, endpoint slack:-6.45044e-11
      794 |      13 |     121 |       92 |     16 |   134 |   -0.115 |       -7.6 |    157 | sa11_sr\[1\]$_DFF_P_/D
iter:794, pass:16, current fixing endpoint: sa13_sr\[7\]$_DFF_P_/D, endpoint slack:-6.330314e-11
      795 |      13 |     121 |       92 |     17 |   134 |   -0.115 |       -7.6 |    157 | sa11_sr\[1\]$_DFF_P_/D
iter:795, pass:17, current fixing endpoint: sa13_sr\[7\]$_DFF_P_/D, endpoint slack:-5.9057315e-11
      795 |      13 |     115 |       92 |     13 |   128 |   -0.115 |       -7.6 |    157 | sa11_sr\[1\]$_DFF_P_/D
      796 |      13 |     115 |       92 |     13 |   128 |   -0.115 |       -7.6 |    157 | sa11_sr\[1\]$_DFF_P_/D
iter:796, pass:1, current fixing endpoint: sa03_sr\[6\]$_DFF_P_/D, endpoint slack:-5.9403704e-11
      797 |      13 |     115 |       94 |     13 |   128 |   -0.115 |       -7.6 |    157 | sa11_sr\[1\]$_DFF_P_/D
iter:797, pass:2, current fixing endpoint: sa03_sr\[6\]$_DFF_P_/D, endpoint slack:-5.918677e-11
      798 |      13 |     116 |       94 |     13 |   128 |   -0.115 |       -7.6 |    157 | sa11_sr\[1\]$_DFF_P_/D
iter:798, pass:3, current fixing endpoint: sa03_sr\[6\]$_DFF_P_/D, endpoint slack:-5.6002647e-11
      799 |      13 |     117 |       94 |     13 |   128 |   -0.115 |       -7.6 |    157 | sa11_sr\[1\]$_DFF_P_/D
iter:799, pass:4, current fixing endpoint: sa03_sr\[6\]$_DFF_P_/D, endpoint slack:-5.4671268e-11
      800 |      13 |     117 |       94 |     13 |   129 |   -0.115 |       -7.6 |    157 | sa11_sr\[1\]$_DFF_P_/D
iter:800, pass:5, current fixing endpoint: sa03_sr\[6\]$_DFF_P_/D, endpoint slack:-6.182799e-11
      801 |      13 |     117 |       94 |     13 |   130 |   -0.115 |       -7.6 |    157 | sa11_sr\[1\]$_DFF_P_/D
iter:801, pass:6, current fixing endpoint: sa03_sr\[6\]$_DFF_P_/D, endpoint slack:-6.689449e-11
      802 |      13 |     118 |       94 |     13 |   130 |   -0.115 |       -7.6 |    157 | sa11_sr\[1\]$_DFF_P_/D
iter:802, pass:7, current fixing endpoint: sa03_sr\[6\]$_DFF_P_/D, endpoint slack:-6.755618e-11
      803 |      13 |     118 |       94 |     13 |   131 |   -0.115 |       -7.6 |    157 | sa11_sr\[1\]$_DFF_P_/D
iter:803, pass:8, current fixing endpoint: sa03_sr\[6\]$_DFF_P_/D, endpoint slack:-7.254508e-11
      803 |      13 |     117 |       94 |     13 |   128 |   -0.115 |       -7.6 |    157 | sa11_sr\[1\]$_DFF_P_/D
      804 |      13 |     117 |       94 |     13 |   128 |   -0.115 |       -7.6 |    157 | sa11_sr\[1\]$_DFF_P_/D
iter:804, pass:1, current fixing endpoint: sa13_sr\[0\]$_DFF_P_/D, endpoint slack:-6.431056e-11
      805 |      13 |     117 |       94 |     13 |   129 |   -0.115 |       -7.6 |    157 | sa11_sr\[1\]$_DFF_P_/D
iter:805, pass:2, current fixing endpoint: sa13_sr\[0\]$_DFF_P_/D, endpoint slack:-6.944867e-11
      806 |      13 |     118 |       94 |     13 |   129 |   -0.115 |       -7.6 |    157 | sa11_sr\[1\]$_DFF_P_/D
iter:806, pass:3, current fixing endpoint: sa13_sr\[0\]$_DFF_P_/D, endpoint slack:-6.103951e-11
      807 |      13 |     118 |       94 |     13 |   130 |   -0.115 |       -7.6 |    157 | sa11_sr\[1\]$_DFF_P_/D
iter:807, pass:4, current fixing endpoint: sa13_sr\[0\]$_DFF_P_/D, endpoint slack:-6.072676e-11
      808 |      13 |     119 |       94 |     13 |   130 |   -0.115 |       -7.6 |    157 | sa11_sr\[1\]$_DFF_P_/D
iter:808, pass:5, current fixing endpoint: sa13_sr\[0\]$_DFF_P_/D, endpoint slack:-5.884482e-11
      809 |      13 |     120 |       94 |     13 |   130 |   -0.115 |       -7.6 |    157 | sa11_sr\[1\]$_DFF_P_/D
iter:809, pass:6, current fixing endpoint: sa13_sr\[0\]$_DFF_P_/D, endpoint slack:-5.36996e-11
      810 |      13 |     120 |       94 |     13 |   131 |   -0.115 |       -7.6 |    157 | sa11_sr\[1\]$_DFF_P_/D
iter:810, pass:7, current fixing endpoint: sa13_sr\[0\]$_DFF_P_/D, endpoint slack:-5.405021e-11
      811 |      13 |     120 |       94 |     14 |   131 |   -0.115 |       -7.6 |    157 | sa11_sr\[1\]$_DFF_P_/D
iter:811, pass:8, current fixing endpoint: sa13_sr\[0\]$_DFF_P_/D, endpoint slack:-5.699219e-11
      812 |      13 |     121 |       94 |     14 |   131 |   -0.115 |       -7.6 |    157 | sa11_sr\[1\]$_DFF_P_/D
iter:812, pass:9, current fixing endpoint: sa13_sr\[0\]$_DFF_P_/D, endpoint slack:-5.7772898e-11
      813 |      13 |     122 |       94 |     14 |   131 |   -0.115 |       -7.6 |    157 | sa11_sr\[1\]$_DFF_P_/D
iter:813, pass:10, current fixing endpoint: sa13_sr\[0\]$_DFF_P_/D, endpoint slack:-6.148548e-11
      814 |      13 |     122 |       94 |     14 |   132 |   -0.115 |       -7.6 |    157 | sa11_sr\[1\]$_DFF_P_/D
iter:814, pass:11, current fixing endpoint: sa13_sr\[0\]$_DFF_P_/D, endpoint slack:-5.6670335e-11
      815 |      13 |     123 |       94 |     14 |   132 |   -0.115 |       -7.6 |    157 | sa11_sr\[1\]$_DFF_P_/D
iter:815, pass:12, current fixing endpoint: sa13_sr\[0\]$_DFF_P_/D, endpoint slack:-5.406431e-11
      816 |      13 |     124 |       94 |     14 |   132 |   -0.115 |       -7.6 |    157 | sa11_sr\[1\]$_DFF_P_/D
iter:816, pass:13, current fixing endpoint: sa13_sr\[0\]$_DFF_P_/D, endpoint slack:-5.635159e-11
      817 |      13 |     124 |       94 |     15 |   132 |   -0.115 |       -7.6 |    157 | sa11_sr\[1\]$_DFF_P_/D
iter:817, pass:14, current fixing endpoint: sa13_sr\[0\]$_DFF_P_/D, endpoint slack:-5.4294902e-11
      818 |      13 |     125 |       94 |     15 |   132 |   -0.115 |       -7.6 |    157 | sa11_sr\[1\]$_DFF_P_/D
iter:818, pass:15, current fixing endpoint: sa13_sr\[0\]$_DFF_P_/D, endpoint slack:-5.5485616e-11
      819 |      13 |     126 |       94 |     15 |   132 |   -0.115 |       -7.6 |    157 | sa11_sr\[1\]$_DFF_P_/D
iter:819, pass:16, current fixing endpoint: sa13_sr\[0\]$_DFF_P_/D, endpoint slack:-5.8998584e-11
      820 |      13 |     126 |       94 |     15 |   133 |   -0.115 |       -7.6 |    157 | sa11_sr\[1\]$_DFF_P_/D
iter:820, pass:17, current fixing endpoint: sa13_sr\[0\]$_DFF_P_/D, endpoint slack:-5.703371e-11
      821 |      13 |     126 |       94 |     16 |   133 |   -0.115 |       -7.6 |    157 | sa11_sr\[1\]$_DFF_P_/D
iter:821, pass:18, current fixing endpoint: sa13_sr\[0\]$_DFF_P_/D, endpoint slack:-5.6574634e-11
      821 |      13 |     120 |       94 |     13 |   130 |   -0.115 |       -7.6 |    157 | sa11_sr\[1\]$_DFF_P_/D
      822 |      13 |     120 |       94 |     13 |   130 |   -0.115 |       -7.6 |    157 | sa11_sr\[1\]$_DFF_P_/D
iter:822, pass:1, current fixing endpoint: sa03_sr\[1\]$_DFF_P_/D, endpoint slack:-6.256018e-11
      823 |      13 |     120 |       94 |     13 |   131 |   -0.115 |       -7.6 |    157 | sa11_sr\[1\]$_DFF_P_/D
iter:823, pass:2, current fixing endpoint: sa03_sr\[1\]$_DFF_P_/D, endpoint slack:-5.5262572e-11
      824 |      13 |     120 |       94 |     13 |   132 |   -0.115 |       -7.6 |    157 | sa11_sr\[1\]$_DFF_P_/D
iter:824, pass:3, current fixing endpoint: sa03_sr\[1\]$_DFF_P_/D, endpoint slack:-5.761125e-11
      825 |      13 |     121 |       94 |     13 |   132 |   -0.115 |       -7.6 |    157 | sa11_sr\[1\]$_DFF_P_/D
iter:825, pass:4, current fixing endpoint: sa03_sr\[1\]$_DFF_P_/D, endpoint slack:-5.836942e-11
      826 |      13 |     121 |       94 |     13 |   133 |   -0.115 |       -7.6 |    157 | sa11_sr\[1\]$_DFF_P_/D
iter:826, pass:5, current fixing endpoint: sa03_sr\[1\]$_DFF_P_/D, endpoint slack:-5.2208238e-11
      827 |      13 |     122 |       94 |     13 |   133 |   -0.115 |       -7.6 |    157 | sa11_sr\[1\]$_DFF_P_/D
iter:827, pass:6, current fixing endpoint: sa03_sr\[1\]$_DFF_P_/D, endpoint slack:-5.1928573e-11
      828 |      13 |     123 |       94 |     13 |   133 |   -0.115 |       -7.6 |    157 | sa11_sr\[1\]$_DFF_P_/D
iter:828, pass:7, current fixing endpoint: sa03_sr\[1\]$_DFF_P_/D, endpoint slack:-5.4285798e-11
      829 |      13 |     124 |       94 |     13 |   133 |   -0.115 |       -7.6 |    157 | sa11_sr\[1\]$_DFF_P_/D
iter:829, pass:8, current fixing endpoint: sa03_sr\[1\]$_DFF_P_/D, endpoint slack:-5.391776e-11
      829 |      13 |     122 |       94 |     13 |   133 |   -0.115 |       -7.6 |    157 | sa11_sr\[1\]$_DFF_P_/D
      830 |      13 |     122 |       94 |     13 |   133 |   -0.115 |       -7.6 |    157 | sa11_sr\[1\]$_DFF_P_/D
iter:830, pass:1, current fixing endpoint: sa20_sr\[1\]$_DFF_P_/D, endpoint slack:-5.858303e-11
      831 |      13 |     122 |       94 |     13 |   134 |   -0.115 |       -7.6 |    157 | sa11_sr\[1\]$_DFF_P_/D
iter:831, pass:2, current fixing endpoint: sa20_sr\[1\]$_DFF_P_/D, endpoint slack:-6.371381e-11
      832 |      13 |     122 |       94 |     13 |   135 |   -0.115 |       -7.6 |    157 | sa11_sr\[1\]$_DFF_P_/D
iter:832, pass:3, current fixing endpoint: sa20_sr\[1\]$_DFF_P_/D, endpoint slack:-5.6224136e-11
      833 |      13 |     122 |       94 |     13 |   136 |   -0.115 |       -7.6 |    157 | sa11_sr\[1\]$_DFF_P_/D
iter:833, pass:4, current fixing endpoint: sa20_sr\[1\]$_DFF_P_/D, endpoint slack:-5.7616356e-11
      834 |      13 |     122 |       94 |     13 |   137 |   -0.115 |       -7.6 |    157 | sa11_sr\[1\]$_DFF_P_/D
iter:834, pass:5, current fixing endpoint: sa20_sr\[1\]$_DFF_P_/D, endpoint slack:-6.3533956e-11
      835 |      14 |     122 |       94 |     13 |   137 |   -0.115 |       -7.6 |    157 | sa11_sr\[1\]$_DFF_P_/D
iter:835, pass:6, current fixing endpoint: sa20_sr\[1\]$_DFF_P_/D, endpoint slack:-5.478462e-11
      836 |      14 |     123 |       94 |     13 |   137 |   -0.115 |       -7.6 |    157 | sa11_sr\[1\]$_DFF_P_/D
iter:836, pass:7, current fixing endpoint: sa20_sr\[1\]$_DFF_P_/D, endpoint slack:-5.1780025e-11
      837 |      14 |     124 |       94 |     13 |   137 |   -0.115 |       -7.6 |    157 | sa11_sr\[1\]$_DFF_P_/D
iter:837, pass:8, current fixing endpoint: sa20_sr\[1\]$_DFF_P_/D, endpoint slack:-4.460665e-11
      838 |      14 |     124 |       96 |     13 |   137 |   -0.115 |       -7.6 |    157 | sa11_sr\[1\]$_DFF_P_/D
iter:838, pass:9, current fixing endpoint: sa20_sr\[1\]$_DFF_P_/D, endpoint slack:-6.582879e-11
      839 |      14 |     125 |       96 |     13 |   137 |   -0.115 |       -7.6 |    157 | sa11_sr\[1\]$_DFF_P_/D
iter:839, pass:10, current fixing endpoint: sa20_sr\[1\]$_DFF_P_/D, endpoint slack:-6.1116334e-11
      840 |      14 |     126 |       96 |     13 |   137 |   -0.115 |       -7.6 |    157 | sa11_sr\[1\]$_DFF_P_/D
iter:840, pass:11, current fixing endpoint: sa20_sr\[1\]$_DFF_P_/D, endpoint slack:-6.656886e-11
      841 |      14 |     127 |       96 |     13 |   137 |   -0.115 |       -7.6 |    157 | sa11_sr\[1\]$_DFF_P_/D
iter:841, pass:12, current fixing endpoint: sa20_sr\[1\]$_DFF_P_/D, endpoint slack:-6.162992e-11
      842 |      14 |     127 |       96 |     14 |   137 |   -0.115 |       -7.6 |    157 | sa11_sr\[1\]$_DFF_P_/D
iter:842, pass:13, current fixing endpoint: sa20_sr\[1\]$_DFF_P_/D, endpoint slack:-6.112966e-11
      843 |      14 |     127 |       96 |     15 |   137 |   -0.115 |       -7.6 |    157 | sa11_sr\[1\]$_DFF_P_/D
iter:843, pass:14, current fixing endpoint: sa20_sr\[1\]$_DFF_P_/D, endpoint slack:-6.1243566e-11
      844 |      14 |     127 |       96 |     16 |   137 |   -0.115 |       -7.6 |    157 | sa11_sr\[1\]$_DFF_P_/D
iter:844, pass:15, current fixing endpoint: sa20_sr\[1\]$_DFF_P_/D, endpoint slack:-6.1628924e-11
      844 |      14 |     124 |       95 |     13 |   137 |   -0.115 |       -7.6 |    157 | sa11_sr\[1\]$_DFF_P_/D
      845 |      14 |     124 |       95 |     13 |   137 |   -0.115 |       -7.6 |    157 | sa11_sr\[1\]$_DFF_P_/D
iter:845, pass:1, current fixing endpoint: sa13_sr\[2\]$_DFF_P_/D, endpoint slack:-6.761347e-11
      846 |      14 |     124 |       95 |     13 |   138 |   -0.115 |       -7.6 |    157 | sa11_sr\[1\]$_DFF_P_/D
iter:846, pass:2, current fixing endpoint: sa13_sr\[2\]$_DFF_P_/D, endpoint slack:-7.467316e-11
      847 |      14 |     124 |       95 |     13 |   139 |   -0.115 |       -7.6 |    157 | sa11_sr\[1\]$_DFF_P_/D
iter:847, pass:3, current fixing endpoint: sa13_sr\[2\]$_DFF_P_/D, endpoint slack:-7.441614e-11
      848 |      14 |     125 |       95 |     13 |   139 |   -0.115 |       -7.6 |    157 | sa11_sr\[1\]$_DFF_P_/D
iter:848, pass:4, current fixing endpoint: sa13_sr\[2\]$_DFF_P_/D, endpoint slack:-7.223233e-11
      849 |      14 |     126 |       95 |     13 |   139 |   -0.115 |       -7.6 |    157 | sa11_sr\[1\]$_DFF_P_/D
iter:849, pass:5, current fixing endpoint: sa13_sr\[2\]$_DFF_P_/D, endpoint slack:-7.01188e-11
      850 |      14 |     127 |       95 |     13 |   139 |   -0.115 |       -7.6 |    157 | sa11_sr\[1\]$_DFF_P_/D
iter:850, pass:6, current fixing endpoint: sa13_sr\[2\]$_DFF_P_/D, endpoint slack:-6.583778e-11
      851 |      14 |     127 |       95 |     14 |   139 |   -0.115 |       -7.6 |    157 | sa11_sr\[1\]$_DFF_P_/D
iter:851, pass:7, current fixing endpoint: sa13_sr\[2\]$_DFF_P_/D, endpoint slack:-6.877976e-11
      852 |      14 |     128 |       95 |     14 |   139 |   -0.115 |       -7.6 |    157 | sa11_sr\[1\]$_DFF_P_/D
iter:852, pass:8, current fixing endpoint: sa13_sr\[2\]$_DFF_P_/D, endpoint slack:-6.585177e-11
      853 |      14 |     129 |       95 |     14 |   139 |   -0.115 |       -7.6 |    157 | sa11_sr\[1\]$_DFF_P_/D
iter:853, pass:9, current fixing endpoint: sa13_sr\[2\]$_DFF_P_/D, endpoint slack:-6.860856e-11
      854 |      14 |     130 |       95 |     14 |   139 |   -0.115 |       -7.6 |    157 | sa11_sr\[1\]$_DFF_P_/D
iter:854, pass:10, current fixing endpoint: sa13_sr\[2\]$_DFF_P_/D, endpoint slack:-6.833678e-11
      855 |      14 |     131 |       95 |     14 |   139 |   -0.115 |       -7.6 |    157 | sa11_sr\[1\]$_DFF_P_/D
iter:855, pass:11, current fixing endpoint: sa13_sr\[2\]$_DFF_P_/D, endpoint slack:-6.874146e-11
      856 |      14 |     131 |       95 |     15 |   139 |   -0.115 |       -7.6 |    157 | sa11_sr\[1\]$_DFF_P_/D
iter:856, pass:12, current fixing endpoint: sa13_sr\[2\]$_DFF_P_/D, endpoint slack:-6.7619466e-11
      857 |      14 |     131 |       95 |     16 |   139 |   -0.115 |       -7.6 |    157 | sa11_sr\[1\]$_DFF_P_/D
iter:857, pass:13, current fixing endpoint: sa13_sr\[2\]$_DFF_P_/D, endpoint slack:-6.3368644e-11
      858 |      14 |     131 |       95 |     16 |   140 |   -0.115 |       -7.6 |    157 | sa11_sr\[1\]$_DFF_P_/D
iter:858, pass:14, current fixing endpoint: sa13_sr\[2\]$_DFF_P_/D, endpoint slack:-6.6621375e-11
      858 |      14 |     131 |       95 |     16 |   139 |   -0.115 |       -7.6 |    157 | sa11_sr\[1\]$_DFF_P_/D
      859 |      14 |     131 |       95 |     16 |   139 |   -0.115 |       -7.6 |    157 | sa11_sr\[1\]$_DFF_P_/D
iter:859, pass:1, current fixing endpoint: sa21_sr\[1\]$_DFF_P_/D, endpoint slack:-5.81567e-11
      860 |      14 |     131 |       95 |     16 |   140 |   -0.115 |       -7.6 |    157 | sa11_sr\[1\]$_DFF_P_/D
iter:860, pass:2, current fixing endpoint: sa21_sr\[1\]$_DFF_P_/D, endpoint slack:-6.555079e-11
      861 |      14 |     131 |       95 |     16 |   141 |   -0.115 |       -7.6 |    157 | sa11_sr\[1\]$_DFF_P_/D
iter:861, pass:3, current fixing endpoint: sa21_sr\[1\]$_DFF_P_/D, endpoint slack:-5.880807e-11
      862 |      14 |     132 |       95 |     16 |   141 |   -0.115 |       -7.6 |    157 | sa11_sr\[1\]$_DFF_P_/D
iter:862, pass:4, current fixing endpoint: sa21_sr\[1\]$_DFF_P_/D, endpoint slack:-5.6325167e-11
      863 |      14 |     132 |       95 |     16 |   142 |   -0.115 |       -7.6 |    157 | sa11_sr\[1\]$_DFF_P_/D
iter:863, pass:5, current fixing endpoint: sa21_sr\[1\]$_DFF_P_/D, endpoint slack:-5.7409855e-11
      864 |      14 |     133 |       95 |     16 |   142 |   -0.115 |       -7.6 |    157 | sa11_sr\[1\]$_DFF_P_/D
iter:864, pass:6, current fixing endpoint: sa21_sr\[1\]$_DFF_P_/D, endpoint slack:-6.155332e-11
      865 |      14 |     133 |       95 |     16 |   143 |   -0.115 |       -7.6 |    157 | sa11_sr\[1\]$_DFF_P_/D
iter:865, pass:7, current fixing endpoint: sa21_sr\[1\]$_DFF_P_/D, endpoint slack:-5.946588e-11
      866 |      14 |     133 |       95 |     16 |   144 |   -0.115 |       -7.6 |    157 | sa11_sr\[1\]$_DFF_P_/D
iter:866, pass:8, current fixing endpoint: sa21_sr\[1\]$_DFF_P_/D, endpoint slack:-5.358447e-11
      867 |      14 |     133 |       95 |     16 |   145 |   -0.115 |       -7.6 |    157 | sa11_sr\[1\]$_DFF_P_/D
iter:867, pass:9, current fixing endpoint: sa21_sr\[1\]$_DFF_P_/D, endpoint slack:-5.7324034e-11
      868 |      14 |     133 |       95 |     16 |   146 |   -0.115 |       -7.6 |    157 | sa11_sr\[1\]$_DFF_P_/D
iter:868, pass:10, current fixing endpoint: sa21_sr\[1\]$_DFF_P_/D, endpoint slack:-5.6516458e-11
      869 |      15 |     133 |       95 |     16 |   146 |   -0.115 |       -7.6 |    157 | sa11_sr\[1\]$_DFF_P_/D
iter:869, pass:11, current fixing endpoint: sa21_sr\[1\]$_DFF_P_/D, endpoint slack:-5.298495e-11
      870 |      15 |     133 |       95 |     16 |   147 |   -0.115 |       -7.6 |    157 | sa11_sr\[1\]$_DFF_P_/D
iter:870, pass:12, current fixing endpoint: sa21_sr\[1\]$_DFF_P_/D, endpoint slack:-5.0136117e-11
      871 |      15 |     133 |       97 |     16 |   147 |   -0.115 |       -7.6 |    157 | sa11_sr\[1\]$_DFF_P_/D
iter:871, pass:13, current fixing endpoint: sa21_sr\[1\]$_DFF_P_/D, endpoint slack:-4.5581094e-11
      872 |      15 |     133 |       97 |     16 |   148 |   -0.115 |       -7.6 |    157 | sa11_sr\[1\]$_DFF_P_/D
iter:872, pass:14, current fixing endpoint: sa21_sr\[1\]$_DFF_P_/D, endpoint slack:-4.0326853e-11
      873 |      15 |     134 |       97 |     16 |   148 |   -0.115 |       -7.6 |    157 | sa11_sr\[1\]$_DFF_P_/D
iter:873, pass:15, current fixing endpoint: sa21_sr\[1\]$_DFF_P_/D, endpoint slack:-4.268641e-11
      874 |      15 |     135 |       97 |     16 |   148 |   -0.115 |       -7.5 |    157 | sa11_sr\[1\]$_DFF_P_/D
iter:874, pass:16, current fixing endpoint: sa21_sr\[1\]$_DFF_P_/D, endpoint slack:-3.8276382e-11
      875 |      15 |     135 |       97 |     17 |   148 |   -0.115 |       -7.6 |    157 | sa11_sr\[1\]$_DFF_P_/D
iter:875, pass:17, current fixing endpoint: sa21_sr\[1\]$_DFF_P_/D, endpoint slack:-4.0908277e-11
      876 |      15 |     135 |       97 |     18 |   148 |   -0.115 |       -7.6 |    157 | sa11_sr\[1\]$_DFF_P_/D
iter:876, pass:18, current fixing endpoint: sa21_sr\[1\]$_DFF_P_/D, endpoint slack:-4.2030823e-11
      877 |      15 |     136 |       97 |     18 |   148 |   -0.115 |       -7.6 |    157 | sa11_sr\[1\]$_DFF_P_/D
iter:877, pass:19, current fixing endpoint: sa21_sr\[1\]$_DFF_P_/D, endpoint slack:-3.929934e-11
      878 |      15 |     137 |       97 |     18 |   148 |   -0.115 |       -7.6 |    157 | sa11_sr\[1\]$_DFF_P_/D
iter:878, pass:20, current fixing endpoint: sa21_sr\[1\]$_DFF_P_/D, endpoint slack:-4.402012e-11
      879 |      15 |     138 |       97 |     18 |   148 |   -0.115 |       -7.6 |    157 | sa11_sr\[1\]$_DFF_P_/D
iter:879, pass:21, current fixing endpoint: sa21_sr\[1\]$_DFF_P_/D, endpoint slack:-3.5151326e-11
      880 |      15 |     139 |       97 |     18 |   148 |   -0.115 |       -7.6 |    157 | sa11_sr\[1\]$_DFF_P_/D
iter:880, pass:22, current fixing endpoint: sa21_sr\[1\]$_DFF_P_/D, endpoint slack:-3.7105208e-11
      881 |      15 |     139 |       97 |     18 |   149 |   -0.115 |       -7.6 |    157 | sa11_sr\[1\]$_DFF_P_/D
iter:881, pass:23, current fixing endpoint: sa21_sr\[1\]$_DFF_P_/D, endpoint slack:-3.5197845e-11
      882 |      15 |     139 |       99 |     18 |   149 |   -0.115 |       -7.6 |    157 | sa11_sr\[1\]$_DFF_P_/D
iter:882, pass:24, current fixing endpoint: sa21_sr\[1\]$_DFF_P_/D, endpoint slack:-3.363365e-11
      883 |      15 |     140 |       99 |     18 |   149 |   -0.115 |       -7.6 |    157 | sa11_sr\[1\]$_DFF_P_/D
iter:883, pass:25, current fixing endpoint: sa21_sr\[1\]$_DFF_P_/D, endpoint slack:-3.8632764e-11
      884 |      15 |     141 |       99 |     18 |   149 |   -0.115 |       -7.6 |    157 | sa11_sr\[1\]$_DFF_P_/D
iter:884, pass:26, current fixing endpoint: sa21_sr\[1\]$_DFF_P_/D, endpoint slack:-3.034173e-11
      885 |      15 |     142 |       99 |     18 |   149 |   -0.115 |       -7.6 |    157 | sa11_sr\[1\]$_DFF_P_/D
iter:885, pass:27, current fixing endpoint: sa21_sr\[1\]$_DFF_P_/D, endpoint slack:-2.677969e-11
      886 |      15 |     143 |       99 |     18 |   149 |   -0.115 |       -7.5 |    157 | sa11_sr\[1\]$_DFF_P_/D
iter:886, pass:28, current fixing endpoint: sa21_sr\[1\]$_DFF_P_/D, endpoint slack:-2.666889e-11
      887 |      15 |     143 |       99 |     19 |   149 |   -0.115 |       -7.5 |    157 | sa11_sr\[1\]$_DFF_P_/D
iter:887, pass:29, current fixing endpoint: sa21_sr\[1\]$_DFF_P_/D, endpoint slack:-2.6809666e-11
      888 |      15 |     144 |       99 |     19 |   149 |   -0.115 |       -7.5 |    157 | sa11_sr\[1\]$_DFF_P_/D
iter:888, pass:30, current fixing endpoint: sa21_sr\[1\]$_DFF_P_/D, endpoint slack:-2.8295699e-11
      889 |      15 |     145 |       99 |     19 |   149 |   -0.115 |       -7.5 |    157 | sa11_sr\[1\]$_DFF_P_/D
iter:889, pass:31, current fixing endpoint: sa21_sr\[1\]$_DFF_P_/D, endpoint slack:-2.8816394e-11
      890 |      16 |     145 |       99 |     19 |   149 |   -0.115 |       -7.5 |    157 | sa11_sr\[1\]$_DFF_P_/D
iter:890, pass:32, current fixing endpoint: sa21_sr\[1\]$_DFF_P_/D, endpoint slack:-2.4210522e-11
      891 |      16 |     146 |       99 |     19 |   149 |   -0.115 |       -7.5 |    157 | sa11_sr\[1\]$_DFF_P_/D
iter:891, pass:33, current fixing endpoint: sa21_sr\[1\]$_DFF_P_/D, endpoint slack:-2.3014701e-11
      892 |      16 |     147 |       99 |     19 |   149 |   -0.115 |       -7.5 |    157 | sa11_sr\[1\]$_DFF_P_/D
iter:892, pass:34, current fixing endpoint: sa21_sr\[1\]$_DFF_P_/D, endpoint slack:-2.2939095e-11
      893 |      16 |     147 |       99 |     19 |   150 |   -0.115 |       -7.5 |    157 | sa11_sr\[1\]$_DFF_P_/D
iter:893, pass:35, current fixing endpoint: sa21_sr\[1\]$_DFF_P_/D, endpoint slack:-3.5070502e-11
      894 |      16 |     147 |       99 |     19 |   151 |   -0.115 |       -7.5 |    157 | sa11_sr\[1\]$_DFF_P_/D
iter:894, pass:36, current fixing endpoint: sa21_sr\[1\]$_DFF_P_/D, endpoint slack:-3.1587066e-11
      895 |      16 |     148 |       99 |     19 |   151 |   -0.115 |       -7.5 |    157 | sa11_sr\[1\]$_DFF_P_/D
iter:895, pass:37, current fixing endpoint: sa21_sr\[1\]$_DFF_P_/D, endpoint slack:-2.7361557e-11
      896 |      16 |     149 |       99 |     19 |   151 |   -0.115 |       -7.5 |    157 | sa11_sr\[1\]$_DFF_P_/D
iter:896, pass:38, current fixing endpoint: sa21_sr\[1\]$_DFF_P_/D, endpoint slack:-2.8414049e-11
      897 |      16 |     150 |       99 |     19 |   151 |   -0.115 |       -7.5 |    157 | sa11_sr\[1\]$_DFF_P_/D
iter:897, pass:39, current fixing endpoint: sa21_sr\[1\]$_DFF_P_/D, endpoint slack:-2.3573477e-11
      898 |      16 |     151 |       99 |     19 |   151 |   -0.115 |       -7.5 |    157 | sa11_sr\[1\]$_DFF_P_/D
iter:898, pass:40, current fixing endpoint: sa21_sr\[1\]$_DFF_P_/D, endpoint slack:-2.2503222e-11
      899 |      16 |     151 |       99 |     20 |   151 |   -0.115 |       -7.5 |    157 | sa11_sr\[1\]$_DFF_P_/D
iter:899, pass:41, current fixing endpoint: sa21_sr\[1\]$_DFF_P_/D, endpoint slack:-2.3455016e-11
      900 |      16 |     152 |       99 |     20 |   151 |   -0.115 |       -7.6 |    157 | sa11_sr\[1\]$_DFF_P_/D
iter:900, pass:42, current fixing endpoint: sa21_sr\[1\]$_DFF_P_/D, endpoint slack:-2.5466518e-11
      901 |      16 |     152 |       99 |     20 |   152 |   -0.115 |       -7.6 |    157 | sa11_sr\[1\]$_DFF_P_/D
iter:901, pass:43, current fixing endpoint: sa21_sr\[1\]$_DFF_P_/D, endpoint slack:-3.0702663e-11
      902 |      16 |     153 |       99 |     20 |   152 |   -0.115 |       -7.6 |    157 | sa11_sr\[1\]$_DFF_P_/D
iter:902, pass:44, current fixing endpoint: sa21_sr\[1\]$_DFF_P_/D, endpoint slack:-3.382339e-11
      903 |      16 |     153 |       99 |     20 |   153 |   -0.115 |       -7.6 |    157 | sa11_sr\[1\]$_DFF_P_/D
iter:903, pass:45, current fixing endpoint: sa21_sr\[1\]$_DFF_P_/D, endpoint slack:-2.9051428e-11
      904 |      16 |     153 |       99 |     21 |   153 |   -0.115 |       -7.6 |    157 | sa11_sr\[1\]$_DFF_P_/D
iter:904, pass:46, current fixing endpoint: sa21_sr\[1\]$_DFF_P_/D, endpoint slack:-2.6010971e-11
      905 |      16 |     154 |       99 |     21 |   153 |   -0.115 |       -7.6 |    157 | sa11_sr\[1\]$_DFF_P_/D
iter:905, pass:47, current fixing endpoint: sa21_sr\[1\]$_DFF_P_/D, endpoint slack:-2.6550873e-11
      906 |      16 |     154 |       99 |     22 |   153 |   -0.115 |       -7.6 |    157 | sa11_sr\[1\]$_DFF_P_/D
iter:906, pass:48, current fixing endpoint: sa21_sr\[1\]$_DFF_P_/D, endpoint slack:-2.7715497e-11
      907 |      16 |     155 |       99 |     22 |   153 |   -0.115 |       -7.6 |    157 | sa11_sr\[1\]$_DFF_P_/D
iter:907, pass:49, current fixing endpoint: sa21_sr\[1\]$_DFF_P_/D, endpoint slack:-2.4811597e-11
      908 |      16 |     156 |       99 |     22 |   153 |   -0.115 |       -7.6 |    157 | sa11_sr\[1\]$_DFF_P_/D
iter:908, pass:50, current fixing endpoint: sa21_sr\[1\]$_DFF_P_/D, endpoint slack:-2.3491431e-11
      909 |      16 |     157 |       99 |     22 |   153 |   -0.115 |       -7.6 |    157 | sa11_sr\[1\]$_DFF_P_/D
iter:909, pass:51, current fixing endpoint: sa21_sr\[1\]$_DFF_P_/D, endpoint slack:-2.4614755e-11
      910 |      16 |     158 |       99 |     22 |   153 |   -0.115 |       -7.6 |    157 | sa11_sr\[1\]$_DFF_P_/D
iter:910, pass:52, current fixing endpoint: sa21_sr\[1\]$_DFF_P_/D, endpoint slack:-2.3456903e-11
      911 |      16 |     159 |       99 |     22 |   153 |   -0.115 |       -7.6 |    157 | sa11_sr\[1\]$_DFF_P_/D
iter:911, pass:53, current fixing endpoint: sa21_sr\[1\]$_DFF_P_/D, endpoint slack:-2.3427593e-11
      912 |      16 |     159 |       99 |     22 |   154 |   -0.115 |       -7.6 |    157 | sa11_sr\[1\]$_DFF_P_/D
iter:912, pass:54, current fixing endpoint: sa21_sr\[1\]$_DFF_P_/D, endpoint slack:-2.467937e-11
      913 |      16 |     160 |       99 |     22 |   154 |   -0.115 |       -7.6 |    157 | sa11_sr\[1\]$_DFF_P_/D
iter:913, pass:55, current fixing endpoint: sa21_sr\[1\]$_DFF_P_/D, endpoint slack:-2.210443e-11
      914 |      16 |     161 |       99 |     22 |   154 |   -0.115 |       -7.7 |    157 | sa11_sr\[1\]$_DFF_P_/D
iter:914, pass:56, current fixing endpoint: sa21_sr\[1\]$_DFF_P_/D, endpoint slack:-2.4971136e-11
      915 |      16 |     162 |       99 |     22 |   154 |   -0.115 |       -7.7 |    157 | sa11_sr\[1\]$_DFF_P_/D
iter:915, pass:57, current fixing endpoint: sa21_sr\[1\]$_DFF_P_/D, endpoint slack:-2.686662e-11
      916 |      16 |     162 |       99 |     23 |   154 |   -0.115 |       -7.6 |    157 | sa11_sr\[1\]$_DFF_P_/D
iter:916, pass:58, current fixing endpoint: sa21_sr\[1\]$_DFF_P_/D, endpoint slack:-2.1419644e-11
      917 |      16 |     163 |       99 |     23 |   154 |   -0.115 |       -7.6 |    157 | sa11_sr\[1\]$_DFF_P_/D
iter:917, pass:59, current fixing endpoint: sa21_sr\[1\]$_DFF_P_/D, endpoint slack:-2.1620816e-11
      918 |      16 |     164 |       99 |     23 |   154 |   -0.115 |       -7.8 |    157 | sa11_sr\[1\]$_DFF_P_/D
iter:918, pass:60, current fixing endpoint: sa21_sr\[1\]$_DFF_P_/D, endpoint slack:-2.6318947e-11
      919 |      16 |     165 |       99 |     23 |   154 |   -0.115 |       -7.8 |    157 | sa11_sr\[1\]$_DFF_P_/D
iter:919, pass:61, current fixing endpoint: sa21_sr\[1\]$_DFF_P_/D, endpoint slack:-2.5957014e-11
      920 |      16 |     165 |       99 |     24 |   154 |   -0.115 |       -7.8 |    157 | sa11_sr\[1\]$_DFF_P_/D
iter:920, pass:62, current fixing endpoint: sa21_sr\[1\]$_DFF_P_/D, endpoint slack:-2.6163072e-11
      921 |      16 |     166 |       99 |     24 |   154 |   -0.115 |       -7.8 |    157 | sa11_sr\[1\]$_DFF_P_/D
iter:921, pass:63, current fixing endpoint: sa21_sr\[1\]$_DFF_P_/D, endpoint slack:-2.2944424e-11
      922 |      16 |     167 |       99 |     24 |   154 |   -0.115 |       -7.8 |    157 | sa11_sr\[1\]$_DFF_P_/D
iter:922, pass:64, current fixing endpoint: sa21_sr\[1\]$_DFF_P_/D, endpoint slack:-2.204592e-11
      923 |      16 |     167 |       99 |     25 |   154 |   -0.115 |       -7.8 |    157 | sa11_sr\[1\]$_DFF_P_/D
iter:923, pass:65, current fixing endpoint: sa21_sr\[1\]$_DFF_P_/D, endpoint slack:-2.2537083e-11
      923 |      16 |     162 |       99 |     23 |   154 |   -0.115 |       -7.7 |    157 | sa11_sr\[1\]$_DFF_P_/D
      924 |      16 |     162 |       99 |     23 |   154 |   -0.115 |       -7.7 |    157 | sa11_sr\[1\]$_DFF_P_/D
iter:924, pass:1, current fixing endpoint: sa03_sr\[5\]$_DFF_P_/D, endpoint slack:-2.205569e-11
      925 |      16 |     162 |       99 |     23 |   155 |   -0.115 |       -7.7 |    157 | sa11_sr\[1\]$_DFF_P_/D
iter:925, pass:2, current fixing endpoint: sa03_sr\[5\]$_DFF_P_/D, endpoint slack:-2.2625013e-11
      926 |      16 |     162 |       99 |     23 |   156 |   -0.115 |       -7.7 |    157 | sa11_sr\[1\]$_DFF_P_/D
iter:926, pass:3, current fixing endpoint: sa03_sr\[5\]$_DFF_P_/D, endpoint slack:-2.0192181e-11
      927 |      16 |     163 |       99 |     23 |   156 |   -0.115 |       -7.7 |    157 | sa11_sr\[1\]$_DFF_P_/D
iter:927, pass:4, current fixing endpoint: sa03_sr\[5\]$_DFF_P_/D, endpoint slack:-2.593692e-11
      928 |      16 |     163 |       99 |     23 |   157 |   -0.115 |       -7.7 |    157 | sa11_sr\[1\]$_DFF_P_/D
iter:928, pass:5, current fixing endpoint: sa03_sr\[5\]$_DFF_P_/D, endpoint slack:-2.0067614e-11
      929 |      16 |     164 |       99 |     23 |   157 |   -0.115 |       -7.7 |    157 | sa11_sr\[1\]$_DFF_P_/D
iter:929, pass:6, current fixing endpoint: sa03_sr\[5\]$_DFF_P_/D, endpoint slack:-1.8573698e-11
      930 |      16 |     164 |      101 |     23 |   157 |   -0.115 |       -7.7 |    157 | sa11_sr\[1\]$_DFF_P_/D
iter:930, pass:7, current fixing endpoint: sa03_sr\[5\]$_DFF_P_/D, endpoint slack:-1.808731e-11
      931 |      16 |     165 |      101 |     23 |   157 |   -0.115 |       -7.7 |    157 | sa11_sr\[1\]$_DFF_P_/D
iter:931, pass:8, current fixing endpoint: sa03_sr\[5\]$_DFF_P_/D, endpoint slack:-2.081002e-11
      932 |      16 |     165 |      101 |     23 |   158 |   -0.115 |       -7.7 |    157 | sa11_sr\[1\]$_DFF_P_/D
iter:932, pass:9, current fixing endpoint: sa03_sr\[5\]$_DFF_P_/D, endpoint slack:-2.1100788e-11
      933 |      16 |     166 |      101 |     23 |   158 |   -0.115 |       -7.7 |    157 | sa11_sr\[1\]$_DFF_P_/D
iter:933, pass:10, current fixing endpoint: sa03_sr\[5\]$_DFF_P_/D, endpoint slack:-1.5206059e-11
      934 |      16 |     167 |      101 |     23 |   158 |   -0.115 |       -7.7 |    157 | sa11_sr\[1\]$_DFF_P_/D
iter:934, pass:11, current fixing endpoint: sa03_sr\[5\]$_DFF_P_/D, endpoint slack:-1.3613333e-11
      935 |      16 |     167 |      101 |     23 |   159 |   -0.115 |       -7.7 |    157 | sa11_sr\[1\]$_DFF_P_/D
iter:935, pass:12, current fixing endpoint: sa03_sr\[5\]$_DFF_P_/D, endpoint slack:-1.3311685e-11
      936 |      16 |     167 |      101 |     23 |   160 |   -0.115 |       -7.7 |    157 | sa11_sr\[1\]$_DFF_P_/D
iter:936, pass:13, current fixing endpoint: sa03_sr\[5\]$_DFF_P_/D, endpoint slack:-1.0427215e-11
      937 |      16 |     167 |      101 |     23 |   161 |   -0.115 |       -7.7 |    157 | sa11_sr\[1\]$_DFF_P_/D
iter:937, pass:14, current fixing endpoint: sa03_sr\[5\]$_DFF_P_/D, endpoint slack:-9.799717e-12
      937 |      16 |     167 |      101 |     23 |   161 |   -0.115 |       -7.7 |    157 | sa11_sr\[1\]$_DFF_P_/D
      938 |      16 |     167 |      101 |     23 |   161 |   -0.115 |       -7.7 |    157 | sa11_sr\[1\]$_DFF_P_/D
iter:938, pass:1, current fixing endpoint: sa32_sr\[0\]$_DFF_P_/D, endpoint slack:-5.508316e-11
      939 |      16 |     167 |      101 |     23 |   162 |   -0.115 |       -7.7 |    157 | sa11_sr\[1\]$_DFF_P_/D
iter:939, pass:2, current fixing endpoint: sa32_sr\[0\]$_DFF_P_/D, endpoint slack:-6.084544e-11
      940 |      16 |     168 |      101 |     23 |   162 |   -0.115 |       -7.7 |    157 | sa11_sr\[1\]$_DFF_P_/D
iter:940, pass:3, current fixing endpoint: sa32_sr\[0\]$_DFF_P_/D, endpoint slack:-6.277223e-11
      941 |      16 |     168 |      101 |     23 |   163 |   -0.115 |       -7.7 |    157 | sa11_sr\[1\]$_DFF_P_/D
iter:941, pass:4, current fixing endpoint: sa32_sr\[0\]$_DFF_P_/D, endpoint slack:-7.044043e-11
      942 |      16 |     168 |      101 |     23 |   164 |   -0.115 |       -7.7 |    157 | sa11_sr\[1\]$_DFF_P_/D
iter:942, pass:5, current fixing endpoint: sa32_sr\[0\]$_DFF_P_/D, endpoint slack:-6.27719e-11
      943 |      16 |     169 |      101 |     23 |   164 |   -0.119 |       -7.7 |    157 | sa32_sr\[3\]$_DFF_P_/D
iter:943, pass:6, current fixing endpoint: sa32_sr\[0\]$_DFF_P_/D, endpoint slack:-6.372469e-11
      944 |      16 |     169 |      101 |     23 |   165 |   -0.119 |       -7.7 |    157 | sa32_sr\[3\]$_DFF_P_/D
iter:944, pass:7, current fixing endpoint: sa32_sr\[0\]$_DFF_P_/D, endpoint slack:-6.5953354e-11
      945 |      16 |     170 |      101 |     23 |   165 |   -0.119 |       -7.7 |    157 | sa32_sr\[3\]$_DFF_P_/D
iter:945, pass:8, current fixing endpoint: sa32_sr\[0\]$_DFF_P_/D, endpoint slack:-6.543899e-11
      946 |      16 |     170 |      103 |     23 |   165 |   -0.119 |       -7.7 |    157 | sa32_sr\[3\]$_DFF_P_/D
iter:946, pass:9, current fixing endpoint: sa32_sr\[0\]$_DFF_P_/D, endpoint slack:-6.460954e-11
      947 |      16 |     170 |      103 |     23 |   166 |   -0.119 |       -7.7 |    157 | sa32_sr\[3\]$_DFF_P_/D
iter:947, pass:10, current fixing endpoint: sa32_sr\[0\]$_DFF_P_/D, endpoint slack:-6.992795e-11
      948 |      16 |     171 |      103 |     23 |   166 |   -0.121 |       -7.7 |    157 | sa32_sr\[3\]$_DFF_P_/D
iter:948, pass:11, current fixing endpoint: sa32_sr\[0\]$_DFF_P_/D, endpoint slack:-6.748779e-11
      949 |      16 |     172 |      103 |     23 |   166 |   -0.121 |       -7.7 |    157 | sa32_sr\[3\]$_DFF_P_/D
iter:949, pass:12, current fixing endpoint: sa32_sr\[0\]$_DFF_P_/D, endpoint slack:-6.374257e-11
      950 |      16 |     172 |      105 |     23 |   166 |   -0.115 |       -7.9 |    157 | sa11_sr\[1\]$_DFF_P_/D
iter:950, pass:13, current fixing endpoint: sa32_sr\[0\]$_DFF_P_/D, endpoint slack:-9.1809005e-11
      951 |      16 |     173 |      105 |     23 |   166 |   -0.115 |       -7.8 |    157 | sa11_sr\[1\]$_DFF_P_/D
iter:951, pass:14, current fixing endpoint: sa32_sr\[0\]$_DFF_P_/D, endpoint slack:-8.188017e-11
      952 |      16 |     174 |      105 |     23 |   166 |   -0.116 |       -7.8 |    157 | sa32_sr\[3\]$_DFF_P_/D
iter:952, pass:15, current fixing endpoint: sa32_sr\[0\]$_DFF_P_/D, endpoint slack:-7.9577345e-11
      953 |      16 |     174 |      105 |     23 |   167 |   -0.116 |       -7.8 |    157 | sa32_sr\[3\]$_DFF_P_/D
iter:953, pass:16, current fixing endpoint: sa32_sr\[0\]$_DFF_P_/D, endpoint slack:-7.853074e-11
      954 |      16 |     175 |      105 |     23 |   167 |   -0.116 |       -7.8 |    157 | sa32_sr\[3\]$_DFF_P_/D
iter:954, pass:17, current fixing endpoint: sa32_sr\[0\]$_DFF_P_/D, endpoint slack:-7.4275586e-11
      955 |      16 |     176 |      105 |     23 |   167 |   -0.116 |       -7.8 |    157 | sa32_sr\[3\]$_DFF_P_/D
iter:955, pass:18, current fixing endpoint: sa32_sr\[0\]$_DFF_P_/D, endpoint slack:-7.308609e-11
      956 |      16 |     177 |      105 |     23 |   167 |   -0.116 |       -7.8 |    157 | sa32_sr\[3\]$_DFF_P_/D
iter:956, pass:19, current fixing endpoint: sa32_sr\[0\]$_DFF_P_/D, endpoint slack:-7.498413e-11
      957 |      16 |     178 |      105 |     23 |   167 |   -0.116 |       -7.8 |    157 | sa32_sr\[3\]$_DFF_P_/D
iter:957, pass:20, current fixing endpoint: sa32_sr\[0\]$_DFF_P_/D, endpoint slack:-7.393264e-11
      958 |      16 |     179 |      105 |     23 |   167 |   -0.116 |       -7.8 |    157 | sa32_sr\[3\]$_DFF_P_/D
iter:958, pass:21, current fixing endpoint: sa32_sr\[0\]$_DFF_P_/D, endpoint slack:-6.739853e-11
      959 |      16 |     180 |      105 |     23 |   167 |   -0.116 |       -7.8 |    157 | sa32_sr\[3\]$_DFF_P_/D
iter:959, pass:22, current fixing endpoint: sa32_sr\[0\]$_DFF_P_/D, endpoint slack:-7.1117556e-11
      960 |      16 |     180 |      105 |     23 |   168 |   -0.116 |       -7.8 |    157 | sa32_sr\[3\]$_DFF_P_/D
iter:960, pass:23, current fixing endpoint: sa32_sr\[0\]$_DFF_P_/D, endpoint slack:-7.240719e-11
      961 |      16 |     180 |      105 |     24 |   168 |   -0.116 |       -7.8 |    157 | sa32_sr\[3\]$_DFF_P_/D
iter:961, pass:24, current fixing endpoint: sa32_sr\[0\]$_DFF_P_/D, endpoint slack:-7.0268125e-11
      961 |      16 |     171 |      103 |     23 |   161 |   -0.115 |       -7.7 |    157 | sa11_sr\[1\]$_DFF_P_/D
      962 |      16 |     171 |      103 |     23 |   161 |   -0.115 |       -7.7 |    157 | sa11_sr\[1\]$_DFF_P_/D
iter:962, pass:1, current fixing endpoint: sa12_sr\[3\]$_DFF_P_/D, endpoint slack:-5.758727e-11
      963 |      16 |     171 |      103 |     23 |   162 |   -0.115 |       -7.7 |    157 | sa11_sr\[1\]$_DFF_P_/D
iter:963, pass:2, current fixing endpoint: sa12_sr\[3\]$_DFF_P_/D, endpoint slack:-7.029988e-11
      964 |      16 |     171 |      103 |     23 |   163 |   -0.115 |       -7.7 |    157 | sa11_sr\[1\]$_DFF_P_/D
iter:964, pass:3, current fixing endpoint: sa12_sr\[3\]$_DFF_P_/D, endpoint slack:-6.52397e-11
      965 |      16 |     171 |      103 |     23 |   164 |   -0.115 |       -7.7 |    157 | sa11_sr\[1\]$_DFF_P_/D
iter:965, pass:4, current fixing endpoint: sa12_sr\[3\]$_DFF_P_/D, endpoint slack:-7.39393e-11
      966 |      16 |     172 |      103 |     23 |   164 |   -0.115 |       -7.7 |    157 | sa11_sr\[1\]$_DFF_P_/D
iter:966, pass:5, current fixing endpoint: sa12_sr\[3\]$_DFF_P_/D, endpoint slack:-7.490775e-11
      967 |      17 |     172 |      103 |     23 |   164 |   -0.115 |       -7.7 |    157 | sa11_sr\[1\]$_DFF_P_/D
iter:967, pass:6, current fixing endpoint: sa12_sr\[3\]$_DFF_P_/D, endpoint slack:-5.894496e-11
      968 |      17 |     173 |      103 |     23 |   164 |   -0.115 |       -7.7 |    157 | sa11_sr\[1\]$_DFF_P_/D
iter:968, pass:7, current fixing endpoint: sa12_sr\[3\]$_DFF_P_/D, endpoint slack:-5.933565e-11
      969 |      17 |     173 |      103 |     23 |   165 |   -0.115 |       -7.7 |    157 | sa11_sr\[1\]$_DFF_P_/D
iter:969, pass:8, current fixing endpoint: sa12_sr\[3\]$_DFF_P_/D, endpoint slack:-6.453538e-11
      970 |      17 |     173 |      103 |     23 |   166 |   -0.115 |       -7.7 |    157 | sa11_sr\[1\]$_DFF_P_/D
iter:970, pass:9, current fixing endpoint: sa12_sr\[3\]$_DFF_P_/D, endpoint slack:-6.7936434e-11
      971 |      17 |     173 |      103 |     23 |   167 |   -0.115 |       -7.7 |    157 | sa11_sr\[1\]$_DFF_P_/D
iter:971, pass:10, current fixing endpoint: sa12_sr\[3\]$_DFF_P_/D, endpoint slack:-6.832557e-11
      971 |      16 |     171 |      103 |     23 |   161 |   -0.115 |       -7.7 |    157 | sa11_sr\[1\]$_DFF_P_/D
      972 |      16 |     171 |      103 |     23 |   161 |   -0.115 |       -7.7 |    157 | sa11_sr\[1\]$_DFF_P_/D
iter:972, pass:1, current fixing endpoint: sa12_sr\[7\]$_DFF_P_/D, endpoint slack:-6.398193e-11
      973 |      16 |     171 |      103 |     23 |   162 |   -0.115 |       -7.7 |    157 | sa11_sr\[1\]$_DFF_P_/D
iter:973, pass:2, current fixing endpoint: sa12_sr\[7\]$_DFF_P_/D, endpoint slack:-6.8317796e-11
      974 |      16 |     172 |      103 |     23 |   162 |   -0.115 |       -7.7 |    157 | sa11_sr\[1\]$_DFF_P_/D
iter:974, pass:3, current fixing endpoint: sa12_sr\[7\]$_DFF_P_/D, endpoint slack:-6.423173e-11
      975 |      16 |     172 |      103 |     23 |   163 |   -0.115 |       -7.7 |    157 | sa11_sr\[1\]$_DFF_P_/D
iter:975, pass:4, current fixing endpoint: sa12_sr\[7\]$_DFF_P_/D, endpoint slack:-6.577039e-11
      976 |      16 |     172 |      103 |     23 |   164 |   -0.115 |       -7.7 |    157 | sa11_sr\[1\]$_DFF_P_/D
iter:976, pass:5, current fixing endpoint: sa12_sr\[7\]$_DFF_P_/D, endpoint slack:-7.076495e-11
      976 |      16 |     171 |      103 |     23 |   161 |   -0.115 |       -7.7 |    157 | sa11_sr\[1\]$_DFF_P_/D
      977 |      16 |     171 |      103 |     23 |   161 |   -0.115 |       -7.7 |    157 | sa11_sr\[1\]$_DFF_P_/D
iter:977, pass:1, current fixing endpoint: sa00_sr\[5\]$_DFF_P_/D, endpoint slack:-5.173706e-11
      978 |      16 |     171 |      103 |     23 |   162 |   -0.115 |       -7.7 |    157 | sa11_sr\[1\]$_DFF_P_/D
iter:978, pass:2, current fixing endpoint: sa00_sr\[5\]$_DFF_P_/D, endpoint slack:-3.8852588e-11
      979 |      16 |     171 |      103 |     23 |   163 |   -0.115 |       -7.7 |    157 | sa11_sr\[1\]$_DFF_P_/D
iter:979, pass:3, current fixing endpoint: sa00_sr\[5\]$_DFF_P_/D, endpoint slack:-5.4879767e-11
      980 |      16 |     171 |      103 |     23 |   164 |   -0.115 |       -7.7 |    157 | sa11_sr\[1\]$_DFF_P_/D
iter:980, pass:4, current fixing endpoint: sa00_sr\[5\]$_DFF_P_/D, endpoint slack:-5.7362226e-11
      981 |      16 |     172 |      103 |     23 |   164 |   -0.115 |       -7.7 |    157 | sa11_sr\[1\]$_DFF_P_/D
iter:981, pass:5, current fixing endpoint: sa00_sr\[5\]$_DFF_P_/D, endpoint slack:-5.823575e-11
      982 |      16 |     172 |      103 |     23 |   165 |   -0.115 |       -7.7 |    157 | sa11_sr\[1\]$_DFF_P_/D
iter:982, pass:6, current fixing endpoint: sa00_sr\[5\]$_DFF_P_/D, endpoint slack:-5.8563265e-11
      983 |      16 |     172 |      103 |     23 |   166 |   -0.115 |       -7.7 |    157 | sa11_sr\[1\]$_DFF_P_/D
iter:983, pass:7, current fixing endpoint: sa00_sr\[5\]$_DFF_P_/D, endpoint slack:-5.465728e-11
      984 |      16 |     173 |      103 |     23 |   166 |   -0.115 |       -7.7 |    157 | sa11_sr\[1\]$_DFF_P_/D
iter:984, pass:8, current fixing endpoint: sa00_sr\[5\]$_DFF_P_/D, endpoint slack:-5.4940608e-11
      985 |      16 |     173 |      103 |     24 |   166 |   -0.115 |       -7.7 |    157 | sa11_sr\[1\]$_DFF_P_/D
iter:985, pass:9, current fixing endpoint: sa00_sr\[5\]$_DFF_P_/D, endpoint slack:-5.525258e-11
      985 |      16 |     171 |      103 |     23 |   162 |   -0.115 |       -7.7 |    157 | sa11_sr\[1\]$_DFF_P_/D
      986 |      16 |     171 |      103 |     23 |   162 |   -0.115 |       -7.7 |    157 | sa11_sr\[1\]$_DFF_P_/D
iter:986, pass:1, current fixing endpoint: sa33_sr\[5\]$_DFF_P_/D, endpoint slack:-6.784795e-11
      987 |      16 |     172 |      103 |     23 |   162 |   -0.115 |       -7.7 |    157 | sa11_sr\[1\]$_DFF_P_/D
iter:987, pass:2, current fixing endpoint: sa33_sr\[5\]$_DFF_P_/D, endpoint slack:-6.759715e-11
      988 |      16 |     172 |      103 |     23 |   163 |   -0.115 |       -7.7 |    157 | sa11_sr\[1\]$_DFF_P_/D
iter:988, pass:3, current fixing endpoint: sa33_sr\[5\]$_DFF_P_/D, endpoint slack:-6.6855965e-11
      989 |      16 |     173 |      103 |     23 |   163 |   -0.115 |       -7.7 |    157 | sa11_sr\[1\]$_DFF_P_/D
iter:989, pass:4, current fixing endpoint: sa33_sr\[5\]$_DFF_P_/D, endpoint slack:-7.17727e-11
      990 |      16 |     174 |      103 |     23 |   163 |   -0.115 |       -7.7 |    157 | sa11_sr\[1\]$_DFF_P_/D
iter:990, pass:5, current fixing endpoint: sa33_sr\[5\]$_DFF_P_/D, endpoint slack:-6.855727e-11
      991 |      16 |     175 |      103 |     23 |   163 |   -0.115 |       -7.7 |    157 | sa11_sr\[1\]$_DFF_P_/D
iter:991, pass:6, current fixing endpoint: sa33_sr\[5\]$_DFF_P_/D, endpoint slack:-7.08692e-11
      992 |      16 |     176 |      103 |     23 |   163 |   -0.115 |       -7.7 |    157 | sa11_sr\[1\]$_DFF_P_/D
iter:992, pass:7, current fixing endpoint: sa33_sr\[5\]$_DFF_P_/D, endpoint slack:-7.159451e-11
      993 |      16 |     176 |      103 |     23 |   164 |   -0.115 |       -7.7 |    157 | sa11_sr\[1\]$_DFF_P_/D
iter:993, pass:8, current fixing endpoint: sa33_sr\[5\]$_DFF_P_/D, endpoint slack:-6.64111e-11
      994 |      16 |     177 |      103 |     23 |   164 |   -0.115 |       -7.7 |    157 | sa11_sr\[1\]$_DFF_P_/D
iter:994, pass:9, current fixing endpoint: sa33_sr\[5\]$_DFF_P_/D, endpoint slack:-6.818701e-11
      995 |      16 |     177 |      103 |     23 |   165 |   -0.115 |       -7.7 |    157 | sa11_sr\[1\]$_DFF_P_/D
iter:995, pass:10, current fixing endpoint: sa33_sr\[5\]$_DFF_P_/D, endpoint slack:-7.361578e-11
      996 |      16 |     177 |      103 |     23 |   166 |   -0.115 |       -7.7 |    157 | sa11_sr\[1\]$_DFF_P_/D
iter:996, pass:11, current fixing endpoint: sa33_sr\[5\]$_DFF_P_/D, endpoint slack:-7.514178e-11
      997 |      16 |     177 |      103 |     23 |   167 |   -0.115 |       -7.7 |    157 | sa11_sr\[1\]$_DFF_P_/D
iter:997, pass:12, current fixing endpoint: sa33_sr\[5\]$_DFF_P_/D, endpoint slack:-7.3352546e-11
      998 |      16 |     177 |      106 |     23 |   167 |   -0.115 |       -7.7 |    157 | sa11_sr\[1\]$_DFF_P_/D
iter:998, pass:13, current fixing endpoint: sa33_sr\[5\]$_DFF_P_/D, endpoint slack:-6.41972e-11
      999 |      16 |     178 |      106 |     23 |   167 |   -0.115 |       -7.7 |    157 | sa11_sr\[1\]$_DFF_P_/D
iter:999, pass:14, current fixing endpoint: sa33_sr\[5\]$_DFF_P_/D, endpoint slack:-6.3600014e-11
     1000 |      16 |     178 |      106 |     23 |   168 |   -0.115 |       -7.7 |    157 | sa11_sr\[1\]$_DFF_P_/D
iter:1000, pass:15, current fixing endpoint: sa33_sr\[5\]$_DFF_P_/D, endpoint slack:-6.634371e-11
     1001 |      16 |     178 |      106 |     23 |   169 |   -0.115 |       -7.7 |    157 | sa11_sr\[1\]$_DFF_P_/D
iter:1001, pass:16, current fixing endpoint: sa33_sr\[5\]$_DFF_P_/D, endpoint slack:-6.881051e-11
     1001 |      16 |     178 |      106 |     23 |   167 |   -0.115 |       -7.7 |    157 | sa11_sr\[1\]$_DFF_P_/D
     1002 |      16 |     178 |      106 |     23 |   167 |   -0.115 |       -7.7 |    157 | sa11_sr\[1\]$_DFF_P_/D
iter:1002, pass:1, current fixing endpoint: sa12_sr\[2\]$_DFF_P_/D, endpoint slack:-6.0087824e-11
     1003 |      16 |     179 |      106 |     23 |   167 |   -0.115 |       -7.7 |    157 | sa11_sr\[1\]$_DFF_P_/D
iter:1003, pass:2, current fixing endpoint: sa12_sr\[2\]$_DFF_P_/D, endpoint slack:-5.1821547e-11
     1004 |      16 |     179 |      106 |     23 |   168 |   -0.115 |       -7.7 |    157 | sa11_sr\[1\]$_DFF_P_/D
iter:1004, pass:3, current fixing endpoint: sa12_sr\[2\]$_DFF_P_/D, endpoint slack:-5.930989e-11
     1005 |      16 |     179 |      106 |     23 |   169 |   -0.115 |       -7.7 |    157 | sa11_sr\[1\]$_DFF_P_/D
iter:1005, pass:4, current fixing endpoint: sa12_sr\[2\]$_DFF_P_/D, endpoint slack:-7.539003e-11
     1006 |      16 |     180 |      106 |     23 |   169 |   -0.115 |       -7.7 |    157 | sa11_sr\[1\]$_DFF_P_/D
iter:1006, pass:5, current fixing endpoint: sa12_sr\[2\]$_DFF_P_/D, endpoint slack:-7.9081186e-11
     1007 |      16 |     180 |      108 |     23 |   169 |   -0.115 |       -7.7 |    157 | sa11_sr\[1\]$_DFF_P_/D
iter:1007, pass:6, current fixing endpoint: sa12_sr\[2\]$_DFF_P_/D, endpoint slack:-7.484968e-11
     1008 |      16 |     181 |      108 |     23 |   169 |   -0.115 |       -7.7 |    157 | sa11_sr\[1\]$_DFF_P_/D
iter:1008, pass:7, current fixing endpoint: sa12_sr\[2\]$_DFF_P_/D, endpoint slack:-7.361589e-11
     1009 |      16 |     181 |      108 |     23 |   170 |   -0.115 |       -7.7 |    157 | sa11_sr\[1\]$_DFF_P_/D
iter:1009, pass:8, current fixing endpoint: sa12_sr\[2\]$_DFF_P_/D, endpoint slack:-6.93271e-11
     1010 |      16 |     182 |      108 |     23 |   170 |   -0.115 |       -7.7 |    157 | sa11_sr\[1\]$_DFF_P_/D
iter:1010, pass:9, current fixing endpoint: sa12_sr\[2\]$_DFF_P_/D, endpoint slack:-6.617473e-11
     1011 |      16 |     182 |      108 |     23 |   171 |   -0.115 |       -7.7 |    157 | sa11_sr\[1\]$_DFF_P_/D
iter:1011, pass:10, current fixing endpoint: sa12_sr\[2\]$_DFF_P_/D, endpoint slack:-6.460266e-11
     1011 |      16 |     179 |      107 |     23 |   167 |   -0.115 |       -7.7 |    157 | sa11_sr\[1\]$_DFF_P_/D
     1012 |      16 |     179 |      107 |     23 |   167 |   -0.115 |       -7.7 |    157 | sa11_sr\[1\]$_DFF_P_/D
iter:1012, pass:1, current fixing endpoint: u0.u2.d\[0\]$_DFF_P_/D, endpoint slack:-4.897527e-11
     1013 |      16 |     179 |      107 |     23 |   168 |   -0.115 |       -7.7 |    157 | sa11_sr\[1\]$_DFF_P_/D
iter:1013, pass:2, current fixing endpoint: u0.u2.d\[0\]$_DFF_P_/D, endpoint slack:-4.6103676e-11
     1014 |      16 |     180 |      107 |     23 |   168 |   -0.115 |       -7.7 |    157 | sa11_sr\[1\]$_DFF_P_/D
iter:1014, pass:3, current fixing endpoint: u0.u2.d\[0\]$_DFF_P_/D, endpoint slack:-4.619849e-11
     1015 |      16 |     180 |      107 |     23 |   169 |   -0.115 |       -7.7 |    157 | sa11_sr\[1\]$_DFF_P_/D
iter:1015, pass:4, current fixing endpoint: u0.u2.d\[0\]$_DFF_P_/D, endpoint slack:-5.9198424e-11
     1016 |      16 |     180 |      107 |     23 |   170 |   -0.115 |       -7.7 |    157 | sa11_sr\[1\]$_DFF_P_/D
iter:1016, pass:5, current fixing endpoint: u0.u2.d\[0\]$_DFF_P_/D, endpoint slack:-5.5560112e-11
     1017 |      16 |     181 |      107 |     23 |   170 |   -0.115 |       -7.7 |    157 | sa11_sr\[1\]$_DFF_P_/D
iter:1017, pass:6, current fixing endpoint: u0.u2.d\[0\]$_DFF_P_/D, endpoint slack:-5.484757e-11
     1018 |      16 |     181 |      107 |     23 |   171 |   -0.115 |       -7.7 |    157 | sa11_sr\[1\]$_DFF_P_/D
iter:1018, pass:7, current fixing endpoint: u0.u2.d\[0\]$_DFF_P_/D, endpoint slack:-5.716705e-11
     1019 |      16 |     182 |      107 |     23 |   171 |   -0.115 |       -7.7 |    157 | sa11_sr\[1\]$_DFF_P_/D
iter:1019, pass:8, current fixing endpoint: u0.u2.d\[0\]$_DFF_P_/D, endpoint slack:-5.6745497e-11
     1020 |      16 |     182 |      107 |     24 |   171 |   -0.115 |       -7.7 |    157 | sa11_sr\[1\]$_DFF_P_/D
iter:1020, pass:9, current fixing endpoint: u0.u2.d\[0\]$_DFF_P_/D, endpoint slack:-5.2860716e-11
     1021 |      16 |     182 |      107 |     25 |   171 |   -0.115 |       -7.7 |    157 | sa11_sr\[1\]$_DFF_P_/D
iter:1021, pass:10, current fixing endpoint: u0.u2.d\[0\]$_DFF_P_/D, endpoint slack:-5.2736482e-11
     1021 |      16 |     179 |      107 |     23 |   168 |   -0.115 |       -7.7 |    157 | sa11_sr\[1\]$_DFF_P_/D
     1022 |      16 |     179 |      107 |     23 |   168 |   -0.115 |       -7.7 |    157 | sa11_sr\[1\]$_DFF_P_/D
iter:1022, pass:1, current fixing endpoint: sa21_sr\[2\]$_DFF_P_/D, endpoint slack:-5.1269766e-11
     1023 |      16 |     179 |      107 |     23 |   169 |   -0.115 |       -7.7 |    157 | sa11_sr\[1\]$_DFF_P_/D
iter:1023, pass:2, current fixing endpoint: sa21_sr\[2\]$_DFF_P_/D, endpoint slack:-6.426337e-11
     1024 |      16 |     179 |      109 |     23 |   169 |   -0.115 |       -7.7 |    157 | sa11_sr\[1\]$_DFF_P_/D
iter:1024, pass:3, current fixing endpoint: sa21_sr\[2\]$_DFF_P_/D, endpoint slack:-5.638745e-11
     1025 |      16 |     179 |      109 |     23 |   170 |   -0.115 |       -7.7 |    157 | sa11_sr\[1\]$_DFF_P_/D
iter:1025, pass:4, current fixing endpoint: sa21_sr\[2\]$_DFF_P_/D, endpoint slack:-6.0694894e-11
     1026 |      16 |     180 |      109 |     23 |   170 |   -0.115 |       -7.7 |    157 | sa11_sr\[1\]$_DFF_P_/D
iter:1026, pass:5, current fixing endpoint: sa21_sr\[2\]$_DFF_P_/D, endpoint slack:-6.1877614e-11
     1027 |      16 |     180 |      109 |     23 |   171 |   -0.115 |       -7.7 |    157 | sa11_sr\[1\]$_DFF_P_/D
iter:1027, pass:6, current fixing endpoint: sa21_sr\[2\]$_DFF_P_/D, endpoint slack:-6.734302e-11
     1028 |      16 |     181 |      109 |     23 |   171 |   -0.115 |       -7.7 |    157 | sa11_sr\[1\]$_DFF_P_/D
iter:1028, pass:7, current fixing endpoint: sa21_sr\[2\]$_DFF_P_/D, endpoint slack:-6.198997e-11
     1029 |      16 |     182 |      109 |     23 |   171 |   -0.115 |       -7.7 |    157 | sa11_sr\[1\]$_DFF_P_/D
iter:1029, pass:8, current fixing endpoint: sa21_sr\[2\]$_DFF_P_/D, endpoint slack:-6.180956e-11
     1030 |      16 |     183 |      109 |     23 |   171 |   -0.115 |       -7.7 |    157 | sa11_sr\[1\]$_DFF_P_/D
iter:1030, pass:9, current fixing endpoint: sa21_sr\[2\]$_DFF_P_/D, endpoint slack:-6.242307e-11
     1031 |      16 |     184 |      109 |     23 |   171 |   -0.115 |       -7.8 |    157 | sa11_sr\[1\]$_DFF_P_/D
iter:1031, pass:10, current fixing endpoint: sa21_sr\[2\]$_DFF_P_/D, endpoint slack:-6.503453e-11
     1032 |      16 |     184 |      109 |     23 |   172 |   -0.115 |       -7.8 |    157 | sa11_sr\[1\]$_DFF_P_/D
iter:1032, pass:11, current fixing endpoint: sa21_sr\[2\]$_DFF_P_/D, endpoint slack:-6.321332e-11
     1033 |      16 |     185 |      109 |     23 |   172 |   -0.115 |       -7.8 |    157 | sa11_sr\[1\]$_DFF_P_/D
iter:1033, pass:12, current fixing endpoint: sa21_sr\[2\]$_DFF_P_/D, endpoint slack:-6.318046e-11
     1034 |      16 |     185 |      109 |     23 |   173 |   -0.115 |       -7.8 |    157 | sa11_sr\[1\]$_DFF_P_/D
iter:1034, pass:13, current fixing endpoint: sa21_sr\[2\]$_DFF_P_/D, endpoint slack:-5.161893e-11
     1035 |      16 |     185 |      109 |     23 |   174 |   -0.115 |       -7.8 |    157 | sa11_sr\[1\]$_DFF_P_/D
iter:1035, pass:14, current fixing endpoint: sa21_sr\[2\]$_DFF_P_/D, endpoint slack:-5.3282267e-11
     1036 |      16 |     186 |      109 |     23 |   174 |   -0.115 |       -7.8 |    157 | sa11_sr\[1\]$_DFF_P_/D
iter:1036, pass:15, current fixing endpoint: sa21_sr\[2\]$_DFF_P_/D, endpoint slack:-5.3379856e-11
     1037 |      16 |     186 |      109 |     24 |   174 |   -0.115 |       -7.8 |    157 | sa11_sr\[1\]$_DFF_P_/D
iter:1037, pass:16, current fixing endpoint: sa21_sr\[2\]$_DFF_P_/D, endpoint slack:-5.112588e-11
     1038 |      16 |     187 |      109 |     24 |   174 |   -0.115 |       -7.8 |    157 | sa11_sr\[1\]$_DFF_P_/D
iter:1038, pass:17, current fixing endpoint: sa21_sr\[2\]$_DFF_P_/D, endpoint slack:-5.0726534e-11
     1039 |      17 |     187 |      109 |     24 |   174 |   -0.115 |       -7.8 |    157 | sa11_sr\[1\]$_DFF_P_/D
iter:1039, pass:18, current fixing endpoint: sa21_sr\[2\]$_DFF_P_/D, endpoint slack:-4.7641335e-11
     1040 |      17 |     187 |      109 |     25 |   174 |   -0.115 |       -7.8 |    157 | sa11_sr\[1\]$_DFF_P_/D
iter:1040, pass:19, current fixing endpoint: sa21_sr\[2\]$_DFF_P_/D, endpoint slack:-4.3756e-11
     1040 |      17 |     187 |      109 |     25 |   174 |   -0.115 |       -7.8 |    157 | sa11_sr\[1\]$_DFF_P_/D
     1041 |      17 |     187 |      109 |     25 |   174 |   -0.115 |       -7.8 |    157 | sa11_sr\[1\]$_DFF_P_/D
iter:1041, pass:1, current fixing endpoint: sa20_sr\[4\]$_DFF_P_/D, endpoint slack:-6.351841e-11
     1042 |      17 |     187 |      111 |     25 |   174 |   -0.115 |       -7.8 |    157 | sa11_sr\[1\]$_DFF_P_/D
iter:1042, pass:2, current fixing endpoint: sa20_sr\[4\]$_DFF_P_/D, endpoint slack:-5.616063e-11
     1043 |      17 |     187 |      111 |     25 |   175 |   -0.115 |       -7.8 |    157 | sa11_sr\[1\]$_DFF_P_/D
iter:1043, pass:3, current fixing endpoint: sa20_sr\[4\]$_DFF_P_/D, endpoint slack:-4.789924e-11
     1044 |      17 |     187 |      111 |     25 |   176 |   -0.115 |       -7.8 |    157 | sa11_sr\[1\]$_DFF_P_/D
iter:1044, pass:4, current fixing endpoint: sa20_sr\[4\]$_DFF_P_/D, endpoint slack:-5.183265e-11
     1044 |      17 |     187 |      111 |     25 |   175 |   -0.115 |       -7.8 |    157 | sa11_sr\[1\]$_DFF_P_/D
     1045 |      17 |     187 |      111 |     25 |   175 |   -0.115 |       -7.8 |    157 | sa11_sr\[1\]$_DFF_P_/D
iter:1045, pass:1, current fixing endpoint: sa03_sr\[7\]$_DFF_P_/D, endpoint slack:-5.255374e-11
     1046 |      17 |     187 |      111 |     25 |   176 |   -0.115 |       -7.8 |    157 | sa11_sr\[1\]$_DFF_P_/D
iter:1046, pass:2, current fixing endpoint: sa03_sr\[7\]$_DFF_P_/D, endpoint slack:-5.4732996e-11
     1047 |      17 |     187 |      111 |     25 |   177 |   -0.115 |       -7.8 |    157 | sa11_sr\[1\]$_DFF_P_/D
iter:1047, pass:3, current fixing endpoint: sa03_sr\[7\]$_DFF_P_/D, endpoint slack:-4.991718e-11
     1048 |      17 |     188 |      111 |     25 |   177 |   -0.115 |       -7.8 |    157 | sa11_sr\[1\]$_DFF_P_/D
iter:1048, pass:4, current fixing endpoint: sa03_sr\[7\]$_DFF_P_/D, endpoint slack:-5.2878257e-11
     1049 |      17 |     188 |      111 |     25 |   178 |   -0.115 |       -7.8 |    157 | sa11_sr\[1\]$_DFF_P_/D
iter:1049, pass:5, current fixing endpoint: sa03_sr\[7\]$_DFF_P_/D, endpoint slack:-5.0743965e-11
     1050 |      17 |     189 |      111 |     25 |   178 |   -0.115 |       -7.8 |    157 | sa11_sr\[1\]$_DFF_P_/D
iter:1050, pass:6, current fixing endpoint: sa03_sr\[7\]$_DFF_P_/D, endpoint slack:-5.3361093e-11
     1051 |      17 |     190 |      111 |     25 |   178 |   -0.115 |       -7.8 |    157 | sa11_sr\[1\]$_DFF_P_/D
iter:1051, pass:7, current fixing endpoint: sa03_sr\[7\]$_DFF_P_/D, endpoint slack:-5.3029137e-11
     1051 |      17 |     187 |      111 |     25 |   177 |   -0.115 |       -7.8 |    157 | sa11_sr\[1\]$_DFF_P_/D
     1052 |      17 |     187 |      111 |     25 |   177 |   -0.115 |       -7.8 |    157 | sa11_sr\[1\]$_DFF_P_/D
iter:1052, pass:1, current fixing endpoint: sa22_sr\[3\]$_DFF_P_/D, endpoint slack:-8.885592e-11
     1053 |      17 |     188 |      111 |     25 |   177 |   -0.115 |       -7.8 |    157 | sa11_sr\[1\]$_DFF_P_/D
iter:1053, pass:2, current fixing endpoint: sa22_sr\[3\]$_DFF_P_/D, endpoint slack:-8.247891e-11
     1054 |      17 |     189 |      111 |     25 |   177 |   -0.115 |       -7.7 |    157 | sa11_sr\[1\]$_DFF_P_/D
iter:1054, pass:3, current fixing endpoint: sa22_sr\[3\]$_DFF_P_/D, endpoint slack:-7.2420514e-11
     1055 |      17 |     190 |      111 |     25 |   177 |   -0.115 |       -7.7 |    157 | sa11_sr\[1\]$_DFF_P_/D
iter:1055, pass:4, current fixing endpoint: sa22_sr\[3\]$_DFF_P_/D, endpoint slack:-7.544931e-11
     1056 |      17 |     190 |      111 |     25 |   178 |   -0.115 |       -7.7 |    157 | sa11_sr\[1\]$_DFF_P_/D
iter:1056, pass:5, current fixing endpoint: sa22_sr\[3\]$_DFF_P_/D, endpoint slack:-7.897649e-11
     1057 |      17 |     191 |      111 |     25 |   178 |   -0.115 |       -7.7 |    157 | sa11_sr\[1\]$_DFF_P_/D
iter:1057, pass:6, current fixing endpoint: sa22_sr\[3\]$_DFF_P_/D, endpoint slack:-7.7231777e-11
     1058 |      17 |     192 |      111 |     25 |   178 |   -0.115 |       -7.7 |    157 | sa11_sr\[1\]$_DFF_P_/D
iter:1058, pass:7, current fixing endpoint: sa22_sr\[3\]$_DFF_P_/D, endpoint slack:-6.998879e-11
     1059 |      17 |     193 |      111 |     25 |   178 |   -0.115 |       -7.7 |    157 | sa11_sr\[1\]$_DFF_P_/D
iter:1059, pass:8, current fixing endpoint: sa22_sr\[3\]$_DFF_P_/D, endpoint slack:-7.241063e-11
     1060 |      17 |     194 |      111 |     25 |   178 |   -0.115 |       -7.7 |    157 | sa11_sr\[1\]$_DFF_P_/D
iter:1060, pass:9, current fixing endpoint: sa22_sr\[3\]$_DFF_P_/D, endpoint slack:-7.0167205e-11
     1061 |      17 |     195 |      111 |     25 |   178 |   -0.115 |       -7.7 |    157 | sa11_sr\[1\]$_DFF_P_/D
iter:1061, pass:10, current fixing endpoint: sa22_sr\[3\]$_DFF_P_/D, endpoint slack:-6.630807e-11
     1062 |      17 |     196 |      111 |     25 |   178 |   -0.115 |       -7.7 |    157 | sa11_sr\[1\]$_DFF_P_/D
iter:1062, pass:11, current fixing endpoint: sa22_sr\[3\]$_DFF_P_/D, endpoint slack:-6.2232e-11
     1063 |      17 |     196 |      111 |     25 |   179 |   -0.115 |       -7.7 |    157 | sa11_sr\[1\]$_DFF_P_/D
iter:1063, pass:12, current fixing endpoint: sa22_sr\[3\]$_DFF_P_/D, endpoint slack:-8.0170315e-11
     1064 |      17 |     196 |      113 |     25 |   179 |   -0.115 |       -7.7 |    157 | sa11_sr\[1\]$_DFF_P_/D
iter:1064, pass:13, current fixing endpoint: sa22_sr\[3\]$_DFF_P_/D, endpoint slack:-7.025491e-11
     1065 |      17 |     196 |      113 |     25 |   180 |   -0.115 |       -7.7 |    157 | sa11_sr\[1\]$_DFF_P_/D
iter:1065, pass:14, current fixing endpoint: sa22_sr\[3\]$_DFF_P_/D, endpoint slack:-6.479628e-11
     1066 |      17 |     196 |      113 |     25 |   181 |   -0.115 |       -7.7 |    157 | sa11_sr\[1\]$_DFF_P_/D
iter:1066, pass:15, current fixing endpoint: sa22_sr\[3\]$_DFF_P_/D, endpoint slack:-6.102441e-11
     1067 |      17 |     196 |      113 |     25 |   182 |   -0.115 |       -7.7 |    157 | sa11_sr\[1\]$_DFF_P_/D
iter:1067, pass:16, current fixing endpoint: sa22_sr\[3\]$_DFF_P_/D, endpoint slack:-6.1044725e-11
     1068 |      17 |     196 |      113 |     25 |   183 |   -0.115 |       -7.8 |    157 | sa11_sr\[1\]$_DFF_P_/D
iter:1068, pass:17, current fixing endpoint: sa22_sr\[3\]$_DFF_P_/D, endpoint slack:-6.388967e-11
     1069 |      17 |     197 |      113 |     25 |   183 |   -0.115 |       -7.8 |    157 | sa11_sr\[1\]$_DFF_P_/D
iter:1069, pass:18, current fixing endpoint: sa22_sr\[3\]$_DFF_P_/D, endpoint slack:-7.120515e-11
     1070 |      17 |     197 |      113 |     25 |   184 |   -0.115 |       -7.7 |    157 | sa11_sr\[1\]$_DFF_P_/D
iter:1070, pass:19, current fixing endpoint: sa22_sr\[3\]$_DFF_P_/D, endpoint slack:-6.0801364e-11
     1071 |      17 |     198 |      113 |     25 |   184 |   -0.115 |       -7.7 |    157 | sa11_sr\[1\]$_DFF_P_/D
iter:1071, pass:20, current fixing endpoint: sa22_sr\[3\]$_DFF_P_/D, endpoint slack:-5.913192e-11
     1072 |      17 |     199 |      113 |     25 |   184 |   -0.115 |       -7.7 |    157 | sa11_sr\[1\]$_DFF_P_/D
iter:1072, pass:21, current fixing endpoint: sa22_sr\[3\]$_DFF_P_/D, endpoint slack:-5.5629723e-11
     1073 |      17 |     199 |      113 |     25 |   185 |   -0.115 |       -7.7 |    157 | sa11_sr\[1\]$_DFF_P_/D
iter:1073, pass:22, current fixing endpoint: sa22_sr\[3\]$_DFF_P_/D, endpoint slack:-5.206624e-11
     1074 |      17 |     200 |      113 |     25 |   185 |   -0.115 |       -7.7 |    157 | sa11_sr\[1\]$_DFF_P_/D
iter:1074, pass:23, current fixing endpoint: sa22_sr\[3\]$_DFF_P_/D, endpoint slack:-5.379941e-11
     1075 |      17 |     201 |      113 |     25 |   185 |   -0.115 |       -7.7 |    157 | sa11_sr\[1\]$_DFF_P_/D
iter:1075, pass:24, current fixing endpoint: sa22_sr\[3\]$_DFF_P_/D, endpoint slack:-5.2571947e-11
     1076 |      17 |     202 |      113 |     25 |   185 |   -0.115 |       -7.7 |    157 | sa11_sr\[1\]$_DFF_P_/D
iter:1076, pass:25, current fixing endpoint: sa22_sr\[3\]$_DFF_P_/D, endpoint slack:-5.4233285e-11
     1077 |      17 |     202 |      113 |     25 |   186 |   -0.115 |       -7.7 |    157 | sa11_sr\[1\]$_DFF_P_/D
iter:1077, pass:26, current fixing endpoint: sa22_sr\[3\]$_DFF_P_/D, endpoint slack:-5.6647798e-11
     1078 |      17 |     203 |      113 |     25 |   186 |   -0.115 |       -7.7 |    157 | sa11_sr\[1\]$_DFF_P_/D
iter:1078, pass:27, current fixing endpoint: sa22_sr\[3\]$_DFF_P_/D, endpoint slack:-5.2153837e-11
     1079 |      17 |     204 |      113 |     25 |   186 |   -0.115 |       -7.7 |    157 | sa11_sr\[1\]$_DFF_P_/D
iter:1079, pass:28, current fixing endpoint: sa22_sr\[3\]$_DFF_P_/D, endpoint slack:-5.1744387e-11
     1080 |      17 |     205 |      113 |     25 |   186 |   -0.115 |       -7.7 |    157 | sa11_sr\[1\]$_DFF_P_/D
iter:1080, pass:29, current fixing endpoint: sa22_sr\[3\]$_DFF_P_/D, endpoint slack:-5.0873084e-11
     1081 |      17 |     205 |      113 |     25 |   187 |   -0.115 |       -7.7 |    157 | sa11_sr\[1\]$_DFF_P_/D
iter:1081, pass:30, current fixing endpoint: sa22_sr\[3\]$_DFF_P_/D, endpoint slack:-6.1534444e-11
     1082 |      17 |     205 |      113 |     25 |   188 |   -0.115 |       -7.7 |    157 | sa11_sr\[1\]$_DFF_P_/D
iter:1082, pass:31, current fixing endpoint: sa22_sr\[3\]$_DFF_P_/D, endpoint slack:-6.286094e-11
     1083 |      17 |     206 |      113 |     25 |   188 |   -0.115 |       -7.7 |    157 | sa11_sr\[1\]$_DFF_P_/D
iter:1083, pass:32, current fixing endpoint: sa22_sr\[3\]$_DFF_P_/D, endpoint slack:-6.067813e-11
     1084 |      17 |     207 |      113 |     25 |   188 |   -0.115 |       -7.7 |    157 | sa11_sr\[1\]$_DFF_P_/D
iter:1084, pass:33, current fixing endpoint: sa22_sr\[3\]$_DFF_P_/D, endpoint slack:-6.3468786e-11
     1085 |      17 |     207 |      113 |     26 |   188 |   -0.115 |       -7.7 |    157 | sa11_sr\[1\]$_DFF_P_/D
iter:1085, pass:34, current fixing endpoint: sa22_sr\[3\]$_DFF_P_/D, endpoint slack:-6.183676e-11
     1085 |      17 |     205 |      113 |     25 |   186 |   -0.115 |       -7.7 |    157 | sa11_sr\[1\]$_DFF_P_/D
     1086 |      17 |     205 |      113 |     25 |   186 |   -0.115 |       -7.7 |    157 | sa11_sr\[1\]$_DFF_P_/D
iter:1086, pass:1, current fixing endpoint: sa00_sr\[1\]$_DFF_P_/D, endpoint slack:-4.873202e-11
     1087 |      17 |     205 |      113 |     25 |   187 |   -0.115 |       -7.7 |    157 | sa11_sr\[1\]$_DFF_P_/D
iter:1087, pass:2, current fixing endpoint: sa00_sr\[1\]$_DFF_P_/D, endpoint slack:-5.1433413e-11
     1088 |      17 |     205 |      113 |     25 |   188 |   -0.115 |       -7.7 |    157 | sa11_sr\[1\]$_DFF_P_/D
iter:1088, pass:3, current fixing endpoint: sa00_sr\[1\]$_DFF_P_/D, endpoint slack:-5.6648797e-11
     1089 |      17 |     205 |      113 |     25 |   189 |   -0.115 |       -7.7 |    157 | sa11_sr\[1\]$_DFF_P_/D
iter:1089, pass:4, current fixing endpoint: sa00_sr\[1\]$_DFF_P_/D, endpoint slack:-6.2154726e-11
     1090 |      17 |     206 |      113 |     25 |   189 |   -0.115 |       -7.7 |    157 | sa11_sr\[1\]$_DFF_P_/D
iter:1090, pass:5, current fixing endpoint: sa00_sr\[1\]$_DFF_P_/D, endpoint slack:-5.9414695e-11
     1091 |      17 |     207 |      113 |     25 |   189 |   -0.115 |       -7.7 |    157 | sa11_sr\[1\]$_DFF_P_/D
iter:1091, pass:6, current fixing endpoint: sa00_sr\[1\]$_DFF_P_/D, endpoint slack:-5.853473e-11
     1092 |      17 |     208 |      113 |     25 |   189 |   -0.115 |       -7.7 |    157 | sa11_sr\[1\]$_DFF_P_/D
iter:1092, pass:7, current fixing endpoint: sa00_sr\[1\]$_DFF_P_/D, endpoint slack:-5.8079652e-11
     1093 |      17 |     208 |      113 |     26 |   189 |   -0.115 |       -7.7 |    157 | sa11_sr\[1\]$_DFF_P_/D
iter:1093, pass:8, current fixing endpoint: sa00_sr\[1\]$_DFF_P_/D, endpoint slack:-5.7693406e-11
     1093 |      17 |     205 |      113 |     25 |   186 |   -0.115 |       -7.7 |    157 | sa11_sr\[1\]$_DFF_P_/D
     1094 |      17 |     205 |      113 |     25 |   186 |   -0.115 |       -7.7 |    157 | sa11_sr\[1\]$_DFF_P_/D
iter:1094, pass:1, current fixing endpoint: sa01_sr\[5\]$_DFF_P_/D, endpoint slack:-5.1438853e-11
     1095 |      17 |     205 |      113 |     25 |   187 |   -0.115 |       -7.7 |    157 | sa11_sr\[1\]$_DFF_P_/D
iter:1095, pass:2, current fixing endpoint: sa01_sr\[5\]$_DFF_P_/D, endpoint slack:-5.0283555e-11
     1096 |      17 |     206 |      113 |     25 |   187 |   -0.115 |       -7.7 |    157 | sa11_sr\[1\]$_DFF_P_/D
iter:1096, pass:3, current fixing endpoint: sa01_sr\[5\]$_DFF_P_/D, endpoint slack:-4.6267545e-11
     1097 |      17 |     206 |      113 |     25 |   188 |   -0.115 |       -7.7 |    157 | sa11_sr\[1\]$_DFF_P_/D
iter:1097, pass:4, current fixing endpoint: sa01_sr\[5\]$_DFF_P_/D, endpoint slack:-4.201095e-11
     1098 |      17 |     207 |      113 |     25 |   188 |   -0.115 |       -7.7 |    157 | sa11_sr\[1\]$_DFF_P_/D
iter:1098, pass:5, current fixing endpoint: sa01_sr\[5\]$_DFF_P_/D, endpoint slack:-3.786982e-11
     1099 |      17 |     208 |      113 |     25 |   188 |   -0.115 |       -7.7 |    157 | sa11_sr\[1\]$_DFF_P_/D
iter:1099, pass:6, current fixing endpoint: sa01_sr\[5\]$_DFF_P_/D, endpoint slack:-3.9931503e-11
     1100 |      17 |     209 |      113 |     25 |   188 |   -0.115 |       -7.7 |    157 | sa11_sr\[1\]$_DFF_P_/D
iter:1100, pass:7, current fixing endpoint: sa01_sr\[5\]$_DFF_P_/D, endpoint slack:-3.7501335e-11
     1101 |      17 |     210 |      113 |     25 |   188 |   -0.115 |       -7.7 |    157 | sa11_sr\[1\]$_DFF_P_/D
iter:1101, pass:8, current fixing endpoint: sa01_sr\[5\]$_DFF_P_/D, endpoint slack:-3.983347e-11
     1102 |      17 |     210 |      113 |     25 |   189 |   -0.115 |       -7.7 |    157 | sa11_sr\[1\]$_DFF_P_/D
iter:1102, pass:9, current fixing endpoint: sa01_sr\[5\]$_DFF_P_/D, endpoint slack:-4.8042348e-11
     1103 |      17 |     210 |      113 |     25 |   190 |   -0.115 |       -7.7 |    157 | sa11_sr\[1\]$_DFF_P_/D
iter:1103, pass:10, current fixing endpoint: sa01_sr\[5\]$_DFF_P_/D, endpoint slack:-5.5637828e-11
     1104 |      17 |     211 |      113 |     25 |   190 |   -0.115 |       -7.7 |    157 | sa11_sr\[1\]$_DFF_P_/D
iter:1104, pass:11, current fixing endpoint: sa01_sr\[5\]$_DFF_P_/D, endpoint slack:-5.2452154e-11
     1105 |      17 |     211 |      113 |     25 |   191 |   -0.115 |       -7.7 |    157 | sa11_sr\[1\]$_DFF_P_/D
iter:1105, pass:12, current fixing endpoint: sa01_sr\[5\]$_DFF_P_/D, endpoint slack:-4.9486748e-11
     1106 |      17 |     212 |      113 |     25 |   191 |   -0.115 |       -7.7 |    157 | sa11_sr\[1\]$_DFF_P_/D
iter:1106, pass:13, current fixing endpoint: sa01_sr\[5\]$_DFF_P_/D, endpoint slack:-4.9774296e-11
     1107 |      18 |     212 |      113 |     25 |   191 |   -0.115 |       -7.6 |    157 | sa11_sr\[1\]$_DFF_P_/D
iter:1107, pass:14, current fixing endpoint: sa01_sr\[5\]$_DFF_P_/D, endpoint slack:-3.586187e-11
     1108 |      18 |     213 |      113 |     25 |   191 |   -0.115 |       -7.7 |    157 | sa11_sr\[1\]$_DFF_P_/D
iter:1108, pass:15, current fixing endpoint: sa01_sr\[5\]$_DFF_P_/D, endpoint slack:-3.1480707e-11
     1109 |      18 |     214 |      113 |     25 |   191 |   -0.115 |       -7.7 |    157 | sa11_sr\[1\]$_DFF_P_/D
iter:1109, pass:16, current fixing endpoint: sa01_sr\[5\]$_DFF_P_/D, endpoint slack:-2.929601e-11
     1110 |      18 |     214 |      115 |     25 |   191 |   -0.115 |       -7.7 |    157 | sa11_sr\[1\]$_DFF_P_/D
iter:1110, pass:17, current fixing endpoint: sa01_sr\[5\]$_DFF_P_/D, endpoint slack:-2.8744562e-11
     1111 |      18 |     214 |      117 |     25 |   191 |   -0.115 |       -7.7 |    157 | sa11_sr\[1\]$_DFF_P_/D
iter:1111, pass:18, current fixing endpoint: sa01_sr\[5\]$_DFF_P_/D, endpoint slack:-2.7871594e-11
     1112 |      18 |     215 |      117 |     25 |   191 |   -0.115 |       -7.6 |    157 | sa11_sr\[1\]$_DFF_P_/D
iter:1112, pass:19, current fixing endpoint: sa01_sr\[5\]$_DFF_P_/D, endpoint slack:-2.7556735e-11
     1113 |      18 |     216 |      117 |     25 |   191 |   -0.115 |       -7.6 |    157 | sa11_sr\[1\]$_DFF_P_/D
iter:1113, pass:20, current fixing endpoint: sa01_sr\[5\]$_DFF_P_/D, endpoint slack:-2.603695e-11
     1114 |      18 |     216 |      117 |     26 |   191 |   -0.115 |       -7.6 |    157 | sa11_sr\[1\]$_DFF_P_/D
iter:1114, pass:21, current fixing endpoint: sa01_sr\[5\]$_DFF_P_/D, endpoint slack:-2.5741409e-11
     1115 |      18 |     217 |      117 |     26 |   191 |   -0.115 |       -7.7 |    157 | sa11_sr\[1\]$_DFF_P_/D
iter:1115, pass:22, current fixing endpoint: sa01_sr\[5\]$_DFF_P_/D, endpoint slack:-2.764744e-11
     1116 |      18 |     218 |      117 |     26 |   191 |   -0.115 |       -7.7 |    157 | sa11_sr\[1\]$_DFF_P_/D
iter:1116, pass:23, current fixing endpoint: sa01_sr\[5\]$_DFF_P_/D, endpoint slack:-2.7436164e-11
     1117 |      18 |     219 |      117 |     26 |   191 |   -0.115 |       -7.7 |    157 | sa11_sr\[1\]$_DFF_P_/D
iter:1117, pass:24, current fixing endpoint: sa01_sr\[5\]$_DFF_P_/D, endpoint slack:-2.6087688e-11
     1118 |      18 |     220 |      117 |     26 |   191 |   -0.115 |       -7.7 |    157 | sa11_sr\[1\]$_DFF_P_/D
iter:1118, pass:25, current fixing endpoint: sa01_sr\[5\]$_DFF_P_/D, endpoint slack:-2.5540015e-11
     1119 |      18 |     221 |      117 |     26 |   191 |   -0.115 |       -7.7 |    157 | sa11_sr\[1\]$_DFF_P_/D
iter:1119, pass:26, current fixing endpoint: sa01_sr\[5\]$_DFF_P_/D, endpoint slack:-2.4638847e-11
     1120 |      18 |     221 |      117 |     26 |   192 |   -0.115 |       -7.7 |    157 | sa11_sr\[1\]$_DFF_P_/D
iter:1120, pass:27, current fixing endpoint: sa01_sr\[5\]$_DFF_P_/D, endpoint slack:-3.0006664e-11
     1121 |      18 |     222 |      117 |     26 |   192 |   -0.115 |       -7.7 |    157 | sa11_sr\[1\]$_DFF_P_/D
iter:1121, pass:28, current fixing endpoint: sa01_sr\[5\]$_DFF_P_/D, endpoint slack:-2.8774094e-11
     1122 |      18 |     223 |      117 |     26 |   192 |   -0.115 |       -7.7 |    157 | sa11_sr\[1\]$_DFF_P_/D
iter:1122, pass:29, current fixing endpoint: sa01_sr\[5\]$_DFF_P_/D, endpoint slack:-3.1999736e-11
     1123 |      18 |     224 |      117 |     26 |   192 |   -0.115 |       -7.7 |    157 | sa11_sr\[1\]$_DFF_P_/D
iter:1123, pass:30, current fixing endpoint: sa01_sr\[5\]$_DFF_P_/D, endpoint slack:-3.0568437e-11
     1123 |      18 |     221 |      117 |     26 |   191 |   -0.115 |       -7.7 |    157 | sa11_sr\[1\]$_DFF_P_/D
     1124 |      18 |     221 |      117 |     26 |   191 |   -0.115 |       -7.7 |    157 | sa11_sr\[1\]$_DFF_P_/D
iter:1124, pass:1, current fixing endpoint: sa21_sr\[6\]$_DFF_P_/D, endpoint slack:-5.235501e-11
     1125 |      18 |     221 |      117 |     26 |   192 |   -0.115 |       -7.7 |    157 | sa11_sr\[1\]$_DFF_P_/D
iter:1125, pass:2, current fixing endpoint: sa21_sr\[6\]$_DFF_P_/D, endpoint slack:-5.1339044e-11
     1126 |      18 |     221 |      117 |     26 |   193 |   -0.115 |       -7.7 |    157 | sa11_sr\[1\]$_DFF_P_/D
iter:1126, pass:3, current fixing endpoint: sa21_sr\[6\]$_DFF_P_/D, endpoint slack:-7.7050144e-11
     1127 |      18 |     221 |      119 |     26 |   193 |   -0.115 |       -7.7 |    157 | sa11_sr\[1\]$_DFF_P_/D
iter:1127, pass:4, current fixing endpoint: sa21_sr\[6\]$_DFF_P_/D, endpoint slack:-7.456824e-11
     1128 |      18 |     221 |      119 |     26 |   194 |   -0.115 |       -7.7 |    157 | sa11_sr\[1\]$_DFF_P_/D
iter:1128, pass:5, current fixing endpoint: sa21_sr\[6\]$_DFF_P_/D, endpoint slack:-7.415901e-11
     1129 |      18 |     222 |      119 |     26 |   194 |   -0.115 |       -7.7 |    157 | sa11_sr\[1\]$_DFF_P_/D
iter:1129, pass:6, current fixing endpoint: sa21_sr\[6\]$_DFF_P_/D, endpoint slack:-7.1324835e-11
     1130 |      18 |     223 |      119 |     26 |   194 |   -0.115 |       -7.7 |    157 | sa11_sr\[1\]$_DFF_P_/D
iter:1130, pass:7, current fixing endpoint: sa21_sr\[6\]$_DFF_P_/D, endpoint slack:-7.2068795e-11
     1131 |      18 |     224 |      119 |     26 |   194 |   -0.115 |       -7.7 |    157 | sa11_sr\[1\]$_DFF_P_/D
iter:1131, pass:8, current fixing endpoint: sa21_sr\[6\]$_DFF_P_/D, endpoint slack:-6.2419514e-11
     1132 |      18 |     225 |      119 |     26 |   194 |   -0.115 |       -7.7 |    157 | sa11_sr\[1\]$_DFF_P_/D
iter:1132, pass:9, current fixing endpoint: sa21_sr\[6\]$_DFF_P_/D, endpoint slack:-5.911016e-11
     1133 |      18 |     226 |      119 |     26 |   194 |   -0.115 |       -7.7 |    157 | sa11_sr\[1\]$_DFF_P_/D
iter:1133, pass:10, current fixing endpoint: sa21_sr\[6\]$_DFF_P_/D, endpoint slack:-6.089662e-11
     1134 |      18 |     227 |      119 |     26 |   194 |   -0.115 |       -7.7 |    157 | sa11_sr\[1\]$_DFF_P_/D
iter:1134, pass:11, current fixing endpoint: sa21_sr\[6\]$_DFF_P_/D, endpoint slack:-6.042189e-11
     1135 |      18 |     228 |      119 |     26 |   194 |   -0.115 |       -7.7 |    157 | sa11_sr\[1\]$_DFF_P_/D
iter:1135, pass:12, current fixing endpoint: sa21_sr\[6\]$_DFF_P_/D, endpoint slack:-5.7053473e-11
     1136 |      18 |     229 |      119 |     26 |   194 |   -0.115 |       -7.7 |    157 | sa11_sr\[1\]$_DFF_P_/D
iter:1136, pass:13, current fixing endpoint: sa21_sr\[6\]$_DFF_P_/D, endpoint slack:-5.2728155e-11
     1137 |      18 |     230 |      119 |     26 |   194 |   -0.115 |       -7.7 |    157 | sa11_sr\[1\]$_DFF_P_/D
iter:1137, pass:14, current fixing endpoint: sa21_sr\[6\]$_DFF_P_/D, endpoint slack:-5.1867288e-11
     1138 |      18 |     231 |      119 |     26 |   194 |   -0.115 |       -7.7 |    157 | sa11_sr\[1\]$_DFF_P_/D
iter:1138, pass:15, current fixing endpoint: sa21_sr\[6\]$_DFF_P_/D, endpoint slack:-5.1782467e-11
     1139 |      18 |     231 |      119 |     26 |   195 |   -0.115 |       -7.7 |    157 | sa11_sr\[1\]$_DFF_P_/D
iter:1139, pass:16, current fixing endpoint: sa21_sr\[6\]$_DFF_P_/D, endpoint slack:-4.937284e-11
     1140 |      18 |     231 |      119 |     26 |   196 |   -0.115 |       -7.7 |    157 | sa11_sr\[1\]$_DFF_P_/D
iter:1140, pass:17, current fixing endpoint: sa21_sr\[6\]$_DFF_P_/D, endpoint slack:-5.1512905e-11
     1141 |      18 |     231 |      119 |     26 |   197 |   -0.115 |       -7.7 |    157 | sa11_sr\[1\]$_DFF_P_/D
iter:1141, pass:18, current fixing endpoint: sa21_sr\[6\]$_DFF_P_/D, endpoint slack:-4.9306892e-11
     1142 |      18 |     232 |      119 |     26 |   197 |   -0.115 |       -7.6 |    157 | sa11_sr\[1\]$_DFF_P_/D
iter:1142, pass:19, current fixing endpoint: sa21_sr\[6\]$_DFF_P_/D, endpoint slack:-4.3767656e-11
     1143 |      18 |     233 |      119 |     26 |   197 |   -0.115 |       -7.6 |    157 | sa11_sr\[1\]$_DFF_P_/D
iter:1143, pass:20, current fixing endpoint: sa21_sr\[6\]$_DFF_P_/D, endpoint slack:-4.320644e-11
     1144 |      18 |     233 |      119 |     26 |   198 |   -0.115 |       -7.6 |    157 | sa11_sr\[1\]$_DFF_P_/D
iter:1144, pass:21, current fixing endpoint: sa21_sr\[6\]$_DFF_P_/D, endpoint slack:-4.239087e-11
     1145 |      18 |     234 |      119 |     26 |   198 |   -0.115 |       -7.7 |    157 | sa11_sr\[1\]$_DFF_P_/D
iter:1145, pass:22, current fixing endpoint: sa21_sr\[6\]$_DFF_P_/D, endpoint slack:-4.755596e-11
     1146 |      18 |     234 |      119 |     26 |   199 |   -0.115 |       -7.7 |    157 | sa11_sr\[1\]$_DFF_P_/D
iter:1146, pass:23, current fixing endpoint: sa21_sr\[6\]$_DFF_P_/D, endpoint slack:-4.6235127e-11
     1146 |      18 |     233 |      119 |     26 |   198 |   -0.115 |       -7.6 |    157 | sa11_sr\[1\]$_DFF_P_/D
     1147 |      18 |     233 |      119 |     26 |   198 |   -0.115 |       -7.6 |    157 | sa11_sr\[1\]$_DFF_P_/D
iter:1147, pass:1, current fixing endpoint: sa13_sr\[6\]$_DFF_P_/D, endpoint slack:-6.26843e-11
     1148 |      18 |     233 |      119 |     26 |   199 |   -0.115 |       -7.6 |    157 | sa11_sr\[1\]$_DFF_P_/D
iter:1148, pass:2, current fixing endpoint: sa13_sr\[6\]$_DFF_P_/D, endpoint slack:-5.759071e-11
     1149 |      18 |     233 |      119 |     26 |   200 |   -0.115 |       -7.6 |    157 | sa11_sr\[1\]$_DFF_P_/D
iter:1149, pass:3, current fixing endpoint: sa13_sr\[6\]$_DFF_P_/D, endpoint slack:-5.612677e-11
     1150 |      18 |     234 |      119 |     26 |   200 |   -0.115 |       -7.6 |    157 | sa11_sr\[1\]$_DFF_P_/D
iter:1150, pass:4, current fixing endpoint: sa13_sr\[6\]$_DFF_P_/D, endpoint slack:-5.41599e-11
     1151 |      18 |     234 |      119 |     26 |   201 |   -0.115 |       -7.6 |    157 | sa11_sr\[1\]$_DFF_P_/D
iter:1151, pass:5, current fixing endpoint: sa13_sr\[6\]$_DFF_P_/D, endpoint slack:-5.8982486e-11
     1152 |      18 |     234 |      119 |     26 |   202 |   -0.115 |       -7.6 |    157 | sa11_sr\[1\]$_DFF_P_/D
iter:1152, pass:6, current fixing endpoint: sa13_sr\[6\]$_DFF_P_/D, endpoint slack:-6.661427e-11
     1153 |      18 |     234 |      119 |     26 |   203 |   -0.115 |       -7.7 |    157 | sa11_sr\[1\]$_DFF_P_/D
iter:1153, pass:7, current fixing endpoint: sa13_sr\[6\]$_DFF_P_/D, endpoint slack:-8.3010376e-11
     1154 |      18 |     234 |      119 |     26 |   204 |   -0.115 |       -7.7 |    157 | sa11_sr\[1\]$_DFF_P_/D
iter:1154, pass:8, current fixing endpoint: sa13_sr\[6\]$_DFF_P_/D, endpoint slack:-8.139711e-11
     1154 |      18 |     234 |      119 |     26 |   200 |   -0.115 |       -7.6 |    157 | sa11_sr\[1\]$_DFF_P_/D
--------------------
update violating ends at fixEndpointNum 78
top element of violating ends is: sa11_sr\[1\]$_DFF_P_/D
--------------------
     1155 |      18 |     234 |      119 |     26 |   200 |   -0.115 |       -7.6 |    157 | sa11_sr\[1\]$_DFF_P_/D
iter:1155, pass:1, current fixing endpoint: sa11_sr\[1\]$_DFF_P_/D, endpoint slack:-1.14686594e-10
     1156 |      18 |     234 |      119 |     27 |   200 |   -0.118 |       -7.6 |    157 | sa11_sr\[7\]$_DFF_P_/D
iter:1156, pass:2, current fixing endpoint: sa11_sr\[1\]$_DFF_P_/D, endpoint slack:-1.1125301e-10
     1157 |      18 |     235 |      119 |     27 |   200 |   -0.118 |       -7.6 |    157 | sa11_sr\[7\]$_DFF_P_/D
iter:1157, pass:3, current fixing endpoint: sa11_sr\[1\]$_DFF_P_/D, endpoint slack:-1.0924628e-10
     1158 |      18 |     236 |      119 |     27 |   200 |   -0.118 |       -7.6 |    157 | sa11_sr\[7\]$_DFF_P_/D
iter:1158, pass:4, current fixing endpoint: sa11_sr\[1\]$_DFF_P_/D, endpoint slack:-1.0904189e-10
     1159 |      18 |     236 |      119 |     27 |   201 |   -0.118 |       -7.6 |    157 | sa11_sr\[7\]$_DFF_P_/D
iter:1159, pass:5, current fixing endpoint: sa11_sr\[1\]$_DFF_P_/D, endpoint slack:-1.0854828e-10
     1160 |      18 |     237 |      119 |     27 |   201 |   -0.118 |       -7.6 |    157 | sa11_sr\[7\]$_DFF_P_/D
iter:1160, pass:6, current fixing endpoint: sa11_sr\[1\]$_DFF_P_/D, endpoint slack:-1.0566992e-10
     1161 |      18 |     237 |      119 |     27 |   202 |   -0.118 |       -7.6 |    157 | sa11_sr\[7\]$_DFF_P_/D
iter:1161, pass:7, current fixing endpoint: sa11_sr\[1\]$_DFF_P_/D, endpoint slack:-1.029411e-10
     1162 |      18 |     238 |      119 |     27 |   202 |   -0.118 |       -7.6 |    157 | sa11_sr\[7\]$_DFF_P_/D
iter:1162, pass:8, current fixing endpoint: sa11_sr\[1\]$_DFF_P_/D, endpoint slack:-1.02147624e-10
     1163 |      18 |     238 |      119 |     27 |   203 |   -0.118 |       -7.6 |    157 | sa11_sr\[7\]$_DFF_P_/D
iter:1163, pass:9, current fixing endpoint: sa11_sr\[1\]$_DFF_P_/D, endpoint slack:-9.805701e-11
     1164 |      18 |     238 |      119 |     27 |   204 |   -0.118 |       -7.6 |    157 | sa11_sr\[7\]$_DFF_P_/D
iter:1164, pass:10, current fixing endpoint: sa11_sr\[1\]$_DFF_P_/D, endpoint slack:-1.0318968e-10
     1165 |      18 |     239 |      119 |     27 |   204 |   -0.118 |       -7.6 |    157 | sa11_sr\[7\]$_DFF_P_/D
iter:1165, pass:11, current fixing endpoint: sa11_sr\[1\]$_DFF_P_/D, endpoint slack:-1.0138623e-10
     1166 |      18 |     240 |      119 |     27 |   204 |   -0.118 |       -7.6 |    157 | sa11_sr\[7\]$_DFF_P_/D
iter:1166, pass:12, current fixing endpoint: sa11_sr\[1\]$_DFF_P_/D, endpoint slack:-1.0062062e-10
     1167 |      18 |     241 |      119 |     27 |   204 |   -0.118 |       -7.6 |    157 | sa11_sr\[7\]$_DFF_P_/D
iter:1167, pass:13, current fixing endpoint: sa11_sr\[1\]$_DFF_P_/D, endpoint slack:-1.0065038e-10
     1167 |      18 |     236 |      119 |     26 |   200 |   -0.115 |       -7.6 |    157 | sa11_sr\[1\]$_DFF_P_/D
     1168 |      18 |     236 |      119 |     26 |   200 |   -0.115 |       -7.6 |    157 | sa11_sr\[1\]$_DFF_P_/D
iter:1168, pass:1, current fixing endpoint: sa11_sr\[7\]$_DFF_P_/D, endpoint slack:-1.1432777e-10
     1168 |      18 |     236 |      119 |     26 |   200 |   -0.115 |       -7.6 |    157 | sa11_sr\[1\]$_DFF_P_/D
     1169 |      18 |     236 |      119 |     26 |   200 |   -0.115 |       -7.6 |    157 | sa11_sr\[1\]$_DFF_P_/D
iter:1169, pass:1, current fixing endpoint: sa32_sr\[3\]$_DFF_P_/D, endpoint slack:-1.1043577e-10
     1169 |      18 |     236 |      119 |     26 |   200 |   -0.115 |       -7.6 |    157 | sa11_sr\[1\]$_DFF_P_/D
     1170 |      18 |     236 |      119 |     26 |   200 |   -0.115 |       -7.6 |    157 | sa11_sr\[1\]$_DFF_P_/D
iter:1170, pass:1, current fixing endpoint: sa11_sr\[4\]$_DFF_P_/D, endpoint slack:-1.0551826e-10
     1171 |      18 |     237 |      119 |     26 |   200 |   -0.115 |       -7.6 |    157 | sa11_sr\[1\]$_DFF_P_/D
iter:1171, pass:2, current fixing endpoint: sa11_sr\[4\]$_DFF_P_/D, endpoint slack:-1.0464285e-10
     1172 |      18 |     238 |      119 |     26 |   200 |   -0.115 |       -7.6 |    157 | sa11_sr\[1\]$_DFF_P_/D
iter:1172, pass:3, current fixing endpoint: sa11_sr\[4\]$_DFF_P_/D, endpoint slack:-1.0720813e-10
     1173 |      18 |     239 |      119 |     26 |   200 |   -0.115 |       -7.6 |    157 | sa11_sr\[1\]$_DFF_P_/D
iter:1173, pass:4, current fixing endpoint: sa11_sr\[4\]$_DFF_P_/D, endpoint slack:-1.0354373e-10
     1173 |      18 |     239 |      119 |     26 |   200 |   -0.115 |       -7.6 |    157 | sa11_sr\[1\]$_DFF_P_/D
     1174 |      18 |     239 |      119 |     26 |   200 |   -0.115 |       -7.6 |    157 | sa11_sr\[1\]$_DFF_P_/D
iter:1174, pass:1, current fixing endpoint: sa00_sr\[7\]$_DFF_P_/D, endpoint slack:-1.0425494e-10
     1175 |      18 |     239 |      119 |     27 |   200 |   -0.115 |       -7.6 |    157 | sa11_sr\[1\]$_DFF_P_/D
iter:1175, pass:2, current fixing endpoint: sa00_sr\[7\]$_DFF_P_/D, endpoint slack:-9.952339e-11
     1176 |      18 |     240 |      119 |     27 |   200 |   -0.115 |       -7.6 |    157 | sa11_sr\[1\]$_DFF_P_/D
iter:1176, pass:3, current fixing endpoint: sa00_sr\[7\]$_DFF_P_/D, endpoint slack:-1.0114487e-10
     1177 |      18 |     241 |      119 |     27 |   200 |   -0.115 |       -7.6 |    157 | sa11_sr\[1\]$_DFF_P_/D
iter:1177, pass:4, current fixing endpoint: sa00_sr\[7\]$_DFF_P_/D, endpoint slack:-1.0407164e-10
     1178 |      18 |     242 |      119 |     27 |   200 |   -0.115 |       -7.6 |    157 | sa11_sr\[1\]$_DFF_P_/D
iter:1178, pass:5, current fixing endpoint: sa00_sr\[7\]$_DFF_P_/D, endpoint slack:-1.0397272e-10
     1178 |      18 |     239 |      119 |     27 |   200 |   -0.115 |       -7.6 |    157 | sa11_sr\[1\]$_DFF_P_/D
     1179 |      18 |     239 |      119 |     27 |   200 |   -0.115 |       -7.6 |    157 | sa11_sr\[1\]$_DFF_P_/D
iter:1179, pass:1, current fixing endpoint: sa20_sr\[3\]$_DFF_P_/D, endpoint slack:-1.03011044e-10
     1180 |      18 |     240 |      119 |     27 |   200 |   -0.115 |       -7.6 |    157 | sa11_sr\[1\]$_DFF_P_/D
iter:1180, pass:2, current fixing endpoint: sa20_sr\[3\]$_DFF_P_/D, endpoint slack:-1.0109691e-10
     1181 |      18 |     241 |      119 |     27 |   200 |   -0.115 |       -7.6 |    157 | sa11_sr\[1\]$_DFF_P_/D
iter:1181, pass:3, current fixing endpoint: sa20_sr\[3\]$_DFF_P_/D, endpoint slack:-1.0195689e-10
     1182 |      18 |     242 |      119 |     27 |   200 |   -0.115 |       -7.6 |    157 | sa11_sr\[1\]$_DFF_P_/D
iter:1182, pass:4, current fixing endpoint: sa20_sr\[3\]$_DFF_P_/D, endpoint slack:-9.801959e-11
     1182 |      18 |     242 |      119 |     27 |   200 |   -0.115 |       -7.6 |    157 | sa11_sr\[1\]$_DFF_P_/D
     1183 |      18 |     242 |      119 |     27 |   200 |   -0.115 |       -7.6 |    157 | sa11_sr\[1\]$_DFF_P_/D
iter:1183, pass:1, current fixing endpoint: sa02_sr\[5\]$_DFF_P_/D, endpoint slack:-1.0214973e-10
     1184 |      18 |     242 |      119 |     28 |   200 |   -0.115 |       -7.7 |    157 | sa11_sr\[1\]$_DFF_P_/D
iter:1184, pass:2, current fixing endpoint: sa02_sr\[5\]$_DFF_P_/D, endpoint slack:-1.0956003e-10
     1185 |      18 |     242 |      121 |     28 |   200 |   -0.115 |       -7.6 |    157 | sa11_sr\[1\]$_DFF_P_/D
iter:1185, pass:3, current fixing endpoint: sa02_sr\[5\]$_DFF_P_/D, endpoint slack:-9.670298e-11
     1186 |      18 |     243 |      121 |     28 |   200 |   -0.117 |       -7.6 |    157 | sa11_sr\[1\]$_DFF_P_/D
iter:1186, pass:4, current fixing endpoint: sa02_sr\[5\]$_DFF_P_/D, endpoint slack:-9.567125e-11
     1187 |      18 |     244 |      121 |     28 |   200 |   -0.117 |       -7.6 |    157 | sa11_sr\[1\]$_DFF_P_/D
iter:1187, pass:5, current fixing endpoint: sa02_sr\[5\]$_DFF_P_/D, endpoint slack:-9.8774766e-11
     1188 |      18 |     245 |      121 |     28 |   200 |   -0.117 |       -7.6 |    157 | sa11_sr\[1\]$_DFF_P_/D
iter:1188, pass:6, current fixing endpoint: sa02_sr\[5\]$_DFF_P_/D, endpoint slack:-9.500267e-11
     1189 |      18 |     246 |      121 |     28 |   200 |   -0.117 |       -7.6 |    157 | sa11_sr\[1\]$_DFF_P_/D
iter:1189, pass:7, current fixing endpoint: sa02_sr\[5\]$_DFF_P_/D, endpoint slack:-9.352208e-11
     1190 |      18 |     247 |      121 |     28 |   200 |   -0.117 |       -7.6 |    157 | sa11_sr\[1\]$_DFF_P_/D
iter:1190, pass:8, current fixing endpoint: sa02_sr\[5\]$_DFF_P_/D, endpoint slack:-9.18805e-11
     1191 |      18 |     248 |      121 |     28 |   200 |   -0.117 |       -7.6 |    157 | sa11_sr\[1\]$_DFF_P_/D
iter:1191, pass:9, current fixing endpoint: sa02_sr\[5\]$_DFF_P_/D, endpoint slack:-9.0823016e-11
     1192 |      18 |     249 |      121 |     28 |   200 |   -0.117 |       -7.6 |    157 | sa11_sr\[1\]$_DFF_P_/D
iter:1192, pass:10, current fixing endpoint: sa02_sr\[5\]$_DFF_P_/D, endpoint slack:-9.0505936e-11
     1193 |      18 |     249 |      121 |     29 |   200 |   -0.117 |       -7.6 |    157 | sa11_sr\[1\]$_DFF_P_/D
iter:1193, pass:11, current fixing endpoint: sa02_sr\[5\]$_DFF_P_/D, endpoint slack:-8.7902574e-11
     1194 |      18 |     250 |      121 |     29 |   200 |   -0.117 |       -7.6 |    157 | sa11_sr\[1\]$_DFF_P_/D
iter:1194, pass:12, current fixing endpoint: sa02_sr\[5\]$_DFF_P_/D, endpoint slack:-8.8090535e-11
     1195 |      18 |     251 |      121 |     29 |   200 |   -0.117 |       -7.5 |    157 | sa11_sr\[1\]$_DFF_P_/D
iter:1195, pass:13, current fixing endpoint: sa02_sr\[5\]$_DFF_P_/D, endpoint slack:-7.539147e-11
     1196 |      18 |     252 |      121 |     29 |   200 |   -0.117 |       -7.5 |    157 | sa11_sr\[1\]$_DFF_P_/D
iter:1196, pass:14, current fixing endpoint: sa02_sr\[5\]$_DFF_P_/D, endpoint slack:-7.378431e-11
     1197 |      18 |     252 |      121 |     30 |   200 |   -0.117 |       -7.6 |    157 | sa11_sr\[1\]$_DFF_P_/D
iter:1197, pass:15, current fixing endpoint: sa02_sr\[5\]$_DFF_P_/D, endpoint slack:-7.635126e-11
     1197 |      18 |     243 |      121 |     28 |   200 |   -0.115 |       -7.6 |    157 | sa11_sr\[1\]$_DFF_P_/D
     1198 |      18 |     243 |      121 |     28 |   200 |   -0.115 |       -7.6 |    157 | sa11_sr\[1\]$_DFF_P_/D
iter:1198, pass:1, current fixing endpoint: u0.u1.d\[6\]$_DFF_P_/D, endpoint slack:-9.862777e-11
     1199 |      18 |     244 |      121 |     28 |   200 |   -0.115 |       -7.6 |    157 | sa11_sr\[1\]$_DFF_P_/D
iter:1199, pass:2, current fixing endpoint: u0.u1.d\[6\]$_DFF_P_/D, endpoint slack:-9.7632014e-11
     1199 |      18 |     244 |      121 |     28 |   200 |   -0.115 |       -7.6 |    157 | sa11_sr\[1\]$_DFF_P_/D
     1200 |      18 |     244 |      121 |     28 |   200 |   -0.115 |       -7.6 |    157 | sa11_sr\[1\]$_DFF_P_/D
iter:1200, pass:1, current fixing endpoint: sa11_sr\[3\]$_DFF_P_/D, endpoint slack:-9.656553e-11
     1201 |      18 |     244 |      121 |     28 |   201 |   -0.115 |       -7.6 |    157 | sa11_sr\[1\]$_DFF_P_/D
iter:1201, pass:2, current fixing endpoint: sa11_sr\[3\]$_DFF_P_/D, endpoint slack:-9.826395e-11
     1202 |      18 |     245 |      121 |     28 |   201 |   -0.115 |       -7.6 |    157 | sa11_sr\[1\]$_DFF_P_/D
iter:1202, pass:3, current fixing endpoint: sa11_sr\[3\]$_DFF_P_/D, endpoint slack:-9.893275e-11
     1203 |      18 |     246 |      121 |     28 |   201 |   -0.115 |       -7.6 |    157 | sa11_sr\[1\]$_DFF_P_/D
iter:1203, pass:4, current fixing endpoint: sa11_sr\[3\]$_DFF_P_/D, endpoint slack:-9.7014285e-11
     1204 |      18 |     247 |      121 |     28 |   201 |   -0.115 |       -7.6 |    157 | sa11_sr\[1\]$_DFF_P_/D
iter:1204, pass:5, current fixing endpoint: sa11_sr\[3\]$_DFF_P_/D, endpoint slack:-9.589729e-11
     1205 |      18 |     248 |      121 |     28 |   201 |   -0.115 |       -7.6 |    157 | sa11_sr\[1\]$_DFF_P_/D
iter:1205, pass:6, current fixing endpoint: sa11_sr\[3\]$_DFF_P_/D, endpoint slack:-9.656853e-11
     1205 |      18 |     247 |      121 |     28 |   201 |   -0.115 |       -7.6 |    157 | sa11_sr\[1\]$_DFF_P_/D
     1206 |      18 |     247 |      121 |     28 |   201 |   -0.115 |       -7.6 |    157 | sa11_sr\[1\]$_DFF_P_/D
iter:1206, pass:1, current fixing endpoint: u0.u2.d\[2\]$_DFF_P_/D, endpoint slack:-8.737855e-11
     1207 |      18 |     248 |      121 |     28 |   201 |   -0.115 |       -7.6 |    157 | sa11_sr\[1\]$_DFF_P_/D
iter:1207, pass:2, current fixing endpoint: u0.u2.d\[2\]$_DFF_P_/D, endpoint slack:-8.8393515e-11
     1208 |      18 |     249 |      121 |     28 |   201 |   -0.115 |       -7.6 |    157 | sa11_sr\[1\]$_DFF_P_/D
iter:1208, pass:3, current fixing endpoint: u0.u2.d\[2\]$_DFF_P_/D, endpoint slack:-8.882606e-11
     1208 |      18 |     247 |      121 |     28 |   201 |   -0.115 |       -7.6 |    157 | sa11_sr\[1\]$_DFF_P_/D
     1209 |      18 |     247 |      121 |     28 |   201 |   -0.115 |       -7.6 |    157 | sa11_sr\[1\]$_DFF_P_/D
iter:1209, pass:1, current fixing endpoint: u0.u1.d\[2\]$_DFF_P_/D, endpoint slack:-8.455825e-11
     1209 |      18 |     247 |      121 |     28 |   201 |   -0.115 |       -7.6 |    157 | sa11_sr\[1\]$_DFF_P_/D
     1210 |      18 |     247 |      121 |     28 |   201 |   -0.115 |       -7.6 |    157 | sa11_sr\[1\]$_DFF_P_/D
iter:1210, pass:1, current fixing endpoint: sa02_sr\[2\]$_DFF_P_/D, endpoint slack:-8.518719e-11
     1211 |      18 |     248 |      121 |     28 |   201 |   -0.117 |       -7.7 |    157 | sa11_sr\[1\]$_DFF_P_/D
iter:1211, pass:2, current fixing endpoint: sa02_sr\[2\]$_DFF_P_/D, endpoint slack:-8.415535e-11
     1212 |      18 |     249 |      121 |     28 |   201 |   -0.117 |       -7.6 |    157 | sa11_sr\[1\]$_DFF_P_/D
iter:1212, pass:3, current fixing endpoint: sa02_sr\[2\]$_DFF_P_/D, endpoint slack:-8.2674756e-11
     1213 |      18 |     250 |      121 |     28 |   201 |   -0.117 |       -7.6 |    157 | sa11_sr\[1\]$_DFF_P_/D
iter:1213, pass:4, current fixing endpoint: sa02_sr\[2\]$_DFF_P_/D, endpoint slack:-8.103318e-11
     1214 |      18 |     251 |      121 |     28 |   201 |   -0.117 |       -7.6 |    157 | sa11_sr\[1\]$_DFF_P_/D
iter:1214, pass:5, current fixing endpoint: sa02_sr\[2\]$_DFF_P_/D, endpoint slack:-7.9975804e-11
     1215 |      18 |     252 |      121 |     28 |   201 |   -0.117 |       -7.7 |    157 | sa11_sr\[1\]$_DFF_P_/D
iter:1215, pass:6, current fixing endpoint: sa02_sr\[2\]$_DFF_P_/D, endpoint slack:-8.338219e-11
     1216 |      18 |     253 |      121 |     28 |   201 |   -0.117 |       -7.7 |    157 | sa11_sr\[1\]$_DFF_P_/D
iter:1216, pass:7, current fixing endpoint: sa02_sr\[2\]$_DFF_P_/D, endpoint slack:-7.945544e-11
     1217 |      18 |     254 |      121 |     28 |   201 |   -0.117 |       -7.6 |    157 | sa11_sr\[1\]$_DFF_P_/D
iter:1217, pass:8, current fixing endpoint: sa02_sr\[2\]$_DFF_P_/D, endpoint slack:-7.906564e-11
     1218 |      18 |     255 |      121 |     28 |   201 |   -0.117 |       -7.6 |    157 | sa11_sr\[1\]$_DFF_P_/D
iter:1218, pass:9, current fixing endpoint: sa02_sr\[2\]$_DFF_P_/D, endpoint slack:-7.568279e-11
     1219 |      18 |     255 |      121 |     29 |   201 |   -0.117 |       -7.6 |    157 | sa11_sr\[1\]$_DFF_P_/D
iter:1219, pass:10, current fixing endpoint: sa02_sr\[2\]$_DFF_P_/D, endpoint slack:-7.591372e-11
     1220 |      18 |     256 |      121 |     29 |   201 |   -0.117 |       -7.6 |    157 | sa11_sr\[1\]$_DFF_P_/D
iter:1220, pass:11, current fixing endpoint: sa02_sr\[2\]$_DFF_P_/D, endpoint slack:-7.54109e-11
     1221 |      18 |     257 |      121 |     29 |   201 |   -0.117 |       -7.6 |    157 | sa11_sr\[1\]$_DFF_P_/D
iter:1221, pass:12, current fixing endpoint: sa02_sr\[2\]$_DFF_P_/D, endpoint slack:-7.5072726e-11
     1222 |      18 |     258 |      121 |     29 |   201 |   -0.117 |       -7.6 |    157 | sa11_sr\[1\]$_DFF_P_/D
iter:1222, pass:13, current fixing endpoint: sa02_sr\[2\]$_DFF_P_/D, endpoint slack:-7.469225e-11
     1223 |      18 |     259 |      121 |     29 |   201 |   -0.117 |       -7.6 |    157 | sa11_sr\[1\]$_DFF_P_/D
iter:1223, pass:14, current fixing endpoint: sa02_sr\[2\]$_DFF_P_/D, endpoint slack:-7.133949e-11
     1224 |      18 |     260 |      121 |     29 |   201 |   -0.117 |       -7.6 |    157 | sa11_sr\[1\]$_DFF_P_/D
iter:1224, pass:15, current fixing endpoint: sa02_sr\[2\]$_DFF_P_/D, endpoint slack:-7.078926e-11
     1225 |      18 |     260 |      121 |     30 |   201 |   -0.117 |       -7.6 |    157 | sa11_sr\[1\]$_DFF_P_/D
iter:1225, pass:16, current fixing endpoint: sa02_sr\[2\]$_DFF_P_/D, endpoint slack:-6.904266e-11
     1226 |      18 |     261 |      121 |     30 |   201 |   -0.117 |       -7.6 |    157 | sa11_sr\[1\]$_DFF_P_/D
iter:1226, pass:17, current fixing endpoint: sa02_sr\[2\]$_DFF_P_/D, endpoint slack:-6.797929e-11
     1227 |      18 |     262 |      121 |     30 |   201 |   -0.117 |       -7.6 |    157 | sa11_sr\[1\]$_DFF_P_/D
iter:1227, pass:18, current fixing endpoint: sa02_sr\[2\]$_DFF_P_/D, endpoint slack:-6.5028094e-11
     1228 |      18 |     262 |      121 |     31 |   201 |   -0.117 |       -7.6 |    157 | sa11_sr\[1\]$_DFF_P_/D
iter:1228, pass:19, current fixing endpoint: sa02_sr\[2\]$_DFF_P_/D, endpoint slack:-6.761236e-11
     1228 |      18 |     248 |      121 |     28 |   201 |   -0.115 |       -7.6 |    157 | sa11_sr\[1\]$_DFF_P_/D
     1229 |      18 |     248 |      121 |     28 |   201 |   -0.115 |       -7.6 |    157 | sa11_sr\[1\]$_DFF_P_/D
iter:1229, pass:1, current fixing endpoint: sa11_sr\[0\]$_DFF_P_/D, endpoint slack:-8.439638e-11
     1230 |      18 |     248 |      121 |     29 |   201 |   -0.118 |       -7.6 |    157 | sa11_sr\[7\]$_DFF_P_/D
iter:1230, pass:2, current fixing endpoint: sa11_sr\[0\]$_DFF_P_/D, endpoint slack:-8.14554e-11
     1230 |      18 |     248 |      121 |     28 |   201 |   -0.118 |       -7.6 |    157 | sa11_sr\[1\]$_DFF_P_/D
     1231 |      18 |     248 |      121 |     28 |   201 |   -0.118 |       -7.6 |    157 | sa11_sr\[1\]$_DFF_P_/D
iter:1231, pass:1, current fixing endpoint: sa13_sr\[3\]$_DFF_P_/D, endpoint slack:-8.279877e-11
     1232 |      18 |     248 |      121 |     29 |   201 |   -0.118 |       -7.6 |    157 | sa11_sr\[1\]$_DFF_P_/D
iter:1232, pass:2, current fixing endpoint: sa13_sr\[3\]$_DFF_P_/D, endpoint slack:-8.335366e-11
     1232 |      18 |     248 |      121 |     28 |   201 |   -0.118 |       -7.7 |    157 | sa11_sr\[1\]$_DFF_P_/D
     1233 |      18 |     248 |      121 |     28 |   201 |   -0.118 |       -7.7 |    157 | sa11_sr\[1\]$_DFF_P_/D
iter:1233, pass:1, current fixing endpoint: sa32_sr\[7\]$_DFF_P_/D, endpoint slack:-8.27336e-11
     1234 |      18 |     249 |      121 |     28 |   201 |   -0.118 |       -7.7 |    157 | sa11_sr\[1\]$_DFF_P_/D
iter:1234, pass:2, current fixing endpoint: sa32_sr\[7\]$_DFF_P_/D, endpoint slack:-8.571377e-11
     1235 |      18 |     249 |      123 |     28 |   201 |   -0.118 |       -7.7 |    157 | sa11_sr\[1\]$_DFF_P_/D
iter:1235, pass:3, current fixing endpoint: sa32_sr\[7\]$_DFF_P_/D, endpoint slack:-8.823098e-11
     1236 |      18 |     250 |      123 |     28 |   201 |   -0.118 |       -7.7 |    157 | sa11_sr\[1\]$_DFF_P_/D
iter:1236, pass:4, current fixing endpoint: sa32_sr\[7\]$_DFF_P_/D, endpoint slack:-8.88245e-11
     1237 |      18 |     251 |      123 |     28 |   201 |   -0.118 |       -7.7 |    157 | sa11_sr\[1\]$_DFF_P_/D
iter:1237, pass:5, current fixing endpoint: sa32_sr\[7\]$_DFF_P_/D, endpoint slack:-8.662204e-11
     1238 |      18 |     252 |      123 |     28 |   201 |   -0.118 |       -7.7 |    157 | sa11_sr\[1\]$_DFF_P_/D
iter:1238, pass:6, current fixing endpoint: sa32_sr\[7\]$_DFF_P_/D, endpoint slack:-8.347878e-11
     1238 |      18 |     248 |      122 |     28 |   201 |   -0.118 |       -7.7 |    157 | sa11_sr\[1\]$_DFF_P_/D
     1239 |      18 |     248 |      122 |     28 |   201 |   -0.118 |       -7.7 |    157 | sa11_sr\[1\]$_DFF_P_/D
iter:1239, pass:1, current fixing endpoint: u0.u2.d\[1\]$_DFF_P_/D, endpoint slack:-8.074297e-11
     1240 |      18 |     249 |      122 |     28 |   201 |   -0.118 |       -7.7 |    157 | sa11_sr\[1\]$_DFF_P_/D
iter:1240, pass:2, current fixing endpoint: u0.u2.d\[1\]$_DFF_P_/D, endpoint slack:-8.114853e-11
     1241 |      18 |     250 |      122 |     28 |   201 |   -0.118 |       -7.7 |    157 | sa11_sr\[1\]$_DFF_P_/D
iter:1241, pass:3, current fixing endpoint: u0.u2.d\[1\]$_DFF_P_/D, endpoint slack:-8.216605e-11
     1242 |      18 |     251 |      122 |     28 |   201 |   -0.118 |       -7.7 |    157 | sa11_sr\[1\]$_DFF_P_/D
iter:1242, pass:4, current fixing endpoint: u0.u2.d\[1\]$_DFF_P_/D, endpoint slack:-8.189438e-11
     1243 |      18 |     252 |      122 |     28 |   201 |   -0.118 |       -7.7 |    157 | sa11_sr\[1\]$_DFF_P_/D
iter:1243, pass:5, current fixing endpoint: u0.u2.d\[1\]$_DFF_P_/D, endpoint slack:-9.198753e-11
     1244 |      18 |     253 |      122 |     28 |   201 |   -0.118 |       -7.7 |    157 | sa11_sr\[1\]$_DFF_P_/D
iter:1244, pass:6, current fixing endpoint: u0.u2.d\[1\]$_DFF_P_/D, endpoint slack:-8.332468e-11
     1244 |      18 |     249 |      122 |     28 |   201 |   -0.118 |       -7.7 |    157 | sa11_sr\[1\]$_DFF_P_/D
     1245 |      18 |     249 |      122 |     28 |   201 |   -0.118 |       -7.7 |    157 | sa11_sr\[1\]$_DFF_P_/D
iter:1245, pass:1, current fixing endpoint: sa20_sr\[0\]$_DFF_P_/D, endpoint slack:-7.8019036e-11
     1245 |      18 |     249 |      122 |     28 |   201 |   -0.118 |       -7.7 |    157 | sa11_sr\[1\]$_DFF_P_/D
     1246 |      18 |     249 |      122 |     28 |   201 |   -0.118 |       -7.7 |    157 | sa11_sr\[1\]$_DFF_P_/D
iter:1246, pass:1, current fixing endpoint: sa11_sr\[2\]$_DFF_P_/D, endpoint slack:-7.7416074e-11
     1247 |      18 |     250 |      122 |     28 |   201 |   -0.118 |       -7.6 |    157 | sa11_sr\[1\]$_DFF_P_/D
iter:1247, pass:2, current fixing endpoint: sa11_sr\[2\]$_DFF_P_/D, endpoint slack:-6.9196426e-11
     1247 |      18 |     250 |      122 |     28 |   201 |   -0.118 |       -7.6 |    157 | sa11_sr\[1\]$_DFF_P_/D
     1248 |      18 |     250 |      122 |     28 |   201 |   -0.118 |       -7.6 |    157 | sa11_sr\[1\]$_DFF_P_/D
iter:1248, pass:1, current fixing endpoint: sa20_sr\[5\]$_DFF_P_/D, endpoint slack:-8.021772e-11
     1249 |      18 |     251 |      122 |     28 |   201 |   -0.118 |       -7.7 |    157 | sa11_sr\[1\]$_DFF_P_/D
iter:1249, pass:2, current fixing endpoint: sa20_sr\[5\]$_DFF_P_/D, endpoint slack:-8.340151e-11
     1249 |      18 |     250 |      122 |     28 |   201 |   -0.118 |       -7.6 |    157 | sa11_sr\[1\]$_DFF_P_/D
     1250 |      18 |     250 |      122 |     28 |   201 |   -0.118 |       -7.6 |    157 | sa11_sr\[1\]$_DFF_P_/D
iter:1250, pass:1, current fixing endpoint: sa02_sr\[1\]$_DFF_P_/D, endpoint slack:-7.575718e-11
     1251 |      18 |     251 |      122 |     28 |   201 |   -0.117 |       -7.7 |    157 | sa11_sr\[1\]$_DFF_P_/D
iter:1251, pass:2, current fixing endpoint: sa02_sr\[1\]$_DFF_P_/D, endpoint slack:-7.472545e-11
     1252 |      18 |     252 |      122 |     28 |   201 |   -0.117 |       -7.7 |    157 | sa11_sr\[1\]$_DFF_P_/D
iter:1252, pass:3, current fixing endpoint: sa02_sr\[1\]$_DFF_P_/D, endpoint slack:-7.226597e-11
     1253 |      18 |     253 |      122 |     28 |   201 |   -0.117 |       -7.6 |    157 | sa11_sr\[1\]$_DFF_P_/D
iter:1253, pass:4, current fixing endpoint: sa02_sr\[1\]$_DFF_P_/D, endpoint slack:-6.84951e-11
     1254 |      18 |     254 |      122 |     28 |   201 |   -0.117 |       -7.6 |    157 | sa11_sr\[1\]$_DFF_P_/D
iter:1254, pass:5, current fixing endpoint: sa02_sr\[1\]$_DFF_P_/D, endpoint slack:-6.7014505e-11
     1255 |      18 |     255 |      122 |     28 |   201 |   -0.117 |       -7.6 |    157 | sa11_sr\[1\]$_DFF_P_/D
iter:1255, pass:6, current fixing endpoint: sa02_sr\[1\]$_DFF_P_/D, endpoint slack:-6.537293e-11
     1256 |      18 |     256 |      122 |     28 |   201 |   -0.117 |       -7.6 |    157 | sa11_sr\[1\]$_DFF_P_/D
iter:1256, pass:7, current fixing endpoint: sa02_sr\[1\]$_DFF_P_/D, endpoint slack:-6.431544e-11
     1257 |      18 |     256 |      122 |     29 |   201 |   -0.117 |       -7.6 |    157 | sa11_sr\[1\]$_DFF_P_/D
iter:1257, pass:8, current fixing endpoint: sa02_sr\[1\]$_DFF_P_/D, endpoint slack:-6.5999206e-11
     1258 |      18 |     257 |      122 |     29 |   201 |   -0.117 |       -7.6 |    157 | sa11_sr\[1\]$_DFF_P_/D
iter:1258, pass:9, current fixing endpoint: sa02_sr\[1\]$_DFF_P_/D, endpoint slack:-6.544909e-11
     1259 |      18 |     257 |      122 |     30 |   201 |   -0.117 |       -7.6 |    157 | sa11_sr\[1\]$_DFF_P_/D
iter:1259, pass:10, current fixing endpoint: sa02_sr\[1\]$_DFF_P_/D, endpoint slack:-6.2644334e-11
     1260 |      18 |     257 |      122 |     31 |   201 |   -0.117 |       -7.6 |    157 | sa11_sr\[1\]$_DFF_P_/D
iter:1260, pass:11, current fixing endpoint: sa02_sr\[1\]$_DFF_P_/D, endpoint slack:-6.494072e-11
     1260 |      18 |     257 |      122 |     30 |   201 |   -0.117 |       -7.6 |    157 | sa11_sr\[1\]$_DFF_P_/D
     1261 |      18 |     257 |      122 |     30 |   201 |   -0.117 |       -7.6 |    157 | sa11_sr\[1\]$_DFF_P_/D
iter:1261, pass:1, current fixing endpoint: sa23_sr\[2\]$_DFF_P_/D, endpoint slack:-7.549572e-11
     1262 |      18 |     258 |      122 |     30 |   201 |   -0.117 |       -7.6 |    157 | sa11_sr\[1\]$_DFF_P_/D
iter:1262, pass:2, current fixing endpoint: sa23_sr\[2\]$_DFF_P_/D, endpoint slack:-7.726553e-11
     1263 |      18 |     258 |      122 |     31 |   201 |   -0.117 |       -7.6 |    157 | sa11_sr\[1\]$_DFF_P_/D
iter:1263, pass:3, current fixing endpoint: sa23_sr\[2\]$_DFF_P_/D, endpoint slack:-7.65753e-11
     1263 |      18 |     257 |      122 |     30 |   201 |   -0.117 |       -7.6 |    157 | sa11_sr\[1\]$_DFF_P_/D
     1264 |      18 |     257 |      122 |     30 |   201 |   -0.117 |       -7.6 |    157 | sa11_sr\[1\]$_DFF_P_/D
iter:1264, pass:1, current fixing endpoint: sa20_sr\[7\]$_DFF_P_/D, endpoint slack:-7.788181e-11
     1265 |      18 |     258 |      122 |     30 |   201 |   -0.117 |       -7.6 |    157 | sa11_sr\[1\]$_DFF_P_/D
iter:1265, pass:2, current fixing endpoint: sa20_sr\[7\]$_DFF_P_/D, endpoint slack:-7.786505e-11
     1266 |      18 |     259 |      122 |     30 |   201 |   -0.117 |       -7.7 |    157 | sa11_sr\[1\]$_DFF_P_/D
iter:1266, pass:3, current fixing endpoint: sa20_sr\[7\]$_DFF_P_/D, endpoint slack:-8.205503e-11
     1266 |      18 |     258 |      122 |     30 |   201 |   -0.117 |       -7.6 |    157 | sa11_sr\[1\]$_DFF_P_/D
     1267 |      18 |     258 |      122 |     30 |   201 |   -0.117 |       -7.6 |    157 | sa11_sr\[1\]$_DFF_P_/D
iter:1267, pass:1, current fixing endpoint: sa20_sr\[2\]$_DFF_P_/D, endpoint slack:-7.7482354e-11
     1268 |      18 |     259 |      122 |     30 |   201 |   -0.117 |       -7.7 |    157 | sa11_sr\[1\]$_DFF_P_/D
iter:1268, pass:2, current fixing endpoint: sa20_sr\[2\]$_DFF_P_/D, endpoint slack:-7.610801e-11
     1269 |      18 |     260 |      122 |     30 |   201 |   -0.117 |       -7.7 |    157 | sa11_sr\[1\]$_DFF_P_/D
iter:1269, pass:3, current fixing endpoint: sa20_sr\[2\]$_DFF_P_/D, endpoint slack:-7.6450735e-11
     1270 |      18 |     260 |      124 |     30 |   201 |   -0.117 |       -7.7 |    157 | sa11_sr\[1\]$_DFF_P_/D
iter:1270, pass:4, current fixing endpoint: sa20_sr\[2\]$_DFF_P_/D, endpoint slack:-9.010215e-11
     1270 |      18 |     259 |      123 |     30 |   201 |   -0.117 |       -7.7 |    157 | sa11_sr\[1\]$_DFF_P_/D
     1271 |      18 |     259 |      123 |     30 |   201 |   -0.117 |       -7.7 |    157 | sa11_sr\[1\]$_DFF_P_/D
iter:1271, pass:1, current fixing endpoint: sa02_sr\[3\]$_DFF_P_/D, endpoint slack:-7.464207e-11
     1272 |      18 |     260 |      123 |     30 |   201 |   -0.117 |       -7.6 |    157 | sa11_sr\[1\]$_DFF_P_/D
iter:1272, pass:2, current fixing endpoint: sa02_sr\[3\]$_DFF_P_/D, endpoint slack:-6.918577e-11
     1273 |      18 |     261 |      123 |     30 |   201 |   -0.117 |       -7.6 |    157 | sa11_sr\[1\]$_DFF_P_/D
iter:1273, pass:3, current fixing endpoint: sa02_sr\[3\]$_DFF_P_/D, endpoint slack:-6.859824e-11
     1274 |      18 |     261 |      123 |     30 |   202 |   -0.117 |       -7.6 |    157 | sa11_sr\[1\]$_DFF_P_/D
iter:1274, pass:4, current fixing endpoint: sa02_sr\[3\]$_DFF_P_/D, endpoint slack:-7.1048056e-11
     1275 |      18 |     261 |      123 |     31 |   202 |   -0.117 |       -7.6 |    157 | sa11_sr\[1\]$_DFF_P_/D
iter:1275, pass:5, current fixing endpoint: sa02_sr\[3\]$_DFF_P_/D, endpoint slack:-6.945633e-11
     1275 |      18 |     261 |      123 |     30 |   201 |   -0.117 |       -7.7 |    157 | sa11_sr\[1\]$_DFF_P_/D
     1276 |      18 |     261 |      123 |     30 |   201 |   -0.117 |       -7.7 |    157 | sa11_sr\[1\]$_DFF_P_/D
iter:1276, pass:1, current fixing endpoint: sa02_sr\[7\]$_DFF_P_/D, endpoint slack:-6.9604544e-11
     1277 |      18 |     262 |      123 |     30 |   201 |   -0.117 |       -7.7 |    157 | sa11_sr\[1\]$_DFF_P_/D
iter:1277, pass:2, current fixing endpoint: sa02_sr\[7\]$_DFF_P_/D, endpoint slack:-6.736134e-11
     1278 |      18 |     263 |      123 |     30 |   201 |   -0.117 |       -7.7 |    157 | sa11_sr\[1\]$_DFF_P_/D
iter:1278, pass:3, current fixing endpoint: sa02_sr\[7\]$_DFF_P_/D, endpoint slack:-7.161938e-11
     1279 |      18 |     264 |      123 |     30 |   201 |   -0.117 |       -7.6 |    157 | sa11_sr\[1\]$_DFF_P_/D
iter:1279, pass:4, current fixing endpoint: sa02_sr\[7\]$_DFF_P_/D, endpoint slack:-5.995382e-11
     1280 |      18 |     265 |      123 |     30 |   201 |   -0.117 |       -7.6 |    157 | sa11_sr\[1\]$_DFF_P_/D
iter:1280, pass:5, current fixing endpoint: sa02_sr\[7\]$_DFF_P_/D, endpoint slack:-5.6053717e-11
     1281 |      18 |     266 |      123 |     30 |   201 |   -0.117 |       -7.6 |    157 | sa11_sr\[1\]$_DFF_P_/D
iter:1281, pass:6, current fixing endpoint: sa02_sr\[7\]$_DFF_P_/D, endpoint slack:-5.6033178e-11
     1282 |      18 |     267 |      123 |     30 |   201 |   -0.117 |       -7.6 |    157 | sa11_sr\[1\]$_DFF_P_/D
iter:1282, pass:7, current fixing endpoint: sa02_sr\[7\]$_DFF_P_/D, endpoint slack:-5.5315863e-11
     1283 |      18 |     267 |      123 |     31 |   201 |   -0.117 |       -7.6 |    157 | sa11_sr\[1\]$_DFF_P_/D
iter:1283, pass:8, current fixing endpoint: sa02_sr\[7\]$_DFF_P_/D, endpoint slack:-5.1010973e-11
     1284 |      18 |     268 |      123 |     31 |   201 |   -0.117 |       -7.6 |    157 | sa11_sr\[1\]$_DFF_P_/D
iter:1284, pass:9, current fixing endpoint: sa02_sr\[7\]$_DFF_P_/D, endpoint slack:-5.0791926e-11
     1285 |      18 |     269 |      123 |     31 |   201 |   -0.117 |       -7.6 |    157 | sa11_sr\[1\]$_DFF_P_/D
iter:1285, pass:10, current fixing endpoint: sa02_sr\[7\]$_DFF_P_/D, endpoint slack:-5.018208e-11
     1285 |      18 |     269 |      123 |     31 |   201 |   -0.117 |       -7.6 |    157 | sa11_sr\[1\]$_DFF_P_/D
     1286 |      18 |     269 |      123 |     31 |   201 |   -0.117 |       -7.6 |    157 | sa11_sr\[1\]$_DFF_P_/D
iter:1286, pass:1, current fixing endpoint: sa11_sr\[5\]$_DFF_P_/D, endpoint slack:-7.582179e-11
     1287 |      18 |     270 |      123 |     31 |   201 |   -0.117 |       -7.6 |    157 | sa11_sr\[1\]$_DFF_P_/D
iter:1287, pass:2, current fixing endpoint: sa11_sr\[5\]$_DFF_P_/D, endpoint slack:-7.361134e-11
     1288 |      18 |     271 |      123 |     31 |   201 |   -0.117 |       -7.6 |    157 | sa11_sr\[1\]$_DFF_P_/D
iter:1288, pass:3, current fixing endpoint: sa11_sr\[5\]$_DFF_P_/D, endpoint slack:-7.535683e-11
     1288 |      18 |     270 |      123 |     31 |   201 |   -0.117 |       -7.6 |    157 | sa11_sr\[1\]$_DFF_P_/D
     1289 |      18 |     270 |      123 |     31 |   201 |   -0.117 |       -7.6 |    157 | sa11_sr\[1\]$_DFF_P_/D
iter:1289, pass:1, current fixing endpoint: sa10_sr\[2\]$_DFF_P_/D, endpoint slack:-7.044976e-11
     1290 |      18 |     271 |      123 |     31 |   201 |   -0.117 |       -7.6 |    157 | sa11_sr\[1\]$_DFF_P_/D
iter:1290, pass:2, current fixing endpoint: sa10_sr\[2\]$_DFF_P_/D, endpoint slack:-7.623502e-11
     1291 |      18 |     272 |      123 |     31 |   201 |   -0.117 |       -7.6 |    157 | sa11_sr\[1\]$_DFF_P_/D
iter:1291, pass:3, current fixing endpoint: sa10_sr\[2\]$_DFF_P_/D, endpoint slack:-7.4993234e-11
     1292 |      18 |     273 |      123 |     31 |   201 |   -0.117 |       -7.6 |    157 | sa11_sr\[1\]$_DFF_P_/D
iter:1292, pass:4, current fixing endpoint: sa10_sr\[2\]$_DFF_P_/D, endpoint slack:-7.200884e-11
     1293 |      18 |     274 |      123 |     31 |   201 |   -0.117 |       -7.6 |    157 | sa11_sr\[1\]$_DFF_P_/D
iter:1293, pass:5, current fixing endpoint: sa10_sr\[2\]$_DFF_P_/D, endpoint slack:-7.360679e-11
     1294 |      18 |     274 |      123 |     31 |   202 |   -0.117 |       -7.6 |    157 | sa11_sr\[1\]$_DFF_P_/D
iter:1294, pass:6, current fixing endpoint: sa10_sr\[2\]$_DFF_P_/D, endpoint slack:-7.093448e-11
     1295 |      18 |     275 |      123 |     31 |   202 |   -0.117 |       -7.6 |    157 | sa11_sr\[1\]$_DFF_P_/D
iter:1295, pass:7, current fixing endpoint: sa10_sr\[2\]$_DFF_P_/D, endpoint slack:-7.308154e-11
     1296 |      18 |     276 |      123 |     31 |   202 |   -0.117 |       -7.6 |    157 | sa11_sr\[1\]$_DFF_P_/D
iter:1296, pass:8, current fixing endpoint: sa10_sr\[2\]$_DFF_P_/D, endpoint slack:-7.198886e-11
     1297 |      18 |     277 |      123 |     31 |   202 |   -0.117 |       -7.6 |    157 | sa11_sr\[1\]$_DFF_P_/D
iter:1297, pass:9, current fixing endpoint: sa10_sr\[2\]$_DFF_P_/D, endpoint slack:-7.223555e-11
     1298 |      18 |     277 |      123 |     31 |   203 |   -0.117 |       -7.6 |    157 | sa11_sr\[1\]$_DFF_P_/D
iter:1298, pass:10, current fixing endpoint: sa10_sr\[2\]$_DFF_P_/D, endpoint slack:-7.342471e-11
     1299 |      18 |     277 |      123 |     32 |   203 |   -0.117 |       -7.6 |    157 | sa11_sr\[1\]$_DFF_P_/D
iter:1299, pass:11, current fixing endpoint: sa10_sr\[2\]$_DFF_P_/D, endpoint slack:-7.017209e-11
     1300 |      18 |     277 |      123 |     33 |   203 |   -0.117 |       -7.6 |    157 | sa11_sr\[1\]$_DFF_P_/D
iter:1300, pass:12, current fixing endpoint: sa10_sr\[2\]$_DFF_P_/D, endpoint slack:-7.2124307e-11
     1300 |      18 |     277 |      123 |     32 |   203 |   -0.117 |       -7.6 |    157 | sa11_sr\[1\]$_DFF_P_/D
     1301 |      18 |     277 |      123 |     32 |   203 |   -0.117 |       -7.6 |    157 | sa11_sr\[1\]$_DFF_P_/D
iter:1301, pass:1, current fixing endpoint: sa33_sr\[1\]$_DFF_P_/D, endpoint slack:-7.0311756e-11
     1302 |      18 |     278 |      123 |     32 |   203 |   -0.117 |       -7.6 |    157 | sa11_sr\[1\]$_DFF_P_/D
iter:1302, pass:2, current fixing endpoint: sa33_sr\[1\]$_DFF_P_/D, endpoint slack:-6.310996e-11
     1303 |      18 |     278 |      123 |     32 |   204 |   -0.117 |       -7.6 |    157 | sa11_sr\[1\]$_DFF_P_/D
iter:1303, pass:3, current fixing endpoint: sa33_sr\[1\]$_DFF_P_/D, endpoint slack:-6.515155e-11
     1304 |      18 |     278 |      126 |     32 |   204 |   -0.117 |       -7.6 |    157 | sa11_sr\[1\]$_DFF_P_/D
iter:1304, pass:4, current fixing endpoint: sa33_sr\[1\]$_DFF_P_/D, endpoint slack:-5.0976223e-11
     1305 |      18 |     279 |      126 |     32 |   204 |   -0.117 |       -7.6 |    157 | sa11_sr\[1\]$_DFF_P_/D
iter:1305, pass:5, current fixing endpoint: sa33_sr\[1\]$_DFF_P_/D, endpoint slack:-5.0872306e-11
     1306 |      18 |     280 |      126 |     32 |   204 |   -0.117 |       -7.6 |    157 | sa11_sr\[1\]$_DFF_P_/D
iter:1306, pass:6, current fixing endpoint: sa33_sr\[1\]$_DFF_P_/D, endpoint slack:-4.7206572e-11
     1307 |      18 |     281 |      126 |     32 |   204 |   -0.117 |       -7.6 |    157 | sa11_sr\[1\]$_DFF_P_/D
iter:1307, pass:7, current fixing endpoint: sa33_sr\[1\]$_DFF_P_/D, endpoint slack:-4.3399284e-11
     1308 |      18 |     282 |      126 |     32 |   204 |   -0.117 |       -7.6 |    157 | sa11_sr\[1\]$_DFF_P_/D
iter:1308, pass:8, current fixing endpoint: sa33_sr\[1\]$_DFF_P_/D, endpoint slack:-4.2950088e-11
     1309 |      18 |     282 |      126 |     32 |   205 |   -0.117 |       -7.6 |    157 | sa11_sr\[1\]$_DFF_P_/D
iter:1309, pass:9, current fixing endpoint: sa33_sr\[1\]$_DFF_P_/D, endpoint slack:-4.060885e-11
     1310 |      18 |     283 |      126 |     32 |   205 |   -0.117 |       -7.6 |    157 | sa11_sr\[1\]$_DFF_P_/D
iter:1310, pass:10, current fixing endpoint: sa33_sr\[1\]$_DFF_P_/D, endpoint slack:-3.8690606e-11
     1311 |      18 |     284 |      126 |     32 |   205 |   -0.117 |       -7.6 |    157 | sa11_sr\[1\]$_DFF_P_/D
iter:1311, pass:11, current fixing endpoint: sa33_sr\[1\]$_DFF_P_/D, endpoint slack:-3.7246317e-11
     1312 |      18 |     285 |      126 |     32 |   205 |   -0.117 |       -7.6 |    157 | sa11_sr\[1\]$_DFF_P_/D
iter:1312, pass:12, current fixing endpoint: sa33_sr\[1\]$_DFF_P_/D, endpoint slack:-3.4928838e-11
     1313 |      18 |     286 |      126 |     32 |   205 |   -0.117 |       -7.5 |    157 | sa11_sr\[1\]$_DFF_P_/D
iter:1313, pass:13, current fixing endpoint: sa33_sr\[1\]$_DFF_P_/D, endpoint slack:-3.6151193e-11
     1314 |      18 |     286 |      126 |     32 |   206 |   -0.117 |       -7.5 |    157 | sa11_sr\[1\]$_DFF_P_/D
iter:1314, pass:14, current fixing endpoint: sa33_sr\[1\]$_DFF_P_/D, endpoint slack:-3.465883e-11
     1315 |      18 |     287 |      126 |     32 |   206 |   -0.117 |       -7.5 |    157 | sa11_sr\[1\]$_DFF_P_/D
iter:1315, pass:15, current fixing endpoint: sa33_sr\[1\]$_DFF_P_/D, endpoint slack:-3.4259706e-11
     1316 |      18 |     288 |      126 |     32 |   206 |   -0.117 |       -7.5 |    157 | sa11_sr\[1\]$_DFF_P_/D
iter:1316, pass:16, current fixing endpoint: sa33_sr\[1\]$_DFF_P_/D, endpoint slack:-3.2975844e-11
     1317 |      18 |     288 |      126 |     32 |   207 |   -0.117 |       -7.5 |    157 | sa11_sr\[1\]$_DFF_P_/D
iter:1317, pass:17, current fixing endpoint: sa33_sr\[1\]$_DFF_P_/D, endpoint slack:-3.858258e-11
     1318 |      18 |     289 |      126 |     32 |   207 |   -0.117 |       -7.5 |    157 | sa11_sr\[1\]$_DFF_P_/D
iter:1318, pass:18, current fixing endpoint: sa33_sr\[1\]$_DFF_P_/D, endpoint slack:-3.706202e-11
     1319 |      18 |     289 |      128 |     32 |   207 |   -0.117 |       -7.5 |    157 | sa11_sr\[1\]$_DFF_P_/D
iter:1319, pass:19, current fixing endpoint: sa33_sr\[1\]$_DFF_P_/D, endpoint slack:-5.2926663e-11
     1320 |      18 |     289 |      128 |     32 |   208 |   -0.117 |       -7.5 |    157 | sa11_sr\[1\]$_DFF_P_/D
iter:1320, pass:20, current fixing endpoint: sa33_sr\[1\]$_DFF_P_/D, endpoint slack:-5.827394e-11
     1321 |      18 |     290 |      128 |     32 |   208 |   -0.117 |       -7.5 |    157 | sa11_sr\[1\]$_DFF_P_/D
iter:1321, pass:21, current fixing endpoint: sa33_sr\[1\]$_DFF_P_/D, endpoint slack:-5.923928e-11
     1322 |      18 |     291 |      128 |     32 |   208 |   -0.117 |       -7.5 |    157 | sa11_sr\[1\]$_DFF_P_/D
iter:1322, pass:22, current fixing endpoint: sa33_sr\[1\]$_DFF_P_/D, endpoint slack:-5.334433e-11
     1323 |      18 |     291 |      130 |     32 |   208 |   -0.117 |       -7.5 |    157 | sa11_sr\[1\]$_DFF_P_/D
iter:1323, pass:23, current fixing endpoint: sa33_sr\[1\]$_DFF_P_/D, endpoint slack:-5.695122e-11
     1324 |      18 |     291 |      130 |     32 |   209 |   -0.117 |       -7.5 |    157 | sa11_sr\[1\]$_DFF_P_/D
iter:1324, pass:24, current fixing endpoint: sa33_sr\[1\]$_DFF_P_/D, endpoint slack:-5.83007e-11
     1324 |      18 |     288 |      128 |     32 |   206 |   -0.117 |       -7.5 |    157 | sa11_sr\[1\]$_DFF_P_/D
     1325 |      18 |     288 |      128 |     32 |   206 |   -0.117 |       -7.5 |    157 | sa11_sr\[1\]$_DFF_P_/D
iter:1325, pass:1, current fixing endpoint: sa32_sr\[5\]$_DFF_P_/D, endpoint slack:-6.9081185e-11
     1326 |      18 |     289 |      128 |     32 |   206 |   -0.117 |       -7.5 |    157 | sa11_sr\[1\]$_DFF_P_/D
iter:1326, pass:2, current fixing endpoint: sa32_sr\[5\]$_DFF_P_/D, endpoint slack:-6.5017325e-11
     1327 |      18 |     290 |      128 |     32 |   206 |   -0.117 |       -7.5 |    157 | sa11_sr\[1\]$_DFF_P_/D
iter:1327, pass:3, current fixing endpoint: sa32_sr\[5\]$_DFF_P_/D, endpoint slack:-7.042367e-11
     1328 |      18 |     290 |      128 |     32 |   207 |   -0.117 |       -7.5 |    157 | sa11_sr\[1\]$_DFF_P_/D
iter:1328, pass:4, current fixing endpoint: sa32_sr\[5\]$_DFF_P_/D, endpoint slack:-7.870593e-11
     1329 |      18 |     291 |      128 |     32 |   207 |   -0.117 |       -7.4 |    157 | sa11_sr\[1\]$_DFF_P_/D
iter:1329, pass:5, current fixing endpoint: sa32_sr\[5\]$_DFF_P_/D, endpoint slack:-6.469325e-11
     1330 |      18 |     292 |      128 |     32 |   207 |   -0.117 |       -7.4 |    157 | sa11_sr\[1\]$_DFF_P_/D
iter:1330, pass:6, current fixing endpoint: sa32_sr\[5\]$_DFF_P_/D, endpoint slack:-6.650658e-11
     1330 |      18 |     291 |      128 |     32 |   207 |   -0.117 |       -7.4 |    157 | sa11_sr\[1\]$_DFF_P_/D
     1331 |      18 |     291 |      128 |     32 |   207 |   -0.117 |       -7.4 |    157 | sa11_sr\[1\]$_DFF_P_/D
iter:1331, pass:1, current fixing endpoint: sa32_sr\[1\]$_DFF_P_/D, endpoint slack:-5.4584448e-11
     1332 |      18 |     292 |      128 |     32 |   207 |   -0.119 |       -7.5 |    157 | sa32_sr\[3\]$_DFF_P_/D
iter:1332, pass:2, current fixing endpoint: sa32_sr\[1\]$_DFF_P_/D, endpoint slack:-4.9621085e-11
     1333 |      18 |     293 |      128 |     32 |   207 |   -0.119 |       -7.5 |    157 | sa32_sr\[3\]$_DFF_P_/D
iter:1333, pass:3, current fixing endpoint: sa32_sr\[1\]$_DFF_P_/D, endpoint slack:-5.6564753e-11
     1334 |      18 |     294 |      128 |     32 |   207 |   -0.119 |       -7.5 |    157 | sa32_sr\[3\]$_DFF_P_/D
iter:1334, pass:4, current fixing endpoint: sa32_sr\[1\]$_DFF_P_/D, endpoint slack:-5.955991e-11
     1334 |      18 |     291 |      128 |     32 |   207 |   -0.117 |       -7.4 |    157 | sa11_sr\[1\]$_DFF_P_/D
     1335 |      18 |     291 |      128 |     32 |   207 |   -0.117 |       -7.4 |    157 | sa11_sr\[1\]$_DFF_P_/D
iter:1335, pass:1, current fixing endpoint: sa23_sr\[7\]$_DFF_P_/D, endpoint slack:-6.712275e-11
     1336 |      18 |     292 |      128 |     32 |   207 |   -0.117 |       -7.4 |    157 | sa11_sr\[1\]$_DFF_P_/D
iter:1336, pass:2, current fixing endpoint: sa23_sr\[7\]$_DFF_P_/D, endpoint slack:-6.5018435e-11
     1337 |      18 |     292 |      128 |     33 |   207 |   -0.117 |       -7.4 |    157 | sa11_sr\[1\]$_DFF_P_/D
iter:1337, pass:3, current fixing endpoint: sa23_sr\[7\]$_DFF_P_/D, endpoint slack:-6.2867156e-11
     1338 |      18 |     293 |      128 |     33 |   207 |   -0.117 |       -7.4 |    157 | sa11_sr\[1\]$_DFF_P_/D
iter:1338, pass:4, current fixing endpoint: sa23_sr\[7\]$_DFF_P_/D, endpoint slack:-6.07987e-11
     1339 |      18 |     293 |      130 |     33 |   207 |   -0.117 |       -7.6 |    157 | sa11_sr\[1\]$_DFF_P_/D
iter:1339, pass:5, current fixing endpoint: sa23_sr\[7\]$_DFF_P_/D, endpoint slack:-7.974854e-11
     1340 |      18 |     294 |      130 |     33 |   207 |   -0.117 |       -7.5 |    157 | sa11_sr\[1\]$_DFF_P_/D
iter:1340, pass:6, current fixing endpoint: sa23_sr\[7\]$_DFF_P_/D, endpoint slack:-7.800638e-11
     1341 |      19 |     294 |      130 |     33 |   207 |   -0.117 |       -7.4 |    157 | sa11_sr\[1\]$_DFF_P_/D
iter:1341, pass:7, current fixing endpoint: sa23_sr\[7\]$_DFF_P_/D, endpoint slack:-6.0539795e-11
     1341 |      19 |     294 |      130 |     33 |   207 |   -0.117 |       -7.4 |    157 | sa11_sr\[1\]$_DFF_P_/D
     1342 |      19 |     294 |      130 |     33 |   207 |   -0.117 |       -7.4 |    157 | sa11_sr\[1\]$_DFF_P_/D
iter:1342, pass:1, current fixing endpoint: sa20_sr\[6\]$_DFF_P_/D, endpoint slack:-7.217871e-11
     1343 |      19 |     295 |      130 |     33 |   207 |   -0.117 |       -7.4 |    157 | sa11_sr\[1\]$_DFF_P_/D
iter:1343, pass:2, current fixing endpoint: sa20_sr\[6\]$_DFF_P_/D, endpoint slack:-7.250189e-11
     1343 |      19 |     294 |      130 |     33 |   207 |   -0.117 |       -7.4 |    157 | sa11_sr\[1\]$_DFF_P_/D
     1344 |      19 |     294 |      130 |     33 |   207 |   -0.117 |       -7.4 |    157 | sa11_sr\[1\]$_DFF_P_/D
iter:1344, pass:1, current fixing endpoint: u0.u0.d\[6\]$_DFF_P_/D, endpoint slack:-6.556666e-11
     1344 |      19 |     294 |      130 |     33 |   207 |   -0.117 |       -7.4 |    157 | sa11_sr\[1\]$_DFF_P_/D
     1345 |      19 |     294 |      130 |     33 |   207 |   -0.117 |       -7.4 |    157 | sa11_sr\[1\]$_DFF_P_/D
iter:1345, pass:1, current fixing endpoint: sa32_sr\[6\]$_DFF_P_/D, endpoint slack:-6.1922245e-11
     1346 |      19 |     295 |      130 |     33 |   207 |   -0.117 |       -7.4 |    157 | sa11_sr\[1\]$_DFF_P_/D
iter:1346, pass:2, current fixing endpoint: sa32_sr\[6\]$_DFF_P_/D, endpoint slack:-5.948153e-11
     1347 |      19 |     296 |      130 |     33 |   207 |   -0.117 |       -7.4 |    157 | sa11_sr\[1\]$_DFF_P_/D
iter:1347, pass:3, current fixing endpoint: sa32_sr\[6\]$_DFF_P_/D, endpoint slack:-5.5876526e-11
     1348 |      19 |     296 |      132 |     33 |   207 |   -0.117 |       -7.6 |    157 | sa11_sr\[1\]$_DFF_P_/D
iter:1348, pass:4, current fixing endpoint: sa32_sr\[6\]$_DFF_P_/D, endpoint slack:-8.3943075e-11
     1349 |      19 |     297 |      132 |     33 |   207 |   -0.117 |       -7.5 |    157 | sa11_sr\[1\]$_DFF_P_/D
iter:1349, pass:5, current fixing endpoint: sa32_sr\[6\]$_DFF_P_/D, endpoint slack:-7.401413e-11
     1350 |      19 |     298 |      132 |     33 |   207 |   -0.117 |       -7.5 |    157 | sa11_sr\[1\]$_DFF_P_/D
iter:1350, pass:6, current fixing endpoint: sa32_sr\[6\]$_DFF_P_/D, endpoint slack:-7.1711415e-11
     1351 |      19 |     299 |      132 |     33 |   207 |   -0.117 |       -7.5 |    157 | sa11_sr\[1\]$_DFF_P_/D
iter:1351, pass:7, current fixing endpoint: sa32_sr\[6\]$_DFF_P_/D, endpoint slack:-7.052048e-11
     1352 |      19 |     300 |      132 |     33 |   207 |   -0.117 |       -7.5 |    157 | sa11_sr\[1\]$_DFF_P_/D
iter:1352, pass:8, current fixing endpoint: sa32_sr\[6\]$_DFF_P_/D, endpoint slack:-7.101453e-11
     1353 |      19 |     301 |      132 |     33 |   207 |   -0.117 |       -7.5 |    157 | sa11_sr\[1\]$_DFF_P_/D
iter:1353, pass:9, current fixing endpoint: sa32_sr\[6\]$_DFF_P_/D, endpoint slack:-7.566592e-11
     1354 |      19 |     302 |      132 |     33 |   207 |   -0.117 |       -7.5 |    157 | sa11_sr\[1\]$_DFF_P_/D
iter:1354, pass:10, current fixing endpoint: sa32_sr\[6\]$_DFF_P_/D, endpoint slack:-7.340961e-11
     1355 |      19 |     303 |      132 |     33 |   207 |   -0.117 |       -7.5 |    157 | sa11_sr\[1\]$_DFF_P_/D
iter:1355, pass:11, current fixing endpoint: sa32_sr\[6\]$_DFF_P_/D, endpoint slack:-7.018641e-11
     1356 |      19 |     304 |      132 |     33 |   207 |   -0.117 |       -7.5 |    157 | sa11_sr\[1\]$_DFF_P_/D
iter:1356, pass:12, current fixing endpoint: sa32_sr\[6\]$_DFF_P_/D, endpoint slack:-6.7797434e-11
     1357 |      19 |     305 |      132 |     33 |   207 |   -0.117 |       -7.5 |    157 | sa11_sr\[1\]$_DFF_P_/D
iter:1357, pass:13, current fixing endpoint: sa32_sr\[6\]$_DFF_P_/D, endpoint slack:-6.7330364e-11
     1358 |      19 |     305 |      132 |     34 |   207 |   -0.117 |       -7.5 |    157 | sa11_sr\[1\]$_DFF_P_/D
iter:1358, pass:14, current fixing endpoint: sa32_sr\[6\]$_DFF_P_/D, endpoint slack:-6.681811e-11
     1359 |      19 |     305 |      132 |     34 |   208 |   -0.117 |       -7.5 |    157 | sa11_sr\[1\]$_DFF_P_/D
iter:1359, pass:15, current fixing endpoint: sa32_sr\[6\]$_DFF_P_/D, endpoint slack:-6.719536e-11
     1360 |      19 |     305 |      132 |     34 |   209 |   -0.117 |       -7.5 |    157 | sa11_sr\[1\]$_DFF_P_/D
iter:1360, pass:16, current fixing endpoint: sa32_sr\[6\]$_DFF_P_/D, endpoint slack:-7.221046e-11
     1361 |      19 |     306 |      132 |     34 |   209 |   -0.117 |       -7.5 |    157 | sa11_sr\[1\]$_DFF_P_/D
iter:1361, pass:17, current fixing endpoint: sa32_sr\[6\]$_DFF_P_/D, endpoint slack:-6.835599e-11
     1362 |      19 |     307 |      132 |     34 |   209 |   -0.117 |       -7.5 |    157 | sa11_sr\[1\]$_DFF_P_/D
iter:1362, pass:18, current fixing endpoint: sa32_sr\[6\]$_DFF_P_/D, endpoint slack:-6.8516415e-11
     1363 |      19 |     307 |      132 |     34 |   210 |   -0.117 |       -7.5 |    157 | sa11_sr\[1\]$_DFF_P_/D
iter:1363, pass:19, current fixing endpoint: sa32_sr\[6\]$_DFF_P_/D, endpoint slack:-7.0813466e-11
     1363 |      19 |     299 |      131 |     33 |   207 |   -0.117 |       -7.4 |    157 | sa11_sr\[1\]$_DFF_P_/D
     1364 |      19 |     299 |      131 |     33 |   207 |   -0.117 |       -7.4 |    157 | sa11_sr\[1\]$_DFF_P_/D
iter:1364, pass:1, current fixing endpoint: sa20_sr\[1\]$_DFF_P_/D, endpoint slack:-6.272294e-11
     1365 |      19 |     300 |      131 |     33 |   207 |   -0.117 |       -7.4 |    157 | sa11_sr\[1\]$_DFF_P_/D
iter:1365, pass:2, current fixing endpoint: sa20_sr\[1\]$_DFF_P_/D, endpoint slack:-6.786749e-11
     1366 |      19 |     301 |      131 |     33 |   207 |   -0.117 |       -7.4 |    157 | sa11_sr\[1\]$_DFF_P_/D
iter:1366, pass:3, current fixing endpoint: sa20_sr\[1\]$_DFF_P_/D, endpoint slack:-6.287537e-11
     1367 |      19 |     301 |      131 |     34 |   207 |   -0.117 |       -7.4 |    157 | sa11_sr\[1\]$_DFF_P_/D
iter:1367, pass:4, current fixing endpoint: sa20_sr\[1\]$_DFF_P_/D, endpoint slack:-6.368417e-11
     1368 |      19 |     301 |      131 |     35 |   207 |   -0.117 |       -7.4 |    157 | sa11_sr\[1\]$_DFF_P_/D
iter:1368, pass:5, current fixing endpoint: sa20_sr\[1\]$_DFF_P_/D, endpoint slack:-6.3643646e-11
     1369 |      19 |     301 |      131 |     36 |   207 |   -0.117 |       -7.4 |    157 | sa11_sr\[1\]$_DFF_P_/D
iter:1369, pass:6, current fixing endpoint: sa20_sr\[1\]$_DFF_P_/D, endpoint slack:-6.4197536e-11
     1369 |      19 |     299 |      131 |     33 |   207 |   -0.117 |       -7.4 |    157 | sa11_sr\[1\]$_DFF_P_/D
     1370 |      19 |     299 |      131 |     33 |   207 |   -0.117 |       -7.4 |    157 | sa11_sr\[1\]$_DFF_P_/D
iter:1370, pass:1, current fixing endpoint: sa13_sr\[2\]$_DFF_P_/D, endpoint slack:-6.4491745e-11
     1370 |      19 |     299 |      131 |     33 |   207 |   -0.117 |       -7.4 |    157 | sa11_sr\[1\]$_DFF_P_/D
     1371 |      19 |     299 |      131 |     33 |   207 |   -0.117 |       -7.4 |    157 | sa11_sr\[1\]$_DFF_P_/D
iter:1371, pass:1, current fixing endpoint: sa00_sr\[0\]$_DFF_P_/D, endpoint slack:-6.441325e-11
     1371 |      19 |     299 |      131 |     33 |   207 |   -0.117 |       -7.4 |    157 | sa11_sr\[1\]$_DFF_P_/D
     1372 |      19 |     299 |      131 |     33 |   207 |   -0.117 |       -7.4 |    157 | sa11_sr\[1\]$_DFF_P_/D
iter:1372, pass:1, current fixing endpoint: sa12_sr\[7\]$_DFF_P_/D, endpoint slack:-6.414547e-11
     1373 |      19 |     300 |      131 |     33 |   207 |   -0.117 |       -7.4 |    157 | sa11_sr\[1\]$_DFF_P_/D
iter:1373, pass:2, current fixing endpoint: sa12_sr\[7\]$_DFF_P_/D, endpoint slack:-6.400758e-11
     1374 |      19 |     301 |      131 |     33 |   207 |   -0.117 |       -7.4 |    157 | sa11_sr\[1\]$_DFF_P_/D
iter:1374, pass:3, current fixing endpoint: sa12_sr\[7\]$_DFF_P_/D, endpoint slack:-6.002443e-11
     1375 |      19 |     301 |      131 |     33 |   208 |   -0.117 |       -7.4 |    157 | sa11_sr\[1\]$_DFF_P_/D
iter:1375, pass:4, current fixing endpoint: sa12_sr\[7\]$_DFF_P_/D, endpoint slack:-6.522083e-11
     1376 |      19 |     302 |      131 |     33 |   208 |   -0.117 |       -7.4 |    157 | sa11_sr\[1\]$_DFF_P_/D
iter:1376, pass:5, current fixing endpoint: sa12_sr\[7\]$_DFF_P_/D, endpoint slack:-6.458312e-11
     1377 |      19 |     302 |      131 |     33 |   209 |   -0.117 |       -7.4 |    157 | sa11_sr\[1\]$_DFF_P_/D
iter:1377, pass:6, current fixing endpoint: sa12_sr\[7\]$_DFF_P_/D, endpoint slack:-6.585665e-11
     1378 |      19 |     303 |      131 |     33 |   209 |   -0.117 |       -7.4 |    157 | sa11_sr\[1\]$_DFF_P_/D
iter:1378, pass:7, current fixing endpoint: sa12_sr\[7\]$_DFF_P_/D, endpoint slack:-6.667533e-11
     1379 |      19 |     304 |      131 |     33 |   209 |   -0.117 |       -7.4 |    157 | sa11_sr\[1\]$_DFF_P_/D
iter:1379, pass:8, current fixing endpoint: sa12_sr\[7\]$_DFF_P_/D, endpoint slack:-6.366718e-11
     1380 |      19 |     304 |      133 |     33 |   209 |   -0.117 |       -7.4 |    157 | sa11_sr\[1\]$_DFF_P_/D
iter:1380, pass:9, current fixing endpoint: sa12_sr\[7\]$_DFF_P_/D, endpoint slack:-6.2485794e-11
     1381 |      19 |     304 |      135 |     33 |   209 |   -0.117 |       -7.5 |    157 | sa11_sr\[1\]$_DFF_P_/D
iter:1381, pass:10, current fixing endpoint: sa12_sr\[7\]$_DFF_P_/D, endpoint slack:-5.955736e-11
     1382 |      19 |     304 |      135 |     33 |   210 |   -0.117 |       -7.5 |    157 | sa11_sr\[1\]$_DFF_P_/D
iter:1382, pass:11, current fixing endpoint: sa12_sr\[7\]$_DFF_P_/D, endpoint slack:-6.23126e-11
     1382 |      19 |     304 |      135 |     33 |   209 |   -0.117 |       -7.5 |    157 | sa11_sr\[1\]$_DFF_P_/D
     1383 |      19 |     304 |      135 |     33 |   209 |   -0.117 |       -7.5 |    157 | sa11_sr\[1\]$_DFF_P_/D
iter:1383, pass:1, current fixing endpoint: sa03_sr\[3\]$_DFF_P_/D, endpoint slack:-6.372758e-11
     1383 |      19 |     304 |      135 |     33 |   209 |   -0.117 |       -7.5 |    157 | sa11_sr\[1\]$_DFF_P_/D
     1384 |      19 |     304 |      135 |     33 |   209 |   -0.117 |       -7.5 |    157 | sa11_sr\[1\]$_DFF_P_/D
iter:1384, pass:1, current fixing endpoint: sa33_sr\[5\]$_DFF_P_/D, endpoint slack:-6.56597e-11
     1384 |      19 |     304 |      135 |     33 |   209 |   -0.117 |       -7.5 |    157 | sa11_sr\[1\]$_DFF_P_/D
     1385 |      19 |     304 |      135 |     33 |   209 |   -0.117 |       -7.5 |    157 | sa11_sr\[1\]$_DFF_P_/D
iter:1385, pass:1, current fixing endpoint: sa23_sr\[1\]$_DFF_P_/D, endpoint slack:-5.920664e-11
     1386 |      19 |     304 |      135 |     33 |   210 |   -0.117 |       -7.5 |    157 | sa11_sr\[1\]$_DFF_P_/D
iter:1386, pass:2, current fixing endpoint: sa23_sr\[1\]$_DFF_P_/D, endpoint slack:-5.7242544e-11
     1387 |      19 |     304 |      135 |     33 |   211 |   -0.117 |       -7.5 |    157 | sa11_sr\[1\]$_DFF_P_/D
iter:1387, pass:3, current fixing endpoint: sa23_sr\[1\]$_DFF_P_/D, endpoint slack:-5.340106e-11
     1388 |      19 |     305 |      135 |     33 |   211 |   -0.117 |       -7.5 |    157 | sa11_sr\[1\]$_DFF_P_/D
iter:1388, pass:4, current fixing endpoint: sa23_sr\[1\]$_DFF_P_/D, endpoint slack:-5.6087135e-11
     1388 |      19 |     304 |      135 |     33 |   211 |   -0.117 |       -7.5 |    157 | sa11_sr\[1\]$_DFF_P_/D
     1389 |      19 |     304 |      135 |     33 |   211 |   -0.117 |       -7.5 |    157 | sa11_sr\[1\]$_DFF_P_/D
iter:1389, pass:1, current fixing endpoint: sa03_sr\[2\]$_DFF_P_/D, endpoint slack:-6.305323e-11
     1390 |      19 |     304 |      135 |     33 |   212 |   -0.117 |       -7.5 |    157 | sa11_sr\[1\]$_DFF_P_/D
iter:1390, pass:2, current fixing endpoint: sa03_sr\[2\]$_DFF_P_/D, endpoint slack:-6.800849e-11
     1390 |      19 |     304 |      135 |     33 |   211 |   -0.117 |       -7.5 |    157 | sa11_sr\[1\]$_DFF_P_/D
     1391 |      19 |     304 |      135 |     33 |   211 |   -0.117 |       -7.5 |    157 | sa11_sr\[1\]$_DFF_P_/D
iter:1391, pass:1, current fixing endpoint: sa02_sr\[6\]$_DFF_P_/D, endpoint slack:-5.96494e-11
     1392 |      19 |     305 |      135 |     33 |   211 |   -0.117 |       -7.5 |    157 | sa11_sr\[1\]$_DFF_P_/D
iter:1392, pass:2, current fixing endpoint: sa02_sr\[6\]$_DFF_P_/D, endpoint slack:-5.7580274e-11
     1393 |      19 |     306 |      135 |     33 |   211 |   -0.117 |       -7.5 |    157 | sa11_sr\[1\]$_DFF_P_/D
iter:1393, pass:3, current fixing endpoint: sa02_sr\[6\]$_DFF_P_/D, endpoint slack:-6.4587447e-11
     1394 |      19 |     307 |      135 |     33 |   211 |   -0.117 |       -7.5 |    157 | sa11_sr\[1\]$_DFF_P_/D
iter:1394, pass:4, current fixing endpoint: sa02_sr\[6\]$_DFF_P_/D, endpoint slack:-5.4190652e-11
     1395 |      19 |     308 |      135 |     33 |   211 |   -0.117 |       -7.5 |    157 | sa11_sr\[1\]$_DFF_P_/D
iter:1395, pass:5, current fixing endpoint: sa02_sr\[6\]$_DFF_P_/D, endpoint slack:-5.323142e-11
     1396 |      19 |     309 |      135 |     33 |   211 |   -0.117 |       -7.5 |    157 | sa11_sr\[1\]$_DFF_P_/D
iter:1396, pass:6, current fixing endpoint: sa02_sr\[6\]$_DFF_P_/D, endpoint slack:-5.2933546e-11
     1397 |      19 |     310 |      135 |     33 |   211 |   -0.117 |       -7.5 |    157 | sa11_sr\[1\]$_DFF_P_/D
iter:1397, pass:7, current fixing endpoint: sa02_sr\[6\]$_DFF_P_/D, endpoint slack:-5.1331384e-11
     1398 |      19 |     310 |      135 |     33 |   212 |   -0.117 |       -7.5 |    157 | sa11_sr\[1\]$_DFF_P_/D
iter:1398, pass:8, current fixing endpoint: sa02_sr\[6\]$_DFF_P_/D, endpoint slack:-5.0435656e-11
     1399 |      19 |     310 |      135 |     33 |   213 |   -0.117 |       -7.5 |    157 | sa11_sr\[1\]$_DFF_P_/D
iter:1399, pass:9, current fixing endpoint: sa02_sr\[6\]$_DFF_P_/D, endpoint slack:-4.8062776e-11
     1400 |      19 |     311 |      135 |     33 |   213 |   -0.117 |       -7.5 |    157 | sa11_sr\[1\]$_DFF_P_/D
iter:1400, pass:10, current fixing endpoint: sa02_sr\[6\]$_DFF_P_/D, endpoint slack:-4.751144e-11
     1401 |      19 |     311 |      135 |     33 |   214 |   -0.117 |       -7.5 |    157 | sa11_sr\[1\]$_DFF_P_/D
iter:1401, pass:11, current fixing endpoint: sa02_sr\[6\]$_DFF_P_/D, endpoint slack:-4.7217008e-11
     1402 |      19 |     311 |      135 |     33 |   215 |   -0.117 |       -7.5 |    157 | sa11_sr\[1\]$_DFF_P_/D
iter:1402, pass:12, current fixing endpoint: sa02_sr\[6\]$_DFF_P_/D, endpoint slack:-5.7659544e-11
     1403 |      19 |     311 |      140 |     33 |   215 |   -0.117 |       -7.5 |    157 | sa11_sr\[1\]$_DFF_P_/D
iter:1403, pass:13, current fixing endpoint: sa02_sr\[6\]$_DFF_P_/D, endpoint slack:-4.5605186e-11
     1403 |      19 |     311 |      140 |     33 |   215 |   -0.117 |       -7.5 |    157 | sa11_sr\[1\]$_DFF_P_/D
     1404 |      19 |     311 |      140 |     33 |   215 |   -0.117 |       -7.5 |    157 | sa11_sr\[1\]$_DFF_P_/D
iter:1404, pass:1, current fixing endpoint: sa02_sr\[0\]$_DFF_P_/D, endpoint slack:-5.7186145e-11
     1404 |      19 |     311 |      140 |     33 |   215 |   -0.117 |       -7.5 |    157 | sa11_sr\[1\]$_DFF_P_/D
     1405 |      19 |     311 |      140 |     33 |   215 |   -0.117 |       -7.5 |    157 | sa11_sr\[1\]$_DFF_P_/D
iter:1405, pass:1, current fixing endpoint: sa33_sr\[6\]$_DFF_P_/D, endpoint slack:-4.1506354e-11
     1406 |      19 |     312 |      140 |     33 |   215 |   -0.117 |       -7.5 |    157 | sa11_sr\[1\]$_DFF_P_/D
iter:1406, pass:2, current fixing endpoint: sa33_sr\[6\]$_DFF_P_/D, endpoint slack:-4.104328e-11
     1407 |      19 |     312 |      140 |     33 |   216 |   -0.117 |       -7.5 |    157 | sa11_sr\[1\]$_DFF_P_/D
iter:1407, pass:3, current fixing endpoint: sa33_sr\[6\]$_DFF_P_/D, endpoint slack:-4.377254e-11
     1408 |      19 |     312 |      140 |     33 |   217 |   -0.117 |       -7.5 |    157 | sa11_sr\[1\]$_DFF_P_/D
iter:1408, pass:4, current fixing endpoint: sa33_sr\[6\]$_DFF_P_/D, endpoint slack:-3.8053116e-11
     1409 |      19 |     313 |      140 |     33 |   217 |   -0.117 |       -7.5 |    157 | sa11_sr\[1\]$_DFF_P_/D
iter:1409, pass:5, current fixing endpoint: sa33_sr\[6\]$_DFF_P_/D, endpoint slack:-3.8277825e-11
     1409 |      19 |     312 |      140 |     33 |   217 |   -0.117 |       -7.5 |    157 | sa11_sr\[1\]$_DFF_P_/D
     1410 |      19 |     312 |      140 |     33 |   217 |   -0.117 |       -7.5 |    157 | sa11_sr\[1\]$_DFF_P_/D
iter:1410, pass:1, current fixing endpoint: sa13_sr\[0\]$_DFF_P_/D, endpoint slack:-5.994183e-11
     1411 |      19 |     313 |      140 |     33 |   217 |   -0.117 |       -7.5 |    157 | sa11_sr\[1\]$_DFF_P_/D
iter:1411, pass:2, current fixing endpoint: sa13_sr\[0\]$_DFF_P_/D, endpoint slack:-6.3654415e-11
     1412 |      19 |     313 |      140 |     33 |   218 |   -0.117 |       -7.5 |    157 | sa11_sr\[1\]$_DFF_P_/D
iter:1412, pass:3, current fixing endpoint: sa13_sr\[0\]$_DFF_P_/D, endpoint slack:-6.743628e-11
     1413 |      19 |     313 |      140 |     33 |   219 |   -0.117 |       -7.5 |    157 | sa11_sr\[1\]$_DFF_P_/D
iter:1413, pass:4, current fixing endpoint: sa13_sr\[0\]$_DFF_P_/D, endpoint slack:-7.183587e-11
     1414 |      19 |     314 |      140 |     33 |   219 |   -0.117 |       -7.5 |    157 | sa11_sr\[1\]$_DFF_P_/D
iter:1414, pass:5, current fixing endpoint: sa13_sr\[0\]$_DFF_P_/D, endpoint slack:-6.704626e-11
     1415 |      19 |     315 |      140 |     33 |   219 |   -0.117 |       -7.5 |    157 | sa11_sr\[1\]$_DFF_P_/D
iter:1415, pass:6, current fixing endpoint: sa13_sr\[0\]$_DFF_P_/D, endpoint slack:-7.005696e-11
     1416 |      19 |     315 |      140 |     33 |   220 |   -0.117 |       -7.5 |    157 | sa11_sr\[1\]$_DFF_P_/D
iter:1416, pass:7, current fixing endpoint: sa13_sr\[0\]$_DFF_P_/D, endpoint slack:-7.790668e-11
     1417 |      19 |     316 |      140 |     33 |   220 |   -0.117 |       -7.5 |    157 | sa11_sr\[1\]$_DFF_P_/D
iter:1417, pass:8, current fixing endpoint: sa13_sr\[0\]$_DFF_P_/D, endpoint slack:-7.2385875e-11
     1418 |      19 |     316 |      140 |     34 |   220 |   -0.117 |       -7.5 |    157 | sa11_sr\[1\]$_DFF_P_/D
iter:1418, pass:9, current fixing endpoint: sa13_sr\[0\]$_DFF_P_/D, endpoint slack:-7.119416e-11
     1419 |      19 |     317 |      140 |     34 |   220 |   -0.117 |       -7.5 |    157 | sa11_sr\[1\]$_DFF_P_/D
iter:1419, pass:10, current fixing endpoint: sa13_sr\[0\]$_DFF_P_/D, endpoint slack:-6.8863915e-11
     1419 |      19 |     313 |      140 |     33 |   217 |   -0.117 |       -7.5 |    157 | sa11_sr\[1\]$_DFF_P_/D
     1420 |      19 |     313 |      140 |     33 |   217 |   -0.117 |       -7.5 |    157 | sa11_sr\[1\]$_DFF_P_/D
iter:1420, pass:1, current fixing endpoint: u0.u3.d\[1\]$_DFF_P_/D, endpoint slack:-5.9144356e-11
     1420 |      19 |     313 |      140 |     33 |   217 |   -0.117 |       -7.5 |    157 | sa11_sr\[1\]$_DFF_P_/D
     1421 |      19 |     313 |      140 |     33 |   217 |   -0.117 |       -7.5 |    157 | sa11_sr\[1\]$_DFF_P_/D
iter:1421, pass:1, current fixing endpoint: sa12_sr\[0\]$_DFF_P_/D, endpoint slack:-5.463552e-11
     1422 |      19 |     314 |      140 |     33 |   217 |   -0.117 |       -7.5 |    157 | sa11_sr\[1\]$_DFF_P_/D
iter:1422, pass:2, current fixing endpoint: sa12_sr\[0\]$_DFF_P_/D, endpoint slack:-5.9734995e-11
     1422 |      19 |     313 |      140 |     33 |   217 |   -0.117 |       -7.5 |    157 | sa11_sr\[1\]$_DFF_P_/D
     1423 |      19 |     313 |      140 |     33 |   217 |   -0.117 |       -7.5 |    157 | sa11_sr\[1\]$_DFF_P_/D
iter:1423, pass:1, current fixing endpoint: sa12_sr\[3\]$_DFF_P_/D, endpoint slack:-5.421208e-11
     1424 |      19 |     314 |      140 |     33 |   217 |   -0.117 |       -7.5 |    157 | sa11_sr\[1\]$_DFF_P_/D
iter:1424, pass:2, current fixing endpoint: sa12_sr\[3\]$_DFF_P_/D, endpoint slack:-5.5200067e-11
     1425 |      20 |     314 |      140 |     33 |   217 |   -0.117 |       -7.5 |    157 | sa11_sr\[1\]$_DFF_P_/D
iter:1425, pass:3, current fixing endpoint: sa12_sr\[3\]$_DFF_P_/D, endpoint slack:-4.9879212e-11
     1426 |      20 |     314 |      140 |     33 |   218 |   -0.117 |       -7.5 |    157 | sa11_sr\[1\]$_DFF_P_/D
iter:1426, pass:4, current fixing endpoint: sa12_sr\[3\]$_DFF_P_/D, endpoint slack:-6.290701e-11
     1427 |      20 |     314 |      142 |     33 |   218 |   -0.117 |       -7.5 |    157 | sa11_sr\[1\]$_DFF_P_/D
iter:1427, pass:5, current fixing endpoint: sa12_sr\[3\]$_DFF_P_/D, endpoint slack:-5.2606475e-11
     1428 |      20 |     315 |      142 |     33 |   218 |   -0.117 |       -7.5 |    157 | sa11_sr\[1\]$_DFF_P_/D
iter:1428, pass:6, current fixing endpoint: sa12_sr\[3\]$_DFF_P_/D, endpoint slack:-4.7823634e-11
     1429 |      20 |     315 |      142 |     33 |   219 |   -0.117 |       -7.5 |    157 | sa11_sr\[1\]$_DFF_P_/D
iter:1429, pass:7, current fixing endpoint: sa12_sr\[3\]$_DFF_P_/D, endpoint slack:-5.9930505e-11
     1430 |      20 |     316 |      142 |     33 |   219 |   -0.117 |       -7.5 |    157 | sa11_sr\[1\]$_DFF_P_/D
iter:1430, pass:8, current fixing endpoint: sa12_sr\[3\]$_DFF_P_/D, endpoint slack:-5.990852e-11
     1431 |      20 |     317 |      142 |     33 |   219 |   -0.117 |       -7.5 |    157 | sa11_sr\[1\]$_DFF_P_/D
iter:1431, pass:9, current fixing endpoint: sa12_sr\[3\]$_DFF_P_/D, endpoint slack:-5.493983e-11
     1432 |      20 |     318 |      142 |     33 |   219 |   -0.117 |       -7.5 |    157 | sa11_sr\[1\]$_DFF_P_/D
iter:1432, pass:10, current fixing endpoint: sa12_sr\[3\]$_DFF_P_/D, endpoint slack:-5.3930416e-11
     1433 |      20 |     319 |      142 |     33 |   219 |   -0.117 |       -7.5 |    157 | sa11_sr\[1\]$_DFF_P_/D
iter:1433, pass:11, current fixing endpoint: sa12_sr\[3\]$_DFF_P_/D, endpoint slack:-5.5136007e-11
     1434 |      20 |     320 |      142 |     33 |   219 |   -0.117 |       -7.5 |    157 | sa11_sr\[1\]$_DFF_P_/D
iter:1434, pass:12, current fixing endpoint: sa12_sr\[3\]$_DFF_P_/D, endpoint slack:-5.7357563e-11
     1435 |      20 |     320 |      142 |     34 |   219 |   -0.117 |       -7.5 |    157 | sa11_sr\[1\]$_DFF_P_/D
iter:1435, pass:13, current fixing endpoint: sa12_sr\[3\]$_DFF_P_/D, endpoint slack:-5.6424865e-11
     1436 |      20 |     321 |      142 |     34 |   219 |   -0.117 |       -7.5 |    157 | sa11_sr\[1\]$_DFF_P_/D
iter:1436, pass:14, current fixing endpoint: sa12_sr\[3\]$_DFF_P_/D, endpoint slack:-5.7400196e-11
     1437 |      20 |     322 |      142 |     34 |   219 |   -0.117 |       -7.5 |    157 | sa11_sr\[1\]$_DFF_P_/D
iter:1437, pass:15, current fixing endpoint: sa12_sr\[3\]$_DFF_P_/D, endpoint slack:-5.2816862e-11
     1438 |      20 |     322 |      142 |     34 |   220 |   -0.117 |       -7.5 |    157 | sa11_sr\[1\]$_DFF_P_/D
iter:1438, pass:16, current fixing endpoint: sa12_sr\[3\]$_DFF_P_/D, endpoint slack:-5.52427e-11
     1439 |      20 |     323 |      142 |     34 |   220 |   -0.117 |       -7.5 |    157 | sa11_sr\[1\]$_DFF_P_/D
iter:1439, pass:17, current fixing endpoint: sa12_sr\[3\]$_DFF_P_/D, endpoint slack:-5.5388694e-11
     1440 |      20 |     324 |      142 |     34 |   220 |   -0.117 |       -7.5 |    157 | sa11_sr\[1\]$_DFF_P_/D
iter:1440, pass:18, current fixing endpoint: sa12_sr\[3\]$_DFF_P_/D, endpoint slack:-5.937706e-11
     1441 |      20 |     325 |      142 |     34 |   220 |   -0.117 |       -7.5 |    157 | sa11_sr\[1\]$_DFF_P_/D
iter:1441, pass:19, current fixing endpoint: sa12_sr\[3\]$_DFF_P_/D, endpoint slack:-5.4610094e-11
     1442 |      20 |     326 |      142 |     34 |   220 |   -0.117 |       -7.5 |    157 | sa11_sr\[1\]$_DFF_P_/D
iter:1442, pass:20, current fixing endpoint: sa12_sr\[3\]$_DFF_P_/D, endpoint slack:-5.4866223e-11
     1443 |      20 |     326 |      142 |     34 |   221 |   -0.117 |       -7.5 |    157 | sa11_sr\[1\]$_DFF_P_/D
iter:1443, pass:21, current fixing endpoint: sa12_sr\[3\]$_DFF_P_/D, endpoint slack:-5.6021743e-11
     1444 |      20 |     326 |      142 |     35 |   221 |   -0.117 |       -7.5 |    157 | sa11_sr\[1\]$_DFF_P_/D
iter:1444, pass:22, current fixing endpoint: sa12_sr\[3\]$_DFF_P_/D, endpoint slack:-5.3819837e-11
     1444 |      20 |     319 |      142 |     33 |   218 |   -0.117 |       -7.5 |    157 | sa11_sr\[1\]$_DFF_P_/D
     1445 |      20 |     319 |      142 |     33 |   218 |   -0.117 |       -7.5 |    157 | sa11_sr\[1\]$_DFF_P_/D
iter:1445, pass:1, current fixing endpoint: sa30_sr\[1\]$_DFF_P_/D, endpoint slack:-5.7904348e-11
     1446 |      20 |     320 |      142 |     33 |   218 |   -0.117 |       -7.5 |    157 | sa11_sr\[1\]$_DFF_P_/D
iter:1446, pass:2, current fixing endpoint: sa30_sr\[1\]$_DFF_P_/D, endpoint slack:-5.93352e-11
     1447 |      20 |     320 |      142 |     34 |   218 |   -0.117 |       -7.5 |    157 | sa11_sr\[1\]$_DFF_P_/D
iter:1447, pass:3, current fixing endpoint: sa30_sr\[1\]$_DFF_P_/D, endpoint slack:-5.8250404e-11
     1448 |      20 |     320 |      142 |     34 |   219 |   -0.117 |       -7.5 |    157 | sa11_sr\[1\]$_DFF_P_/D
iter:1448, pass:4, current fixing endpoint: sa30_sr\[1\]$_DFF_P_/D, endpoint slack:-6.283141e-11
     1449 |      20 |     321 |      142 |     34 |   219 |   -0.117 |       -7.5 |    157 | sa11_sr\[1\]$_DFF_P_/D
iter:1449, pass:5, current fixing endpoint: sa30_sr\[1\]$_DFF_P_/D, endpoint slack:-6.2240546e-11
     1450 |      20 |     322 |      142 |     34 |   219 |   -0.117 |       -7.5 |    157 | sa11_sr\[1\]$_DFF_P_/D
iter:1450, pass:6, current fixing endpoint: sa30_sr\[1\]$_DFF_P_/D, endpoint slack:-6.217005e-11
     1451 |      20 |     323 |      142 |     34 |   219 |   -0.117 |       -7.5 |    157 | sa11_sr\[1\]$_DFF_P_/D
iter:1451, pass:7, current fixing endpoint: sa30_sr\[1\]$_DFF_P_/D, endpoint slack:-5.772771e-11
     1452 |      20 |     324 |      142 |     34 |   219 |   -0.117 |       -7.5 |    157 | sa11_sr\[1\]$_DFF_P_/D
iter:1452, pass:8, current fixing endpoint: sa30_sr\[1\]$_DFF_P_/D, endpoint slack:-5.6400662e-11
     1453 |      20 |     325 |      142 |     34 |   219 |   -0.117 |       -7.5 |    157 | sa11_sr\[1\]$_DFF_P_/D
iter:1453, pass:9, current fixing endpoint: sa30_sr\[1\]$_DFF_P_/D, endpoint slack:-5.347156e-11
     1454 |      20 |     326 |      142 |     34 |   219 |   -0.117 |       -7.5 |    157 | sa11_sr\[1\]$_DFF_P_/D
iter:1454, pass:10, current fixing endpoint: sa30_sr\[1\]$_DFF_P_/D, endpoint slack:-5.2827187e-11
     1455 |      20 |     327 |      142 |     34 |   219 |   -0.117 |       -7.5 |    157 | sa11_sr\[1\]$_DFF_P_/D
iter:1455, pass:11, current fixing endpoint: sa30_sr\[1\]$_DFF_P_/D, endpoint slack:-6.167289e-11
     1456 |      20 |     327 |      146 |     34 |   219 |   -0.117 |       -7.5 |    157 | sa11_sr\[1\]$_DFF_P_/D
iter:1456, pass:12, current fixing endpoint: sa30_sr\[1\]$_DFF_P_/D, endpoint slack:-5.2317817e-11
     1457 |      20 |     328 |      146 |     34 |   219 |   -0.117 |       -7.5 |    157 | sa11_sr\[1\]$_DFF_P_/D
iter:1457, pass:13, current fixing endpoint: sa30_sr\[1\]$_DFF_P_/D, endpoint slack:-5.201506e-11
     1458 |      20 |     329 |      146 |     34 |   219 |   -0.117 |       -7.5 |    157 | sa11_sr\[1\]$_DFF_P_/D
iter:1458, pass:14, current fixing endpoint: sa30_sr\[1\]$_DFF_P_/D, endpoint slack:-5.1874394e-11
     1458 |      20 |     329 |      146 |     34 |   219 |   -0.117 |       -7.5 |    157 | sa11_sr\[1\]$_DFF_P_/D
     1459 |      20 |     329 |      146 |     34 |   219 |   -0.117 |       -7.5 |    157 | sa11_sr\[1\]$_DFF_P_/D
iter:1459, pass:1, current fixing endpoint: sa31_sr\[1\]$_DFF_P_/D, endpoint slack:-5.666645e-11
     1460 |      20 |     330 |      146 |     34 |   219 |   -0.117 |       -7.5 |    157 | sa11_sr\[1\]$_DFF_P_/D
iter:1460, pass:2, current fixing endpoint: sa31_sr\[1\]$_DFF_P_/D, endpoint slack:-5.821055e-11
     1461 |      20 |     331 |      146 |     34 |   219 |   -0.117 |       -7.5 |    157 | sa11_sr\[1\]$_DFF_P_/D
iter:1461, pass:3, current fixing endpoint: sa31_sr\[1\]$_DFF_P_/D, endpoint slack:-5.4734217e-11
     1462 |      20 |     332 |      146 |     34 |   219 |   -0.117 |       -7.5 |    157 | sa11_sr\[1\]$_DFF_P_/D
iter:1462, pass:4, current fixing endpoint: sa31_sr\[1\]$_DFF_P_/D, endpoint slack:-5.3175908e-11
     1463 |      20 |     333 |      146 |     34 |   219 |   -0.117 |       -7.5 |    157 | sa11_sr\[1\]$_DFF_P_/D
iter:1463, pass:5, current fixing endpoint: sa31_sr\[1\]$_DFF_P_/D, endpoint slack:-5.4284244e-11
     1464 |      20 |     334 |      146 |     34 |   219 |   -0.117 |       -7.5 |    157 | sa11_sr\[1\]$_DFF_P_/D
iter:1464, pass:6, current fixing endpoint: sa31_sr\[1\]$_DFF_P_/D, endpoint slack:-5.096268e-11
     1465 |      20 |     335 |      146 |     34 |   219 |   -0.117 |       -7.5 |    157 | sa11_sr\[1\]$_DFF_P_/D
iter:1465, pass:7, current fixing endpoint: sa31_sr\[1\]$_DFF_P_/D, endpoint slack:-5.1831317e-11
     1465 |      20 |     334 |      146 |     34 |   219 |   -0.117 |       -7.5 |    157 | sa11_sr\[1\]$_DFF_P_/D
     1466 |      20 |     334 |      146 |     34 |   219 |   -0.117 |       -7.5 |    157 | sa11_sr\[1\]$_DFF_P_/D
iter:1466, pass:1, current fixing endpoint: sa32_sr\[0\]$_DFF_P_/D, endpoint slack:-5.5911942e-11
     1467 |      20 |     335 |      146 |     34 |   219 |   -0.117 |       -7.5 |    157 | sa11_sr\[1\]$_DFF_P_/D
iter:1467, pass:2, current fixing endpoint: sa32_sr\[0\]$_DFF_P_/D, endpoint slack:-5.7838734e-11
     1468 |      20 |     336 |      146 |     34 |   219 |   -0.121 |       -7.5 |    157 | sa32_sr\[3\]$_DFF_P_/D
iter:1468, pass:3, current fixing endpoint: sa32_sr\[0\]$_DFF_P_/D, endpoint slack:-5.860101e-11
     1469 |      20 |     337 |      146 |     34 |   219 |   -0.121 |       -7.5 |    157 | sa32_sr\[3\]$_DFF_P_/D
iter:1469, pass:4, current fixing endpoint: sa32_sr\[0\]$_DFF_P_/D, endpoint slack:-5.8139493e-11
     1470 |      20 |     338 |      146 |     34 |   219 |   -0.121 |       -7.5 |    157 | sa32_sr\[3\]$_DFF_P_/D
iter:1470, pass:5, current fixing endpoint: sa32_sr\[0\]$_DFF_P_/D, endpoint slack:-5.7356342e-11
     1471 |      20 |     339 |      146 |     34 |   219 |   -0.121 |       -7.5 |    157 | sa32_sr\[3\]$_DFF_P_/D
iter:1471, pass:6, current fixing endpoint: sa32_sr\[0\]$_DFF_P_/D, endpoint slack:-5.6407323e-11
     1472 |      20 |     339 |      148 |     34 |   219 |   -0.117 |       -7.7 |    157 | sa11_sr\[1\]$_DFF_P_/D
iter:1472, pass:7, current fixing endpoint: sa32_sr\[0\]$_DFF_P_/D, endpoint slack:-8.447376e-11
     1473 |      20 |     340 |      148 |     34 |   219 |   -0.117 |       -7.6 |    157 | sa11_sr\[1\]$_DFF_P_/D
iter:1473, pass:8, current fixing endpoint: sa32_sr\[0\]$_DFF_P_/D, endpoint slack:-7.4544926e-11
     1474 |      20 |     341 |      148 |     34 |   219 |   -0.117 |       -7.6 |    157 | sa11_sr\[1\]$_DFF_P_/D
iter:1474, pass:9, current fixing endpoint: sa32_sr\[0\]$_DFF_P_/D, endpoint slack:-7.22421e-11
     1475 |      20 |     342 |      148 |     34 |   219 |   -0.117 |       -7.6 |    157 | sa11_sr\[1\]$_DFF_P_/D
iter:1475, pass:10, current fixing endpoint: sa32_sr\[0\]$_DFF_P_/D, endpoint slack:-6.828249e-11
     1476 |      20 |     343 |      148 |     34 |   219 |   -0.117 |       -7.6 |    157 | sa11_sr\[1\]$_DFF_P_/D
iter:1476, pass:11, current fixing endpoint: sa32_sr\[0\]$_DFF_P_/D, endpoint slack:-6.709344e-11
     1477 |      20 |     344 |      148 |     34 |   219 |   -0.117 |       -7.6 |    157 | sa11_sr\[1\]$_DFF_P_/D
iter:1477, pass:12, current fixing endpoint: sa32_sr\[0\]$_DFF_P_/D, endpoint slack:-6.7964745e-11
     1478 |      20 |     344 |      148 |     35 |   219 |   -0.117 |       -7.6 |    157 | sa11_sr\[1\]$_DFF_P_/D
iter:1478, pass:13, current fixing endpoint: sa32_sr\[0\]$_DFF_P_/D, endpoint slack:-6.711054e-11
     1479 |      20 |     345 |      148 |     35 |   219 |   -0.117 |       -7.6 |    157 | sa11_sr\[1\]$_DFF_P_/D
iter:1479, pass:14, current fixing endpoint: sa32_sr\[0\]$_DFF_P_/D, endpoint slack:-6.780798e-11
     1480 |      20 |     346 |      148 |     35 |   219 |   -0.117 |       -7.6 |    157 | sa11_sr\[1\]$_DFF_P_/D
iter:1480, pass:15, current fixing endpoint: sa32_sr\[0\]$_DFF_P_/D, endpoint slack:-6.151968e-11
     1481 |      20 |     347 |      148 |     35 |   219 |   -0.117 |       -7.6 |    157 | sa11_sr\[1\]$_DFF_P_/D
iter:1481, pass:16, current fixing endpoint: sa32_sr\[0\]$_DFF_P_/D, endpoint slack:-6.5763506e-11
     1481 |      20 |     336 |      147 |     34 |   219 |   -0.117 |       -7.5 |    157 | sa11_sr\[1\]$_DFF_P_/D
     1482 |      20 |     336 |      147 |     34 |   219 |   -0.117 |       -7.5 |    157 | sa11_sr\[1\]$_DFF_P_/D
iter:1482, pass:1, current fixing endpoint: sa03_sr\[0\]$_DFF_P_/D, endpoint slack:-5.5375593e-11
     1483 |      20 |     337 |      147 |     34 |   219 |   -0.117 |       -7.5 |    157 | sa11_sr\[1\]$_DFF_P_/D
iter:1483, pass:2, current fixing endpoint: sa03_sr\[0\]$_DFF_P_/D, endpoint slack:-5.0457527e-11
     1483 |      20 |     337 |      147 |     34 |   219 |   -0.117 |       -7.5 |    157 | sa11_sr\[1\]$_DFF_P_/D
     1484 |      20 |     337 |      147 |     34 |   219 |   -0.117 |       -7.5 |    157 | sa11_sr\[1\]$_DFF_P_/D
iter:1484, pass:1, current fixing endpoint: sa00_sr\[6\]$_DFF_P_/D, endpoint slack:-5.0495164e-11
     1485 |      20 |     338 |      147 |     34 |   219 |   -0.117 |       -7.5 |    157 | sa11_sr\[1\]$_DFF_P_/D
iter:1485, pass:2, current fixing endpoint: sa00_sr\[6\]$_DFF_P_/D, endpoint slack:-5.281664e-11
     1486 |      20 |     339 |      147 |     34 |   219 |   -0.117 |       -7.5 |    157 | sa11_sr\[1\]$_DFF_P_/D
iter:1486, pass:3, current fixing endpoint: sa00_sr\[6\]$_DFF_P_/D, endpoint slack:-4.8748783e-11
     1487 |      20 |     340 |      147 |     34 |   219 |   -0.117 |       -7.5 |    157 | sa11_sr\[1\]$_DFF_P_/D
iter:1487, pass:4, current fixing endpoint: sa00_sr\[6\]$_DFF_P_/D, endpoint slack:-4.740408e-11
     1487 |      20 |     340 |      147 |     34 |   219 |   -0.117 |       -7.5 |    157 | sa11_sr\[1\]$_DFF_P_/D
     1488 |      20 |     340 |      147 |     34 |   219 |   -0.117 |       -7.5 |    157 | sa11_sr\[1\]$_DFF_P_/D
iter:1488, pass:1, current fixing endpoint: sa33_sr\[3\]$_DFF_P_/D, endpoint slack:-5.5220273e-11
     1489 |      20 |     340 |      147 |     35 |   219 |   -0.117 |       -7.5 |    157 | sa11_sr\[1\]$_DFF_P_/D
iter:1489, pass:2, current fixing endpoint: sa33_sr\[3\]$_DFF_P_/D, endpoint slack:-5.741907e-11
     1490 |      20 |     341 |      147 |     35 |   219 |   -0.117 |       -7.5 |    157 | sa11_sr\[1\]$_DFF_P_/D
iter:1490, pass:3, current fixing endpoint: sa33_sr\[3\]$_DFF_P_/D, endpoint slack:-5.733025e-11
     1491 |      20 |     342 |      147 |     35 |   219 |   -0.117 |       -7.5 |    157 | sa11_sr\[1\]$_DFF_P_/D
iter:1491, pass:4, current fixing endpoint: sa33_sr\[3\]$_DFF_P_/D, endpoint slack:-5.587608e-11
     1492 |      20 |     343 |      147 |     35 |   219 |   -0.117 |       -7.5 |    157 | sa11_sr\[1\]$_DFF_P_/D
iter:1492, pass:5, current fixing endpoint: sa33_sr\[3\]$_DFF_P_/D, endpoint slack:-5.8783534e-11
     1493 |      20 |     344 |      147 |     35 |   219 |   -0.117 |       -7.5 |    157 | sa11_sr\[1\]$_DFF_P_/D
iter:1493, pass:6, current fixing endpoint: sa33_sr\[3\]$_DFF_P_/D, endpoint slack:-6.5209727e-11
     1494 |      20 |     345 |      147 |     35 |   219 |   -0.117 |       -7.5 |    157 | sa11_sr\[1\]$_DFF_P_/D
iter:1494, pass:7, current fixing endpoint: sa33_sr\[3\]$_DFF_P_/D, endpoint slack:-6.382328e-11
     1494 |      20 |     341 |      147 |     34 |   219 |   -0.117 |       -7.5 |    157 | sa11_sr\[1\]$_DFF_P_/D
     1495 |      20 |     341 |      147 |     34 |   219 |   -0.117 |       -7.5 |    157 | sa11_sr\[1\]$_DFF_P_/D
iter:1495, pass:1, current fixing endpoint: sa03_sr\[6\]$_DFF_P_/D, endpoint slack:-5.50493e-11
     1496 |      20 |     341 |      147 |     34 |   220 |   -0.117 |       -7.5 |    157 | sa11_sr\[1\]$_DFF_P_/D
iter:1496, pass:2, current fixing endpoint: sa03_sr\[6\]$_DFF_P_/D, endpoint slack:-5.4671268e-11
     1497 |      20 |     342 |      147 |     34 |   220 |   -0.117 |       -7.5 |    157 | sa11_sr\[1\]$_DFF_P_/D
iter:1497, pass:3, current fixing endpoint: sa03_sr\[6\]$_DFF_P_/D, endpoint slack:-5.533285e-11
     1497 |      20 |     341 |      147 |     34 |   220 |   -0.117 |       -7.5 |    157 | sa11_sr\[1\]$_DFF_P_/D
     1498 |      20 |     341 |      147 |     34 |   220 |   -0.117 |       -7.5 |    157 | sa11_sr\[1\]$_DFF_P_/D
iter:1498, pass:1, current fixing endpoint: sa13_sr\[6\]$_DFF_P_/D, endpoint slack:-5.416534e-11
     1498 |      20 |     341 |      147 |     34 |   220 |   -0.117 |       -7.5 |    157 | sa11_sr\[1\]$_DFF_P_/D
     1499 |      20 |     341 |      147 |     34 |   220 |   -0.117 |       -7.5 |    157 | sa11_sr\[1\]$_DFF_P_/D
iter:1499, pass:1, current fixing endpoint: sa33_sr\[7\]$_DFF_P_/D, endpoint slack:-5.5625393e-11
     1500 |      20 |     341 |      147 |     34 |   221 |   -0.117 |       -7.5 |    157 | sa11_sr\[1\]$_DFF_P_/D
iter:1500, pass:2, current fixing endpoint: sa33_sr\[7\]$_DFF_P_/D, endpoint slack:-4.9530713e-11
     1500 |      20 |     341 |      147 |     34 |   221 |   -0.117 |       -7.5 |    157 | sa11_sr\[1\]$_DFF_P_/D
     1501 |      20 |     341 |      147 |     34 |   221 |   -0.117 |       -7.5 |    157 | sa11_sr\[1\]$_DFF_P_/D
iter:1501, pass:1, current fixing endpoint: sa12_sr\[6\]$_DFF_P_/D, endpoint slack:-5.1087357e-11
     1502 |      20 |     342 |      147 |     34 |   221 |   -0.117 |       -7.5 |    157 | sa11_sr\[1\]$_DFF_P_/D
iter:1502, pass:2, current fixing endpoint: sa12_sr\[6\]$_DFF_P_/D, endpoint slack:-4.914369e-11
     1503 |      20 |     343 |      147 |     34 |   221 |   -0.117 |       -7.5 |    157 | sa11_sr\[1\]$_DFF_P_/D
iter:1503, pass:3, current fixing endpoint: sa12_sr\[6\]$_DFF_P_/D, endpoint slack:-4.7398974e-11
     1504 |      20 |     343 |      147 |     34 |   222 |   -0.117 |       -7.5 |    157 | sa11_sr\[1\]$_DFF_P_/D
iter:1504, pass:4, current fixing endpoint: sa12_sr\[6\]$_DFF_P_/D, endpoint slack:-5.541978e-11
     1505 |      20 |     343 |      147 |     34 |   223 |   -0.117 |       -7.5 |    157 | sa11_sr\[1\]$_DFF_P_/D
iter:1505, pass:5, current fixing endpoint: sa12_sr\[6\]$_DFF_P_/D, endpoint slack:-5.973144e-11
     1506 |      20 |     343 |      147 |     34 |   224 |   -0.117 |       -7.5 |    157 | sa11_sr\[1\]$_DFF_P_/D
iter:1506, pass:6, current fixing endpoint: sa12_sr\[6\]$_DFF_P_/D, endpoint slack:-5.854184e-11
     1507 |      20 |     343 |      147 |     34 |   225 |   -0.117 |       -7.5 |    157 | sa11_sr\[1\]$_DFF_P_/D
iter:1507, pass:7, current fixing endpoint: sa12_sr\[6\]$_DFF_P_/D, endpoint slack:-5.4659055e-11
     1508 |      20 |     344 |      147 |     34 |   225 |   -0.117 |       -7.5 |    157 | sa11_sr\[1\]$_DFF_P_/D
iter:1508, pass:8, current fixing endpoint: sa12_sr\[6\]$_DFF_P_/D, endpoint slack:-5.366252e-11
     1509 |      20 |     345 |      147 |     34 |   225 |   -0.117 |       -7.5 |    157 | sa11_sr\[1\]$_DFF_P_/D
iter:1509, pass:9, current fixing endpoint: sa12_sr\[6\]$_DFF_P_/D, endpoint slack:-6.117251e-11
     1510 |      20 |     346 |      147 |     34 |   225 |   -0.117 |       -7.5 |    157 | sa11_sr\[1\]$_DFF_P_/D
iter:1510, pass:10, current fixing endpoint: sa12_sr\[6\]$_DFF_P_/D, endpoint slack:-5.2170157e-11
     1511 |      20 |     347 |      147 |     34 |   225 |   -0.117 |       -7.5 |    157 | sa11_sr\[1\]$_DFF_P_/D
iter:1511, pass:11, current fixing endpoint: sa12_sr\[6\]$_DFF_P_/D, endpoint slack:-5.2110094e-11
     1512 |      20 |     347 |      147 |     34 |   226 |   -0.117 |       -7.5 |    157 | sa11_sr\[1\]$_DFF_P_/D
iter:1512, pass:12, current fixing endpoint: sa12_sr\[6\]$_DFF_P_/D, endpoint slack:-5.3313243e-11
     1512 |      20 |     344 |      147 |     34 |   221 |   -0.117 |       -7.5 |    157 | sa11_sr\[1\]$_DFF_P_/D
     1513 |      20 |     344 |      147 |     34 |   221 |   -0.117 |       -7.5 |    157 | sa11_sr\[1\]$_DFF_P_/D
iter:1513, pass:1, current fixing endpoint: sa12_sr\[2\]$_DFF_P_/D, endpoint slack:-4.8838156e-11
     1514 |      20 |     345 |      147 |     34 |   221 |   -0.117 |       -7.5 |    157 | sa11_sr\[1\]$_DFF_P_/D
iter:1514, pass:2, current fixing endpoint: sa12_sr\[2\]$_DFF_P_/D, endpoint slack:-4.7483018e-11
     1515 |      20 |     346 |      147 |     34 |   221 |   -0.117 |       -7.5 |    157 | sa11_sr\[1\]$_DFF_P_/D
iter:1515, pass:3, current fixing endpoint: sa12_sr\[2\]$_DFF_P_/D, endpoint slack:-5.1489812e-11
     1516 |      20 |     347 |      147 |     34 |   221 |   -0.117 |       -7.5 |    157 | sa11_sr\[1\]$_DFF_P_/D
iter:1516, pass:4, current fixing endpoint: sa12_sr\[2\]$_DFF_P_/D, endpoint slack:-4.828704e-11
     1516 |      20 |     345 |      147 |     34 |   221 |   -0.117 |       -7.5 |    157 | sa11_sr\[1\]$_DFF_P_/D
     1517 |      20 |     345 |      147 |     34 |   221 |   -0.117 |       -7.5 |    157 | sa11_sr\[1\]$_DFF_P_/D
iter:1517, pass:1, current fixing endpoint: sa02_sr\[4\]$_DFF_P_/D, endpoint slack:-4.6857407e-11
     1518 |      20 |     346 |      147 |     34 |   221 |   -0.117 |       -7.5 |    157 | sa11_sr\[1\]$_DFF_P_/D
iter:1518, pass:2, current fixing endpoint: sa02_sr\[4\]$_DFF_P_/D, endpoint slack:-4.51017e-11
     1519 |      20 |     346 |      147 |     35 |   221 |   -0.117 |       -7.5 |    157 | sa11_sr\[1\]$_DFF_P_/D
iter:1519, pass:3, current fixing endpoint: sa02_sr\[4\]$_DFF_P_/D, endpoint slack:-4.5141113e-11
     1520 |      20 |     347 |      147 |     35 |   221 |   -0.117 |       -7.5 |    157 | sa11_sr\[1\]$_DFF_P_/D
iter:1520, pass:4, current fixing endpoint: sa02_sr\[4\]$_DFF_P_/D, endpoint slack:-4.8419713e-11
     1521 |      20 |     348 |      147 |     35 |   221 |   -0.117 |       -7.5 |    157 | sa11_sr\[1\]$_DFF_P_/D
iter:1521, pass:5, current fixing endpoint: sa02_sr\[4\]$_DFF_P_/D, endpoint slack:-4.2485238e-11
     1522 |      20 |     349 |      147 |     35 |   221 |   -0.117 |       -7.5 |    157 | sa11_sr\[1\]$_DFF_P_/D
iter:1522, pass:6, current fixing endpoint: sa02_sr\[4\]$_DFF_P_/D, endpoint slack:-4.6182058e-11
     1523 |      20 |     350 |      147 |     35 |   221 |   -0.117 |       -7.5 |    157 | sa11_sr\[1\]$_DFF_P_/D
iter:1523, pass:7, current fixing endpoint: sa02_sr\[4\]$_DFF_P_/D, endpoint slack:-4.2519432e-11
     1524 |      20 |     351 |      147 |     35 |   221 |   -0.117 |       -7.5 |    157 | sa11_sr\[1\]$_DFF_P_/D
iter:1524, pass:8, current fixing endpoint: sa02_sr\[4\]$_DFF_P_/D, endpoint slack:-4.1400883e-11
     1525 |      20 |     352 |      147 |     35 |   221 |   -0.117 |       -7.5 |    157 | sa11_sr\[1\]$_DFF_P_/D
iter:1525, pass:9, current fixing endpoint: sa02_sr\[4\]$_DFF_P_/D, endpoint slack:-4.759848e-11
     1526 |      20 |     353 |      147 |     35 |   221 |   -0.117 |       -7.5 |    157 | sa11_sr\[1\]$_DFF_P_/D
iter:1526, pass:10, current fixing endpoint: sa02_sr\[4\]$_DFF_P_/D, endpoint slack:-3.9271253e-11
     1527 |      20 |     353 |      147 |     35 |   222 |   -0.117 |       -7.5 |    157 | sa11_sr\[1\]$_DFF_P_/D
iter:1527, pass:11, current fixing endpoint: sa02_sr\[4\]$_DFF_P_/D, endpoint slack:-4.8118953e-11
     1528 |      20 |     353 |      147 |     35 |   223 |   -0.117 |       -7.5 |    157 | sa11_sr\[1\]$_DFF_P_/D
iter:1528, pass:12, current fixing endpoint: sa02_sr\[4\]$_DFF_P_/D, endpoint slack:-4.3087534e-11
     1529 |      20 |     354 |      147 |     35 |   223 |   -0.117 |       -7.5 |    157 | sa11_sr\[1\]$_DFF_P_/D
iter:1529, pass:13, current fixing endpoint: sa02_sr\[4\]$_DFF_P_/D, endpoint slack:-3.8337777e-11
     1530 |      20 |     355 |      147 |     35 |   223 |   -0.117 |       -7.5 |    157 | sa11_sr\[1\]$_DFF_P_/D
iter:1530, pass:14, current fixing endpoint: sa02_sr\[4\]$_DFF_P_/D, endpoint slack:-3.8021364e-11
     1531 |      20 |     355 |      147 |     35 |   224 |   -0.117 |       -7.5 |    157 | sa11_sr\[1\]$_DFF_P_/D
iter:1531, pass:15, current fixing endpoint: sa02_sr\[4\]$_DFF_P_/D, endpoint slack:-3.5742853e-11
     1532 |      20 |     355 |      147 |     35 |   225 |   -0.117 |       -7.5 |    157 | sa11_sr\[1\]$_DFF_P_/D
iter:1532, pass:16, current fixing endpoint: sa02_sr\[4\]$_DFF_P_/D, endpoint slack:-3.5454195e-11
     1532 |      20 |     355 |      147 |     35 |   225 |   -0.117 |       -7.5 |    157 | sa11_sr\[1\]$_DFF_P_/D
     1533 |      20 |     355 |      147 |     35 |   225 |   -0.117 |       -7.5 |    157 | sa11_sr\[1\]$_DFF_P_/D
iter:1533, pass:1, current fixing endpoint: u0.u2.d\[6\]$_DFF_P_/D, endpoint slack:-5.2221116e-11
     1534 |      20 |     356 |      147 |     35 |   225 |   -0.117 |       -7.5 |    157 | sa11_sr\[1\]$_DFF_P_/D
iter:1534, pass:2, current fixing endpoint: u0.u2.d\[6\]$_DFF_P_/D, endpoint slack:-5.180112e-11
     1535 |      20 |     356 |      147 |     36 |   225 |   -0.117 |       -7.5 |    157 | sa11_sr\[1\]$_DFF_P_/D
iter:1535, pass:3, current fixing endpoint: u0.u2.d\[6\]$_DFF_P_/D, endpoint slack:-4.7916338e-11
     1536 |      20 |     356 |      147 |     37 |   225 |   -0.117 |       -7.5 |    157 | sa11_sr\[1\]$_DFF_P_/D
iter:1536, pass:4, current fixing endpoint: u0.u2.d\[6\]$_DFF_P_/D, endpoint slack:-4.7815973e-11
     1536 |      20 |     356 |      147 |     37 |   225 |   -0.117 |       -7.5 |    157 | sa11_sr\[1\]$_DFF_P_/D
     1537 |      20 |     356 |      147 |     37 |   225 |   -0.117 |       -7.5 |    157 | sa11_sr\[1\]$_DFF_P_/D
iter:1537, pass:1, current fixing endpoint: sa00_sr\[1\]$_DFF_P_/D, endpoint slack:-4.744527e-11
     1538 |      20 |     357 |      147 |     37 |   225 |   -0.117 |       -7.5 |    157 | sa11_sr\[1\]$_DFF_P_/D
iter:1538, pass:2, current fixing endpoint: sa00_sr\[1\]$_DFF_P_/D, endpoint slack:-4.5890736e-11
     1539 |      20 |     357 |      147 |     37 |   226 |   -0.117 |       -7.5 |    157 | sa11_sr\[1\]$_DFF_P_/D
iter:1539, pass:3, current fixing endpoint: sa00_sr\[1\]$_DFF_P_/D, endpoint slack:-4.4704684e-11
     1540 |      20 |     358 |      147 |     37 |   226 |   -0.117 |       -7.5 |    157 | sa11_sr\[1\]$_DFF_P_/D
iter:1540, pass:4, current fixing endpoint: sa00_sr\[1\]$_DFF_P_/D, endpoint slack:-4.3825166e-11
     1541 |      20 |     359 |      147 |     37 |   226 |   -0.117 |       -7.5 |    157 | sa11_sr\[1\]$_DFF_P_/D
iter:1541, pass:5, current fixing endpoint: sa00_sr\[1\]$_DFF_P_/D, endpoint slack:-4.3369974e-11
     1541 |      20 |     359 |      147 |     37 |   226 |   -0.117 |       -7.5 |    157 | sa11_sr\[1\]$_DFF_P_/D
     1542 |      20 |     359 |      147 |     37 |   226 |   -0.117 |       -7.5 |    157 | sa11_sr\[1\]$_DFF_P_/D
iter:1542, pass:1, current fixing endpoint: sa21_sr\[7\]$_DFF_P_/D, endpoint slack:-5.2017612e-11
     1543 |      20 |     359 |      147 |     37 |   227 |   -0.117 |       -7.5 |    157 | sa11_sr\[1\]$_DFF_P_/D
iter:1543, pass:2, current fixing endpoint: sa21_sr\[7\]$_DFF_P_/D, endpoint slack:-5.7179483e-11
     1544 |      20 |     360 |      147 |     37 |   227 |   -0.117 |       -7.5 |    157 | sa11_sr\[1\]$_DFF_P_/D
iter:1544, pass:3, current fixing endpoint: sa21_sr\[7\]$_DFF_P_/D, endpoint slack:-5.5753957e-11
     1545 |      20 |     360 |      147 |     37 |   228 |   -0.117 |       -7.5 |    157 | sa11_sr\[1\]$_DFF_P_/D
iter:1545, pass:4, current fixing endpoint: sa21_sr\[7\]$_DFF_P_/D, endpoint slack:-4.995626e-11
     1546 |      20 |     361 |      147 |     37 |   228 |   -0.117 |       -7.5 |    157 | sa11_sr\[1\]$_DFF_P_/D
iter:1546, pass:5, current fixing endpoint: sa21_sr\[7\]$_DFF_P_/D, endpoint slack:-5.0189408e-11
     1547 |      20 |     361 |      147 |     37 |   229 |   -0.117 |       -7.5 |    157 | sa11_sr\[1\]$_DFF_P_/D
iter:1547, pass:6, current fixing endpoint: sa21_sr\[7\]$_DFF_P_/D, endpoint slack:-5.731604e-11
     1548 |      20 |     362 |      147 |     37 |   229 |   -0.117 |       -7.5 |    157 | sa11_sr\[1\]$_DFF_P_/D
iter:1548, pass:7, current fixing endpoint: sa21_sr\[7\]$_DFF_P_/D, endpoint slack:-5.3644977e-11
     1549 |      20 |     363 |      147 |     37 |   229 |   -0.117 |       -7.5 |    157 | sa11_sr\[1\]$_DFF_P_/D
iter:1549, pass:8, current fixing endpoint: sa21_sr\[7\]$_DFF_P_/D, endpoint slack:-5.051526e-11
     1550 |      20 |     364 |      147 |     37 |   229 |   -0.117 |       -7.4 |    157 | sa11_sr\[1\]$_DFF_P_/D
iter:1550, pass:9, current fixing endpoint: sa21_sr\[7\]$_DFF_P_/D, endpoint slack:-4.426559e-11
     1551 |      20 |     365 |      147 |     37 |   229 |   -0.117 |       -7.4 |    157 | sa11_sr\[1\]$_DFF_P_/D
iter:1551, pass:10, current fixing endpoint: sa21_sr\[7\]$_DFF_P_/D, endpoint slack:-4.3941295e-11
     1552 |      20 |     365 |      147 |     37 |   230 |   -0.117 |       -7.4 |    157 | sa11_sr\[1\]$_DFF_P_/D
iter:1552, pass:11, current fixing endpoint: sa21_sr\[7\]$_DFF_P_/D, endpoint slack:-4.5944137e-11
     1553 |      20 |     366 |      147 |     37 |   230 |   -0.117 |       -7.4 |    157 | sa11_sr\[1\]$_DFF_P_/D
iter:1553, pass:12, current fixing endpoint: sa21_sr\[7\]$_DFF_P_/D, endpoint slack:-4.4294235e-11
     1554 |      20 |     366 |      149 |     37 |   230 |   -0.117 |       -7.4 |    157 | sa11_sr\[1\]$_DFF_P_/D
iter:1554, pass:13, current fixing endpoint: sa21_sr\[7\]$_DFF_P_/D, endpoint slack:-4.3657855e-11
     1555 |      20 |     367 |      149 |     37 |   230 |   -0.117 |       -7.4 |    157 | sa11_sr\[1\]$_DFF_P_/D
iter:1555, pass:14, current fixing endpoint: sa21_sr\[7\]$_DFF_P_/D, endpoint slack:-4.561973e-11
     1556 |      20 |     368 |      149 |     37 |   230 |   -0.117 |       -7.4 |    157 | sa11_sr\[1\]$_DFF_P_/D
iter:1556, pass:15, current fixing endpoint: sa21_sr\[7\]$_DFF_P_/D, endpoint slack:-4.1142867e-11
     1557 |      20 |     368 |      149 |     37 |   231 |   -0.117 |       -7.4 |    157 | sa11_sr\[1\]$_DFF_P_/D
iter:1557, pass:16, current fixing endpoint: sa21_sr\[7\]$_DFF_P_/D, endpoint slack:-4.9389492e-11
     1558 |      20 |     369 |      149 |     37 |   231 |   -0.117 |       -7.4 |    157 | sa11_sr\[1\]$_DFF_P_/D
iter:1558, pass:17, current fixing endpoint: sa21_sr\[7\]$_DFF_P_/D, endpoint slack:-4.4853232e-11
     1559 |      21 |     369 |      149 |     37 |   231 |   -0.117 |       -7.4 |    157 | sa11_sr\[1\]$_DFF_P_/D
iter:1559, pass:18, current fixing endpoint: sa21_sr\[7\]$_DFF_P_/D, endpoint slack:-3.965228e-11
     1560 |      21 |     370 |      149 |     37 |   231 |   -0.117 |       -7.4 |    157 | sa11_sr\[1\]$_DFF_P_/D
iter:1560, pass:19, current fixing endpoint: sa21_sr\[7\]$_DFF_P_/D, endpoint slack:-3.9207304e-11
     1561 |      21 |     371 |      149 |     37 |   231 |   -0.117 |       -7.4 |    157 | sa11_sr\[1\]$_DFF_P_/D
iter:1561, pass:20, current fixing endpoint: sa21_sr\[7\]$_DFF_P_/D, endpoint slack:-3.9304893e-11
     1562 |      21 |     372 |      149 |     37 |   231 |   -0.117 |       -7.4 |    157 | sa11_sr\[1\]$_DFF_P_/D
iter:1562, pass:21, current fixing endpoint: sa21_sr\[7\]$_DFF_P_/D, endpoint slack:-3.8182568e-11
     1563 |      21 |     372 |      149 |     37 |   232 |   -0.117 |       -7.4 |    157 | sa11_sr\[1\]$_DFF_P_/D
iter:1563, pass:22, current fixing endpoint: sa21_sr\[7\]$_DFF_P_/D, endpoint slack:-3.9549364e-11
     1564 |      22 |     372 |      149 |     37 |   232 |   -0.117 |       -7.4 |    157 | sa11_sr\[1\]$_DFF_P_/D
iter:1564, pass:23, current fixing endpoint: sa21_sr\[7\]$_DFF_P_/D, endpoint slack:-3.4788394e-11
     1565 |      22 |     373 |      149 |     37 |   232 |   -0.117 |       -7.4 |    157 | sa11_sr\[1\]$_DFF_P_/D
iter:1565, pass:24, current fixing endpoint: sa21_sr\[7\]$_DFF_P_/D, endpoint slack:-3.4296455e-11
     1566 |      22 |     374 |      149 |     37 |   232 |   -0.117 |       -7.4 |    157 | sa11_sr\[1\]$_DFF_P_/D
iter:1566, pass:25, current fixing endpoint: sa21_sr\[7\]$_DFF_P_/D, endpoint slack:-3.389522e-11
     1567 |      22 |     374 |      149 |     38 |   232 |   -0.117 |       -7.4 |    157 | sa11_sr\[1\]$_DFF_P_/D
iter:1567, pass:26, current fixing endpoint: sa21_sr\[7\]$_DFF_P_/D, endpoint slack:-3.149936e-11
     1568 |      22 |     374 |      149 |     39 |   232 |   -0.117 |       -7.4 |    157 | sa11_sr\[1\]$_DFF_P_/D
iter:1568, pass:27, current fixing endpoint: sa21_sr\[7\]$_DFF_P_/D, endpoint slack:-3.379852e-11
     1569 |      22 |     374 |      149 |     40 |   232 |   -0.117 |       -7.4 |    157 | sa11_sr\[1\]$_DFF_P_/D
iter:1569, pass:28, current fixing endpoint: sa21_sr\[7\]$_DFF_P_/D, endpoint slack:-3.392664e-11
     1570 |      22 |     374 |      149 |     41 |   232 |   -0.117 |       -7.4 |    157 | sa11_sr\[1\]$_DFF_P_/D
iter:1570, pass:29, current fixing endpoint: sa21_sr\[7\]$_DFF_P_/D, endpoint slack:-3.1147085e-11
     1571 |      22 |     374 |      149 |     41 |   233 |   -0.117 |       -7.4 |    157 | sa11_sr\[1\]$_DFF_P_/D
iter:1571, pass:30, current fixing endpoint: sa21_sr\[7\]$_DFF_P_/D, endpoint slack:-2.9236835e-11
     1572 |      22 |     374 |      149 |     41 |   234 |   -0.117 |       -7.4 |    157 | sa11_sr\[1\]$_DFF_P_/D
iter:1572, pass:31, current fixing endpoint: sa21_sr\[7\]$_DFF_P_/D, endpoint slack:-2.7390756e-11
     1573 |      22 |     375 |      149 |     41 |   234 |   -0.117 |       -7.4 |    157 | sa11_sr\[1\]$_DFF_P_/D
iter:1573, pass:32, current fixing endpoint: sa21_sr\[7\]$_DFF_P_/D, endpoint slack:-3.0847214e-11
     1574 |      22 |     375 |      149 |     42 |   234 |   -0.117 |       -7.4 |    157 | sa11_sr\[1\]$_DFF_P_/D
iter:1574, pass:33, current fixing endpoint: sa21_sr\[7\]$_DFF_P_/D, endpoint slack:-2.9945824e-11
     1574 |      22 |     374 |      149 |     41 |   234 |   -0.117 |       -7.4 |    157 | sa11_sr\[1\]$_DFF_P_/D
     1575 |      22 |     374 |      149 |     41 |   234 |   -0.117 |       -7.4 |    157 | sa11_sr\[1\]$_DFF_P_/D
iter:1575, pass:1, current fixing endpoint: sa03_sr\[1\]$_DFF_P_/D, endpoint slack:-5.1805005e-11
     1576 |      22 |     375 |      149 |     41 |   234 |   -0.117 |       -7.4 |    157 | sa11_sr\[1\]$_DFF_P_/D
iter:1576, pass:2, current fixing endpoint: sa03_sr\[1\]$_DFF_P_/D, endpoint slack:-5.428591e-11
     1577 |      22 |     376 |      149 |     41 |   234 |   -0.117 |       -7.4 |    157 | sa11_sr\[1\]$_DFF_P_/D
iter:1577, pass:3, current fixing endpoint: sa03_sr\[1\]$_DFF_P_/D, endpoint slack:-5.391787e-11
     1577 |      22 |     374 |      149 |     41 |   234 |   -0.117 |       -7.4 |    157 | sa11_sr\[1\]$_DFF_P_/D
     1578 |      22 |     374 |      149 |     41 |   234 |   -0.117 |       -7.4 |    157 | sa11_sr\[1\]$_DFF_P_/D
iter:1578, pass:1, current fixing endpoint: sa13_sr\[7\]$_DFF_P_/D, endpoint slack:-5.179368e-11
     1579 |      22 |     375 |      149 |     41 |   234 |   -0.117 |       -7.4 |    157 | sa11_sr\[1\]$_DFF_P_/D
iter:1579, pass:2, current fixing endpoint: sa13_sr\[7\]$_DFF_P_/D, endpoint slack:-5.3567595e-11
     1580 |      22 |     375 |      149 |     42 |   234 |   -0.117 |       -7.4 |    157 | sa11_sr\[1\]$_DFF_P_/D
iter:1580, pass:3, current fixing endpoint: sa13_sr\[7\]$_DFF_P_/D, endpoint slack:-5.3612448e-11
     1580 |      22 |     374 |      149 |     41 |   234 |   -0.117 |       -7.4 |    157 | sa11_sr\[1\]$_DFF_P_/D
     1581 |      22 |     374 |      149 |     41 |   234 |   -0.117 |       -7.4 |    157 | sa11_sr\[1\]$_DFF_P_/D
iter:1581, pass:1, current fixing endpoint: sa21_sr\[0\]$_DFF_P_/D, endpoint slack:-5.7353677e-11
     1582 |      22 |     374 |      149 |     41 |   235 |   -0.117 |       -7.4 |    157 | sa11_sr\[1\]$_DFF_P_/D
iter:1582, pass:2, current fixing endpoint: sa21_sr\[0\]$_DFF_P_/D, endpoint slack:-6.250955e-11
     1583 |      22 |     374 |      151 |     41 |   235 |   -0.117 |       -7.4 |    157 | sa11_sr\[1\]$_DFF_P_/D
iter:1583, pass:3, current fixing endpoint: sa21_sr\[0\]$_DFF_P_/D, endpoint slack:-4.9739435e-11
     1584 |      22 |     374 |      151 |     41 |   236 |   -0.117 |       -7.4 |    157 | sa11_sr\[1\]$_DFF_P_/D
iter:1584, pass:4, current fixing endpoint: sa21_sr\[0\]$_DFF_P_/D, endpoint slack:-4.796441e-11
     1585 |      22 |     375 |      151 |     41 |   236 |   -0.117 |       -7.4 |    157 | sa11_sr\[1\]$_DFF_P_/D
iter:1585, pass:5, current fixing endpoint: sa21_sr\[0\]$_DFF_P_/D, endpoint slack:-5.1635474e-11
     1586 |      22 |     376 |      151 |     41 |   236 |   -0.117 |       -7.4 |    157 | sa11_sr\[1\]$_DFF_P_/D
iter:1586, pass:6, current fixing endpoint: sa21_sr\[0\]$_DFF_P_/D, endpoint slack:-4.6778914e-11
     1587 |      22 |     377 |      151 |     41 |   236 |   -0.117 |       -7.4 |    157 | sa11_sr\[1\]$_DFF_P_/D
iter:1587, pass:7, current fixing endpoint: sa21_sr\[0\]$_DFF_P_/D, endpoint slack:-4.8575366e-11
     1588 |      22 |     378 |      151 |     41 |   236 |   -0.117 |       -7.4 |    157 | sa11_sr\[1\]$_DFF_P_/D
iter:1588, pass:8, current fixing endpoint: sa21_sr\[0\]$_DFF_P_/D, endpoint slack:-4.54754e-11
     1589 |      22 |     379 |      151 |     41 |   236 |   -0.117 |       -7.4 |    157 | sa11_sr\[1\]$_DFF_P_/D
iter:1589, pass:9, current fixing endpoint: sa21_sr\[0\]$_DFF_P_/D, endpoint slack:-3.8890002e-11
     1590 |      22 |     380 |      151 |     41 |   236 |   -0.117 |       -7.4 |    157 | sa11_sr\[1\]$_DFF_P_/D
iter:1590, pass:10, current fixing endpoint: sa21_sr\[0\]$_DFF_P_/D, endpoint slack:-3.9203307e-11
     1591 |      22 |     380 |      151 |     41 |   237 |   -0.117 |       -7.4 |    157 | sa11_sr\[1\]$_DFF_P_/D
iter:1591, pass:11, current fixing endpoint: sa21_sr\[0\]$_DFF_P_/D, endpoint slack:-4.7544857e-11
     1592 |      22 |     381 |      151 |     41 |   237 |   -0.117 |       -7.4 |    157 | sa11_sr\[1\]$_DFF_P_/D
iter:1592, pass:12, current fixing endpoint: sa21_sr\[0\]$_DFF_P_/D, endpoint slack:-4.5209392e-11
     1593 |      22 |     382 |      151 |     41 |   237 |   -0.117 |       -7.4 |    157 | sa11_sr\[1\]$_DFF_P_/D
iter:1593, pass:13, current fixing endpoint: sa21_sr\[0\]$_DFF_P_/D, endpoint slack:-4.0351833e-11
     1594 |      22 |     382 |      151 |     41 |   238 |   -0.117 |       -7.4 |    157 | sa11_sr\[1\]$_DFF_P_/D
iter:1594, pass:14, current fixing endpoint: sa21_sr\[0\]$_DFF_P_/D, endpoint slack:-4.3232418e-11
     1595 |      22 |     382 |      151 |     41 |   239 |   -0.117 |       -7.4 |    157 | sa11_sr\[1\]$_DFF_P_/D
iter:1595, pass:15, current fixing endpoint: sa21_sr\[0\]$_DFF_P_/D, endpoint slack:-3.9548698e-11
     1596 |      22 |     383 |      151 |     41 |   239 |   -0.117 |       -7.4 |    157 | sa11_sr\[1\]$_DFF_P_/D
iter:1596, pass:16, current fixing endpoint: sa21_sr\[0\]$_DFF_P_/D, endpoint slack:-4.5246584e-11
     1597 |      22 |     384 |      151 |     41 |   239 |   -0.117 |       -7.4 |    157 | sa11_sr\[1\]$_DFF_P_/D
iter:1597, pass:17, current fixing endpoint: sa21_sr\[0\]$_DFF_P_/D, endpoint slack:-4.90753e-11
     1598 |      22 |     385 |      151 |     41 |   239 |   -0.117 |       -7.4 |    157 | sa11_sr\[1\]$_DFF_P_/D
iter:1598, pass:18, current fixing endpoint: sa21_sr\[0\]$_DFF_P_/D, endpoint slack:-4.141465e-11
     1599 |      22 |     385 |      151 |     41 |   240 |   -0.117 |       -7.4 |    157 | sa11_sr\[1\]$_DFF_P_/D
iter:1599, pass:19, current fixing endpoint: sa21_sr\[0\]$_DFF_P_/D, endpoint slack:-3.668854e-11
     1600 |      22 |     386 |      151 |     41 |   240 |   -0.117 |       -7.4 |    157 | sa11_sr\[1\]$_DFF_P_/D
iter:1600, pass:20, current fixing endpoint: sa21_sr\[0\]$_DFF_P_/D, endpoint slack:-3.5218384e-11
     1601 |      22 |     386 |      151 |     41 |   241 |   -0.117 |       -7.4 |    157 | sa11_sr\[1\]$_DFF_P_/D
iter:1601, pass:21, current fixing endpoint: sa21_sr\[0\]$_DFF_P_/D, endpoint slack:-3.3482328e-11
     1602 |      22 |     386 |      151 |     41 |   242 |   -0.117 |       -7.4 |    157 | sa11_sr\[1\]$_DFF_P_/D
iter:1602, pass:22, current fixing endpoint: sa21_sr\[0\]$_DFF_P_/D, endpoint slack:-3.2684744e-11
     1603 |      22 |     387 |      151 |     41 |   242 |   -0.117 |       -7.4 |    157 | sa11_sr\[1\]$_DFF_P_/D
iter:1603, pass:23, current fixing endpoint: sa21_sr\[0\]$_DFF_P_/D, endpoint slack:-3.138978e-11
     1604 |      22 |     387 |      151 |     41 |   243 |   -0.117 |       -7.4 |    157 | sa11_sr\[1\]$_DFF_P_/D
iter:1604, pass:24, current fixing endpoint: sa21_sr\[0\]$_DFF_P_/D, endpoint slack:-2.8527847e-11
     1604 |      22 |     387 |      151 |     41 |   243 |   -0.117 |       -7.4 |    157 | sa11_sr\[1\]$_DFF_P_/D
     1605 |      22 |     387 |      151 |     41 |   243 |   -0.117 |       -7.4 |    157 | sa11_sr\[1\]$_DFF_P_/D
iter:1605, pass:1, current fixing endpoint: sa22_sr\[3\]$_DFF_P_/D, endpoint slack:-4.988543e-11
     1606 |      22 |     388 |      151 |     41 |   243 |   -0.117 |       -7.4 |    157 | sa11_sr\[1\]$_DFF_P_/D
iter:1606, pass:2, current fixing endpoint: sa22_sr\[3\]$_DFF_P_/D, endpoint slack:-4.806011e-11
     1607 |      22 |     388 |      151 |     41 |   244 |   -0.117 |       -7.4 |    157 | sa11_sr\[1\]$_DFF_P_/D
iter:1607, pass:3, current fixing endpoint: sa22_sr\[3\]$_DFF_P_/D, endpoint slack:-4.4703685e-11
     1608 |      22 |     389 |      151 |     41 |   244 |   -0.117 |       -7.4 |    157 | sa11_sr\[1\]$_DFF_P_/D
iter:1608, pass:4, current fixing endpoint: sa22_sr\[3\]$_DFF_P_/D, endpoint slack:-4.2643444e-11
     1609 |      22 |     390 |      151 |     41 |   244 |   -0.117 |       -7.4 |    157 | sa11_sr\[1\]$_DFF_P_/D
iter:1609, pass:5, current fixing endpoint: sa22_sr\[3\]$_DFF_P_/D, endpoint slack:-4.546674e-11
     1610 |      22 |     390 |      151 |     42 |   244 |   -0.117 |       -7.4 |    157 | sa11_sr\[1\]$_DFF_P_/D
iter:1610, pass:6, current fixing endpoint: sa22_sr\[3\]$_DFF_P_/D, endpoint slack:-4.3834825e-11
     1610 |      22 |     389 |      151 |     41 |   244 |   -0.117 |       -7.4 |    157 | sa11_sr\[1\]$_DFF_P_/D
     1611 |      22 |     389 |      151 |     41 |   244 |   -0.117 |       -7.4 |    157 | sa11_sr\[1\]$_DFF_P_/D
iter:1611, pass:1, current fixing endpoint: sa03_sr\[7\]$_DFF_P_/D, endpoint slack:-4.991718e-11
     1612 |      22 |     390 |      151 |     41 |   244 |   -0.117 |       -7.4 |    157 | sa11_sr\[1\]$_DFF_P_/D
iter:1612, pass:2, current fixing endpoint: sa03_sr\[7\]$_DFF_P_/D, endpoint slack:-5.2878257e-11
     1613 |      22 |     391 |      151 |     41 |   244 |   -0.117 |       -7.4 |    157 | sa11_sr\[1\]$_DFF_P_/D
iter:1613, pass:3, current fixing endpoint: sa03_sr\[7\]$_DFF_P_/D, endpoint slack:-5.5495386e-11
     1614 |      22 |     392 |      151 |     41 |   244 |   -0.117 |       -7.4 |    157 | sa11_sr\[1\]$_DFF_P_/D
iter:1614, pass:4, current fixing endpoint: sa03_sr\[7\]$_DFF_P_/D, endpoint slack:-5.516343e-11
     1614 |      22 |     389 |      151 |     41 |   244 |   -0.117 |       -7.4 |    157 | sa11_sr\[1\]$_DFF_P_/D
     1615 |      22 |     389 |      151 |     41 |   244 |   -0.117 |       -7.4 |    157 | sa11_sr\[1\]$_DFF_P_/D
iter:1615, pass:1, current fixing endpoint: sa21_sr\[2\]$_DFF_P_/D, endpoint slack:-5.3226312e-11
     1616 |      22 |     389 |      153 |     41 |   244 |   -0.117 |       -7.4 |    157 | sa11_sr\[1\]$_DFF_P_/D
iter:1616, pass:2, current fixing endpoint: sa21_sr\[2\]$_DFF_P_/D, endpoint slack:-3.944034e-11
     1616 |      22 |     389 |      153 |     41 |   244 |   -0.117 |       -7.4 |    157 | sa11_sr\[1\]$_DFF_P_/D
     1617 |      22 |     389 |      153 |     41 |   244 |   -0.117 |       -7.4 |    157 | sa11_sr\[1\]$_DFF_P_/D
iter:1617, pass:1, current fixing endpoint: sa01_sr\[6\]$_DFF_P_/D, endpoint slack:-4.843248e-11
     1617 |      22 |     389 |      153 |     41 |   244 |   -0.117 |       -7.4 |    157 | sa11_sr\[1\]$_DFF_P_/D
     1618 |      22 |     389 |      153 |     41 |   244 |   -0.117 |       -7.4 |    157 | sa11_sr\[1\]$_DFF_P_/D
iter:1618, pass:1, current fixing endpoint: sa20_sr\[4\]$_DFF_P_/D, endpoint slack:-5.5243032e-11
     1618 |      22 |     389 |      153 |     41 |   244 |   -0.117 |       -7.4 |    157 | sa11_sr\[1\]$_DFF_P_/D
     1619 |      22 |     389 |      153 |     41 |   244 |   -0.117 |       -7.4 |    157 | sa11_sr\[1\]$_DFF_P_/D
iter:1619, pass:1, current fixing endpoint: u0.u1.d\[5\]$_DFF_P_/D, endpoint slack:-4.6670223e-11
     1620 |      22 |     390 |      153 |     41 |   244 |   -0.117 |       -7.4 |    157 | sa11_sr\[1\]$_DFF_P_/D
iter:1620, pass:2, current fixing endpoint: u0.u1.d\[5\]$_DFF_P_/D, endpoint slack:-4.4554804e-11
     1620 |      22 |     390 |      153 |     41 |   244 |   -0.117 |       -7.4 |    157 | sa11_sr\[1\]$_DFF_P_/D
     1621 |      22 |     390 |      153 |     41 |   244 |   -0.117 |       -7.4 |    157 | sa11_sr\[1\]$_DFF_P_/D
iter:1621, pass:1, current fixing endpoint: sa01_sr\[0\]$_DFF_P_/D, endpoint slack:-4.723133e-11
     1622 |      22 |     390 |      153 |     41 |   245 |   -0.117 |       -7.4 |    157 | sa11_sr\[1\]$_DFF_P_/D
iter:1622, pass:2, current fixing endpoint: sa01_sr\[0\]$_DFF_P_/D, endpoint slack:-5.5509153e-11
     1623 |      22 |     391 |      153 |     41 |   245 |   -0.117 |       -7.4 |    157 | sa11_sr\[1\]$_DFF_P_/D
iter:1623, pass:3, current fixing endpoint: sa01_sr\[0\]$_DFF_P_/D, endpoint slack:-5.455103e-11
     1624 |      22 |     391 |      153 |     41 |   246 |   -0.117 |       -7.4 |    157 | sa11_sr\[1\]$_DFF_P_/D
iter:1624, pass:4, current fixing endpoint: sa01_sr\[0\]$_DFF_P_/D, endpoint slack:-5.1869842e-11
     1625 |      22 |     392 |      153 |     41 |   246 |   -0.117 |       -7.4 |    157 | sa11_sr\[1\]$_DFF_P_/D
iter:1625, pass:5, current fixing endpoint: sa01_sr\[0\]$_DFF_P_/D, endpoint slack:-5.2896465e-11
     1625 |      22 |     390 |      153 |     41 |   244 |   -0.117 |       -7.4 |    157 | sa11_sr\[1\]$_DFF_P_/D
     1626 |      22 |     390 |      153 |     41 |   244 |   -0.117 |       -7.4 |    157 | sa11_sr\[1\]$_DFF_P_/D
iter:1626, pass:1, current fixing endpoint: sa22_sr\[4\]$_DFF_P_/D, endpoint slack:-4.5344395e-11
     1627 |      22 |     390 |      153 |     41 |   245 |   -0.117 |       -7.4 |    157 | sa11_sr\[1\]$_DFF_P_/D
iter:1627, pass:2, current fixing endpoint: sa22_sr\[4\]$_DFF_P_/D, endpoint slack:-3.7169157e-11
     1628 |      22 |     391 |      153 |     41 |   245 |   -0.117 |       -7.3 |    157 | sa11_sr\[1\]$_DFF_P_/D
iter:1628, pass:3, current fixing endpoint: sa22_sr\[4\]$_DFF_P_/D, endpoint slack:-3.125955e-11
     1629 |      22 |     391 |      153 |     41 |   246 |   -0.117 |       -7.3 |    157 | sa11_sr\[1\]$_DFF_P_/D
iter:1629, pass:4, current fixing endpoint: sa22_sr\[4\]$_DFF_P_/D, endpoint slack:-3.7819414e-11
     1630 |      22 |     391 |      153 |     41 |   247 |   -0.117 |       -7.4 |    157 | sa11_sr\[1\]$_DFF_P_/D
iter:1630, pass:5, current fixing endpoint: sa22_sr\[4\]$_DFF_P_/D, endpoint slack:-3.9673598e-11
     1631 |      22 |     392 |      153 |     41 |   247 |   -0.117 |       -7.4 |    157 | sa11_sr\[1\]$_DFF_P_/D
iter:1631, pass:6, current fixing endpoint: sa22_sr\[4\]$_DFF_P_/D, endpoint slack:-3.4572123e-11
     1632 |      22 |     393 |      153 |     41 |   247 |   -0.117 |       -7.4 |    157 | sa11_sr\[1\]$_DFF_P_/D
iter:1632, pass:7, current fixing endpoint: sa22_sr\[4\]$_DFF_P_/D, endpoint slack:-3.1481595e-11
     1633 |      22 |     393 |      153 |     41 |   248 |   -0.117 |       -7.4 |    157 | sa11_sr\[1\]$_DFF_P_/D
iter:1633, pass:8, current fixing endpoint: sa22_sr\[4\]$_DFF_P_/D, endpoint slack:-3.2875147e-11
     1634 |      22 |     394 |      153 |     41 |   248 |   -0.117 |       -7.3 |    157 | sa11_sr\[1\]$_DFF_P_/D
iter:1634, pass:9, current fixing endpoint: sa22_sr\[4\]$_DFF_P_/D, endpoint slack:-3.1171066e-11
     1635 |      22 |     395 |      153 |     41 |   248 |   -0.117 |       -7.3 |    157 | sa11_sr\[1\]$_DFF_P_/D
iter:1635, pass:10, current fixing endpoint: sa22_sr\[4\]$_DFF_P_/D, endpoint slack:-2.98358e-11
     1636 |      22 |     396 |      153 |     41 |   248 |   -0.117 |       -7.4 |    157 | sa11_sr\[1\]$_DFF_P_/D
iter:1636, pass:11, current fixing endpoint: sa22_sr\[4\]$_DFF_P_/D, endpoint slack:-3.2842173e-11
     1637 |      22 |     396 |      153 |     41 |   249 |   -0.117 |       -7.4 |    157 | sa11_sr\[1\]$_DFF_P_/D
iter:1637, pass:12, current fixing endpoint: sa22_sr\[4\]$_DFF_P_/D, endpoint slack:-3.233891e-11
     1638 |      22 |     397 |      153 |     41 |   249 |   -0.117 |       -7.3 |    157 | sa11_sr\[1\]$_DFF_P_/D
iter:1638, pass:13, current fixing endpoint: sa22_sr\[4\]$_DFF_P_/D, endpoint slack:-2.6354252e-11
     1639 |      22 |     398 |      153 |     41 |   249 |   -0.117 |       -7.4 |    157 | sa11_sr\[1\]$_DFF_P_/D
iter:1639, pass:14, current fixing endpoint: sa22_sr\[4\]$_DFF_P_/D, endpoint slack:-3.181999e-11
     1640 |      22 |     399 |      153 |     41 |   249 |   -0.117 |       -7.3 |    157 | sa11_sr\[1\]$_DFF_P_/D
iter:1640, pass:15, current fixing endpoint: sa22_sr\[4\]$_DFF_P_/D, endpoint slack:-2.1250224e-11
     1641 |      22 |     399 |      153 |     41 |   250 |   -0.117 |       -7.3 |    157 | sa11_sr\[1\]$_DFF_P_/D
iter:1641, pass:16, current fixing endpoint: sa22_sr\[4\]$_DFF_P_/D, endpoint slack:-1.99879e-11
     1642 |      22 |     400 |      153 |     41 |   250 |   -0.117 |       -7.3 |    157 | sa11_sr\[1\]$_DFF_P_/D
iter:1642, pass:17, current fixing endpoint: sa22_sr\[4\]$_DFF_P_/D, endpoint slack:-2.2267521e-11
     1643 |      22 |     400 |      153 |     41 |   251 |   -0.117 |       -7.3 |    157 | sa11_sr\[1\]$_DFF_P_/D
iter:1643, pass:18, current fixing endpoint: sa22_sr\[4\]$_DFF_P_/D, endpoint slack:-1.9696356e-11
     1644 |      22 |     400 |      153 |     41 |   252 |   -0.117 |       -7.3 |    157 | sa11_sr\[1\]$_DFF_P_/D
iter:1644, pass:19, current fixing endpoint: sa22_sr\[4\]$_DFF_P_/D, endpoint slack:-1.7982282e-11
     1645 |      22 |     400 |      153 |     41 |   253 |   -0.117 |       -7.3 |    157 | sa11_sr\[1\]$_DFF_P_/D
iter:1645, pass:20, current fixing endpoint: sa22_sr\[4\]$_DFF_P_/D, endpoint slack:-1.7828294e-11
     1646 |      22 |     400 |      153 |     41 |   254 |   -0.117 |       -7.3 |    157 | sa11_sr\[1\]$_DFF_P_/D
iter:1646, pass:21, current fixing endpoint: sa22_sr\[4\]$_DFF_P_/D, endpoint slack:-1.528e-11
     1647 |      22 |     400 |      153 |     41 |   255 |   -0.117 |       -7.3 |    157 | sa11_sr\[1\]$_DFF_P_/D
iter:1647, pass:22, current fixing endpoint: sa22_sr\[4\]$_DFF_P_/D, endpoint slack:-2.6678881e-11
     1648 |      22 |     401 |      153 |     41 |   255 |   -0.117 |       -7.3 |    157 | sa11_sr\[1\]$_DFF_P_/D
iter:1648, pass:23, current fixing endpoint: sa22_sr\[4\]$_DFF_P_/D, endpoint slack:-2.6647351e-11
     1649 |      22 |     401 |      153 |     41 |   256 |   -0.117 |       -7.3 |    157 | sa11_sr\[1\]$_DFF_P_/D
iter:1649, pass:24, current fixing endpoint: sa22_sr\[4\]$_DFF_P_/D, endpoint slack:-2.7503555e-11
     1650 |      23 |     401 |      153 |     41 |   256 |   -0.117 |       -7.3 |    157 | sa11_sr\[1\]$_DFF_P_/D
iter:1650, pass:25, current fixing endpoint: sa22_sr\[4\]$_DFF_P_/D, endpoint slack:-1.2085333e-11
     1651 |      23 |     402 |      153 |     41 |   256 |   -0.117 |       -7.3 |    157 | sa11_sr\[1\]$_DFF_P_/D
iter:1651, pass:26, current fixing endpoint: sa22_sr\[4\]$_DFF_P_/D, endpoint slack:-6.4880323e-12
     1651 |      23 |     402 |      153 |     41 |   256 |   -0.117 |       -7.3 |    157 | sa11_sr\[1\]$_DFF_P_/D
     1652 |      23 |     402 |      153 |     41 |   256 |   -0.117 |       -7.3 |    157 | sa11_sr\[1\]$_DFF_P_/D
iter:1652, pass:1, current fixing endpoint: sa01_sr\[3\]$_DFF_P_/D, endpoint slack:-4.6240678e-11
     1653 |      23 |     403 |      153 |     41 |   256 |   -0.117 |       -7.3 |    157 | sa11_sr\[1\]$_DFF_P_/D
iter:1653, pass:2, current fixing endpoint: sa01_sr\[3\]$_DFF_P_/D, endpoint slack:-3.1863734e-11
     1654 |      23 |     404 |      153 |     41 |   256 |   -0.117 |       -7.3 |    157 | sa11_sr\[1\]$_DFF_P_/D
iter:1654, pass:3, current fixing endpoint: sa01_sr\[3\]$_DFF_P_/D, endpoint slack:-2.8352654e-11
     1655 |      23 |     405 |      153 |     41 |   256 |   -0.117 |       -7.3 |    157 | sa11_sr\[1\]$_DFF_P_/D
iter:1655, pass:4, current fixing endpoint: sa01_sr\[3\]$_DFF_P_/D, endpoint slack:-3.1651792e-11
     1656 |      23 |     406 |      153 |     41 |   256 |   -0.117 |       -7.3 |    157 | sa11_sr\[1\]$_DFF_P_/D
iter:1656, pass:5, current fixing endpoint: sa01_sr\[3\]$_DFF_P_/D, endpoint slack:-2.761491e-11
     1657 |      23 |     407 |      153 |     41 |   256 |   -0.117 |       -7.3 |    157 | sa11_sr\[1\]$_DFF_P_/D
iter:1657, pass:6, current fixing endpoint: sa01_sr\[3\]$_DFF_P_/D, endpoint slack:-2.546574e-11
     1658 |      23 |     408 |      153 |     41 |   256 |   -0.117 |       -7.3 |    157 | sa11_sr\[1\]$_DFF_P_/D
iter:1658, pass:7, current fixing endpoint: sa01_sr\[3\]$_DFF_P_/D, endpoint slack:-2.4102054e-11
     1659 |      23 |     408 |      153 |     41 |   257 |   -0.117 |       -7.3 |    157 | sa11_sr\[1\]$_DFF_P_/D
iter:1659, pass:8, current fixing endpoint: sa01_sr\[3\]$_DFF_P_/D, endpoint slack:-2.8690605e-11
     1660 |      23 |     408 |      153 |     41 |   258 |   -0.117 |       -7.3 |    157 | sa11_sr\[1\]$_DFF_P_/D
iter:1660, pass:9, current fixing endpoint: sa01_sr\[3\]$_DFF_P_/D, endpoint slack:-2.4717672e-11
     1661 |      23 |     409 |      153 |     41 |   258 |   -0.117 |       -7.3 |    157 | sa11_sr\[1\]$_DFF_P_/D
iter:1661, pass:10, current fixing endpoint: sa01_sr\[3\]$_DFF_P_/D, endpoint slack:-2.454692e-11
     1662 |      23 |     409 |      153 |     41 |   259 |   -0.117 |       -7.3 |    157 | sa11_sr\[1\]$_DFF_P_/D
iter:1662, pass:11, current fixing endpoint: sa01_sr\[3\]$_DFF_P_/D, endpoint slack:-1.9643398e-11
     1663 |      23 |     409 |      153 |     41 |   260 |   -0.117 |       -7.3 |    157 | sa11_sr\[1\]$_DFF_P_/D
iter:1663, pass:12, current fixing endpoint: sa01_sr\[3\]$_DFF_P_/D, endpoint slack:-1.9673374e-11
     1663 |      23 |     409 |      153 |     41 |   259 |   -0.117 |       -7.3 |    157 | sa11_sr\[1\]$_DFF_P_/D
     1664 |      23 |     409 |      153 |     41 |   259 |   -0.117 |       -7.3 |    157 | sa11_sr\[1\]$_DFF_P_/D
iter:1664, pass:1, current fixing endpoint: u0.u2.d\[0\]$_DFF_P_/D, endpoint slack:-4.4342197e-11
     1665 |      23 |     410 |      153 |     41 |   259 |   -0.117 |       -7.3 |    157 | sa11_sr\[1\]$_DFF_P_/D
iter:1665, pass:2, current fixing endpoint: u0.u2.d\[0\]$_DFF_P_/D, endpoint slack:-4.167111e-11
     1666 |      23 |     411 |      153 |     41 |   259 |   -0.117 |       -7.3 |    157 | sa11_sr\[1\]$_DFF_P_/D
iter:1666, pass:3, current fixing endpoint: u0.u2.d\[0\]$_DFF_P_/D, endpoint slack:-4.1765813e-11
     1667 |      23 |     412 |      153 |     41 |   259 |   -0.117 |       -7.3 |    157 | sa11_sr\[1\]$_DFF_P_/D
iter:1667, pass:4, current fixing endpoint: u0.u2.d\[0\]$_DFF_P_/D, endpoint slack:-4.0949244e-11
     1667 |      23 |     412 |      153 |     41 |   259 |   -0.117 |       -7.3 |    157 | sa11_sr\[1\]$_DFF_P_/D
     1668 |      23 |     412 |      153 |     41 |   259 |   -0.117 |       -7.3 |    157 | sa11_sr\[1\]$_DFF_P_/D
iter:1668, pass:1, current fixing endpoint: sa23_sr\[0\]$_DFF_P_/D, endpoint slack:-4.951406e-11
     1669 |      23 |     412 |      153 |     41 |   260 |   -0.117 |       -7.3 |    157 | sa11_sr\[1\]$_DFF_P_/D
iter:1669, pass:2, current fixing endpoint: sa23_sr\[0\]$_DFF_P_/D, endpoint slack:-5.275491e-11
     1670 |      23 |     412 |      153 |     41 |   261 |   -0.117 |       -7.3 |    157 | sa11_sr\[1\]$_DFF_P_/D
iter:1670, pass:3, current fixing endpoint: sa23_sr\[0\]$_DFF_P_/D, endpoint slack:-5.8050342e-11
     1670 |      23 |     412 |      153 |     41 |   259 |   -0.117 |       -7.3 |    157 | sa11_sr\[1\]$_DFF_P_/D
--------------------
update violating ends at fixEndpointNum 156
top element of violating ends is: sa11_sr\[1\]$_DFF_P_/D
--------------------
     1671 |      23 |     412 |      153 |     41 |   259 |   -0.117 |       -7.3 |    157 | sa11_sr\[1\]$_DFF_P_/D
iter:1671, pass:1, current fixing endpoint: sa11_sr\[1\]$_DFF_P_/D, endpoint slack:-1.1670365e-10
     1672 |      23 |     412 |      153 |     42 |   259 |   -0.120 |       -7.3 |    157 | sa11_sr\[7\]$_DFF_P_/D
iter:1672, pass:2, current fixing endpoint: sa11_sr\[1\]$_DFF_P_/D, endpoint slack:-1.1327006e-10
     1673 |      23 |     413 |      153 |     42 |   259 |   -0.120 |       -7.3 |    157 | sa11_sr\[7\]$_DFF_P_/D
iter:1673, pass:3, current fixing endpoint: sa11_sr\[1\]$_DFF_P_/D, endpoint slack:-1.1126333e-10
     1674 |      23 |     414 |      153 |     42 |   259 |   -0.120 |       -7.3 |    157 | sa11_sr\[7\]$_DFF_P_/D
iter:1674, pass:4, current fixing endpoint: sa11_sr\[1\]$_DFF_P_/D, endpoint slack:-1.10565335e-10
     1675 |      23 |     415 |      153 |     42 |   259 |   -0.120 |       -7.3 |    157 | sa11_sr\[7\]$_DFF_P_/D
iter:1675, pass:5, current fixing endpoint: sa11_sr\[1\]$_DFF_P_/D, endpoint slack:-1.09230736e-10
     1676 |      23 |     416 |      153 |     42 |   259 |   -0.120 |       -7.3 |    157 | sa11_sr\[7\]$_DFF_P_/D
iter:1676, pass:6, current fixing endpoint: sa11_sr\[1\]$_DFF_P_/D, endpoint slack:-1.0768697e-10
     1677 |      23 |     417 |      153 |     42 |   259 |   -0.120 |       -7.3 |    157 | sa11_sr\[7\]$_DFF_P_/D
iter:1677, pass:7, current fixing endpoint: sa11_sr\[1\]$_DFF_P_/D, endpoint slack:-1.0601908e-10
     1677 |      23 |     413 |      153 |     41 |   259 |   -0.120 |       -7.3 |    157 | sa11_sr\[1\]$_DFF_P_/D
    1677* |      23 |     413 |      153 |     41 |   259 |   -0.120 |       -7.3 |    156 | sa11_sr\[1\]$_DFF_P_/D
    1678* |      23 |     413 |      153 |     41 |   259 |   -0.120 |       -7.3 |    156 | sa11_sr\[1\]$_DFF_P_/D
    1679* |      23 |     414 |      153 |     41 |   259 |   -0.120 |       -7.3 |    156 | sa11_sr\[7\]$_DFF_P_/D
    1679* |      23 |     414 |      153 |     41 |   259 |   -0.120 |       -7.3 |    156 | sa11_sr\[7\]$_DFF_P_/D
    1680* |      23 |     414 |      153 |     41 |   259 |   -0.120 |       -7.3 |    156 | sa11_sr\[7\]$_DFF_P_/D
    1680* |      23 |     414 |      153 |     41 |   259 |   -0.120 |       -7.3 |    156 | sa11_sr\[7\]$_DFF_P_/D
    1681* |      23 |     414 |      153 |     41 |   259 |   -0.120 |       -7.3 |    156 | sa11_sr\[7\]$_DFF_P_/D
    1681* |      23 |     414 |      153 |     41 |   259 |   -0.120 |       -7.3 |    156 | sa11_sr\[7\]$_DFF_P_/D
    1682* |      23 |     414 |      153 |     41 |   259 |   -0.120 |       -7.3 |    156 | sa11_sr\[7\]$_DFF_P_/D
    1682* |      23 |     414 |      153 |     41 |   259 |   -0.120 |       -7.3 |    156 | sa11_sr\[7\]$_DFF_P_/D
    1683* |      23 |     414 |      153 |     41 |   259 |   -0.120 |       -7.3 |    156 | sa11_sr\[7\]$_DFF_P_/D
    1683* |      23 |     414 |      153 |     41 |   259 |   -0.120 |       -7.3 |    156 | sa11_sr\[7\]$_DFF_P_/D
    1684* |      23 |     414 |      153 |     41 |   259 |   -0.120 |       -7.3 |    156 | sa11_sr\[7\]$_DFF_P_/D
    1684* |      23 |     414 |      153 |     41 |   259 |   -0.120 |       -7.3 |    156 | sa11_sr\[7\]$_DFF_P_/D
    1685* |      23 |     414 |      153 |     41 |   259 |   -0.120 |       -7.3 |    156 | sa11_sr\[7\]$_DFF_P_/D
    1685* |      23 |     414 |      153 |     41 |   259 |   -0.120 |       -7.3 |    156 | sa11_sr\[7\]$_DFF_P_/D
    1686* |      23 |     414 |      153 |     41 |   259 |   -0.120 |       -7.3 |    156 | sa11_sr\[7\]$_DFF_P_/D
    1686* |      23 |     414 |      153 |     41 |   259 |   -0.120 |       -7.3 |    156 | sa11_sr\[7\]$_DFF_P_/D
    1687* |      23 |     414 |      153 |     41 |   259 |   -0.120 |       -7.3 |    156 | sa11_sr\[7\]$_DFF_P_/D
    1687* |      23 |     414 |      153 |     41 |   259 |   -0.120 |       -7.3 |    156 | sa11_sr\[7\]$_DFF_P_/D
    1688* |      23 |     414 |      153 |     41 |   259 |   -0.120 |       -7.3 |    156 | sa11_sr\[7\]$_DFF_P_/D
    1688* |      23 |     414 |      153 |     41 |   259 |   -0.120 |       -7.3 |    156 | sa11_sr\[7\]$_DFF_P_/D
    1689* |      23 |     414 |      153 |     41 |   259 |   -0.120 |       -7.3 |    156 | sa11_sr\[7\]$_DFF_P_/D
    1689* |      23 |     414 |      153 |     41 |   259 |   -0.120 |       -7.3 |    156 | sa11_sr\[7\]$_DFF_P_/D
    1690* |      23 |     414 |      153 |     41 |   259 |   -0.120 |       -7.3 |    156 | sa11_sr\[7\]$_DFF_P_/D
    1691* |      23 |     415 |      153 |     41 |   259 |   -0.120 |       -7.3 |    156 | sa11_sr\[7\]$_DFF_P_/D
    1692* |      23 |     416 |      153 |     41 |   259 |   -0.120 |       -7.3 |    156 | sa11_sr\[7\]$_DFF_P_/D
    1693* |      23 |     417 |      153 |     41 |   259 |   -0.120 |       -7.3 |    156 | sa11_sr\[7\]$_DFF_P_/D
    1694* |      23 |     418 |      153 |     41 |   259 |   -0.120 |       -7.3 |    156 | sa11_sr\[7\]$_DFF_P_/D
    1694* |      23 |     418 |      153 |     41 |   259 |   -0.120 |       -7.3 |    156 | sa11_sr\[7\]$_DFF_P_/D
    1695* |      23 |     418 |      153 |     41 |   259 |   -0.120 |       -7.3 |    156 | sa11_sr\[7\]$_DFF_P_/D
    1695* |      23 |     418 |      153 |     41 |   259 |   -0.120 |       -7.3 |    156 | sa11_sr\[7\]$_DFF_P_/D
    1696* |      23 |     418 |      153 |     41 |   259 |   -0.120 |       -7.3 |    156 | sa11_sr\[7\]$_DFF_P_/D
    1696* |      23 |     418 |      153 |     41 |   259 |   -0.120 |       -7.3 |    156 | sa11_sr\[7\]$_DFF_P_/D
    1697* |      23 |     418 |      153 |     41 |   259 |   -0.120 |       -7.3 |    156 | sa11_sr\[7\]$_DFF_P_/D
    1697* |      23 |     418 |      153 |     41 |   259 |   -0.120 |       -7.3 |    156 | sa11_sr\[7\]$_DFF_P_/D
    1698* |      23 |     418 |      153 |     41 |   259 |   -0.120 |       -7.3 |    156 | sa11_sr\[7\]$_DFF_P_/D
    1698* |      23 |     418 |      153 |     41 |   259 |   -0.120 |       -7.3 |    156 | sa11_sr\[7\]$_DFF_P_/D
    1699* |      23 |     418 |      153 |     41 |   259 |   -0.120 |       -7.3 |    156 | sa11_sr\[7\]$_DFF_P_/D
    1699* |      23 |     418 |      153 |     41 |   259 |   -0.120 |       -7.3 |    156 | sa11_sr\[7\]$_DFF_P_/D
    1700* |      23 |     418 |      153 |     41 |   259 |   -0.120 |       -7.3 |    156 | sa11_sr\[7\]$_DFF_P_/D
    1701* |      23 |     418 |      153 |     41 |   259 |   -0.120 |       -7.3 |    156 | sa11_sr\[7\]$_DFF_P_/D
    1701* |      23 |     418 |      153 |     41 |   259 |   -0.120 |       -7.3 |    156 | sa11_sr\[7\]$_DFF_P_/D
    1702* |      23 |     418 |      153 |     41 |   259 |   -0.120 |       -7.3 |    156 | sa11_sr\[7\]$_DFF_P_/D
    1702* |      23 |     418 |      153 |     41 |   259 |   -0.120 |       -7.3 |    156 | sa11_sr\[7\]$_DFF_P_/D
    1703* |      23 |     418 |      153 |     41 |   259 |   -0.120 |       -7.3 |    156 | sa11_sr\[7\]$_DFF_P_/D
    1703* |      23 |     418 |      153 |     41 |   259 |   -0.120 |       -7.3 |    156 | sa11_sr\[7\]$_DFF_P_/D
    1704* |      23 |     418 |      153 |     41 |   259 |   -0.120 |       -7.3 |    156 | sa11_sr\[7\]$_DFF_P_/D
    1704* |      23 |     418 |      153 |     41 |   259 |   -0.120 |       -7.3 |    156 | sa11_sr\[7\]$_DFF_P_/D
    1705* |      23 |     418 |      153 |     41 |   259 |   -0.120 |       -7.3 |    156 | sa11_sr\[7\]$_DFF_P_/D
    1705* |      23 |     418 |      153 |     41 |   259 |   -0.120 |       -7.3 |    156 | sa11_sr\[7\]$_DFF_P_/D
    1706* |      23 |     418 |      153 |     41 |   259 |   -0.120 |       -7.3 |    156 | sa11_sr\[7\]$_DFF_P_/D
    1706* |      23 |     418 |      153 |     41 |   259 |   -0.120 |       -7.3 |    156 | sa11_sr\[7\]$_DFF_P_/D
    1707* |      23 |     418 |      153 |     41 |   259 |   -0.120 |       -7.3 |    156 | sa11_sr\[7\]$_DFF_P_/D
    1707* |      23 |     418 |      153 |     41 |   259 |   -0.120 |       -7.3 |    156 | sa11_sr\[7\]$_DFF_P_/D
    1708* |      23 |     418 |      153 |     41 |   259 |   -0.120 |       -7.3 |    156 | sa11_sr\[7\]$_DFF_P_/D
    1709* |      23 |     419 |      153 |     41 |   259 |   -0.120 |       -7.3 |    156 | sa11_sr\[7\]$_DFF_P_/D
    1709* |      23 |     419 |      153 |     41 |   259 |   -0.120 |       -7.3 |    156 | sa11_sr\[7\]$_DFF_P_/D
    1710* |      23 |     419 |      153 |     41 |   259 |   -0.120 |       -7.3 |    156 | sa11_sr\[7\]$_DFF_P_/D
    1710* |      23 |     419 |      153 |     41 |   259 |   -0.120 |       -7.3 |    156 | sa11_sr\[7\]$_DFF_P_/D
    1711* |      23 |     419 |      153 |     41 |   259 |   -0.120 |       -7.3 |    156 | sa11_sr\[7\]$_DFF_P_/D
    1711* |      23 |     419 |      153 |     41 |   259 |   -0.120 |       -7.3 |    156 | sa11_sr\[7\]$_DFF_P_/D
    1712* |      23 |     419 |      153 |     41 |   259 |   -0.120 |       -7.3 |    156 | sa11_sr\[7\]$_DFF_P_/D
    1712* |      23 |     419 |      153 |     41 |   259 |   -0.120 |       -7.3 |    156 | sa11_sr\[7\]$_DFF_P_/D
    1713* |      23 |     419 |      153 |     41 |   259 |   -0.120 |       -7.3 |    156 | sa11_sr\[7\]$_DFF_P_/D
    1713* |      23 |     419 |      153 |     41 |   259 |   -0.120 |       -7.3 |    156 | sa11_sr\[7\]$_DFF_P_/D
    1714* |      23 |     419 |      153 |     41 |   259 |   -0.120 |       -7.3 |    156 | sa11_sr\[7\]$_DFF_P_/D
    1714* |      23 |     419 |      153 |     41 |   259 |   -0.120 |       -7.3 |    156 | sa11_sr\[7\]$_DFF_P_/D
    1715* |      23 |     419 |      153 |     41 |   259 |   -0.120 |       -7.3 |    156 | sa11_sr\[7\]$_DFF_P_/D
    1715* |      23 |     419 |      153 |     41 |   259 |   -0.120 |       -7.3 |    156 | sa11_sr\[7\]$_DFF_P_/D
    1716* |      23 |     419 |      153 |     41 |   259 |   -0.120 |       -7.3 |    156 | sa11_sr\[7\]$_DFF_P_/D
    1716* |      23 |     419 |      153 |     41 |   259 |   -0.120 |       -7.3 |    156 | sa11_sr\[7\]$_DFF_P_/D
    1717* |      23 |     419 |      153 |     41 |   259 |   -0.120 |       -7.3 |    156 | sa11_sr\[7\]$_DFF_P_/D
    1717* |      23 |     419 |      153 |     41 |   259 |   -0.120 |       -7.3 |    156 | sa11_sr\[7\]$_DFF_P_/D
    1718* |      23 |     419 |      153 |     41 |   259 |   -0.120 |       -7.3 |    156 | sa11_sr\[7\]$_DFF_P_/D
    1718* |      23 |     419 |      153 |     41 |   259 |   -0.120 |       -7.3 |    156 | sa11_sr\[7\]$_DFF_P_/D
    1719* |      23 |     419 |      153 |     41 |   259 |   -0.120 |       -7.3 |    156 | sa11_sr\[7\]$_DFF_P_/D
    1719* |      23 |     419 |      153 |     41 |   259 |   -0.120 |       -7.3 |    156 | sa11_sr\[7\]$_DFF_P_/D
    1720* |      23 |     419 |      153 |     41 |   259 |   -0.120 |       -7.3 |    156 | sa11_sr\[7\]$_DFF_P_/D
    1720* |      23 |     419 |      153 |     41 |   259 |   -0.120 |       -7.3 |    156 | sa11_sr\[7\]$_DFF_P_/D
    1721* |      23 |     419 |      153 |     41 |   259 |   -0.120 |       -7.3 |    156 | sa11_sr\[7\]$_DFF_P_/D
    1721* |      23 |     419 |      153 |     41 |   259 |   -0.120 |       -7.3 |    156 | sa11_sr\[7\]$_DFF_P_/D
    1722* |      23 |     419 |      153 |     41 |   259 |   -0.120 |       -7.3 |    156 | sa11_sr\[7\]$_DFF_P_/D
    1722* |      23 |     419 |      153 |     41 |   259 |   -0.120 |       -7.3 |    156 | sa11_sr\[7\]$_DFF_P_/D
    1723* |      23 |     419 |      153 |     41 |   259 |   -0.120 |       -7.3 |    156 | sa11_sr\[7\]$_DFF_P_/D
    1723* |      23 |     419 |      153 |     41 |   259 |   -0.120 |       -7.3 |    156 | sa11_sr\[7\]$_DFF_P_/D
    1724* |      23 |     419 |      153 |     41 |   259 |   -0.120 |       -7.3 |    156 | sa11_sr\[7\]$_DFF_P_/D
    1724* |      23 |     419 |      153 |     41 |   259 |   -0.120 |       -7.3 |    156 | sa11_sr\[7\]$_DFF_P_/D
    1725* |      23 |     419 |      153 |     41 |   259 |   -0.120 |       -7.3 |    156 | sa11_sr\[7\]$_DFF_P_/D
    1725* |      23 |     419 |      153 |     41 |   259 |   -0.120 |       -7.3 |    156 | sa11_sr\[7\]$_DFF_P_/D
    1726* |      23 |     419 |      153 |     41 |   259 |   -0.120 |       -7.3 |    156 | sa11_sr\[7\]$_DFF_P_/D
    1726* |      23 |     419 |      153 |     41 |   259 |   -0.120 |       -7.3 |    156 | sa11_sr\[7\]$_DFF_P_/D
    1727* |      23 |     419 |      153 |     41 |   259 |   -0.120 |       -7.3 |    156 | sa11_sr\[7\]$_DFF_P_/D
    1728* |      23 |     420 |      153 |     41 |   259 |   -0.120 |       -7.3 |    156 | sa11_sr\[7\]$_DFF_P_/D
    1729* |      23 |     421 |      153 |     41 |   259 |   -0.120 |       -7.3 |    156 | sa11_sr\[7\]$_DFF_P_/D
    1730* |      23 |     422 |      153 |     41 |   259 |   -0.120 |       -7.3 |    156 | sa11_sr\[7\]$_DFF_P_/D
    1730* |      23 |     422 |      153 |     41 |   259 |   -0.120 |       -7.3 |    156 | sa11_sr\[7\]$_DFF_P_/D
    1731* |      23 |     422 |      153 |     41 |   259 |   -0.120 |       -7.3 |    156 | sa11_sr\[7\]$_DFF_P_/D
    1731* |      23 |     422 |      153 |     41 |   259 |   -0.120 |       -7.3 |    156 | sa11_sr\[7\]$_DFF_P_/D
    1732* |      23 |     422 |      153 |     41 |   259 |   -0.120 |       -7.3 |    156 | sa11_sr\[7\]$_DFF_P_/D
    1733* |      23 |     423 |      153 |     41 |   259 |   -0.120 |       -7.3 |    156 | sa11_sr\[7\]$_DFF_P_/D
    1734* |      23 |     424 |      153 |     41 |   259 |   -0.120 |       -7.3 |    156 | sa11_sr\[7\]$_DFF_P_/D
    1735* |      23 |     425 |      153 |     41 |   259 |   -0.120 |       -7.3 |    156 | sa11_sr\[7\]$_DFF_P_/D
    1735* |      23 |     425 |      153 |     41 |   259 |   -0.120 |       -7.3 |    156 | sa11_sr\[7\]$_DFF_P_/D
    1736* |      23 |     425 |      153 |     41 |   259 |   -0.120 |       -7.3 |    156 | sa11_sr\[7\]$_DFF_P_/D
    1736* |      23 |     425 |      153 |     41 |   259 |   -0.120 |       -7.3 |    156 | sa11_sr\[7\]$_DFF_P_/D
    1737* |      23 |     425 |      153 |     41 |   259 |   -0.120 |       -7.3 |    156 | sa11_sr\[7\]$_DFF_P_/D
    1737* |      23 |     425 |      153 |     41 |   259 |   -0.120 |       -7.3 |    156 | sa11_sr\[7\]$_DFF_P_/D
    1738* |      23 |     425 |      153 |     41 |   259 |   -0.120 |       -7.3 |    156 | sa11_sr\[7\]$_DFF_P_/D
    1738* |      23 |     425 |      153 |     41 |   259 |   -0.120 |       -7.3 |    156 | sa11_sr\[7\]$_DFF_P_/D
    1739* |      23 |     425 |      153 |     41 |   259 |   -0.120 |       -7.3 |    156 | sa11_sr\[7\]$_DFF_P_/D
    1739* |      23 |     425 |      153 |     41 |   259 |   -0.120 |       -7.3 |    156 | sa11_sr\[7\]$_DFF_P_/D
    1740* |      23 |     425 |      153 |     41 |   259 |   -0.120 |       -7.3 |    156 | sa11_sr\[7\]$_DFF_P_/D
    1740* |      23 |     425 |      153 |     41 |   259 |   -0.120 |       -7.3 |    156 | sa11_sr\[7\]$_DFF_P_/D
    1741* |      23 |     425 |      153 |     41 |   259 |   -0.120 |       -7.3 |    156 | sa11_sr\[7\]$_DFF_P_/D
    1741* |      23 |     425 |      153 |     41 |   259 |   -0.120 |       -7.3 |    156 | sa11_sr\[7\]$_DFF_P_/D
    1742* |      23 |     425 |      153 |     41 |   259 |   -0.120 |       -7.3 |    156 | sa11_sr\[7\]$_DFF_P_/D
    1742* |      23 |     425 |      153 |     41 |   259 |   -0.120 |       -7.3 |    156 | sa11_sr\[7\]$_DFF_P_/D
    1743* |      23 |     425 |      153 |     41 |   259 |   -0.120 |       -7.3 |    156 | sa11_sr\[7\]$_DFF_P_/D
    1743* |      23 |     425 |      153 |     41 |   259 |   -0.120 |       -7.3 |    156 | sa11_sr\[7\]$_DFF_P_/D
    1744* |      23 |     425 |      153 |     41 |   259 |   -0.120 |       -7.3 |    156 | sa11_sr\[7\]$_DFF_P_/D
    1744* |      23 |     425 |      153 |     41 |   259 |   -0.120 |       -7.3 |    156 | sa11_sr\[7\]$_DFF_P_/D
    1745* |      23 |     425 |      153 |     41 |   259 |   -0.120 |       -7.3 |    156 | sa11_sr\[7\]$_DFF_P_/D
    1745* |      23 |     425 |      153 |     41 |   259 |   -0.120 |       -7.3 |    156 | sa11_sr\[7\]$_DFF_P_/D
    1746* |      23 |     425 |      153 |     41 |   259 |   -0.120 |       -7.3 |    156 | sa11_sr\[7\]$_DFF_P_/D
    1746* |      23 |     425 |      153 |     41 |   259 |   -0.120 |       -7.3 |    156 | sa11_sr\[7\]$_DFF_P_/D
    1747* |      23 |     425 |      153 |     41 |   259 |   -0.120 |       -7.3 |    156 | sa11_sr\[7\]$_DFF_P_/D
    1747* |      23 |     425 |      153 |     41 |   259 |   -0.120 |       -7.3 |    156 | sa11_sr\[7\]$_DFF_P_/D
    1748* |      23 |     425 |      153 |     41 |   259 |   -0.120 |       -7.3 |    156 | sa11_sr\[7\]$_DFF_P_/D
    1748* |      23 |     425 |      153 |     41 |   259 |   -0.120 |       -7.3 |    156 | sa11_sr\[7\]$_DFF_P_/D
    1749* |      23 |     425 |      153 |     41 |   259 |   -0.120 |       -7.3 |    156 | sa11_sr\[7\]$_DFF_P_/D
    1749* |      23 |     425 |      153 |     41 |   259 |   -0.120 |       -7.3 |    156 | sa11_sr\[7\]$_DFF_P_/D
    1750* |      23 |     425 |      153 |     41 |   259 |   -0.120 |       -7.3 |    156 | sa11_sr\[7\]$_DFF_P_/D
    1750* |      23 |     425 |      153 |     41 |   259 |   -0.120 |       -7.3 |    156 | sa11_sr\[7\]$_DFF_P_/D
    1751* |      23 |     425 |      153 |     41 |   259 |   -0.120 |       -7.3 |    156 | sa11_sr\[7\]$_DFF_P_/D
    1751* |      23 |     425 |      153 |     41 |   259 |   -0.120 |       -7.3 |    156 | sa11_sr\[7\]$_DFF_P_/D
    1752* |      23 |     425 |      153 |     41 |   259 |   -0.120 |       -7.3 |    156 | sa11_sr\[7\]$_DFF_P_/D
    1752* |      23 |     425 |      153 |     41 |   259 |   -0.120 |       -7.3 |    156 | sa11_sr\[7\]$_DFF_P_/D
    1753* |      23 |     425 |      153 |     41 |   259 |   -0.120 |       -7.3 |    156 | sa11_sr\[7\]$_DFF_P_/D
    1753* |      23 |     425 |      153 |     41 |   259 |   -0.120 |       -7.3 |    156 | sa11_sr\[7\]$_DFF_P_/D
    1754* |      23 |     425 |      153 |     41 |   259 |   -0.120 |       -7.3 |    156 | sa11_sr\[7\]$_DFF_P_/D
    1754* |      23 |     425 |      153 |     41 |   259 |   -0.120 |       -7.3 |    156 | sa11_sr\[7\]$_DFF_P_/D
    1755* |      23 |     425 |      153 |     41 |   259 |   -0.120 |       -7.3 |    156 | sa11_sr\[7\]$_DFF_P_/D
    1755* |      23 |     425 |      153 |     41 |   259 |   -0.120 |       -7.3 |    156 | sa11_sr\[7\]$_DFF_P_/D
    1756* |      23 |     425 |      153 |     41 |   259 |   -0.120 |       -7.3 |    156 | sa11_sr\[7\]$_DFF_P_/D
    1756* |      23 |     425 |      153 |     41 |   259 |   -0.120 |       -7.3 |    156 | sa11_sr\[7\]$_DFF_P_/D
    1757* |      23 |     425 |      153 |     41 |   259 |   -0.120 |       -7.3 |    156 | sa11_sr\[7\]$_DFF_P_/D
    1757* |      23 |     425 |      153 |     41 |   259 |   -0.120 |       -7.3 |    156 | sa11_sr\[7\]$_DFF_P_/D
    1758* |      23 |     425 |      153 |     41 |   259 |   -0.120 |       -7.3 |    156 | sa11_sr\[7\]$_DFF_P_/D
    1758* |      23 |     425 |      153 |     41 |   259 |   -0.120 |       -7.3 |    156 | sa11_sr\[7\]$_DFF_P_/D
    1759* |      23 |     425 |      153 |     41 |   259 |   -0.120 |       -7.3 |    156 | sa11_sr\[7\]$_DFF_P_/D
    1759* |      23 |     425 |      153 |     41 |   259 |   -0.120 |       -7.3 |    156 | sa11_sr\[7\]$_DFF_P_/D
    1760* |      23 |     425 |      153 |     41 |   259 |   -0.120 |       -7.3 |    156 | sa11_sr\[7\]$_DFF_P_/D
    1761* |      23 |     426 |      153 |     41 |   259 |   -0.120 |       -7.3 |    156 | sa11_sr\[7\]$_DFF_P_/D
    1761* |      23 |     426 |      153 |     41 |   259 |   -0.120 |       -7.3 |    156 | sa11_sr\[7\]$_DFF_P_/D
    1762* |      23 |     426 |      153 |     41 |   259 |   -0.120 |       -7.3 |    156 | sa11_sr\[7\]$_DFF_P_/D
    1762* |      23 |     426 |      153 |     41 |   259 |   -0.120 |       -7.3 |    156 | sa11_sr\[7\]$_DFF_P_/D
    1763* |      23 |     426 |      153 |     41 |   259 |   -0.120 |       -7.3 |    156 | sa11_sr\[7\]$_DFF_P_/D
    1764* |      23 |     427 |      153 |     41 |   259 |   -0.120 |       -7.3 |    156 | sa11_sr\[7\]$_DFF_P_/D
    1764* |      23 |     427 |      153 |     41 |   259 |   -0.120 |       -7.3 |    156 | sa11_sr\[7\]$_DFF_P_/D
    1765* |      23 |     427 |      153 |     41 |   259 |   -0.120 |       -7.3 |    156 | sa11_sr\[7\]$_DFF_P_/D
    1765* |      23 |     427 |      153 |     41 |   259 |   -0.120 |       -7.3 |    156 | sa11_sr\[7\]$_DFF_P_/D
    1766* |      23 |     427 |      153 |     41 |   259 |   -0.120 |       -7.3 |    156 | sa11_sr\[7\]$_DFF_P_/D
    1766* |      23 |     427 |      153 |     41 |   259 |   -0.120 |       -7.3 |    156 | sa11_sr\[7\]$_DFF_P_/D
    1767* |      23 |     427 |      153 |     41 |   259 |   -0.120 |       -7.3 |    156 | sa11_sr\[7\]$_DFF_P_/D
    1768* |      23 |     428 |      153 |     41 |   259 |   -0.120 |       -7.3 |    156 | sa11_sr\[7\]$_DFF_P_/D
    1769* |      23 |     429 |      153 |     41 |   259 |   -0.120 |       -7.3 |    156 | sa11_sr\[7\]$_DFF_P_/D
    1769* |      23 |     429 |      153 |     41 |   259 |   -0.120 |       -7.3 |    156 | sa11_sr\[7\]$_DFF_P_/D
    1770* |      23 |     429 |      153 |     41 |   259 |   -0.120 |       -7.3 |    156 | sa11_sr\[7\]$_DFF_P_/D
    1770* |      23 |     429 |      153 |     41 |   259 |   -0.120 |       -7.3 |    156 | sa11_sr\[7\]$_DFF_P_/D
    1771* |      23 |     429 |      153 |     41 |   259 |   -0.120 |       -7.3 |    156 | sa11_sr\[7\]$_DFF_P_/D
    1771* |      23 |     429 |      153 |     41 |   259 |   -0.120 |       -7.3 |    156 | sa11_sr\[7\]$_DFF_P_/D
    1772* |      23 |     429 |      153 |     41 |   259 |   -0.120 |       -7.3 |    156 | sa11_sr\[7\]$_DFF_P_/D
    1772* |      23 |     429 |      153 |     41 |   259 |   -0.120 |       -7.3 |    156 | sa11_sr\[7\]$_DFF_P_/D
    1773* |      23 |     429 |      153 |     41 |   259 |   -0.120 |       -7.3 |    156 | sa11_sr\[7\]$_DFF_P_/D
    1774* |      23 |     430 |      153 |     41 |   259 |   -0.120 |       -7.2 |    156 | sa11_sr\[7\]$_DFF_P_/D
    1775* |      23 |     431 |      153 |     41 |   259 |   -0.120 |       -7.2 |    156 | sa11_sr\[7\]$_DFF_P_/D
    1776* |      23 |     432 |      153 |     41 |   259 |   -0.120 |       -7.2 |    156 | sa11_sr\[7\]$_DFF_P_/D
    1776* |      23 |     432 |      153 |     41 |   259 |   -0.120 |       -7.2 |    156 | sa11_sr\[7\]$_DFF_P_/D
    1777* |      23 |     432 |      153 |     41 |   259 |   -0.120 |       -7.2 |    156 | sa11_sr\[7\]$_DFF_P_/D
    1777* |      23 |     432 |      153 |     41 |   259 |   -0.120 |       -7.2 |    156 | sa11_sr\[7\]$_DFF_P_/D
    1778* |      23 |     432 |      153 |     41 |   259 |   -0.120 |       -7.2 |    156 | sa11_sr\[7\]$_DFF_P_/D
    1778* |      23 |     432 |      153 |     41 |   259 |   -0.120 |       -7.2 |    156 | sa11_sr\[7\]$_DFF_P_/D
    1779* |      23 |     432 |      153 |     41 |   259 |   -0.120 |       -7.2 |    156 | sa11_sr\[7\]$_DFF_P_/D
    1780* |      23 |     433 |      153 |     41 |   259 |   -0.116 |       -7.2 |    156 | sa11_sr\[7\]$_DFF_P_/D
    1781* |      23 |     434 |      153 |     41 |   259 |   -0.116 |       -7.2 |    156 | sa11_sr\[7\]$_DFF_P_/D
    1781* |      23 |     434 |      153 |     41 |   259 |   -0.116 |       -7.2 |    156 | sa11_sr\[7\]$_DFF_P_/D
    1782* |      23 |     434 |      153 |     41 |   259 |   -0.116 |       -7.2 |    156 | sa11_sr\[7\]$_DFF_P_/D
    1783* |      23 |     435 |      153 |     41 |   259 |   -0.116 |       -7.2 |    156 | sa11_sr\[7\]$_DFF_P_/D
    1784* |      23 |     436 |      153 |     41 |   259 |   -0.116 |       -7.2 |    156 | sa11_sr\[7\]$_DFF_P_/D
    1785* |      23 |     437 |      153 |     41 |   259 |   -0.116 |       -7.2 |    156 | sa11_sr\[7\]$_DFF_P_/D
    1786* |      23 |     438 |      153 |     41 |   259 |   -0.116 |       -7.2 |    156 | sa11_sr\[7\]$_DFF_P_/D
    1786* |      23 |     438 |      153 |     41 |   259 |   -0.116 |       -7.2 |    156 | sa11_sr\[7\]$_DFF_P_/D
    1787* |      23 |     438 |      153 |     41 |   259 |   -0.116 |       -7.2 |    156 | sa11_sr\[7\]$_DFF_P_/D
    1788* |      23 |     439 |      153 |     41 |   259 |   -0.116 |       -7.2 |    156 | sa11_sr\[7\]$_DFF_P_/D
    1788* |      23 |     439 |      153 |     41 |   259 |   -0.116 |       -7.2 |    156 | sa11_sr\[7\]$_DFF_P_/D
    1789* |      23 |     439 |      153 |     41 |   259 |   -0.116 |       -7.2 |    156 | sa11_sr\[7\]$_DFF_P_/D
    1790* |      23 |     440 |      153 |     41 |   259 |   -0.116 |       -7.2 |    156 | sa11_sr\[7\]$_DFF_P_/D
    1790* |      23 |     440 |      153 |     41 |   259 |   -0.116 |       -7.2 |    156 | sa11_sr\[7\]$_DFF_P_/D
    1791* |      23 |     440 |      153 |     41 |   259 |   -0.116 |       -7.2 |    156 | sa11_sr\[7\]$_DFF_P_/D
    1792* |      23 |     441 |      153 |     41 |   259 |   -0.116 |       -7.2 |    156 | sa11_sr\[7\]$_DFF_P_/D
    1792* |      23 |     441 |      153 |     41 |   259 |   -0.116 |       -7.2 |    156 | sa11_sr\[7\]$_DFF_P_/D
    1793* |      23 |     441 |      153 |     41 |   259 |   -0.116 |       -7.2 |    156 | sa11_sr\[7\]$_DFF_P_/D
    1793* |      23 |     441 |      153 |     41 |   259 |   -0.116 |       -7.2 |    156 | sa11_sr\[7\]$_DFF_P_/D
    1794* |      23 |     441 |      153 |     41 |   259 |   -0.116 |       -7.2 |    156 | sa11_sr\[7\]$_DFF_P_/D
    1794* |      23 |     441 |      153 |     41 |   259 |   -0.116 |       -7.2 |    156 | sa11_sr\[7\]$_DFF_P_/D
    1795* |      23 |     441 |      153 |     41 |   259 |   -0.116 |       -7.2 |    156 | sa11_sr\[7\]$_DFF_P_/D
    1796* |      23 |     442 |      153 |     41 |   259 |   -0.116 |       -7.2 |    156 | sa11_sr\[7\]$_DFF_P_/D
    1796* |      23 |     442 |      153 |     41 |   259 |   -0.116 |       -7.2 |    156 | sa11_sr\[7\]$_DFF_P_/D
    1797* |      23 |     442 |      153 |     41 |   259 |   -0.116 |       -7.2 |    156 | sa11_sr\[7\]$_DFF_P_/D
    1797* |      23 |     442 |      153 |     41 |   259 |   -0.116 |       -7.2 |    156 | sa11_sr\[7\]$_DFF_P_/D
    1798* |      23 |     442 |      153 |     41 |   259 |   -0.116 |       -7.2 |    156 | sa11_sr\[7\]$_DFF_P_/D
    1799* |      23 |     443 |      153 |     41 |   259 |   -0.116 |       -7.1 |    156 | sa11_sr\[7\]$_DFF_P_/D
    1799* |      23 |     443 |      153 |     41 |   259 |   -0.116 |       -7.1 |    156 | sa11_sr\[7\]$_DFF_P_/D
    1800* |      23 |     443 |      153 |     41 |   259 |   -0.116 |       -7.1 |    156 | sa11_sr\[7\]$_DFF_P_/D
    final |      23 |     443 |      153 |     41 |   259 |   -0.116 |       -7.1 |    156 | sa11_sr\[7\]$_DFF_P_/D
---------------------------------------------------------------------------------------------------
[INFO RSZ-0059] Removed 23 buffers.
[INFO RSZ-0040] Inserted 65 buffers.
[INFO RSZ-0041] Resized 443 instances.
[INFO RSZ-0043] Swapped pins on 259 instances.
[INFO RSZ-0049] Cloned 41 instances.
[WARNING RSZ-0062] Unable to repair all setup violations.
[INFO RSZ-0033] No hold violations found.
Placement Analysis
---------------------------------
total displacement       3003.9 u
average displacement        0.2 u
max displacement           13.8 u
original HPWL          243639.7 u
legalized HPWL         246444.0 u
delta HPWL                    1 %

Repair antennas...
[WARNING GRT-0246] No diode with LEF class CORE ANTENNACELL found.
[INFO ANT-0002] Found 0 net violations.
[INFO ANT-0001] Found 0 pin violations.
Estimate parasitics...
Report metrics stage 5, global route...

==========================================================================
global route report_design_area
--------------------------------------------------------------------------
Design area 28028 u^2 53% utilization.
[INFO FLW-0007] clock clk period 0.820000
[INFO FLW-0008] Clock clk period 0.895
[INFO FLW-0009] Clock clk slack -0.123
[INFO FLW-0011] Path endpoint count 1499
Elapsed time: 2:00.80[h:]min:sec. CPU time: user 151.41 sys 0.23 (125%). Peak memory: 605972KB.
